CashReceiptID,ReceiptNumber,ReceiptDate,CustomerID,SalesInvoiceID,Amount,PaymentMethod,ReferenceNumber,DepositDate,RecordedByEmployeeID
1,CR-2024-000001,2024-01-06,129,,2951.3,ACH,DEP00000001,2024-01-06,115
2,CR-2024-000002,2024-01-07,200,,5406.62,Check,DEP00000002,2024-01-07,115
3,CR-2024-000003,2024-01-22,138,,1262.45,Credit Card,DEP00000003,2024-01-22,115
4,CR-2024-000004,2024-01-31,199,82.0,1264.12,Wire Transfer,DEP00000004,2024-01-31,97
5,CR-2024-000005,2024-01-28,118,,2035.78,Credit Card,DEP00000005,2024-01-28,11
6,CR-2024-000006,2024-01-21,199,,2624.62,ACH,DEP00000006,2024-01-21,11
7,CR-2024-000007,2024-01-24,1,,8616.06,ACH,AR00000007,2024-01-24,11
8,CR-2024-000008,2024-01-21,4,,454.95,Credit Card,AR00000008,2024-01-22,115
9,CR-2024-000009,2024-01-24,5,,440.89,Check,AR00000009,2024-01-25,115
10,CR-2024-000010,2024-01-24,9,,376.11,ACH,AR00000010,2024-01-24,115
11,CR-2024-000011,2024-01-22,12,,879.86,Check,AR00000011,2024-01-22,97
12,CR-2024-000012,2024-01-22,13,,224.42,Check,AR00000012,2024-01-24,115
13,CR-2024-000013,2024-01-20,21,17.0,389.27,Wire Transfer,AR00000013,2024-01-22,97
14,CR-2024-000014,2024-01-20,22,,166.95,Wire Transfer,AR00000014,2024-01-22,11
15,CR-2024-000015,2024-01-24,23,,179.51,Credit Card,AR00000015,2024-01-26,115
16,CR-2024-000016,2024-01-21,29,,150.37,ACH,AR00000016,2024-01-21,115
17,CR-2024-000017,2024-01-21,30,,586.96,Wire Transfer,AR00000017,2024-01-22,97
18,CR-2024-000018,2024-01-23,32,,461.51,ACH,AR00000018,2024-01-23,115
19,CR-2024-000019,2024-01-21,34,,1155.95,Credit Card,AR00000019,2024-01-21,115
20,CR-2024-000020,2024-01-24,39,,590.7,Check,AR00000020,2024-01-26,97
21,CR-2024-000021,2024-01-23,43,,612.98,ACH,AR00000021,2024-01-25,11
22,CR-2024-000022,2024-01-23,44,80.0,1619.09,Wire Transfer,AR00000022,2024-01-23,11
23,CR-2024-000023,2024-01-22,49,,843.18,Check,AR00000023,2024-01-23,11
24,CR-2024-000024,2024-01-22,50,48.0,598.02,ACH,AR00000024,2024-01-23,115
25,CR-2024-000025,2024-01-22,55,,1248.68,ACH,AR00000025,2024-01-23,11
26,CR-2024-000026,2024-01-21,56,,47.12,Check,AR00000026,2024-01-21,11
27,CR-2024-000027,2024-01-22,57,,164.17,Check,AR00000027,2024-01-22,115
28,CR-2024-000028,2024-01-23,62,,341.97,Check,AR00000028,2024-01-25,11
29,CR-2024-000029,2024-01-20,72,,750.99,Wire Transfer,AR00000029,2024-01-22,97
30,CR-2024-000030,2024-01-24,78,,373.0,Credit Card,AR00000030,2024-01-25,115
31,CR-2024-000031,2024-01-21,81,8.0,975.34,Wire Transfer,AR00000031,2024-01-21,11
32,CR-2024-000032,2024-01-22,83,52.0,315.64,ACH,AR00000032,2024-01-24,97
33,CR-2024-000033,2024-01-24,93,103.0,123.23,ACH,AR00000033,2024-01-24,11
34,CR-2024-000034,2024-01-24,96,75.0,270.01,Check,AR00000034,2024-01-24,115
35,CR-2024-000035,2024-01-21,99,,256.09,Wire Transfer,AR00000035,2024-01-22,97
36,CR-2024-000036,2024-01-21,101,,862.34,ACH,AR00000036,2024-01-23,115
37,CR-2024-000037,2024-01-22,106,,3681.76,Wire Transfer,AR00000037,2024-01-22,11
38,CR-2024-000038,2024-01-20,107,,711.14,ACH,AR00000038,2024-01-20,115
39,CR-2024-000039,2024-01-22,113,,907.83,Credit Card,AR00000039,2024-01-22,11
40,CR-2024-000040,2024-01-23,114,35.0,271.06,Check,AR00000040,2024-01-23,11
41,CR-2024-000041,2024-01-20,115,,460.04,Wire Transfer,AR00000041,2024-01-22,11
42,CR-2024-000042,2024-01-22,119,,457.33,Check,AR00000042,2024-01-22,11
43,CR-2024-000043,2024-01-23,120,,1413.08,Wire Transfer,AR00000043,2024-01-23,97
44,CR-2024-000044,2024-01-24,121,,692.32,Credit Card,AR00000044,2024-01-26,115
45,CR-2024-000045,2024-01-23,124,,162.99,Check,AR00000045,2024-01-23,97
46,CR-2024-000046,2024-01-21,125,,847.72,Check,AR00000046,2024-01-21,97
47,CR-2024-000047,2024-01-22,129,,653.82,Check,AR00000047,2024-01-22,11
48,CR-2024-000048,2024-01-20,130,,238.16,Wire Transfer,AR00000048,2024-01-22,97
49,CR-2024-000049,2024-01-20,136,,746.49,Wire Transfer,AR00000049,2024-01-20,115
50,CR-2024-000050,2024-01-24,138,,858.59,Wire Transfer,AR00000050,2024-01-26,11
51,CR-2024-000051,2024-01-22,140,,180.18,ACH,AR00000051,2024-01-22,11
52,CR-2024-000052,2024-01-22,141,,631.1,Wire Transfer,AR00000052,2024-01-24,115
53,CR-2024-000053,2024-01-24,142,122.0,155.2,ACH,AR00000053,2024-01-25,97
54,CR-2024-000054,2024-01-24,147,,955.77,Credit Card,AR00000054,2024-01-25,11
55,CR-2024-000055,2024-01-22,150,,913.13,Wire Transfer,AR00000055,2024-01-24,11
56,CR-2024-000056,2024-01-24,156,,2821.44,Check,AR00000056,2024-01-25,11
57,CR-2024-000057,2024-01-24,157,,581.05,ACH,AR00000057,2024-01-25,97
58,CR-2024-000058,2024-01-21,158,,153.82,Check,AR00000058,2024-01-21,97
59,CR-2024-000059,2024-01-22,161,,1353.77,Wire Transfer,AR00000059,2024-01-22,115
60,CR-2024-000060,2024-01-22,162,92.0,217.33,Credit Card,AR00000060,2024-01-23,11
61,CR-2024-000061,2024-01-23,166,,154.59,Wire Transfer,AR00000061,2024-01-25,97
62,CR-2024-000062,2024-01-20,170,44.0,99.06,Check,AR00000062,2024-01-21,97
63,CR-2024-000063,2024-01-23,173,28.0,218.33,Credit Card,AR00000063,2024-01-25,115
64,CR-2024-000064,2024-01-24,174,,183.92,Check,AR00000064,2024-01-25,115
65,CR-2024-000065,2024-01-24,176,2.0,1784.55,Wire Transfer,AR00000065,2024-01-24,115
66,CR-2024-000066,2024-01-20,179,,1745.16,Credit Card,AR00000066,2024-01-21,97
67,CR-2024-000067,2024-01-22,182,,446.18,Check,AR00000067,2024-01-22,115
68,CR-2024-000068,2024-01-24,183,,160.28,ACH,AR00000068,2024-01-26,115
69,CR-2024-000069,2024-01-21,185,6.0,804.17,Wire Transfer,AR00000069,2024-01-22,11
70,CR-2024-000070,2024-01-21,187,,1859.17,Check,AR00000070,2024-01-21,115
71,CR-2024-000071,2024-01-21,188,,652.68,Credit Card,AR00000071,2024-01-22,11
72,CR-2024-000072,2024-01-23,191,,493.91,Wire Transfer,AR00000072,2024-01-23,11
73,CR-2024-000073,2024-01-21,193,,635.09,Wire Transfer,AR00000073,2024-01-22,97
74,CR-2024-000074,2024-01-22,194,,5140.05,Wire Transfer,AR00000074,2024-01-23,115
75,CR-2024-000075,2024-01-20,197,34.0,2023.13,ACH,AR00000075,2024-01-20,97
76,CR-2024-000076,2024-01-24,199,,336.1,Wire Transfer,AR00000076,2024-01-25,97
77,CR-2024-000077,2024-01-21,200,,175.85,Check,AR00000077,2024-01-21,97
78,CR-2024-000078,2024-01-21,201,,31.73,Check,AR00000078,2024-01-22,11
79,CR-2024-000079,2024-01-21,202,4.0,528.53,Check,AR00000079,2024-01-23,97
80,CR-2024-000080,2024-01-20,204,15.0,882.0,ACH,AR00000080,2024-01-21,115
81,CR-2024-000081,2024-01-22,205,,340.46,ACH,AR00000081,2024-01-24,97
82,CR-2024-000082,2024-01-23,206,51.0,227.44,ACH,AR00000082,2024-01-25,115
83,CR-2024-000083,2024-01-22,208,,473.97,Credit Card,AR00000083,2024-01-24,97
84,CR-2024-000084,2024-01-20,209,,3530.61,ACH,AR00000084,2024-01-21,115
85,CR-2024-000085,2024-02-14,133,,1432.94,Check,DEP00000085,2024-02-14,97
86,CR-2024-000086,2024-02-21,173,,5632.98,Wire Transfer,DEP00000086,2024-02-21,115
87,CR-2024-000087,2024-02-13,141,,6940.06,ACH,DEP00000087,2024-02-13,11
88,CR-2024-000088,2024-02-23,174,,3070.65,Check,DEP00000088,2024-02-23,97
89,CR-2024-000089,2024-02-19,1,,33545.24,ACH,AR00000089,2024-02-21,115
90,CR-2024-000090,2024-02-24,1,,38015.13,Wire Transfer,AR00000090,2024-02-25,11
91,CR-2024-000091,2024-02-21,4,,6289.45,Credit Card,AR00000091,2024-02-22,97
92,CR-2024-000092,2024-02-20,5,,1409.1,ACH,AR00000092,2024-02-21,97
93,CR-2024-000093,2024-02-23,7,,166.77,Wire Transfer,AR00000093,2024-02-25,11
94,CR-2024-000094,2024-02-20,8,,253.02,Check,AR00000094,2024-02-21,115
95,CR-2024-000095,2024-02-24,9,193.0,1142.51,Check,AR00000095,2024-02-24,97
96,CR-2024-000096,2024-02-24,11,304.0,2494.01,ACH,AR00000096,2024-02-26,115
97,CR-2024-000097,2024-02-20,12,,2882.55,ACH,AR00000097,2024-02-22,115
98,CR-2024-000098,2024-02-23,13,,2154.2,Check,AR00000098,2024-02-24,115
99,CR-2024-000099,2024-02-21,15,,204.09,Wire Transfer,AR00000099,2024-02-22,11
100,CR-2024-000100,2024-02-23,19,,446.65,Check,AR00000100,2024-02-24,11
101,CR-2024-000101,2024-02-21,20,,6473.87,Credit Card,AR00000101,2024-02-22,11
102,CR-2024-000102,2024-02-16,21,,3786.29,Check,AR00000102,2024-02-16,115
103,CR-2024-000103,2024-02-24,22,,735.24,ACH,AR00000103,2024-02-25,97
104,CR-2024-000104,2024-02-24,23,199.0,559.68,Wire Transfer,AR00000104,2024-02-24,115
105,CR-2024-000105,2024-02-23,24,,841.84,Wire Transfer,AR00000105,2024-02-23,115
106,CR-2024-000106,2024-02-24,25,,335.47,Wire Transfer,AR00000106,2024-02-26,11
107,CR-2024-000107,2024-02-20,26,,1981.73,ACH,AR00000107,2024-02-22,11
108,CR-2024-000108,2024-02-24,27,604.0,328.83,Check,AR00000108,2024-02-24,115
109,CR-2024-000109,2024-02-22,29,244.0,316.53,ACH,AR00000109,2024-02-24,115
110,CR-2024-000110,2024-02-22,30,,2867.97,ACH,AR00000110,2024-02-22,115
111,CR-2024-000111,2024-02-22,32,209.0,1651.11,ACH,AR00000111,2024-02-23,97
112,CR-2024-000112,2024-02-23,33,,1030.31,Wire Transfer,AR00000112,2024-02-23,115
113,CR-2024-000113,2024-02-20,34,,12827.77,Credit Card,AR00000113,2024-02-21,115
114,CR-2024-000114,2024-02-22,39,247.0,2332.38,ACH,AR00000114,2024-02-24,11
115,CR-2024-000115,2024-02-20,43,,4862.46,ACH,AR00000115,2024-02-20,11
116,CR-2024-000116,2024-02-18,44,,13703.94,ACH,AR00000116,2024-02-18,97
117,CR-2024-000117,2024-02-24,45,,703.35,Check,AR00000117,2024-02-25,97
118,CR-2024-000118,2024-02-23,46,,1498.51,Check,AR00000118,2024-02-25,97
119,CR-2024-000119,2024-02-17,49,,7710.65,Check,AR00000119,2024-02-17,115
120,CR-2024-000120,2024-02-19,50,,2455.47,Check,AR00000120,2024-02-21,115
121,CR-2024-000121,2024-02-21,51,,659.49,Credit Card,AR00000121,2024-02-22,97
122,CR-2024-000122,2024-02-17,55,,2418.55,Wire Transfer,AR00000122,2024-02-17,11
123,CR-2024-000123,2024-02-24,56,,145.19,Credit Card,AR00000123,2024-02-26,97
124,CR-2024-000124,2024-02-24,57,,307.45,Wire Transfer,AR00000124,2024-02-24,11
125,CR-2024-000125,2024-02-24,59,12.0,849.34,Wire Transfer,AR00000125,2024-02-26,115
126,CR-2024-000126,2024-02-23,62,,2850.2,ACH,AR00000126,2024-02-25,97
127,CR-2024-000127,2024-02-23,63,,2711.02,Wire Transfer,AR00000127,2024-02-23,11
128,CR-2024-000128,2024-02-22,65,,274.28,Check,AR00000128,2024-02-23,97
129,CR-2024-000129,2024-02-21,67,,437.75,ACH,AR00000129,2024-02-22,97
130,CR-2024-000130,2024-02-20,68,,1308.82,Credit Card,AR00000130,2024-02-21,115
131,CR-2024-000131,2024-02-24,69,,193.98,Wire Transfer,AR00000131,2024-02-24,97
132,CR-2024-000132,2024-02-24,72,,6987.41,Check,AR00000132,2024-02-25,11
133,CR-2024-000133,2024-02-20,74,,1114.9,Wire Transfer,AR00000133,2024-02-20,11
134,CR-2024-000134,2024-02-23,75,,588.57,Credit Card,AR00000134,2024-02-23,11
135,CR-2024-000135,2024-02-20,76,,166.99,ACH,AR00000135,2024-02-20,11
136,CR-2024-000136,2024-02-23,78,233.0,1668.97,Wire Transfer,AR00000136,2024-02-25,115
137,CR-2024-000137,2024-02-21,79,,293.0,ACH,AR00000137,2024-02-22,97
138,CR-2024-000138,2024-02-20,81,,6171.86,ACH,AR00000138,2024-02-21,115
139,CR-2024-000139,2024-02-23,82,,1505.69,Wire Transfer,AR00000139,2024-02-23,97
140,CR-2024-000140,2024-02-18,83,,3854.15,ACH,AR00000140,2024-02-19,11
141,CR-2024-000141,2024-02-23,84,,258.75,Check,AR00000141,2024-02-23,11
142,CR-2024-000142,2024-02-23,85,,441.39,ACH,AR00000142,2024-02-23,97
143,CR-2024-000143,2024-02-22,86,,151.29,Wire Transfer,AR00000143,2024-02-24,11
144,CR-2024-000144,2024-02-21,88,,1046.65,Wire Transfer,AR00000144,2024-02-23,97
145,CR-2024-000145,2024-02-21,92,,269.16,Credit Card,AR00000145,2024-02-21,11
146,CR-2024-000146,2024-02-17,93,,1084.83,Wire Transfer,AR00000146,2024-02-17,11
147,CR-2024-000147,2024-02-24,95,483.0,1819.51,Credit Card,AR00000147,2024-02-24,115
148,CR-2024-000148,2024-02-16,96,,3390.1,Credit Card,AR00000148,2024-02-17,11
149,CR-2024-000149,2024-02-23,98,,1901.43,Wire Transfer,AR00000149,2024-02-24,115
150,CR-2024-000150,2024-02-20,99,,842.81,Wire Transfer,AR00000150,2024-02-21,11
151,CR-2024-000151,2024-02-22,101,,3086.33,Credit Card,AR00000151,2024-02-23,11
152,CR-2024-000152,2024-02-22,104,,1958.77,Check,AR00000152,2024-02-24,115
153,CR-2024-000153,2024-02-18,106,,30933.1,Credit Card,AR00000153,2024-02-18,11
154,CR-2024-000154,2024-02-23,107,,3784.68,Wire Transfer,AR00000154,2024-02-25,115
155,CR-2024-000155,2024-02-24,108,,746.55,Credit Card,AR00000155,2024-02-26,115
156,CR-2024-000156,2024-02-24,109,372.0,2174.43,Check,AR00000156,2024-02-26,11
157,CR-2024-000157,2024-02-21,110,,909.86,Wire Transfer,AR00000157,2024-02-22,115
158,CR-2024-000158,2024-02-19,113,,10242.25,Credit Card,AR00000158,2024-02-21,97
159,CR-2024-000159,2024-02-18,114,,2484.75,ACH,AR00000159,2024-02-18,97
160,CR-2024-000160,2024-02-20,115,,3666.61,Check,AR00000160,2024-02-21,97
161,CR-2024-000161,2024-02-21,116,,664.61,Wire Transfer,AR00000161,2024-02-21,11
162,CR-2024-000162,2024-02-22,117,536.0,165.93,Credit Card,AR00000162,2024-02-24,11
163,CR-2024-000163,2024-02-24,118,,2715.85,Check,AR00000163,2024-02-25,11
164,CR-2024-000164,2024-02-24,119,,2009.87,Check,AR00000164,2024-02-25,115
165,CR-2024-000165,2024-02-17,120,,18938.14,Credit Card,AR00000165,2024-02-18,11
166,CR-2024-000166,2024-02-20,121,,6045.47,Check,AR00000166,2024-02-21,11
167,CR-2024-000167,2024-02-23,122,303.0,369.3,Check,AR00000167,2024-02-23,11
168,CR-2024-000168,2024-02-24,123,,2074.61,Credit Card,AR00000168,2024-02-25,11
169,CR-2024-000169,2024-02-22,124,,1154.01,ACH,AR00000169,2024-02-24,97
170,CR-2024-000170,2024-02-22,125,227.0,2922.91,Credit Card,AR00000170,2024-02-23,11
171,CR-2024-000171,2024-02-24,128,,347.59,Check,AR00000171,2024-02-25,97
172,CR-2024-000172,2024-02-23,129,,2848.99,Check,AR00000172,2024-02-24,11
173,CR-2024-000173,2024-02-22,130,,952.07,Credit Card,AR00000173,2024-02-23,11
174,CR-2024-000174,2024-02-23,131,,340.49,Check,AR00000174,2024-02-23,115
175,CR-2024-000175,2024-02-24,136,,6510.63,Check,AR00000175,2024-02-25,115
176,CR-2024-000176,2024-02-24,138,,1820.55,ACH,AR00000176,2024-02-26,115
177,CR-2024-000177,2024-02-21,140,,660.24,Check,AR00000177,2024-02-21,115
178,CR-2024-000178,2024-02-20,141,,4791.32,Check,AR00000178,2024-02-22,115
179,CR-2024-000179,2024-02-21,142,122.0,599.22,Credit Card,AR00000179,2024-02-23,11
180,CR-2024-000180,2024-02-23,144,,797.99,Credit Card,AR00000180,2024-02-25,115
181,CR-2024-000181,2024-02-24,146,,1680.04,Wire Transfer,AR00000181,2024-02-25,115
182,CR-2024-000182,2024-02-18,147,,6403.91,Check,AR00000182,2024-02-19,115
183,CR-2024-000183,2024-02-17,150,,7641.91,ACH,AR00000183,2024-02-19,97
184,CR-2024-000184,2024-02-23,154,,3551.3,Check,AR00000184,2024-02-23,97
185,CR-2024-000185,2024-02-22,155,,481.48,ACH,AR00000185,2024-02-23,115
186,CR-2024-000186,2024-02-16,156,,23671.88,Check,AR00000186,2024-02-16,115
187,CR-2024-000187,2024-02-16,157,,3469.35,Check,AR00000187,2024-02-17,97
188,CR-2024-000188,2024-02-21,161,,8881.95,Wire Transfer,AR00000188,2024-02-22,115
189,CR-2024-000189,2024-02-24,162,,3104.03,Check,AR00000189,2024-02-25,115
190,CR-2024-000190,2024-02-21,166,,1963.48,ACH,AR00000190,2024-02-22,97
191,CR-2024-000191,2024-02-20,170,,825.63,Check,AR00000191,2024-02-22,11
192,CR-2024-000192,2024-02-24,172,447.0,210.33,Wire Transfer,AR00000192,2024-02-24,11
193,CR-2024-000193,2024-02-21,173,,1364.25,Credit Card,AR00000193,2024-02-22,11
194,CR-2024-000194,2024-02-22,174,5.0,2070.45,Credit Card,AR00000194,2024-02-23,97
195,CR-2024-000195,2024-02-24,175,,330.1,Check,AR00000195,2024-02-24,97
196,CR-2024-000196,2024-02-17,176,,3972.12,Wire Transfer,AR00000196,2024-02-19,97
197,CR-2024-000197,2024-02-16,179,,9650.35,ACH,AR00000197,2024-02-16,115
198,CR-2024-000198,2024-02-20,180,,304.79,Wire Transfer,AR00000198,2024-02-20,115
199,CR-2024-000199,2024-02-22,182,259.0,2083.34,Credit Card,AR00000199,2024-02-23,97
200,CR-2024-000200,2024-02-20,183,,286.83,ACH,AR00000200,2024-02-21,11
201,CR-2024-000201,2024-02-23,184,,410.47,ACH,AR00000201,2024-02-25,11
202,CR-2024-000202,2024-02-19,185,,7375.19,Wire Transfer,AR00000202,2024-02-20,97
203,CR-2024-000203,2024-02-22,186,,269.65,Credit Card,AR00000203,2024-02-24,97
204,CR-2024-000204,2024-02-20,187,,10128.35,Wire Transfer,AR00000204,2024-02-21,115
205,CR-2024-000205,2024-02-24,188,,2738.0,Check,AR00000205,2024-02-24,97
206,CR-2024-000206,2024-02-21,191,237.0,1528.24,Check,AR00000206,2024-02-23,97
207,CR-2024-000207,2024-02-20,192,,7399.85,Wire Transfer,AR00000207,2024-02-20,115
208,CR-2024-000208,2024-02-24,193,,4142.8,ACH,AR00000208,2024-02-26,115
209,CR-2024-000209,2024-02-19,194,,30806.99,Credit Card,AR00000209,2024-02-19,11
210,CR-2024-000210,2024-02-22,196,,860.72,Wire Transfer,AR00000210,2024-02-23,11
211,CR-2024-000211,2024-02-18,197,,9303.17,Check,AR00000211,2024-02-20,115
212,CR-2024-000212,2024-02-21,198,,3328.48,ACH,AR00000212,2024-02-22,11
213,CR-2024-000213,2024-02-23,199,,4232.3,Wire Transfer,AR00000213,2024-02-23,97
214,CR-2024-000214,2024-02-22,200,214.0,1749.83,ACH,AR00000214,2024-02-22,11
215,CR-2024-000215,2024-02-21,201,,372.43,Wire Transfer,AR00000215,2024-02-21,97
216,CR-2024-000216,2024-02-20,202,,7254.96,Check,AR00000216,2024-02-21,11
217,CR-2024-000217,2024-02-22,204,,3951.43,ACH,AR00000217,2024-02-24,11
218,CR-2024-000218,2024-02-21,205,206.0,4354.17,Check,AR00000218,2024-02-21,115
219,CR-2024-000219,2024-02-24,206,,1302.24,ACH,AR00000219,2024-02-24,97
220,CR-2024-000220,2024-02-24,207,,242.01,ACH,AR00000220,2024-02-25,115
221,CR-2024-000221,2024-02-24,208,,7733.24,ACH,AR00000221,2024-02-24,115
222,CR-2024-000222,2024-02-16,209,,11937.53,Check,AR00000222,2024-02-16,11
223,CR-2024-000223,2024-02-20,211,,2703.96,Credit Card,AR00000223,2024-02-22,115
224,CR-2024-000224,2024-03-24,194,,1798.37,ACH,DEP00000224,2024-03-24,97
225,CR-2024-000225,2024-03-21,43,,1483.26,Credit Card,DEP00000225,2024-03-21,11
226,CR-2024-000226,2024-03-17,31,,1608.43,Check,DEP00000226,2024-03-17,11
227,CR-2024-000227,2024-03-14,1,,10992.09,Wire Transfer,AR00000227,2024-03-14,97
228,CR-2024-000228,2024-03-19,1,,55790.32,Wire Transfer,AR00000228,2024-03-19,115
229,CR-2024-000229,2024-03-21,3,,145.93,Check,AR00000229,2024-03-21,115
230,CR-2024-000230,2024-03-16,4,,16350.58,Check,AR00000230,2024-03-16,11
231,CR-2024-000231,2024-03-18,5,,2569.01,ACH,AR00000231,2024-03-20,115
232,CR-2024-000232,2024-03-24,6,,408.15,ACH,AR00000232,2024-03-24,97
233,CR-2024-000233,2024-03-20,7,687.0,1465.59,ACH,AR00000233,2024-03-21,115
234,CR-2024-000234,2024-03-21,8,,2247.66,ACH,AR00000234,2024-03-21,97
235,CR-2024-000235,2024-03-17,9,,16129.28,ACH,AR00000235,2024-03-19,11
236,CR-2024-000236,2024-03-20,10,719.0,1237.12,ACH,AR00000236,2024-03-20,115
237,CR-2024-000237,2024-03-16,11,,7091.47,Credit Card,AR00000237,2024-03-16,11
238,CR-2024-000238,2024-03-20,12,,5280.33,Credit Card,AR00000238,2024-03-22,97
239,CR-2024-000239,2024-03-18,13,,21069.8,Wire Transfer,AR00000239,2024-03-18,97
240,CR-2024-000240,2024-03-22,14,979.0,829.47,Check,AR00000240,2024-03-22,115
241,CR-2024-000241,2024-03-20,15,,1513.86,Check,AR00000241,2024-03-22,97
242,CR-2024-000242,2024-03-22,17,721.0,1329.01,Credit Card,AR00000242,2024-03-22,115
243,CR-2024-000243,2024-03-22,18,,3673.15,Credit Card,AR00000243,2024-03-24,115
244,CR-2024-000244,2024-03-23,19,690.0,4349.65,ACH,AR00000244,2024-03-23,11
245,CR-2024-000245,2024-03-20,20,,15757.53,ACH,AR00000245,2024-03-20,11
246,CR-2024-000246,2024-03-14,21,,4981.79,Wire Transfer,AR00000246,2024-03-14,97
247,CR-2024-000247,2024-03-20,22,,6766.7,Credit Card,AR00000247,2024-03-21,115
248,CR-2024-000248,2024-03-17,23,,9065.18,ACH,AR00000248,2024-03-19,97
249,CR-2024-000249,2024-03-16,24,,10093.11,ACH,AR00000249,2024-03-16,97
250,CR-2024-000250,2024-03-18,25,,2719.45,Check,AR00000250,2024-03-19,115
251,CR-2024-000251,2024-03-20,26,,12879.79,Check,AR00000251,2024-03-20,97
252,CR-2024-000252,2024-03-21,27,,3859.76,Credit Card,AR00000252,2024-03-22,97
253,CR-2024-000253,2024-03-17,29,,6154.39,Wire Transfer,AR00000253,2024-03-18,115
254,CR-2024-000254,2024-03-18,30,,13882.07,ACH,AR00000254,2024-03-20,11
255,CR-2024-000255,2024-03-22,31,,320.54,Credit Card,AR00000255,2024-03-22,115
256,CR-2024-000256,2024-03-16,32,,5997.02,Check,AR00000256,2024-03-18,115
257,CR-2024-000257,2024-03-20,33,,9971.63,Wire Transfer,AR00000257,2024-03-22,115
258,CR-2024-000258,2024-03-20,34,,40884.62,ACH,AR00000258,2024-03-20,11
259,CR-2024-000259,2024-03-23,35,,490.08,Wire Transfer,AR00000259,2024-03-24,115
260,CR-2024-000260,2024-03-22,36,658.0,390.94,ACH,AR00000260,2024-03-23,11
261,CR-2024-000261,2024-03-20,37,893.0,2783.94,Wire Transfer,AR00000261,2024-03-20,97
262,CR-2024-000262,2024-03-22,38,,360.05,ACH,AR00000262,2024-03-22,115
263,CR-2024-000263,2024-03-16,39,,10137.36,Credit Card,AR00000263,2024-03-17,97
264,CR-2024-000264,2024-03-13,43,,3402.3,Wire Transfer,AR00000264,2024-03-15,97
265,CR-2024-000265,2024-03-14,44,,7119.57,ACH,AR00000265,2024-03-15,97
266,CR-2024-000266,2024-03-19,45,,6486.8,Check,AR00000266,2024-03-20,11
267,CR-2024-000267,2024-03-16,46,,15616.44,Check,AR00000267,2024-03-17,97
268,CR-2024-000268,2024-03-24,47,,156.33,Credit Card,AR00000268,2024-03-25,11
269,CR-2024-000269,2024-03-20,48,,815.39,Check,AR00000269,2024-03-22,115
270,CR-2024-000270,2024-03-11,49,,9448.9,ACH,AR00000270,2024-03-13,97
271,CR-2024-000271,2024-03-12,50,,1119.11,ACH,AR00000271,2024-03-14,11
272,CR-2024-000272,2024-03-20,51,,3592.38,Credit Card,AR00000272,2024-03-21,11
273,CR-2024-000273,2024-03-22,52,,249.98,Wire Transfer,AR00000273,2024-03-23,115
274,CR-2024-000274,2024-03-20,53,609.0,857.4,Wire Transfer,AR00000274,2024-03-21,11
275,CR-2024-000275,2024-03-14,55,,1937.19,Wire Transfer,AR00000275,2024-03-15,11
276,CR-2024-000276,2024-03-17,56,,684.29,ACH,AR00000276,2024-03-17,97
277,CR-2024-000277,2024-03-20,57,246.0,5816.21,Wire Transfer,AR00000277,2024-03-21,115
278,CR-2024-000278,2024-03-24,58,,127.51,Credit Card,AR00000278,2024-03-26,97
279,CR-2024-000279,2024-03-16,59,,3315.02,Check,AR00000279,2024-03-16,97
280,CR-2024-000280,2024-03-23,60,,944.86,ACH,AR00000280,2024-03-25,97
281,CR-2024-000281,2024-03-16,62,,13180.88,Wire Transfer,AR00000281,2024-03-18,115
282,CR-2024-000282,2024-03-17,63,,9996.95,Check,AR00000282,2024-03-18,115
283,CR-2024-000283,2024-03-23,65,,2088.09,Wire Transfer,AR00000283,2024-03-24,115
284,CR-2024-000284,2024-03-23,67,,2891.07,Credit Card,AR00000284,2024-03-23,115
285,CR-2024-000285,2024-03-17,68,,5939.39,Wire Transfer,AR00000285,2024-03-17,97
286,CR-2024-000286,2024-03-24,69,,729.85,Check,AR00000286,2024-03-26,115
287,CR-2024-000287,2024-03-21,70,842.0,3535.61,Check,AR00000287,2024-03-21,97
288,CR-2024-000288,2024-03-17,72,,30107.94,Credit Card,AR00000288,2024-03-18,115
289,CR-2024-000289,2024-03-21,73,290.0,1887.78,Wire Transfer,AR00000289,2024-03-21,97
290,CR-2024-000290,2024-03-17,74,,4175.86,ACH,AR00000290,2024-03-19,97
291,CR-2024-000291,2024-03-17,75,,4945.99,Credit Card,AR00000291,2024-03-19,11
292,CR-2024-000292,2024-03-18,76,611.0,1535.2,ACH,AR00000292,2024-03-20,97
293,CR-2024-000293,2024-03-20,78,233.0,15559.55,Wire Transfer,AR00000293,2024-03-20,97
294,CR-2024-000294,2024-03-23,79,,1265.13,Credit Card,AR00000294,2024-03-24,11
295,CR-2024-000295,2024-03-18,81,,37677.77,ACH,AR00000295,2024-03-20,11
296,CR-2024-000296,2024-03-17,82,,13093.96,Check,AR00000296,2024-03-19,97
297,CR-2024-000297,2024-03-18,83,,7991.59,Wire Transfer,AR00000297,2024-03-19,115
298,CR-2024-000298,2024-03-23,84,,1062.88,Check,AR00000298,2024-03-24,115
299,CR-2024-000299,2024-03-20,85,242.0,3830.31,Credit Card,AR00000299,2024-03-21,115
300,CR-2024-000300,2024-03-23,86,,4359.87,Wire Transfer,AR00000300,2024-03-24,115
301,CR-2024-000301,2024-03-23,87,1101.0,898.16,Check,AR00000301,2024-03-23,97
302,CR-2024-000302,2024-03-17,88,,6727.15,Wire Transfer,AR00000302,2024-03-18,97
303,CR-2024-000303,2024-03-22,89,,431.1,Credit Card,AR00000303,2024-03-24,11
304,CR-2024-000304,2024-03-24,92,,790.53,ACH,AR00000304,2024-03-26,97
305,CR-2024-000305,2024-03-14,93,103.0,275.6,Check,AR00000305,2024-03-15,115
306,CR-2024-000306,2024-03-20,95,,14714.39,Credit Card,AR00000306,2024-03-21,115
307,CR-2024-000307,2024-03-20,96,,13930.94,Check,AR00000307,2024-03-20,97
308,CR-2024-000308,2024-03-20,98,,9880.02,Credit Card,AR00000308,2024-03-21,97
309,CR-2024-000309,2024-03-20,99,,9339.71,Check,AR00000309,2024-03-20,97
310,CR-2024-000310,2024-03-24,100,764.0,591.24,Check,AR00000310,2024-03-26,97
311,CR-2024-000311,2024-03-17,101,,6811.54,Credit Card,AR00000311,2024-03-17,97
312,CR-2024-000312,2024-03-21,102,,395.09,ACH,AR00000312,2024-03-22,97
313,CR-2024-000313,2024-03-18,104,,21085.63,Wire Transfer,AR00000313,2024-03-20,11
314,CR-2024-000314,2024-03-22,105,1121.0,206.7,Wire Transfer,AR00000314,2024-03-22,97
315,CR-2024-000315,2024-03-17,106,,55329.54,Wire Transfer,AR00000315,2024-03-19,11
316,CR-2024-000316,2024-03-20,107,,8782.57,ACH,AR00000316,2024-03-20,11
317,CR-2024-000317,2024-03-17,108,,6686.09,Check,AR00000317,2024-03-17,115
318,CR-2024-000318,2024-03-16,109,,8890.32,Credit Card,AR00000318,2024-03-16,115
319,CR-2024-000319,2024-03-20,110,,8728.52,ACH,AR00000319,2024-03-20,11
320,CR-2024-000320,2024-03-20,112,,1474.94,Check,AR00000320,2024-03-21,115
321,CR-2024-000321,2024-03-20,113,,17641.67,ACH,AR00000321,2024-03-20,11
322,CR-2024-000322,2024-03-13,114,,4229.2,Wire Transfer,AR00000322,2024-03-13,97
323,CR-2024-000323,2024-03-14,115,,1651.97,Check,AR00000323,2024-03-16,115
324,CR-2024-000324,2024-03-18,116,692.0,6622.69,Wire Transfer,AR00000324,2024-03-18,97
325,CR-2024-000325,2024-03-19,117,,3685.25,Wire Transfer,AR00000325,2024-03-19,11
326,CR-2024-000326,2024-03-17,118,,27218.66,Credit Card,AR00000326,2024-03-18,97
327,CR-2024-000327,2024-03-18,119,,17015.13,Wire Transfer,AR00000327,2024-03-18,115
328,CR-2024-000328,2024-03-16,120,,23716.13,Wire Transfer,AR00000328,2024-03-16,115
329,CR-2024-000329,2024-03-10,121,,1623.27,ACH,AR00000329,2024-03-10,97
330,CR-2024-000330,2024-03-18,122,,735.6,Check,AR00000330,2024-03-19,115
331,CR-2024-000331,2024-03-17,123,,8877.57,ACH,AR00000331,2024-03-19,97
332,CR-2024-000332,2024-03-16,124,189.0,8482.0,Wire Transfer,AR00000332,2024-03-17,97
333,CR-2024-000333,2024-03-17,125,,9953.5,Wire Transfer,AR00000333,2024-03-19,11
334,CR-2024-000334,2024-03-22,127,,460.51,Wire Transfer,AR00000334,2024-03-22,11
335,CR-2024-000335,2024-03-21,128,,5727.6,Wire Transfer,AR00000335,2024-03-22,115
336,CR-2024-000336,2024-03-18,129,,29022.08,Check,AR00000336,2024-03-20,115
337,CR-2024-000337,2024-03-16,130,202.0,7927.21,Credit Card,AR00000337,2024-03-18,97
338,CR-2024-000338,2024-03-21,131,565.0,1673.47,Wire Transfer,AR00000338,2024-03-23,11
339,CR-2024-000339,2024-03-21,132,,297.33,Credit Card,AR00000339,2024-03-21,97
340,CR-2024-000340,2024-03-20,133,,1457.35,Wire Transfer,AR00000340,2024-03-22,97
341,CR-2024-000341,2024-03-16,136,,27091.39,Wire Transfer,AR00000341,2024-03-18,11
342,CR-2024-000342,2024-03-20,138,,4508.85,Check,AR00000342,2024-03-20,11
343,CR-2024-000343,2024-03-24,139,,4575.14,Wire Transfer,AR00000343,2024-03-25,97
344,CR-2024-000344,2024-03-18,140,,5835.32,Check,AR00000344,2024-03-20,97
345,CR-2024-000345,2024-03-20,141,,44432.8,ACH,AR00000345,2024-03-22,97
346,CR-2024-000346,2024-03-19,142,,5379.2,Credit Card,AR00000346,2024-03-21,97
347,CR-2024-000347,2024-03-23,143,717.0,813.0,ACH,AR00000347,2024-03-25,97
348,CR-2024-000348,2024-03-19,144,680.0,8052.67,Check,AR00000348,2024-03-19,11
349,CR-2024-000349,2024-03-20,145,,354.34,ACH,AR00000349,2024-03-22,115
350,CR-2024-000350,2024-03-19,146,,6582.11,Credit Card,AR00000350,2024-03-19,97
351,CR-2024-000351,2024-03-16,147,,5421.25,Credit Card,AR00000351,2024-03-16,11
352,CR-2024-000352,2024-03-22,148,,976.61,Credit Card,AR00000352,2024-03-24,115
353,CR-2024-000353,2024-03-21,149,,694.12,ACH,AR00000353,2024-03-22,97
354,CR-2024-000354,2024-03-12,150,,8521.4,Credit Card,AR00000354,2024-03-12,115
355,CR-2024-000355,2024-03-24,151,709.0,792.15,Credit Card,AR00000355,2024-03-25,115
356,CR-2024-000356,2024-03-24,152,,6213.99,Wire Transfer,AR00000356,2024-03-24,11
357,CR-2024-000357,2024-03-19,154,,22296.84,Check,AR00000357,2024-03-19,115
358,CR-2024-000358,2024-03-16,155,,4051.91,ACH,AR00000358,2024-03-17,97
359,CR-2024-000359,2024-03-14,156,,10472.31,Credit Card,AR00000359,2024-03-16,97
360,CR-2024-000360,2024-03-12,157,,1861.11,ACH,AR00000360,2024-03-14,97
361,CR-2024-000361,2024-03-16,158,240.0,5579.06,Credit Card,AR00000361,2024-03-18,115
362,CR-2024-000362,2024-03-23,159,,2584.52,Credit Card,AR00000362,2024-03-24,115
363,CR-2024-000363,2024-03-18,161,,53213.74,Wire Transfer,AR00000363,2024-03-20,97
364,CR-2024-000364,2024-03-19,162,,9173.2,ACH,AR00000364,2024-03-20,11
365,CR-2024-000365,2024-03-20,165,234.0,561.8,Check,AR00000365,2024-03-20,11
366,CR-2024-000366,2024-03-16,166,113.0,4515.3,Wire Transfer,AR00000366,2024-03-17,97
367,CR-2024-000367,2024-03-24,167,608.0,1332.11,Check,AR00000367,2024-03-24,11
368,CR-2024-000368,2024-03-14,170,,210.86,Credit Card,AR00000368,2024-03-15,115
369,CR-2024-000369,2024-03-20,171,,1955.44,Wire Transfer,AR00000369,2024-03-20,97
370,CR-2024-000370,2024-03-24,172,,1432.88,Wire Transfer,AR00000370,2024-03-25,11
371,CR-2024-000371,2024-03-16,173,,5621.11,Wire Transfer,AR00000371,2024-03-17,11
372,CR-2024-000372,2024-03-19,174,,11201.87,ACH,AR00000372,2024-03-20,11
373,CR-2024-000373,2024-03-20,175,,2812.3,Credit Card,AR00000373,2024-03-22,115
374,CR-2024-000374,2024-03-12,176,,1160.94,ACH,AR00000374,2024-03-14,115
375,CR-2024-000375,2024-03-10,179,,9507.32,Wire Transfer,AR00000375,2024-03-11,11
376,CR-2024-000376,2024-03-24,180,,2369.48,Wire Transfer,AR00000376,2024-03-24,97
377,CR-2024-000377,2024-03-23,181,,10251.91,Credit Card,AR00000377,2024-03-23,115
378,CR-2024-000378,2024-03-20,182,,16331.68,Check,AR00000378,2024-03-22,97
379,CR-2024-000379,2024-03-24,183,149.0,770.6,ACH,AR00000379,2024-03-25,11
380,CR-2024-000380,2024-03-21,184,,3383.12,Credit Card,AR00000380,2024-03-22,11
381,CR-2024-000381,2024-03-14,185,,9474.28,Wire Transfer,AR00000381,2024-03-14,115
382,CR-2024-000382,2024-03-22,186,587.0,1219.71,Check,AR00000382,2024-03-22,97
383,CR-2024-000383,2024-03-11,187,,9254.99,Credit Card,AR00000383,2024-03-13,97
384,CR-2024-000384,2024-03-16,188,,12291.92,Wire Transfer,AR00000384,2024-03-17,11
385,CR-2024-000385,2024-03-21,189,,164.56,Wire Transfer,AR00000385,2024-03-22,11
386,CR-2024-000386,2024-03-19,191,237.0,3048.29,Check,AR00000386,2024-03-19,11
387,CR-2024-000387,2024-03-20,192,,28874.03,Wire Transfer,AR00000387,2024-03-22,11
388,CR-2024-000388,2024-03-19,193,,18854.47,Check,AR00000388,2024-03-21,115
389,CR-2024-000389,2024-03-12,194,,43653.68,Check,AR00000389,2024-03-13,115
390,CR-2024-000390,2024-03-18,196,,7046.97,ACH,AR00000390,2024-03-19,115
391,CR-2024-000391,2024-03-11,197,,10561.92,Wire Transfer,AR00000391,2024-03-13,115
392,CR-2024-000392,2024-03-17,198,,31662.65,Wire Transfer,AR00000392,2024-03-18,97
393,CR-2024-000393,2024-03-19,199,,18732.92,Wire Transfer,AR00000393,2024-03-21,11
394,CR-2024-000394,2024-03-19,200,,18945.87,Credit Card,AR00000394,2024-03-19,11
395,CR-2024-000395,2024-03-19,201,,2579.88,Credit Card,AR00000395,2024-03-21,97
396,CR-2024-000396,2024-03-16,202,,36419.83,ACH,AR00000396,2024-03-16,115
397,CR-2024-000397,2024-03-16,204,,34693.99,Check,AR00000397,2024-03-18,11
398,CR-2024-000398,2024-03-18,205,,38369.96,ACH,AR00000398,2024-03-20,11
399,CR-2024-000399,2024-03-18,206,,7966.29,Credit Card,AR00000399,2024-03-20,115
400,CR-2024-000400,2024-03-17,207,,2080.12,Wire Transfer,AR00000400,2024-03-19,97
401,CR-2024-000401,2024-03-20,208,,20018.54,Check,AR00000401,2024-03-22,115
402,CR-2024-000402,2024-03-22,208,,42796.11,Credit Card,AR00000402,2024-03-22,115
403,CR-2024-000403,2024-03-18,209,,15577.25,Check,AR00000403,2024-03-20,115
404,CR-2024-000404,2024-03-19,211,,12042.13,Wire Transfer,AR00000404,2024-03-20,11
405,CR-2024-000405,2024-04-12,198,,2800.32,Credit Card,DEP00000405,2024-04-12,115
406,CR-2024-000406,2024-04-21,186,587.0,1726.65,Wire Transfer,DEP00000406,2024-04-21,97
407,CR-2024-000407,2024-04-10,141,362.0,1957.09,ACH,DEP00000407,2024-04-10,11
408,CR-2024-000408,2024-04-18,202,,4195.66,Wire Transfer,DEP00000408,2024-04-18,11
409,CR-2024-000409,2024-04-22,105,,2323.4,Wire Transfer,DEP00000409,2024-04-22,115
410,CR-2024-000410,2024-04-15,174,313.0,1356.51,Check,DEP00000410,2024-04-15,115
411,CR-2024-000411,2024-04-12,1,,55419.7,Check,AR00000411,2024-04-12,115
412,CR-2024-000412,2024-04-18,2,,904.52,Wire Transfer,AR00000412,2024-04-19,11
413,CR-2024-000413,2024-04-16,3,,2792.78,Credit Card,AR00000413,2024-04-17,115
414,CR-2024-000414,2024-04-13,4,,8732.07,ACH,AR00000414,2024-04-13,97
415,CR-2024-000415,2024-04-12,5,,1031.27,Credit Card,AR00000415,2024-04-14,11
416,CR-2024-000416,2024-04-21,6,,3190.17,Check,AR00000416,2024-04-22,11
417,CR-2024-000417,2024-04-18,7,,5892.64,ACH,AR00000417,2024-04-20,115
418,CR-2024-000418,2024-04-16,8,,8234.0,Credit Card,AR00000418,2024-04-16,11
419,CR-2024-000419,2024-04-16,9,,24342.9,Credit Card,AR00000419,2024-04-18,97
420,CR-2024-000420,2024-04-17,10,,5581.22,Check,AR00000420,2024-04-19,115
421,CR-2024-000421,2024-04-11,11,,5838.14,Credit Card,AR00000421,2024-04-13,97
422,CR-2024-000422,2024-04-14,12,,2266.51,ACH,AR00000422,2024-04-14,11
423,CR-2024-000423,2024-04-14,13,,26004.49,Wire Transfer,AR00000423,2024-04-14,115
424,CR-2024-000424,2024-04-17,14,,3130.56,Check,AR00000424,2024-04-17,11
425,CR-2024-000425,2024-04-20,15,,6724.86,ACH,AR00000425,2024-04-22,115
426,CR-2024-000426,2024-04-20,17,,5725.76,Credit Card,AR00000426,2024-04-21,11
427,CR-2024-000427,2024-04-20,18,,15190.86,Check,AR00000427,2024-04-21,115
428,CR-2024-000428,2024-04-20,19,,24160.75,Credit Card,AR00000428,2024-04-20,11
429,CR-2024-000429,2024-04-12,20,,20641.96,Credit Card,AR00000429,2024-04-14,11
430,CR-2024-000430,2024-04-17,21,,13817.3,Credit Card,AR00000430,2024-04-18,11
431,CR-2024-000431,2024-04-13,22,,10534.77,ACH,AR00000431,2024-04-14,115
432,CR-2024-000432,2024-04-18,23,,12527.99,Check,AR00000432,2024-04-18,97
433,CR-2024-000433,2024-04-20,24,,11761.6,Check,AR00000433,2024-04-21,115
434,CR-2024-000434,2024-04-13,25,,1936.25,Wire Transfer,AR00000434,2024-04-13,115
435,CR-2024-000435,2024-04-13,26,707.0,5950.01,Check,AR00000435,2024-04-15,115
436,CR-2024-000436,2024-04-19,27,,8717.72,Check,AR00000436,2024-04-19,97
437,CR-2024-000437,2024-04-17,29,,7788.68,Wire Transfer,AR00000437,2024-04-18,97
438,CR-2024-000438,2024-04-13,30,,9858.74,Check,AR00000438,2024-04-15,11
439,CR-2024-000439,2024-04-17,31,,3055.39,ACH,AR00000439,2024-04-18,115
440,CR-2024-000440,2024-04-18,32,,21289.2,Check,AR00000440,2024-04-20,97
441,CR-2024-000441,2024-04-10,33,,5357.26,ACH,AR00000441,2024-04-10,97
442,CR-2024-000442,2024-04-12,34,,49618.56,Wire Transfer,AR00000442,2024-04-14,115
443,CR-2024-000443,2024-04-16,35,,3813.87,Wire Transfer,AR00000443,2024-04-18,97
444,CR-2024-000444,2024-04-20,36,,2679.87,Credit Card,AR00000444,2024-04-22,11
445,CR-2024-000445,2024-04-18,37,,24273.73,ACH,AR00000445,2024-04-18,115
446,CR-2024-000446,2024-04-18,38,,3316.14,Check,AR00000446,2024-04-18,11
447,CR-2024-000447,2024-04-13,39,,8713.15,Credit Card,AR00000447,2024-04-15,115
448,CR-2024-000448,2024-04-21,42,,564.82,ACH,AR00000448,2024-04-21,115
449,CR-2024-000449,2024-04-17,43,,12009.12,Credit Card,AR00000449,2024-04-17,11
450,CR-2024-000450,2024-04-18,44,,22142.12,Wire Transfer,AR00000450,2024-04-20,11
451,CR-2024-000451,2024-04-13,45,,7502.45,Credit Card,AR00000451,2024-04-14,11
452,CR-2024-000452,2024-04-19,46,,24828.52,Check,AR00000452,2024-04-21,97
453,CR-2024-000453,2024-04-22,47,,217.82,Check,AR00000453,2024-04-22,115
454,CR-2024-000454,2024-04-17,48,,7175.93,ACH,AR00000454,2024-04-18,11
455,CR-2024-000455,2024-04-12,49,,5107.08,Credit Card,AR00000455,2024-04-13,115
456,CR-2024-000456,2024-04-14,50,,2668.33,Wire Transfer,AR00000456,2024-04-16,97
457,CR-2024-000457,2024-04-16,51,,24560.83,Check,AR00000457,2024-04-18,115
458,CR-2024-000458,2024-04-21,52,485.0,797.62,Check,AR00000458,2024-04-23,11
459,CR-2024-000459,2024-04-18,53,,2586.36,ACH,AR00000459,2024-04-18,97
460,CR-2024-000460,2024-04-19,55,1035.0,3842.71,Wire Transfer,AR00000460,2024-04-19,97
461,CR-2024-000461,2024-04-20,56,,3765.95,Check,AR00000461,2024-04-22,97
462,CR-2024-000462,2024-04-17,57,,7216.19,Check,AR00000462,2024-04-18,115
463,CR-2024-000463,2024-04-18,58,,1599.54,ACH,AR00000463,2024-04-19,11
464,CR-2024-000464,2024-04-12,59,,1178.99,ACH,AR00000464,2024-04-14,97
465,CR-2024-000465,2024-04-19,60,,5935.66,Check,AR00000465,2024-04-21,11
466,CR-2024-000466,2024-04-21,61,,763.5,Wire Transfer,AR00000466,2024-04-22,115
467,CR-2024-000467,2024-04-14,62,,20085.69,Check,AR00000467,2024-04-15,97
468,CR-2024-000468,2024-04-12,63,,3271.73,Check,AR00000468,2024-04-12,97
469,CR-2024-000469,2024-04-18,65,,10168.51,ACH,AR00000469,2024-04-19,11
470,CR-2024-000470,2024-04-18,67,,15750.45,Credit Card,AR00000470,2024-04-18,115
471,CR-2024-000471,2024-04-11,68,,7346.34,Credit Card,AR00000471,2024-04-12,11
472,CR-2024-000472,2024-04-16,69,,5995.09,Check,AR00000472,2024-04-18,115
473,CR-2024-000473,2024-04-20,70,,9003.5,Check,AR00000473,2024-04-21,115
474,CR-2024-000474,2024-04-14,72,,40510.37,Credit Card,AR00000474,2024-04-14,97
475,CR-2024-000475,2024-04-16,73,,4358.86,ACH,AR00000475,2024-04-18,115
476,CR-2024-000476,2024-04-12,74,,2921.8,Wire Transfer,AR00000476,2024-04-14,11
477,CR-2024-000477,2024-04-16,75,,10852.73,Wire Transfer,AR00000477,2024-04-17,115
478,CR-2024-000478,2024-04-10,76,611.0,373.75,Check,AR00000478,2024-04-11,97
479,CR-2024-000479,2024-04-13,78,,10569.12,Wire Transfer,AR00000479,2024-04-15,97
480,CR-2024-000480,2024-04-20,79,,9811.26,ACH,AR00000480,2024-04-20,97
481,CR-2024-000481,2024-04-24,80,,1610.7,Credit Card,AR00000481,2024-04-25,97
482,CR-2024-000482,2024-04-17,81,,31914.12,ACH,AR00000482,2024-04-17,11
483,CR-2024-000483,2024-04-14,82,,7964.26,Check,AR00000483,2024-04-15,115
484,CR-2024-000484,2024-04-11,83,,10982.17,Check,AR00000484,2024-04-11,97
485,CR-2024-000485,2024-04-20,84,,8749.89,Credit Card,AR00000485,2024-04-20,11
486,CR-2024-000486,2024-04-14,85,242.0,1458.93,ACH,AR00000486,2024-04-14,11
487,CR-2024-000487,2024-04-17,86,,24449.67,Credit Card,AR00000487,2024-04-17,97
488,CR-2024-000488,2024-04-17,87,,18314.08,Check,AR00000488,2024-04-18,97
489,CR-2024-000489,2024-04-17,88,,19055.28,Wire Transfer,AR00000489,2024-04-17,97
490,CR-2024-000490,2024-04-17,89,,3724.14,ACH,AR00000490,2024-04-18,11
491,CR-2024-000491,2024-04-20,90,,946.91,Check,AR00000491,2024-04-22,11
492,CR-2024-000492,2024-04-20,92,245.0,3357.89,Wire Transfer,AR00000492,2024-04-20,115
493,CR-2024-000493,2024-04-07,93,,260.67,Check,AR00000493,2024-04-09,97
494,CR-2024-000494,2024-04-14,95,,9361.25,Wire Transfer,AR00000494,2024-04-14,11
495,CR-2024-000495,2024-04-17,96,,24021.07,ACH,AR00000495,2024-04-17,97
496,CR-2024-000496,2024-04-23,97,1637.0,566.4,ACH,AR00000496,2024-04-24,115
497,CR-2024-000497,2024-04-11,98,,13057.7,ACH,AR00000497,2024-04-13,97
498,CR-2024-000498,2024-04-17,99,,8955.33,Wire Transfer,AR00000498,2024-04-18,11
499,CR-2024-000499,2024-04-16,100,,5037.93,ACH,AR00000499,2024-04-18,11
500,CR-2024-000500,2024-04-12,101,,4704.9,Check,AR00000500,2024-04-13,115
501,CR-2024-000501,2024-04-20,102,1060.0,3142.1,Credit Card,AR00000501,2024-04-21,115
502,CR-2024-000502,2024-04-23,103,,343.16,Credit Card,AR00000502,2024-04-23,97
503,CR-2024-000503,2024-04-14,104,,34041.66,Check,AR00000503,2024-04-16,115
504,CR-2024-000504,2024-04-24,105,,3567.62,Credit Card,AR00000504,2024-04-25,11
505,CR-2024-000505,2024-04-12,106,,53534.85,Wire Transfer,AR00000505,2024-04-12,97
506,CR-2024-000506,2024-04-14,107,,3123.67,Check,AR00000506,2024-04-15,115
507,CR-2024-000507,2024-04-12,108,,7329.8,Check,AR00000507,2024-04-13,97
508,CR-2024-000508,2024-04-11,109,,4414.36,Check,AR00000508,2024-04-13,11
509,CR-2024-000509,2024-04-10,110,,14949.12,ACH,AR00000509,2024-04-10,11
510,CR-2024-000510,2024-04-23,111,,932.42,Check,AR00000510,2024-04-24,97
511,CR-2024-000511,2024-04-20,112,,7279.3,Wire Transfer,AR00000511,2024-04-22,97
512,CR-2024-000512,2024-04-12,113,,19775.71,Check,AR00000512,2024-04-13,97
513,CR-2024-000513,2024-04-14,114,,6545.84,Wire Transfer,AR00000513,2024-04-14,97
514,CR-2024-000514,2024-04-08,115,,12952.67,ACH,AR00000514,2024-04-10,97
515,CR-2024-000515,2024-04-11,116,,11349.1,Check,AR00000515,2024-04-12,115
516,CR-2024-000516,2024-04-19,117,,3306.01,Wire Transfer,AR00000516,2024-04-19,11
517,CR-2024-000517,2024-04-13,118,,23850.61,Credit Card,AR00000517,2024-04-15,11
518,CR-2024-000518,2024-04-10,119,,17828.97,Check,AR00000518,2024-04-10,11
519,CR-2024-000519,2024-04-12,120,,23769.52,Check,AR00000519,2024-04-14,11
520,CR-2024-000520,2024-04-09,121,,1338.54,Wire Transfer,AR00000520,2024-04-09,97
521,CR-2024-000521,2024-04-13,122,,228.3,Credit Card,AR00000521,2024-04-15,115
522,CR-2024-000522,2024-04-11,123,,6430.1,Check,AR00000522,2024-04-12,115
523,CR-2024-000523,2024-04-12,124,,21561.8,Wire Transfer,AR00000523,2024-04-13,97
524,CR-2024-000524,2024-04-12,125,,16386.19,Credit Card,AR00000524,2024-04-13,97
525,CR-2024-000525,2024-04-18,127,,4021.38,Check,AR00000525,2024-04-19,115
526,CR-2024-000526,2024-04-16,128,,25979.1,Wire Transfer,AR00000526,2024-04-17,115
527,CR-2024-000527,2024-04-19,129,,35226.9,ACH,AR00000527,2024-04-19,115
528,CR-2024-000528,2024-04-14,130,,7092.79,Credit Card,AR00000528,2024-04-15,11
529,CR-2024-000529,2024-04-19,131,,13296.89,Credit Card,AR00000529,2024-04-21,11
530,CR-2024-000530,2024-04-23,132,,313.0,Wire Transfer,AR00000530,2024-04-25,97
531,CR-2024-000531,2024-04-20,133,,14387.03,Wire Transfer,AR00000531,2024-04-21,115
532,CR-2024-000532,2024-04-22,135,,219.37,Wire Transfer,AR00000532,2024-04-24,11
533,CR-2024-000533,2024-04-10,136,,19707.24,Credit Card,AR00000533,2024-04-11,11
534,CR-2024-000534,2024-04-17,138,,32868.6,Check,AR00000534,2024-04-19,97
535,CR-2024-000535,2024-04-18,139,,19212.38,ACH,AR00000535,2024-04-18,97
536,CR-2024-000536,2024-04-11,140,,6646.7,ACH,AR00000536,2024-04-11,97
537,CR-2024-000537,2024-04-10,141,,57747.27,ACH,AR00000537,2024-04-12,11
538,CR-2024-000538,2024-04-12,142,,2811.83,Check,AR00000538,2024-04-12,115
539,CR-2024-000539,2024-04-19,143,,5875.78,Wire Transfer,AR00000539,2024-04-21,115
540,CR-2024-000540,2024-04-11,144,,18431.86,ACH,AR00000540,2024-04-11,115
541,CR-2024-000541,2024-04-22,145,,1413.6,ACH,AR00000541,2024-04-23,11
542,CR-2024-000542,2024-04-10,146,,4155.0,ACH,AR00000542,2024-04-10,97
543,CR-2024-000543,2024-04-12,147,291.0,1613.97,Check,AR00000543,2024-04-14,11
544,CR-2024-000544,2024-04-20,148,,3774.9,Check,AR00000544,2024-04-21,97
545,CR-2024-000545,2024-04-19,149,,5880.02,Wire Transfer,AR00000545,2024-04-19,97
546,CR-2024-000546,2024-04-16,150,,17829.92,ACH,AR00000546,2024-04-16,11
547,CR-2024-000547,2024-04-19,151,,3826.39,Wire Transfer,AR00000547,2024-04-19,115
548,CR-2024-000548,2024-04-16,152,,23442.12,Check,AR00000548,2024-04-17,115
549,CR-2024-000549,2024-04-14,154,,19305.32,Wire Transfer,AR00000549,2024-04-14,97
550,CR-2024-000550,2024-04-14,155,,2450.23,Credit Card,AR00000550,2024-04-16,11
551,CR-2024-000551,2024-04-10,156,,6847.6,Credit Card,AR00000551,2024-04-12,115
552,CR-2024-000552,2024-04-19,157,,8515.87,Check,AR00000552,2024-04-20,115
553,CR-2024-000553,2024-04-20,158,,1990.39,ACH,AR00000553,2024-04-20,11
554,CR-2024-000554,2024-04-20,159,,19342.11,ACH,AR00000554,2024-04-22,97
555,CR-2024-000555,2024-04-24,160,,208.83,Wire Transfer,AR00000555,2024-04-26,97
556,CR-2024-000556,2024-04-12,161,,45981.57,Wire Transfer,AR00000556,2024-04-14,11
557,CR-2024-000557,2024-04-13,162,,20342.52,ACH,AR00000557,2024-04-14,115
558,CR-2024-000558,2024-04-16,165,,4822.88,Wire Transfer,AR00000558,2024-04-17,115
559,CR-2024-000559,2024-04-13,166,,6447.42,Check,AR00000559,2024-04-15,97
560,CR-2024-000560,2024-04-18,167,,3683.53,Check,AR00000560,2024-04-18,11
561,CR-2024-000561,2024-04-07,170,,42.84,Wire Transfer,AR00000561,2024-04-07,115
562,CR-2024-000562,2024-04-18,171,,4135.14,Wire Transfer,AR00000562,2024-04-19,115
563,CR-2024-000563,2024-04-20,172,,7056.51,Wire Transfer,AR00000563,2024-04-22,115
564,CR-2024-000564,2024-04-18,173,,20573.37,Check,AR00000564,2024-04-19,115
565,CR-2024-000565,2024-04-20,174,,20592.64,Wire Transfer,AR00000565,2024-04-20,11
566,CR-2024-000566,2024-04-12,175,268.0,991.81,Check,AR00000566,2024-04-14,11
567,CR-2024-000567,2024-04-07,176,,394.06,ACH,AR00000567,2024-04-07,11
568,CR-2024-000568,2024-04-21,177,827.0,1568.53,ACH,AR00000568,2024-04-23,97
569,CR-2024-000569,2024-04-18,179,,24500.93,Credit Card,AR00000569,2024-04-20,115
570,CR-2024-000570,2024-04-16,180,,9978.43,Credit Card,AR00000570,2024-04-17,115
571,CR-2024-000571,2024-04-17,181,,37279.66,Wire Transfer,AR00000571,2024-04-17,115
572,CR-2024-000572,2024-04-11,182,,19734.6,Check,AR00000572,2024-04-13,11
573,CR-2024-000573,2024-04-18,183,,5768.49,Credit Card,AR00000573,2024-04-18,11
574,CR-2024-000574,2024-04-17,184,,13259.48,Credit Card,AR00000574,2024-04-19,97
575,CR-2024-000575,2024-04-19,185,,15164.15,Credit Card,AR00000575,2024-04-19,115
576,CR-2024-000576,2024-04-19,186,,8570.16,Wire Transfer,AR00000576,2024-04-20,97
577,CR-2024-000577,2024-04-10,187,,4015.42,Credit Card,AR00000577,2024-04-11,97
578,CR-2024-000578,2024-04-14,188,,12050.15,Wire Transfer,AR00000578,2024-04-15,115
579,CR-2024-000579,2024-04-23,189,,1596.38,ACH,AR00000579,2024-04-24,115
580,CR-2024-000580,2024-04-12,191,,1310.72,Check,AR00000580,2024-04-13,97
581,CR-2024-000581,2024-04-12,192,,12354.85,Credit Card,AR00000581,2024-04-13,11
582,CR-2024-000582,2024-04-13,193,,10063.51,ACH,AR00000582,2024-04-14,97
583,CR-2024-000583,2024-04-11,194,,48123.58,Wire Transfer,AR00000583,2024-04-11,11
584,CR-2024-000584,2024-04-11,196,,6345.21,Wire Transfer,AR00000584,2024-04-13,11
585,CR-2024-000585,2024-04-12,197,,7440.06,ACH,AR00000585,2024-04-14,11
586,CR-2024-000586,2024-04-11,198,,34611.68,Credit Card,AR00000586,2024-04-13,97
587,CR-2024-000587,2024-04-12,199,,11926.01,Credit Card,AR00000587,2024-04-13,97
588,CR-2024-000588,2024-04-19,200,,30150.56,Credit Card,AR00000588,2024-04-20,97
589,CR-2024-000589,2024-04-26,200,,31731.02,Check,AR00000589,2024-04-27,11
590,CR-2024-000590,2024-04-11,201,,971.04,Check,AR00000590,2024-04-11,115
591,CR-2024-000591,2024-04-20,202,,25664.95,Wire Transfer,AR00000591,2024-04-22,97
592,CR-2024-000592,2024-04-17,204,,36548.61,Check,AR00000592,2024-04-18,97
593,CR-2024-000593,2024-04-10,205,,28510.82,Check,AR00000593,2024-04-11,11
594,CR-2024-000594,2024-04-13,206,,9156.07,ACH,AR00000594,2024-04-14,97
595,CR-2024-000595,2024-04-13,207,,1735.94,Credit Card,AR00000595,2024-04-14,97
596,CR-2024-000596,2024-04-13,208,,51680.24,Check,AR00000596,2024-04-13,97
597,CR-2024-000597,2024-04-13,209,,6795.2,Wire Transfer,AR00000597,2024-04-13,115
598,CR-2024-000598,2024-04-20,211,,35992.56,ACH,AR00000598,2024-04-22,115
599,CR-2024-000599,2024-05-28,113,,3153.34,Credit Card,DEP00000599,2024-05-28,11
600,CR-2024-000600,2024-05-19,109,,3505.37,Check,DEP00000600,2024-05-19,11
601,CR-2024-000601,2024-05-12,208,881.0,1249.59,ACH,DEP00000601,2024-05-12,115
602,CR-2024-000602,2024-05-29,80,,1082.6,ACH,DEP00000602,2024-05-29,115
603,CR-2024-000603,2024-05-12,71,1975.0,3647.71,Wire Transfer,DEP00000603,2024-05-12,97
604,CR-2024-000604,2024-05-12,1,,50137.83,Credit Card,AR00000604,2024-05-13,11
605,CR-2024-000605,2024-05-11,2,,369.61,Credit Card,AR00000605,2024-05-11,115
606,CR-2024-000606,2024-05-16,3,,4704.58,Credit Card,AR00000606,2024-05-17,11
607,CR-2024-000607,2024-05-19,4,,10813.8,Wire Transfer,AR00000607,2024-05-20,11
608,CR-2024-000608,2024-05-05,5,,87.34,Credit Card,AR00000608,2024-05-05,11
609,CR-2024-000609,2024-05-19,6,,13323.44,Check,AR00000609,2024-05-20,97
610,CR-2024-000610,2024-05-12,7,,2558.8,Credit Card,AR00000610,2024-05-14,11
611,CR-2024-000611,2024-05-13,8,,2942.35,Check,AR00000611,2024-05-15,11
612,CR-2024-000612,2024-05-11,9,,12992.23,ACH,AR00000612,2024-05-13,115
613,CR-2024-000613,2024-05-13,10,,6806.77,Credit Card,AR00000613,2024-05-14,11
614,CR-2024-000614,2024-05-13,11,,3012.0,Credit Card,AR00000614,2024-05-13,11
615,CR-2024-000615,2024-05-06,12,,373.82,ACH,AR00000615,2024-05-07,97
616,CR-2024-000616,2024-05-11,13,,10642.27,ACH,AR00000616,2024-05-12,97
617,CR-2024-000617,2024-05-13,14,,858.55,Credit Card,AR00000617,2024-05-14,97
618,CR-2024-000618,2024-05-10,15,,2411.51,Credit Card,AR00000618,2024-05-10,11
619,CR-2024-000619,2024-05-17,17,,7718.96,Check,AR00000619,2024-05-19,11
620,CR-2024-000620,2024-05-13,18,,8768.4,Check,AR00000620,2024-05-15,115
621,CR-2024-000621,2024-05-10,19,,30872.8,Wire Transfer,AR00000621,2024-05-12,97
622,CR-2024-000622,2024-05-13,20,,19605.57,Wire Transfer,AR00000622,2024-05-14,11
623,CR-2024-000623,2024-05-11,21,,8281.62,Wire Transfer,AR00000623,2024-05-13,97
624,CR-2024-000624,2024-05-14,22,,14430.72,Credit Card,AR00000624,2024-05-14,11
625,CR-2024-000625,2024-05-13,23,,6890.59,Wire Transfer,AR00000625,2024-05-13,11
626,CR-2024-000626,2024-05-11,24,,8151.61,Wire Transfer,AR00000626,2024-05-11,97
627,CR-2024-000627,2024-05-13,25,,607.58,ACH,AR00000627,2024-05-15,97
628,CR-2024-000628,2024-05-09,26,,11525.5,Wire Transfer,AR00000628,2024-05-10,115
629,CR-2024-000629,2024-05-13,27,,3165.45,Credit Card,AR00000629,2024-05-14,115
630,CR-2024-000630,2024-05-14,29,,12319.83,Wire Transfer,AR00000630,2024-05-14,115
631,CR-2024-000631,2024-05-13,30,,8247.59,Credit Card,AR00000631,2024-05-15,11
632,CR-2024-000632,2024-05-10,31,,5034.04,Credit Card,AR00000632,2024-05-10,11
633,CR-2024-000633,2024-05-14,32,,8788.26,Wire Transfer,AR00000633,2024-05-14,11
634,CR-2024-000634,2024-05-11,33,,1320.91,Credit Card,AR00000634,2024-05-12,115
635,CR-2024-000635,2024-05-13,34,,35763.82,Wire Transfer,AR00000635,2024-05-13,97
636,CR-2024-000636,2024-05-12,35,,1309.68,ACH,AR00000636,2024-05-12,11
637,CR-2024-000637,2024-05-11,36,,5084.68,Check,AR00000637,2024-05-12,97
638,CR-2024-000638,2024-05-10,37,,16815.11,Wire Transfer,AR00000638,2024-05-10,115
639,CR-2024-000639,2024-05-10,38,,3072.28,Credit Card,AR00000639,2024-05-12,115
640,CR-2024-000640,2024-05-13,39,,3438.85,Credit Card,AR00000640,2024-05-13,11
641,CR-2024-000641,2024-05-19,42,,5235.9,Credit Card,AR00000641,2024-05-19,11
642,CR-2024-000642,2024-05-10,43,,12038.7,ACH,AR00000642,2024-05-10,97
643,CR-2024-000643,2024-05-11,44,,37039.81,Wire Transfer,AR00000643,2024-05-13,11
644,CR-2024-000644,2024-05-18,45,,17462.96,Check,AR00000644,2024-05-20,11
645,CR-2024-000645,2024-05-11,46,,7925.11,Credit Card,AR00000645,2024-05-11,115
646,CR-2024-000646,2024-05-22,47,,676.96,Check,AR00000646,2024-05-22,115
647,CR-2024-000647,2024-05-10,48,,6397.85,Check,AR00000647,2024-05-10,97
648,CR-2024-000648,2024-05-14,49,,2464.31,Credit Card,AR00000648,2024-05-16,115
649,CR-2024-000649,2024-05-16,50,,6389.16,ACH,AR00000649,2024-05-17,11
650,CR-2024-000650,2024-05-11,51,,29984.4,ACH,AR00000650,2024-05-12,11
651,CR-2024-000651,2024-05-19,52,,3044.71,Check,AR00000651,2024-05-20,97
652,CR-2024-000652,2024-05-12,53,,1192.19,ACH,AR00000652,2024-05-12,115
653,CR-2024-000653,2024-05-23,54,,640.27,Credit Card,AR00000653,2024-05-23,115
654,CR-2024-000654,2024-05-11,55,,1846.9,ACH,AR00000654,2024-05-13,97
655,CR-2024-000655,2024-05-12,56,,1593.31,Wire Transfer,AR00000655,2024-05-14,115
656,CR-2024-000656,2024-05-14,57,,3152.19,Credit Card,AR00000656,2024-05-14,97
657,CR-2024-000657,2024-05-20,58,1438.0,924.52,Credit Card,AR00000657,2024-05-20,115
658,CR-2024-000658,2024-05-07,59,25.0,219.91,Credit Card,AR00000658,2024-05-09,97
659,CR-2024-000659,2024-05-10,60,,2611.93,Credit Card,AR00000659,2024-05-11,97
660,CR-2024-000660,2024-05-16,61,,6871.94,Credit Card,AR00000660,2024-05-18,97
661,CR-2024-000661,2024-05-12,62,,17691.26,Credit Card,AR00000661,2024-05-12,115
662,CR-2024-000662,2024-05-07,63,752.0,598.58,Wire Transfer,AR00000662,2024-05-09,115
663,CR-2024-000663,2024-05-10,65,,16573.2,ACH,AR00000663,2024-05-10,97
664,CR-2024-000664,2024-05-13,67,,10972.93,Wire Transfer,AR00000664,2024-05-15,97
665,CR-2024-000665,2024-05-17,68,,19945.8,ACH,AR00000665,2024-05-17,97
666,CR-2024-000666,2024-05-12,69,,2596.72,Credit Card,AR00000666,2024-05-12,115
667,CR-2024-000667,2024-05-10,70,,19727.49,Credit Card,AR00000667,2024-05-10,11
668,CR-2024-000668,2024-05-23,71,,5251.87,Check,AR00000668,2024-05-25,97
669,CR-2024-000669,2024-05-10,72,,31239.58,ACH,AR00000669,2024-05-10,97
670,CR-2024-000670,2024-05-13,73,,6773.13,Credit Card,AR00000670,2024-05-14,115
671,CR-2024-000671,2024-05-16,74,,5729.92,Check,AR00000671,2024-05-17,97
672,CR-2024-000672,2024-05-14,75,,3838.03,Wire Transfer,AR00000672,2024-05-15,115
673,CR-2024-000673,2024-05-06,76,,17.26,Check,AR00000673,2024-05-08,11
674,CR-2024-000674,2024-05-24,77,,1280.88,ACH,AR00000674,2024-05-26,115
675,CR-2024-000675,2024-05-11,78,,7686.84,Wire Transfer,AR00000675,2024-05-11,97
676,CR-2024-000676,2024-05-14,79,,7551.88,Check,AR00000676,2024-05-14,97
677,CR-2024-000677,2024-05-20,80,,5580.17,Check,AR00000677,2024-05-21,11
678,CR-2024-000678,2024-05-11,81,,18056.54,Wire Transfer,AR00000678,2024-05-11,11
679,CR-2024-000679,2024-05-11,82,,2918.11,ACH,AR00000679,2024-05-12,115
680,CR-2024-000680,2024-05-11,83,,12800.4,ACH,AR00000680,2024-05-13,11
681,CR-2024-000681,2024-05-10,84,,8102.6,Wire Transfer,AR00000681,2024-05-10,11
682,CR-2024-000682,2024-05-07,85,,592.72,ACH,AR00000682,2024-05-09,115
683,CR-2024-000683,2024-05-11,86,,10641.06,Credit Card,AR00000683,2024-05-12,115
684,CR-2024-000684,2024-05-18,87,,18984.54,Wire Transfer,AR00000684,2024-05-18,11
685,CR-2024-000685,2024-05-26,87,,54706.54,Credit Card,AR00000685,2024-05-28,11
686,CR-2024-000686,2024-05-11,88,,9167.38,Wire Transfer,AR00000686,2024-05-13,115
687,CR-2024-000687,2024-05-11,89,,1231.51,Credit Card,AR00000687,2024-05-12,97
688,CR-2024-000688,2024-05-20,90,,4122.8,Check,AR00000688,2024-05-21,115
689,CR-2024-000689,2024-05-11,92,,8268.91,Credit Card,AR00000689,2024-05-13,97
690,CR-2024-000690,2024-05-19,93,,690.91,Credit Card,AR00000690,2024-05-20,11
691,CR-2024-000691,2024-05-12,95,,20131.07,Check,AR00000691,2024-05-14,97
692,CR-2024-000692,2024-05-14,96,,9565.56,ACH,AR00000692,2024-05-14,115
693,CR-2024-000693,2024-05-17,97,,8791.3,Check,AR00000693,2024-05-18,97
694,CR-2024-000694,2024-05-13,98,,7319.04,ACH,AR00000694,2024-05-15,115
695,CR-2024-000695,2024-05-20,99,,22233.2,ACH,AR00000695,2024-05-20,97
696,CR-2024-000696,2024-05-11,100,,3120.6,ACH,AR00000696,2024-05-12,11
697,CR-2024-000697,2024-05-16,101,,13959.42,Check,AR00000697,2024-05-18,11
698,CR-2024-000698,2024-05-19,102,,11456.88,ACH,AR00000698,2024-05-20,97
699,CR-2024-000699,2024-05-20,103,,3690.57,Credit Card,AR00000699,2024-05-22,11
700,CR-2024-000700,2024-05-12,104,,36269.75,Credit Card,AR00000700,2024-05-12,11
701,CR-2024-000701,2024-05-20,105,,14659.1,Wire Transfer,AR00000701,2024-05-20,97
702,CR-2024-000702,2024-05-10,106,,33230.47,Check,AR00000702,2024-05-12,97
703,CR-2024-000703,2024-05-19,107,,1411.28,ACH,AR00000703,2024-05-21,115
704,CR-2024-000704,2024-05-11,108,1264.0,2368.74,Check,AR00000704,2024-05-13,97
705,CR-2024-000705,2024-05-22,109,,4657.53,ACH,AR00000705,2024-05-22,97
706,CR-2024-000706,2024-05-12,110,,15959.43,Wire Transfer,AR00000706,2024-05-12,97
707,CR-2024-000707,2024-05-20,111,,3353.77,Credit Card,AR00000707,2024-05-22,115
708,CR-2024-000708,2024-05-11,112,,2837.45,Check,AR00000708,2024-05-11,11
709,CR-2024-000709,2024-05-16,113,,46452.98,ACH,AR00000709,2024-05-18,115
710,CR-2024-000710,2024-05-11,114,,4693.82,Check,AR00000710,2024-05-12,11
711,CR-2024-000711,2024-05-19,115,,46834.45,ACH,AR00000711,2024-05-19,97
712,CR-2024-000712,2024-05-13,116,,8606.9,ACH,AR00000712,2024-05-15,97
713,CR-2024-000713,2024-05-11,117,559.0,1340.13,Credit Card,AR00000713,2024-05-13,97
714,CR-2024-000714,2024-05-11,118,,19448.73,Wire Transfer,AR00000714,2024-05-13,115
715,CR-2024-000715,2024-05-12,119,,14504.39,Wire Transfer,AR00000715,2024-05-14,11
716,CR-2024-000716,2024-05-12,120,,15755.2,Credit Card,AR00000716,2024-05-14,115
717,CR-2024-000717,2024-05-18,121,,10449.64,Check,AR00000717,2024-05-19,11
718,CR-2024-000718,2024-05-09,122,,18.27,Wire Transfer,AR00000718,2024-05-11,97
719,CR-2024-000719,2024-05-13,123,,14148.67,Check,AR00000719,2024-05-14,11
720,CR-2024-000720,2024-05-10,124,,19262.65,Wire Transfer,AR00000720,2024-05-10,115
721,CR-2024-000721,2024-05-10,125,,23394.62,Check,AR00000721,2024-05-12,11
722,CR-2024-000722,2024-05-10,127,,5582.6,Credit Card,AR00000722,2024-05-10,115
723,CR-2024-000723,2024-05-11,128,,23739.05,Wire Transfer,AR00000723,2024-05-13,97
724,CR-2024-000724,2024-05-12,129,,34967.27,Credit Card,AR00000724,2024-05-12,115
725,CR-2024-000725,2024-05-10,130,,1990.41,ACH,AR00000725,2024-05-12,11
726,CR-2024-000726,2024-05-14,131,,20468.95,Check,AR00000726,2024-05-16,11
727,CR-2024-000727,2024-05-24,132,,2456.97,Check,AR00000727,2024-05-25,11
728,CR-2024-000728,2024-05-19,133,,22032.26,Credit Card,AR00000728,2024-05-21,115
729,CR-2024-000729,2024-05-21,135,,1766.63,Credit Card,AR00000729,2024-05-21,11
730,CR-2024-000730,2024-05-10,136,,10766.13,Check,AR00000730,2024-05-12,11
731,CR-2024-000731,2024-05-23,137,2012.0,7123.72,Wire Transfer,AR00000731,2024-05-24,11
732,CR-2024-000732,2024-05-12,138,,46089.24,Check,AR00000732,2024-05-13,97
733,CR-2024-000733,2024-05-10,139,,25753.4,Wire Transfer,AR00000733,2024-05-12,11
734,CR-2024-000734,2024-05-20,140,,27986.08,ACH,AR00000734,2024-05-21,97
735,CR-2024-000735,2024-05-14,141,,56633.69,Check,AR00000735,2024-05-15,97
736,CR-2024-000736,2024-05-19,142,,8478.88,Wire Transfer,AR00000736,2024-05-20,115
737,CR-2024-000737,2024-05-14,143,,11819.61,Check,AR00000737,2024-05-15,115
738,CR-2024-000738,2024-05-10,144,,40493.48,ACH,AR00000738,2024-05-12,115
739,CR-2024-000739,2024-05-17,145,,11648.33,Credit Card,AR00000739,2024-05-17,11
740,CR-2024-000740,2024-05-20,146,,10925.83,Credit Card,AR00000740,2024-05-22,97
741,CR-2024-000741,2024-05-08,147,,4897.23,Check,AR00000741,2024-05-08,97
742,CR-2024-000742,2024-05-10,148,759.0,1400.22,ACH,AR00000742,2024-05-12,11
743,CR-2024-000743,2024-05-10,149,,2386.84,ACH,AR00000743,2024-05-12,97
744,CR-2024-000744,2024-05-14,150,,7354.83,ACH,AR00000744,2024-05-16,115
745,CR-2024-000745,2024-05-13,151,,9563.77,Credit Card,AR00000745,2024-05-13,115
746,CR-2024-000746,2024-05-12,152,,11236.23,Check,AR00000746,2024-05-14,97
747,CR-2024-000747,2024-05-20,153,,449.59,ACH,AR00000747,2024-05-22,97
748,CR-2024-000748,2024-05-11,154,,12171.1,ACH,AR00000748,2024-05-13,11
749,CR-2024-000749,2024-05-16,155,,6869.93,Check,AR00000749,2024-05-18,115
750,CR-2024-000750,2024-05-20,156,,17689.0,Check,AR00000750,2024-05-22,97
751,CR-2024-000751,2024-05-11,157,,4254.26,Credit Card,AR00000751,2024-05-11,11
752,CR-2024-000752,2024-05-10,158,,1038.05,Wire Transfer,AR00000752,2024-05-12,97
753,CR-2024-000753,2024-05-10,159,,13422.63,Wire Transfer,AR00000753,2024-05-11,11
754,CR-2024-000754,2024-05-19,160,1946.0,1957.05,Check,AR00000754,2024-05-20,115
755,CR-2024-000755,2024-05-12,161,,40710.87,ACH,AR00000755,2024-05-12,11
756,CR-2024-000756,2024-05-10,162,,14508.62,Check,AR00000756,2024-05-11,97
757,CR-2024-000757,2024-05-14,165,,1856.02,Check,AR00000757,2024-05-16,11
758,CR-2024-000758,2024-05-16,166,,36757.33,Credit Card,AR00000758,2024-05-16,115
759,CR-2024-000759,2024-05-13,167,,1276.29,Check,AR00000759,2024-05-15,97
760,CR-2024-000760,2024-05-19,168,,290.34,ACH,AR00000760,2024-05-20,97
761,CR-2024-000761,2024-05-06,170,,1.62,ACH,AR00000761,2024-05-08,11
762,CR-2024-000762,2024-05-13,171,,2236.61,ACH,AR00000762,2024-05-15,11
763,CR-2024-000763,2024-05-12,172,,8534.87,ACH,AR00000763,2024-05-13,97
764,CR-2024-000764,2024-05-14,173,,12103.72,Check,AR00000764,2024-05-14,115
765,CR-2024-000765,2024-05-13,174,,21611.21,ACH,AR00000765,2024-05-14,11
766,CR-2024-000766,2024-05-10,175,,649.81,Wire Transfer,AR00000766,2024-05-10,11
767,CR-2024-000767,2024-05-20,176,,2463.52,Credit Card,AR00000767,2024-05-21,115
768,CR-2024-000768,2024-05-20,177,,3508.32,ACH,AR00000768,2024-05-20,11
769,CR-2024-000769,2024-05-23,178,,2196.86,Wire Transfer,AR00000769,2024-05-23,115
770,CR-2024-000770,2024-05-14,179,,29076.16,Wire Transfer,AR00000770,2024-05-15,97
771,CR-2024-000771,2024-05-14,180,,12788.61,Check,AR00000771,2024-05-16,11
772,CR-2024-000772,2024-05-14,181,,22967.32,Credit Card,AR00000772,2024-05-15,115
773,CR-2024-000773,2024-05-10,182,,20222.92,Credit Card,AR00000773,2024-05-11,97
774,CR-2024-000774,2024-05-10,183,,6526.05,Check,AR00000774,2024-05-10,11
775,CR-2024-000775,2024-05-12,184,,6218.0,Credit Card,AR00000775,2024-05-12,97
776,CR-2024-000776,2024-05-14,185,,21243.91,Check,AR00000776,2024-05-14,11
777,CR-2024-000777,2024-05-12,186,,12331.89,Credit Card,AR00000777,2024-05-12,11
778,CR-2024-000778,2024-05-18,187,,15124.95,Check,AR00000778,2024-05-19,11
779,CR-2024-000779,2024-05-10,188,,25127.17,ACH,AR00000779,2024-05-12,11
780,CR-2024-000780,2024-05-16,189,,8866.37,ACH,AR00000780,2024-05-17,97
781,CR-2024-000781,2024-05-16,191,,2428.0,ACH,AR00000781,2024-05-17,115
782,CR-2024-000782,2024-05-10,192,,11067.51,Wire Transfer,AR00000782,2024-05-11,97
783,CR-2024-000783,2024-05-08,193,,8217.96,ACH,AR00000783,2024-05-10,97
784,CR-2024-000784,2024-05-12,194,,39456.97,Wire Transfer,AR00000784,2024-05-13,115
785,CR-2024-000785,2024-05-17,196,,32875.97,Credit Card,AR00000785,2024-05-17,115
786,CR-2024-000786,2024-05-10,197,,6408.01,Wire Transfer,AR00000786,2024-05-12,97
787,CR-2024-000787,2024-05-13,198,,44051.11,Credit Card,AR00000787,2024-05-13,97
788,CR-2024-000788,2024-05-13,199,,18044.31,Credit Card,AR00000788,2024-05-14,115
789,CR-2024-000789,2024-05-13,200,,53696.17,Credit Card,AR00000789,2024-05-13,97
790,CR-2024-000790,2024-05-13,201,,141.57,Wire Transfer,AR00000790,2024-05-13,115
791,CR-2024-000791,2024-05-13,202,,22016.54,Wire Transfer,AR00000791,2024-05-14,115
792,CR-2024-000792,2024-05-10,204,,24234.7,ACH,AR00000792,2024-05-11,115
793,CR-2024-000793,2024-05-18,205,,43837.23,ACH,AR00000793,2024-05-20,97
794,CR-2024-000794,2024-05-18,206,,33762.43,Wire Transfer,AR00000794,2024-05-20,97
795,CR-2024-000795,2024-05-10,207,,1690.43,Wire Transfer,AR00000795,2024-05-11,11
796,CR-2024-000796,2024-05-12,208,,59036.95,Check,AR00000796,2024-05-14,97
797,CR-2024-000797,2024-05-09,209,,9376.15,Credit Card,AR00000797,2024-05-11,11
798,CR-2024-000798,2024-05-20,210,1981.0,252.29,ACH,AR00000798,2024-05-22,97
799,CR-2024-000799,2024-05-11,211,,36184.82,Credit Card,AR00000799,2024-05-13,97
800,CR-2024-000800,2024-06-06,42,,3116.35,Credit Card,DEP00000800,2024-06-06,11
801,CR-2024-000801,2024-06-12,1,,30759.27,Check,AR00000801,2024-06-12,115
802,CR-2024-000802,2024-06-16,2,1500.0,235.33,ACH,AR00000802,2024-06-16,97
803,CR-2024-000803,2024-06-14,3,,1469.19,ACH,AR00000803,2024-06-14,97
804,CR-2024-000804,2024-06-14,4,,19126.53,Credit Card,AR00000804,2024-06-15,97
805,CR-2024-000805,2024-06-05,5,,0.44,Check,AR00000805,2024-06-06,97
806,CR-2024-000806,2024-06-10,6,,10761.14,Wire Transfer,AR00000806,2024-06-10,115
807,CR-2024-000807,2024-06-09,7,,3455.38,ACH,AR00000807,2024-06-09,11
808,CR-2024-000808,2024-06-06,8,,959.7,ACH,AR00000808,2024-06-07,11
809,CR-2024-000809,2024-06-10,9,,6208.89,ACH,AR00000809,2024-06-11,115
810,CR-2024-000810,2024-06-14,10,,8600.97,Credit Card,AR00000810,2024-06-14,11
811,CR-2024-000811,2024-06-12,11,,3421.68,Check,AR00000811,2024-06-13,11
812,CR-2024-000812,2024-06-03,12,,5.8,Wire Transfer,AR00000812,2024-06-03,11
813,CR-2024-000813,2024-06-11,13,,11034.63,ACH,AR00000813,2024-06-13,11
814,CR-2024-000814,2024-06-08,14,,44.71,Check,AR00000814,2024-06-10,11
815,CR-2024-000815,2024-06-06,15,,700.05,Wire Transfer,AR00000815,2024-06-07,11
816,CR-2024-000816,2024-06-13,17,,2894.06,Check,AR00000816,2024-06-14,11
817,CR-2024-000817,2024-06-13,18,,5600.07,ACH,AR00000817,2024-06-15,97
818,CR-2024-000818,2024-06-13,19,,46641.01,ACH,AR00000818,2024-06-13,97
819,CR-2024-000819,2024-06-18,20,,34073.26,Credit Card,AR00000819,2024-06-20,115
820,CR-2024-000820,2024-06-12,21,,7392.43,Credit Card,AR00000820,2024-06-14,11
821,CR-2024-000821,2024-06-13,22,,11035.29,Credit Card,AR00000821,2024-06-14,115
822,CR-2024-000822,2024-06-10,23,,3135.15,Credit Card,AR00000822,2024-06-10,11
823,CR-2024-000823,2024-06-13,24,,4665.57,Credit Card,AR00000823,2024-06-15,115
824,CR-2024-000824,2024-06-10,25,,1092.48,Wire Transfer,AR00000824,2024-06-12,115
825,CR-2024-000825,2024-06-16,26,,23433.23,Wire Transfer,AR00000825,2024-06-16,115
826,CR-2024-000826,2024-06-08,27,641.0,504.23,Credit Card,AR00000826,2024-06-08,115
827,CR-2024-000827,2024-06-10,29,1267.0,4502.92,ACH,AR00000827,2024-06-10,11
828,CR-2024-000828,2024-06-14,30,,2783.37,Credit Card,AR00000828,2024-06-15,115
829,CR-2024-000829,2024-06-14,31,,5552.78,Check,AR00000829,2024-06-14,115
830,CR-2024-000830,2024-06-06,32,,4663.47,Credit Card,AR00000830,2024-06-08,11
831,CR-2024-000831,2024-06-10,33,,1005.66,Credit Card,AR00000831,2024-06-10,97
832,CR-2024-000832,2024-06-14,34,,42514.45,ACH,AR00000832,2024-06-14,97
833,CR-2024-000833,2024-06-09,35,,158.36,Check,AR00000833,2024-06-11,115
834,CR-2024-000834,2024-06-13,36,1143.0,1842.14,Check,AR00000834,2024-06-15,97
835,CR-2024-000835,2024-06-12,37,,6784.91,Check,AR00000835,2024-06-14,115
836,CR-2024-000836,2024-06-16,38,,12562.03,ACH,AR00000836,2024-06-16,97
837,CR-2024-000837,2024-06-20,39,,7497.78,Wire Transfer,AR00000837,2024-06-21,115
838,CR-2024-000838,2024-06-17,42,,5154.66,Check,AR00000838,2024-06-18,115
839,CR-2024-000839,2024-06-18,43,,16911.6,Check,AR00000839,2024-06-18,97
840,CR-2024-000840,2024-06-10,44,,26970.01,ACH,AR00000840,2024-06-10,97
841,CR-2024-000841,2024-06-14,45,,6592.77,Credit Card,AR00000841,2024-06-15,115
842,CR-2024-000842,2024-06-09,46,,1161.49,Credit Card,AR00000842,2024-06-11,97
843,CR-2024-000843,2024-06-18,47,1249.0,5320.03,ACH,AR00000843,2024-06-19,11
844,CR-2024-000844,2024-06-11,48,,6246.13,Check,AR00000844,2024-06-13,97
845,CR-2024-000845,2024-06-19,49,,6517.66,ACH,AR00000845,2024-06-21,11
846,CR-2024-000846,2024-06-13,50,,2322.05,ACH,AR00000846,2024-06-15,11
847,CR-2024-000847,2024-06-18,51,,56722.04,Wire Transfer,AR00000847,2024-06-20,11
848,CR-2024-000848,2024-06-13,52,,6895.57,Wire Transfer,AR00000848,2024-06-13,97
849,CR-2024-000849,2024-06-16,53,,994.13,Wire Transfer,AR00000849,2024-06-16,11
850,CR-2024-000850,2024-06-18,54,,5106.33,Credit Card,AR00000850,2024-06-19,11
851,CR-2024-000851,2024-06-10,55,,6052.12,Check,AR00000851,2024-06-11,11
852,CR-2024-000852,2024-06-13,56,,759.67,Wire Transfer,AR00000852,2024-06-13,115
853,CR-2024-000853,2024-06-06,57,,1251.58,Check,AR00000853,2024-06-08,97
854,CR-2024-000854,2024-06-11,58,,1045.36,ACH,AR00000854,2024-06-12,11
855,CR-2024-000855,2024-06-03,59,,207.41,ACH,AR00000855,2024-06-03,115
856,CR-2024-000856,2024-06-10,60,,5115.01,Credit Card,AR00000856,2024-06-11,11
857,CR-2024-000857,2024-06-14,61,,8560.43,ACH,AR00000857,2024-06-15,115
858,CR-2024-000858,2024-06-13,62,,12805.33,ACH,AR00000858,2024-06-15,11
859,CR-2024-000859,2024-06-04,63,752.0,2.98,ACH,AR00000859,2024-06-06,115
860,CR-2024-000860,2024-06-12,65,,10606.64,Check,AR00000860,2024-06-12,97
861,CR-2024-000861,2024-06-21,66,2856.0,529.47,Wire Transfer,AR00000861,2024-06-21,115
862,CR-2024-000862,2024-06-13,67,,5313.68,Check,AR00000862,2024-06-15,11
863,CR-2024-000863,2024-06-12,68,,15652.76,Wire Transfer,AR00000863,2024-06-13,115
864,CR-2024-000864,2024-06-06,69,,494.95,Check,AR00000864,2024-06-07,97
865,CR-2024-000865,2024-06-14,70,,26485.07,Wire Transfer,AR00000865,2024-06-14,115
866,CR-2024-000866,2024-06-20,71,,19257.95,ACH,AR00000866,2024-06-21,97
867,CR-2024-000867,2024-06-14,72,,17343.82,ACH,AR00000867,2024-06-15,97
868,CR-2024-000868,2024-06-16,73,1530.0,13610.66,Check,AR00000868,2024-06-18,11
869,CR-2024-000869,2024-06-14,74,1650.0,1625.61,Wire Transfer,AR00000869,2024-06-15,11
870,CR-2024-000870,2024-06-08,75,,1189.62,Check,AR00000870,2024-06-10,115
871,CR-2024-000871,2024-06-07,76,611.0,0.82,ACH,AR00000871,2024-06-09,115
872,CR-2024-000872,2024-06-17,77,,5928.57,Wire Transfer,AR00000872,2024-06-19,11
873,CR-2024-000873,2024-06-18,78,,31762.02,ACH,AR00000873,2024-06-20,115
874,CR-2024-000874,2024-06-12,79,,2640.97,Check,AR00000874,2024-06-12,97
875,CR-2024-000875,2024-06-10,80,,11185.18,Credit Card,AR00000875,2024-06-10,115
876,CR-2024-000876,2024-06-06,81,,7540.24,ACH,AR00000876,2024-06-08,97
877,CR-2024-000877,2024-06-13,82,,1862.8,Credit Card,AR00000877,2024-06-14,97
878,CR-2024-000878,2024-06-14,83,,8567.51,Check,AR00000878,2024-06-14,97
879,CR-2024-000879,2024-06-16,84,,7691.6,ACH,AR00000879,2024-06-18,97
880,CR-2024-000880,2024-06-21,85,2453.0,1775.03,Check,AR00000880,2024-06-22,11
881,CR-2024-000881,2024-06-09,86,,6948.68,Check,AR00000881,2024-06-09,115
882,CR-2024-000882,2024-06-10,87,,51274.15,Wire Transfer,AR00000882,2024-06-11,11
883,CR-2024-000883,2024-06-16,88,,8357.77,Check,AR00000883,2024-06-18,115
884,CR-2024-000884,2024-06-08,89,,807.71,ACH,AR00000884,2024-06-09,115
885,CR-2024-000885,2024-06-14,90,,4879.8,Credit Card,AR00000885,2024-06-15,11
886,CR-2024-000886,2024-06-11,92,,12991.4,Credit Card,AR00000886,2024-06-12,97
887,CR-2024-000887,2024-06-18,93,2110.0,559.54,Wire Transfer,AR00000887,2024-06-20,115
888,CR-2024-000888,2024-06-13,95,,28277.03,Check,AR00000888,2024-06-15,97
889,CR-2024-000889,2024-06-08,96,,7400.26,Check,AR00000889,2024-06-08,11
890,CR-2024-000890,2024-06-20,97,1686.0,2805.36,ACH,AR00000890,2024-06-21,11
891,CR-2024-000891,2024-06-17,98,,10298.35,Credit Card,AR00000891,2024-06-18,11
892,CR-2024-000892,2024-06-11,99,,19813.92,Credit Card,AR00000892,2024-06-12,115
893,CR-2024-000893,2024-06-12,100,,1235.01,ACH,AR00000893,2024-06-12,97
894,CR-2024-000894,2024-06-12,101,,8020.15,ACH,AR00000894,2024-06-12,97
895,CR-2024-000895,2024-06-13,102,,6504.17,Credit Card,AR00000895,2024-06-14,11
896,CR-2024-000896,2024-06-14,103,,5536.1,Wire Transfer,AR00000896,2024-06-16,11
897,CR-2024-000897,2024-06-10,104,,29598.04,Credit Card,AR00000897,2024-06-12,115
898,CR-2024-000898,2024-06-19,105,,38334.52,Check,AR00000898,2024-06-19,97
899,CR-2024-000899,2024-06-12,106,,27324.43,Credit Card,AR00000899,2024-06-14,11
900,CR-2024-000900,2024-06-11,107,,778.21,Check,AR00000900,2024-06-13,97
901,CR-2024-000901,2024-06-10,108,,546.3,Check,AR00000901,2024-06-12,11
902,CR-2024-000902,2024-06-17,109,,27527.79,Wire Transfer,AR00000902,2024-06-19,115
903,CR-2024-000903,2024-06-13,110,,19343.35,Wire Transfer,AR00000903,2024-06-13,97
904,CR-2024-000904,2024-06-17,111,,3295.42,Credit Card,AR00000904,2024-06-19,97
905,CR-2024-000905,2024-06-18,112,,2272.04,Wire Transfer,AR00000905,2024-06-18,11
906,CR-2024-000906,2024-06-14,113,,47508.44,Wire Transfer,AR00000906,2024-06-14,11
907,CR-2024-000907,2024-06-17,114,,7599.98,ACH,AR00000907,2024-06-19,97
908,CR-2024-000908,2024-06-14,115,,37327.32,Credit Card,AR00000908,2024-06-14,115
909,CR-2024-000909,2024-06-17,116,,14624.83,Check,AR00000909,2024-06-18,115
910,CR-2024-000910,2024-06-08,117,,326.58,ACH,AR00000910,2024-06-08,11
911,CR-2024-000911,2024-06-14,118,,23757.61,Credit Card,AR00000911,2024-06-16,11
912,CR-2024-000912,2024-06-10,119,,18562.48,Wire Transfer,AR00000912,2024-06-10,97
913,CR-2024-000913,2024-06-10,120,,12176.58,ACH,AR00000913,2024-06-10,97
914,CR-2024-000914,2024-06-11,121,,3833.18,Credit Card,AR00000914,2024-06-13,97
915,CR-2024-000915,2024-06-03,122,,1.25,ACH,AR00000915,2024-06-05,11
916,CR-2024-000916,2024-06-14,123,,18376.81,Wire Transfer,AR00000916,2024-06-15,115
917,CR-2024-000917,2024-06-11,124,,12371.3,Check,AR00000917,2024-06-11,115
918,CR-2024-000918,2024-06-14,125,,32510.62,Wire Transfer,AR00000918,2024-06-14,115
919,CR-2024-000919,2024-06-22,126,,18.04,Check,AR00000919,2024-06-22,97
920,CR-2024-000920,2024-06-12,127,,7512.18,Wire Transfer,AR00000920,2024-06-14,11
921,CR-2024-000921,2024-06-18,128,,38951.34,Check,AR00000921,2024-06-19,115
922,CR-2024-000922,2024-06-11,129,,25489.54,ACH,AR00000922,2024-06-13,97
923,CR-2024-000923,2024-06-07,130,,4028.87,Wire Transfer,AR00000923,2024-06-07,97
924,CR-2024-000924,2024-06-13,131,,19012.62,Credit Card,AR00000924,2024-06-14,11
925,CR-2024-000925,2024-06-18,132,,8577.65,Check,AR00000925,2024-06-19,115
926,CR-2024-000926,2024-06-13,133,,38390.28,Credit Card,AR00000926,2024-06-15,97
927,CR-2024-000927,2024-06-20,135,,7322.41,Check,AR00000927,2024-06-21,11
928,CR-2024-000928,2024-06-17,136,,16038.54,Credit Card,AR00000928,2024-06-18,11
929,CR-2024-000929,2024-06-17,137,,15728.81,Check,AR00000929,2024-06-19,97
930,CR-2024-000930,2024-06-13,138,,27656.11,ACH,AR00000930,2024-06-13,115
931,CR-2024-000931,2024-06-12,139,,22791.32,Check,AR00000931,2024-06-12,115
932,CR-2024-000932,2024-06-14,140,,13566.18,Check,AR00000932,2024-06-14,97
933,CR-2024-000933,2024-06-10,141,,43268.14,Wire Transfer,AR00000933,2024-06-11,115
934,CR-2024-000934,2024-06-12,142,1251.0,2743.83,Credit Card,AR00000934,2024-06-13,115
935,CR-2024-000935,2024-06-11,143,,9553.43,Wire Transfer,AR00000935,2024-06-12,115
936,CR-2024-000936,2024-06-13,144,,55533.38,Wire Transfer,AR00000936,2024-06-13,115
937,CR-2024-000937,2024-06-12,145,,4745.41,ACH,AR00000937,2024-06-14,115
938,CR-2024-000938,2024-06-11,146,,15926.84,Wire Transfer,AR00000938,2024-06-11,11
939,CR-2024-000939,2024-06-18,147,,24519.3,Credit Card,AR00000939,2024-06-18,115
940,CR-2024-000940,2024-06-07,148,759.0,319.99,Credit Card,AR00000940,2024-06-07,115
941,CR-2024-000941,2024-06-20,149,,1852.72,Wire Transfer,AR00000941,2024-06-22,97
942,CR-2024-000942,2024-06-20,150,,3640.58,Credit Card,AR00000942,2024-06-22,115
943,CR-2024-000943,2024-06-16,151,,34214.38,Credit Card,AR00000943,2024-06-18,115
944,CR-2024-000944,2024-06-06,152,,24937.3,Credit Card,AR00000944,2024-06-07,97
945,CR-2024-000945,2024-06-18,153,,3606.16,ACH,AR00000945,2024-06-18,11
946,CR-2024-000946,2024-06-14,154,,7737.29,Check,AR00000946,2024-06-14,97
947,CR-2024-000947,2024-06-18,155,,6130.67,Wire Transfer,AR00000947,2024-06-19,97
948,CR-2024-000948,2024-06-17,156,,45527.58,Credit Card,AR00000948,2024-06-18,11
949,CR-2024-000949,2024-06-11,157,,3577.47,Check,AR00000949,2024-06-12,115
950,CR-2024-000950,2024-06-21,158,,860.93,Credit Card,AR00000950,2024-06-21,97
951,CR-2024-000951,2024-06-11,159,,6974.81,Credit Card,AR00000951,2024-06-13,97
952,CR-2024-000952,2024-06-14,160,,2102.44,Check,AR00000952,2024-06-15,97
953,CR-2024-000953,2024-06-11,161,,55101.67,Check,AR00000953,2024-06-12,11
954,CR-2024-000954,2024-06-13,162,,10025.07,Wire Transfer,AR00000954,2024-06-13,97
955,CR-2024-000955,2024-06-20,163,,418.33,Credit Card,AR00000955,2024-06-22,97
956,CR-2024-000956,2024-06-21,164,,415.79,Check,AR00000956,2024-06-23,11
957,CR-2024-000957,2024-06-07,165,,1036.12,Wire Transfer,AR00000957,2024-06-07,97
958,CR-2024-000958,2024-06-12,166,,47088.35,Credit Card,AR00000958,2024-06-12,11
959,CR-2024-000959,2024-06-10,167,,264.21,Credit Card,AR00000959,2024-06-12,97
960,CR-2024-000960,2024-06-10,168,1329.0,89.74,ACH,AR00000960,2024-06-10,97
961,CR-2024-000961,2024-06-21,169,,1761.47,Credit Card,AR00000961,2024-06-23,97
962,CR-2024-000962,2024-06-03,170,,226.61,Check,AR00000962,2024-06-04,97
963,CR-2024-000963,2024-06-13,171,,836.29,Wire Transfer,AR00000963,2024-06-15,11
964,CR-2024-000964,2024-06-13,172,,7989.72,Credit Card,AR00000964,2024-06-13,11
965,CR-2024-000965,2024-06-18,173,,35643.58,Check,AR00000965,2024-06-20,11
966,CR-2024-000966,2024-06-14,174,,24841.17,Wire Transfer,AR00000966,2024-06-16,11
967,CR-2024-000967,2024-06-20,175,,1984.7,Wire Transfer,AR00000967,2024-06-22,115
968,CR-2024-000968,2024-06-14,176,,1303.69,ACH,AR00000968,2024-06-16,115
969,CR-2024-000969,2024-06-14,177,,2533.85,Wire Transfer,AR00000969,2024-06-14,115
970,CR-2024-000970,2024-06-16,178,,4662.73,ACH,AR00000970,2024-06-17,115
971,CR-2024-000971,2024-06-14,179,,12271.93,Check,AR00000971,2024-06-16,97
972,CR-2024-000972,2024-06-12,180,,13850.17,Credit Card,AR00000972,2024-06-14,97
973,CR-2024-000973,2024-06-10,181,,16819.9,Check,AR00000973,2024-06-10,11
974,CR-2024-000974,2024-06-12,182,,12691.03,Credit Card,AR00000974,2024-06-12,97
975,CR-2024-000975,2024-06-12,183,,5304.49,Credit Card,AR00000975,2024-06-13,97
976,CR-2024-000976,2024-06-06,184,,3428.22,ACH,AR00000976,2024-06-06,11
977,CR-2024-000977,2024-06-10,185,,14949.15,Wire Transfer,AR00000977,2024-06-10,11
978,CR-2024-000978,2024-06-13,186,,12555.54,Credit Card,AR00000978,2024-06-14,115
979,CR-2024-000979,2024-06-19,187,,25536.99,Credit Card,AR00000979,2024-06-20,97
980,CR-2024-000980,2024-06-12,188,,24085.88,Check,AR00000980,2024-06-13,97
981,CR-2024-000981,2024-06-17,189,,15737.26,Wire Transfer,AR00000981,2024-06-18,11
982,CR-2024-000982,2024-06-21,190,,203.14,ACH,AR00000982,2024-06-21,115
983,CR-2024-000983,2024-06-11,191,,2571.59,Credit Card,AR00000983,2024-06-11,11
984,CR-2024-000984,2024-06-13,192,,8127.28,Wire Transfer,AR00000984,2024-06-13,115
985,CR-2024-000985,2024-06-13,193,,3383.72,Wire Transfer,AR00000985,2024-06-14,11
986,CR-2024-000986,2024-06-10,194,,20135.65,Check,AR00000986,2024-06-12,97
987,CR-2024-000987,2024-06-10,196,,27064.09,Wire Transfer,AR00000987,2024-06-10,11
988,CR-2024-000988,2024-06-12,197,1676.0,1880.02,Check,AR00000988,2024-06-12,11
989,CR-2024-000989,2024-06-11,198,,40364.84,ACH,AR00000989,2024-06-12,97
990,CR-2024-000990,2024-06-11,199,,19798.81,Check,AR00000990,2024-06-12,97
991,CR-2024-000991,2024-06-11,200,,36751.36,Check,AR00000991,2024-06-11,115
992,CR-2024-000992,2024-06-06,201,,147.32,Check,AR00000992,2024-06-07,115
993,CR-2024-000993,2024-06-16,202,,56458.05,Check,AR00000993,2024-06-17,115
994,CR-2024-000994,2024-06-20,203,,626.33,Credit Card,AR00000994,2024-06-21,97
995,CR-2024-000995,2024-06-13,204,,20557.39,Check,AR00000995,2024-06-13,97
996,CR-2024-000996,2024-06-10,205,,30871.16,Credit Card,AR00000996,2024-06-10,97
997,CR-2024-000997,2024-06-10,206,,31073.72,Check,AR00000997,2024-06-12,97
998,CR-2024-000998,2024-06-10,207,,383.8,ACH,AR00000998,2024-06-12,11
999,CR-2024-000999,2024-06-13,208,,30001.07,ACH,AR00000999,2024-06-13,11
1000,CR-2024-001000,2024-06-23,208,,32363.92,Wire Transfer,AR00001000,2024-06-25,11
1001,CR-2024-001001,2024-06-12,209,,16810.73,Wire Transfer,AR00001001,2024-06-13,115
1002,CR-2024-001002,2024-06-23,210,,3229.94,Credit Card,AR00001002,2024-06-24,11
1003,CR-2024-001003,2024-06-10,211,,30621.45,Check,AR00001003,2024-06-11,11
1004,CR-2024-001004,2024-07-19,51,,5550.71,Credit Card,DEP00001004,2024-07-19,97
1005,CR-2024-001005,2024-07-28,198,,3592.59,Check,DEP00001005,2024-07-28,11
1006,CR-2024-001006,2024-07-10,205,2321.0,1739.89,Wire Transfer,DEP00001006,2024-07-10,11
1007,CR-2024-001007,2024-07-22,210,,1234.14,Wire Transfer,DEP00001007,2024-07-22,97
1008,CR-2024-001008,2024-07-17,1,,52544.54,ACH,AR00001008,2024-07-18,11
1009,CR-2024-001009,2024-07-11,2,,94.17,ACH,AR00001009,2024-07-12,97
1010,CR-2024-001010,2024-07-11,3,2239.0,233.01,Credit Card,AR00001010,2024-07-13,11
1011,CR-2024-001011,2024-07-12,4,,11949.66,ACH,AR00001011,2024-07-12,115
1012,CR-2024-001012,2024-07-21,5,3366.0,2298.36,ACH,AR00001012,2024-07-21,115
1013,CR-2024-001013,2024-07-18,6,,27127.44,ACH,AR00001013,2024-07-20,11
1014,CR-2024-001014,2024-07-17,7,,14627.34,Check,AR00001014,2024-07-17,11
1015,CR-2024-001015,2024-07-17,8,,6807.81,Check,AR00001015,2024-07-17,115
1016,CR-2024-001016,2024-07-20,9,,25756.6,ACH,AR00001016,2024-07-21,97
1017,CR-2024-001017,2024-07-12,10,,3530.85,Wire Transfer,AR00001017,2024-07-12,97
1018,CR-2024-001018,2024-07-13,11,,845.27,Check,AR00001018,2024-07-13,97
1019,CR-2024-001019,2024-07-07,12,,0.55,Credit Card,AR00001019,2024-07-08,11
1020,CR-2024-001020,2024-07-10,13,,4026.45,Check,AR00001020,2024-07-11,115
1021,CR-2024-001021,2024-07-06,14,1077.0,1.3,Credit Card,AR00001021,2024-07-06,97
1022,CR-2024-001022,2024-07-06,15,,672.59,ACH,AR00001022,2024-07-08,11
1023,CR-2024-001023,2024-07-22,16,3317.0,1488.28,Wire Transfer,AR00001023,2024-07-22,97
1024,CR-2024-001024,2024-07-09,17,,908.31,Credit Card,AR00001024,2024-07-10,97
1025,CR-2024-001025,2024-07-16,18,,16892.29,Wire Transfer,AR00001025,2024-07-17,115
1026,CR-2024-001026,2024-07-10,19,2277.0,17494.37,ACH,AR00001026,2024-07-12,11
1027,CR-2024-001027,2024-07-14,20,2259.0,15473.15,Check,AR00001027,2024-07-15,11
1028,CR-2024-001028,2024-07-12,21,,16774.49,Wire Transfer,AR00001028,2024-07-12,115
1029,CR-2024-001029,2024-07-13,22,,8355.88,ACH,AR00001029,2024-07-15,97
1030,CR-2024-001030,2024-07-19,23,,13594.02,Wire Transfer,AR00001030,2024-07-20,97
1031,CR-2024-001031,2024-07-16,24,,10655.84,ACH,AR00001031,2024-07-17,115
1032,CR-2024-001032,2024-07-19,25,,2257.47,Check,AR00001032,2024-07-19,11
1033,CR-2024-001033,2024-07-14,26,,37175.72,ACH,AR00001033,2024-07-16,97
1034,CR-2024-001034,2024-07-06,27,,25.58,Credit Card,AR00001034,2024-07-08,115
1035,CR-2024-001035,2024-07-09,29,,1824.33,ACH,AR00001035,2024-07-09,115
1036,CR-2024-001036,2024-07-10,30,,544.78,ACH,AR00001036,2024-07-12,97
1037,CR-2024-001037,2024-07-14,31,,1923.98,Wire Transfer,AR00001037,2024-07-15,97
1038,CR-2024-001038,2024-07-16,32,,13494.97,Wire Transfer,AR00001038,2024-07-18,97
1039,CR-2024-001039,2024-07-17,33,,6405.31,ACH,AR00001039,2024-07-17,11
1040,CR-2024-001040,2024-07-12,34,,25631.4,Credit Card,AR00001040,2024-07-14,11
1041,CR-2024-001041,2024-07-07,35,1242.0,0.8,ACH,AR00001041,2024-07-07,115
1042,CR-2024-001042,2024-07-06,36,,601.93,Check,AR00001042,2024-07-07,97
1043,CR-2024-001043,2024-07-08,37,,5669.47,ACH,AR00001043,2024-07-10,97
1044,CR-2024-001044,2024-07-14,38,,10310.62,Check,AR00001044,2024-07-14,11
1045,CR-2024-001045,2024-07-11,39,,12139.01,Check,AR00001045,2024-07-12,115
1046,CR-2024-001046,2024-07-20,40,2907.0,619.96,Credit Card,AR00001046,2024-07-22,97
1047,CR-2024-001047,2024-07-13,42,,12618.53,Check,AR00001047,2024-07-13,115
1048,CR-2024-001048,2024-07-14,43,,24272.65,Check,AR00001048,2024-07-16,97
1049,CR-2024-001049,2024-07-12,44,,12742.34,ACH,AR00001049,2024-07-13,11
1050,CR-2024-001050,2024-07-06,45,,2102.1,Check,AR00001050,2024-07-07,11
1051,CR-2024-001051,2024-07-11,46,,773.98,Check,AR00001051,2024-07-11,97
1052,CR-2024-001052,2024-07-14,47,,4324.43,Credit Card,AR00001052,2024-07-15,115
1053,CR-2024-001053,2024-07-12,48,,2936.85,ACH,AR00001053,2024-07-14,115
1054,CR-2024-001054,2024-07-14,49,,5577.87,ACH,AR00001054,2024-07-16,11
1055,CR-2024-001055,2024-07-16,50,,3559.45,Credit Card,AR00001055,2024-07-16,11
1056,CR-2024-001056,2024-07-14,51,,44965.7,Check,AR00001056,2024-07-14,115
1057,CR-2024-001057,2024-07-11,52,1233.0,3037.11,ACH,AR00001057,2024-07-13,11
1058,CR-2024-001058,2024-07-13,53,1922.0,299.09,ACH,AR00001058,2024-07-13,11
1059,CR-2024-001059,2024-07-14,54,,2122.16,Wire Transfer,AR00001059,2024-07-16,97
1060,CR-2024-001060,2024-07-17,55,,44117.91,Credit Card,AR00001060,2024-07-18,97
1061,CR-2024-001061,2024-07-17,56,,5042.75,Wire Transfer,AR00001061,2024-07-17,115
1062,CR-2024-001062,2024-07-19,57,,5443.4,Credit Card,AR00001062,2024-07-21,11
1063,CR-2024-001063,2024-07-20,58,,7491.71,Check,AR00001063,2024-07-20,97
1064,CR-2024-001064,2024-07-20,59,,1101.51,ACH,AR00001064,2024-07-21,115
1065,CR-2024-001065,2024-07-18,60,,27119.97,ACH,AR00001065,2024-07-18,11
1066,CR-2024-001066,2024-07-12,61,,3248.93,Credit Card,AR00001066,2024-07-14,11
1067,CR-2024-001067,2024-07-14,62,,4722.45,Wire Transfer,AR00001067,2024-07-15,115
1068,CR-2024-001068,2024-07-07,63,,543.0,ACH,AR00001068,2024-07-08,11
1069,CR-2024-001069,2024-07-12,65,,11957.68,Check,AR00001069,2024-07-12,115
1070,CR-2024-001070,2024-07-17,66,,4612.78,ACH,AR00001070,2024-07-17,97
1071,CR-2024-001071,2024-07-19,67,,6453.52,ACH,AR00001071,2024-07-20,115
1072,CR-2024-001072,2024-07-11,68,,7829.38,Wire Transfer,AR00001072,2024-07-11,115
1073,CR-2024-001073,2024-07-06,69,,71.22,Credit Card,AR00001073,2024-07-06,115
1074,CR-2024-001074,2024-07-11,70,,10032.85,ACH,AR00001074,2024-07-11,115
1075,CR-2024-001075,2024-07-13,71,,17789.0,Wire Transfer,AR00001075,2024-07-14,11
1076,CR-2024-001076,2024-07-14,72,,11515.23,Wire Transfer,AR00001076,2024-07-15,115
1077,CR-2024-001077,2024-07-11,73,,18203.25,Check,AR00001077,2024-07-11,115
1078,CR-2024-001078,2024-07-10,74,,279.91,Wire Transfer,AR00001078,2024-07-12,97
1079,CR-2024-001079,2024-07-24,75,2697.0,2959.27,Check,AR00001079,2024-07-26,97
1080,CR-2024-001080,2024-07-10,77,,10530.5,Credit Card,AR00001080,2024-07-12,97
1081,CR-2024-001081,2024-07-17,78,,34371.45,Wire Transfer,AR00001081,2024-07-18,115
1082,CR-2024-001082,2024-07-06,79,,1547.42,Check,AR00001082,2024-07-07,97
1083,CR-2024-001083,2024-07-17,80,,10893.59,Credit Card,AR00001083,2024-07-17,97
1084,CR-2024-001084,2024-07-07,81,,8731.58,ACH,AR00001084,2024-07-09,11
1085,CR-2024-001085,2024-07-16,82,,10487.98,Wire Transfer,AR00001085,2024-07-16,115
1086,CR-2024-001086,2024-07-14,83,,3358.92,Wire Transfer,AR00001086,2024-07-16,97
1087,CR-2024-001087,2024-07-11,84,,3423.09,Wire Transfer,AR00001087,2024-07-12,97
1088,CR-2024-001088,2024-07-20,85,,6942.66,ACH,AR00001088,2024-07-21,115
1089,CR-2024-001089,2024-07-19,86,,21446.99,Wire Transfer,AR00001089,2024-07-20,11
1090,CR-2024-001090,2024-07-11,87,,44467.77,Check,AR00001090,2024-07-13,115
1091,CR-2024-001091,2024-07-10,88,,2616.45,ACH,AR00001091,2024-07-11,11
1092,CR-2024-001092,2024-07-16,89,,1506.9,ACH,AR00001092,2024-07-16,115
1093,CR-2024-001093,2024-07-20,90,,20209.2,Check,AR00001093,2024-07-22,11
1094,CR-2024-001094,2024-07-20,91,3470.0,187.25,Wire Transfer,AR00001094,2024-07-20,11
1095,CR-2024-001095,2024-07-12,92,1272.0,5848.14,ACH,AR00001095,2024-07-14,11
1096,CR-2024-001096,2024-07-10,93,,167.35,Credit Card,AR00001096,2024-07-10,11
1097,CR-2024-001097,2024-07-13,95,,20941.51,Check,AR00001097,2024-07-13,11
1098,CR-2024-001098,2024-07-18,96,,22517.02,ACH,AR00001098,2024-07-19,115
1099,CR-2024-001099,2024-07-07,97,,1101.28,ACH,AR00001099,2024-07-09,115
1100,CR-2024-001100,2024-07-13,98,,21963.69,Credit Card,AR00001100,2024-07-14,115
1101,CR-2024-001101,2024-07-14,99,,8099.36,ACH,AR00001101,2024-07-15,115
1102,CR-2024-001102,2024-07-10,100,,781.0,Wire Transfer,AR00001102,2024-07-11,115
1103,CR-2024-001103,2024-07-10,101,,8406.6,Wire Transfer,AR00001103,2024-07-10,115
1104,CR-2024-001104,2024-07-19,102,,7935.31,ACH,AR00001104,2024-07-19,11
1105,CR-2024-001105,2024-07-14,103,,766.06,Wire Transfer,AR00001105,2024-07-15,97
1106,CR-2024-001106,2024-07-11,104,,22601.84,Credit Card,AR00001106,2024-07-11,115
1107,CR-2024-001107,2024-07-14,105,,19141.19,Wire Transfer,AR00001107,2024-07-16,97
1108,CR-2024-001108,2024-07-14,106,,42892.5,Check,AR00001108,2024-07-15,115
1109,CR-2024-001109,2024-07-19,107,,3509.33,Check,AR00001109,2024-07-19,97
1110,CR-2024-001110,2024-07-05,108,,78.64,Check,AR00001110,2024-07-07,11
1111,CR-2024-001111,2024-07-12,109,,25721.45,Check,AR00001111,2024-07-12,115
1112,CR-2024-001112,2024-07-11,110,,27357.04,Check,AR00001112,2024-07-13,11
1113,CR-2024-001113,2024-07-12,111,,1174.7,Check,AR00001113,2024-07-13,11
1114,CR-2024-001114,2024-07-10,112,,913.46,Credit Card,AR00001114,2024-07-11,11
1115,CR-2024-001115,2024-07-14,113,,22208.39,ACH,AR00001115,2024-07-14,11
1116,CR-2024-001116,2024-07-13,114,,4219.75,Check,AR00001116,2024-07-13,115
1117,CR-2024-001117,2024-07-11,115,,16242.82,ACH,AR00001117,2024-07-12,115
1118,CR-2024-001118,2024-07-12,116,,6571.52,Credit Card,AR00001118,2024-07-14,11
1119,CR-2024-001119,2024-07-08,117,,2053.06,Check,AR00001119,2024-07-09,115
1120,CR-2024-001120,2024-07-10,118,,17771.43,ACH,AR00001120,2024-07-12,97
1121,CR-2024-001121,2024-07-12,119,,17447.19,ACH,AR00001121,2024-07-14,97
1122,CR-2024-001122,2024-07-11,120,,8407.43,Wire Transfer,AR00001122,2024-07-13,97
1123,CR-2024-001123,2024-07-08,121,,744.25,Credit Card,AR00001123,2024-07-09,115
1124,CR-2024-001124,2024-07-07,122,,0.04,Credit Card,AR00001124,2024-07-07,115
1125,CR-2024-001125,2024-07-11,123,,6193.14,ACH,AR00001125,2024-07-11,11
1126,CR-2024-001126,2024-07-20,124,,11670.39,Check,AR00001126,2024-07-21,11
1127,CR-2024-001127,2024-07-13,125,,22532.26,Credit Card,AR00001127,2024-07-13,115
1128,CR-2024-001128,2024-07-18,126,,75.01,Credit Card,AR00001128,2024-07-20,115
1129,CR-2024-001129,2024-07-12,127,,16787.95,ACH,AR00001129,2024-07-12,115
1130,CR-2024-001130,2024-07-12,128,,35357.87,Check,AR00001130,2024-07-13,11
1131,CR-2024-001131,2024-07-12,129,,14153.41,Credit Card,AR00001131,2024-07-13,11
1132,CR-2024-001132,2024-07-17,130,,29178.94,Credit Card,AR00001132,2024-07-19,115
1133,CR-2024-001133,2024-07-11,131,1839.0,9149.9,ACH,AR00001133,2024-07-11,11
1134,CR-2024-001134,2024-07-14,132,,3932.15,Wire Transfer,AR00001134,2024-07-14,115
1135,CR-2024-001135,2024-07-13,133,,25099.3,Check,AR00001135,2024-07-15,97
1136,CR-2024-001136,2024-07-13,135,,6621.78,Wire Transfer,AR00001136,2024-07-15,97
1137,CR-2024-001137,2024-07-10,136,,33289.34,Wire Transfer,AR00001137,2024-07-10,11
1138,CR-2024-001138,2024-07-11,137,,6366.53,Wire Transfer,AR00001138,2024-07-13,115
1139,CR-2024-001139,2024-07-09,138,,18116.77,Credit Card,AR00001139,2024-07-11,97
1140,CR-2024-001140,2024-07-11,139,,19376.46,Wire Transfer,AR00001140,2024-07-13,115
1141,CR-2024-001141,2024-07-13,140,,6336.87,Wire Transfer,AR00001141,2024-07-15,115
1142,CR-2024-001142,2024-07-12,141,,19566.17,Wire Transfer,AR00001142,2024-07-13,115
1143,CR-2024-001143,2024-07-07,142,1251.0,624.39,Check,AR00001143,2024-07-07,11
1144,CR-2024-001144,2024-07-13,143,1863.0,3219.14,Credit Card,AR00001144,2024-07-13,115
1145,CR-2024-001145,2024-07-10,144,,24203.6,Check,AR00001145,2024-07-12,97
1146,CR-2024-001146,2024-07-09,145,,1803.23,Credit Card,AR00001146,2024-07-11,97
1147,CR-2024-001147,2024-07-19,146,,25224.48,Credit Card,AR00001147,2024-07-21,11
1148,CR-2024-001148,2024-07-11,147,,27888.48,ACH,AR00001148,2024-07-13,97
1149,CR-2024-001149,2024-07-07,148,,277.33,Credit Card,AR00001149,2024-07-08,97
1150,CR-2024-001150,2024-07-16,149,,5904.25,Credit Card,AR00001150,2024-07-16,11
1151,CR-2024-001151,2024-07-12,150,,4837.12,Check,AR00001151,2024-07-14,115
1152,CR-2024-001152,2024-07-10,151,,16216.58,Wire Transfer,AR00001152,2024-07-12,11
1153,CR-2024-001153,2024-07-14,152,,26967.56,Credit Card,AR00001153,2024-07-16,115
1154,CR-2024-001154,2024-07-11,153,,1938.51,Wire Transfer,AR00001154,2024-07-11,97
1155,CR-2024-001155,2024-07-19,154,,21950.31,Wire Transfer,AR00001155,2024-07-21,97
1156,CR-2024-001156,2024-07-12,155,,3495.57,ACH,AR00001156,2024-07-13,115
1157,CR-2024-001157,2024-07-14,156,,41178.9,Credit Card,AR00001157,2024-07-16,97
1158,CR-2024-001158,2024-07-13,157,,1525.66,Credit Card,AR00001158,2024-07-15,97
1159,CR-2024-001159,2024-07-20,158,,6460.51,Wire Transfer,AR00001159,2024-07-20,97
1160,CR-2024-001160,2024-07-16,159,,16560.74,ACH,AR00001160,2024-07-18,115
1161,CR-2024-001161,2024-07-18,160,,5138.09,Credit Card,AR00001161,2024-07-18,11
1162,CR-2024-001162,2024-07-13,161,,28321.55,ACH,AR00001162,2024-07-14,97
1163,CR-2024-001163,2024-07-20,162,,23560.97,Wire Transfer,AR00001163,2024-07-20,115
1164,CR-2024-001164,2024-07-17,163,,5587.81,Credit Card,AR00001164,2024-07-19,115
1165,CR-2024-001165,2024-07-20,164,,4262.99,Check,AR00001165,2024-07-21,11
1166,CR-2024-001166,2024-07-12,165,,672.1,Credit Card,AR00001166,2024-07-13,115
1167,CR-2024-001167,2024-07-13,166,,38480.19,Credit Card,AR00001167,2024-07-15,115
1168,CR-2024-001168,2024-07-20,167,,365.05,Credit Card,AR00001168,2024-07-20,115
1169,CR-2024-001169,2024-07-22,169,,8947.58,ACH,AR00001169,2024-07-23,97
1170,CR-2024-001170,2024-07-21,170,,2926.72,Check,AR00001170,2024-07-22,97
1171,CR-2024-001171,2024-07-11,171,,562.34,Wire Transfer,AR00001171,2024-07-13,97
1172,CR-2024-001172,2024-07-10,172,,3972.02,ACH,AR00001172,2024-07-10,97
1173,CR-2024-001173,2024-07-10,173,,49353.03,Credit Card,AR00001173,2024-07-11,115
1174,CR-2024-001174,2024-07-10,174,,11913.6,Check,AR00001174,2024-07-12,97
1175,CR-2024-001175,2024-07-14,175,,1017.44,Wire Transfer,AR00001175,2024-07-14,115
1176,CR-2024-001176,2024-07-11,176,,2913.26,Wire Transfer,AR00001176,2024-07-13,115
1177,CR-2024-001177,2024-07-17,177,,7343.02,Wire Transfer,AR00001177,2024-07-18,115
1178,CR-2024-001178,2024-07-14,178,,1510.14,Check,AR00001178,2024-07-14,115
1179,CR-2024-001179,2024-07-14,179,,11711.46,Check,AR00001179,2024-07-16,115
1180,CR-2024-001180,2024-07-11,180,,7379.53,Wire Transfer,AR00001180,2024-07-12,11
1181,CR-2024-001181,2024-07-14,181,,32247.36,ACH,AR00001181,2024-07-15,97
1182,CR-2024-001182,2024-07-17,182,,18474.78,Wire Transfer,AR00001182,2024-07-17,11
1183,CR-2024-001183,2024-07-16,183,,10625.02,Check,AR00001183,2024-07-16,97
1184,CR-2024-001184,2024-07-19,184,,15339.36,Credit Card,AR00001184,2024-07-19,115
1185,CR-2024-001185,2024-07-11,185,,20663.47,ACH,AR00001185,2024-07-13,11
1186,CR-2024-001186,2024-07-13,186,,13909.57,Wire Transfer,AR00001186,2024-07-13,11
1187,CR-2024-001187,2024-07-12,187,,40215.92,Credit Card,AR00001187,2024-07-13,115
1188,CR-2024-001188,2024-07-10,188,,11934.54,Check,AR00001188,2024-07-10,97
1189,CR-2024-001189,2024-07-14,189,,38307.73,Check,AR00001189,2024-07-14,115
1190,CR-2024-001190,2024-07-22,190,,1028.09,Credit Card,AR00001190,2024-07-22,97
1191,CR-2024-001191,2024-07-18,191,,4916.94,ACH,AR00001191,2024-07-18,97
1192,CR-2024-001192,2024-07-17,192,,10977.03,Check,AR00001192,2024-07-18,97
1193,CR-2024-001193,2024-07-07,193,,2436.96,Check,AR00001193,2024-07-09,115
1194,CR-2024-001194,2024-07-10,194,,9535.94,ACH,AR00001194,2024-07-10,11
1195,CR-2024-001195,2024-07-23,195,,345.04,ACH,AR00001195,2024-07-25,115
1196,CR-2024-001196,2024-07-13,196,,23838.69,ACH,AR00001196,2024-07-15,97
1197,CR-2024-001197,2024-07-10,197,,723.3,Check,AR00001197,2024-07-10,115
1198,CR-2024-001198,2024-07-11,198,,17120.31,Wire Transfer,AR00001198,2024-07-11,11
1199,CR-2024-001199,2024-07-16,199,,32340.55,Check,AR00001199,2024-07-18,11
1200,CR-2024-001200,2024-07-11,200,,28346.98,Wire Transfer,AR00001200,2024-07-11,115
1201,CR-2024-001201,2024-07-19,201,,576.71,Wire Transfer,AR00001201,2024-07-21,97
1202,CR-2024-001202,2024-07-10,202,,47037.86,Check,AR00001202,2024-07-10,11
1203,CR-2024-001203,2024-07-16,203,,5776.03,Check,AR00001203,2024-07-18,11
1204,CR-2024-001204,2024-07-10,204,,21255.6,Wire Transfer,AR00001204,2024-07-10,11
1205,CR-2024-001205,2024-07-17,205,,36987.24,ACH,AR00001205,2024-07-17,97
1206,CR-2024-001206,2024-07-12,206,,29776.17,ACH,AR00001206,2024-07-13,115
1207,CR-2024-001207,2024-07-09,207,1731.0,27.71,Credit Card,AR00001207,2024-07-11,97
1208,CR-2024-001208,2024-07-13,208,,47665.75,Wire Transfer,AR00001208,2024-07-13,97
1209,CR-2024-001209,2024-07-14,209,,19999.36,Wire Transfer,AR00001209,2024-07-15,11
1210,CR-2024-001210,2024-07-17,210,,6085.78,ACH,AR00001210,2024-07-18,115
1211,CR-2024-001211,2024-07-13,211,,15767.88,Check,AR00001211,2024-07-14,115
1212,CR-2024-001212,2024-08-13,129,,2882.85,Check,DEP00001212,2024-08-13,11
1213,CR-2024-001213,2024-08-03,6,2789.0,1191.04,ACH,DEP00001213,2024-08-03,97
1214,CR-2024-001214,2024-08-29,9,,4442.55,ACH,DEP00001214,2024-08-29,11
1215,CR-2024-001215,2024-08-12,1,,25489.38,Check,AR00001215,2024-08-13,11
1216,CR-2024-001216,2024-08-07,2,,12.45,ACH,AR00001216,2024-08-07,97
1217,CR-2024-001217,2024-08-08,3,,23.2,Credit Card,AR00001217,2024-08-10,115
1218,CR-2024-001218,2024-08-10,4,,3890.37,Wire Transfer,AR00001218,2024-08-11,97
1219,CR-2024-001219,2024-08-19,5,,14166.28,Check,AR00001219,2024-08-19,11
1220,CR-2024-001220,2024-08-12,6,,29900.75,Check,AR00001220,2024-08-13,11
1221,CR-2024-001221,2024-08-12,7,,22397.69,Credit Card,AR00001221,2024-08-12,115
1222,CR-2024-001222,2024-08-14,8,,4263.21,Check,AR00001222,2024-08-14,115
1223,CR-2024-001223,2024-08-12,9,,11716.25,Check,AR00001223,2024-08-13,97
1224,CR-2024-001224,2024-08-06,10,,2724.57,Wire Transfer,AR00001224,2024-08-06,97
1225,CR-2024-001225,2024-08-08,11,2370.0,37.51,Wire Transfer,AR00001225,2024-08-08,97
1226,CR-2024-001226,2024-08-05,12,,0.06,ACH,AR00001226,2024-08-05,97
1227,CR-2024-001227,2024-08-06,13,,1142.17,ACH,AR00001227,2024-08-06,11
1228,CR-2024-001228,2024-08-04,14,,202.26,Check,AR00001228,2024-08-06,97
1229,CR-2024-001229,2024-08-23,15,,6269.13,Check,AR00001229,2024-08-23,115
1230,CR-2024-001230,2024-08-20,16,,10169.62,Credit Card,AR00001230,2024-08-21,11
1231,CR-2024-001231,2024-08-21,17,,2122.85,ACH,AR00001231,2024-08-23,11
1232,CR-2024-001232,2024-08-13,18,,33872.86,Check,AR00001232,2024-08-14,97
1233,CR-2024-001233,2024-08-06,19,,7846.85,ACH,AR00001233,2024-08-07,97
1234,CR-2024-001234,2024-08-07,20,,15195.46,Credit Card,AR00001234,2024-08-08,97
1235,CR-2024-001235,2024-08-12,21,,10873.69,Wire Transfer,AR00001235,2024-08-14,115
1236,CR-2024-001236,2024-08-13,22,,7125.06,ACH,AR00001236,2024-08-15,115
1237,CR-2024-001237,2024-08-12,23,,24376.26,Check,AR00001237,2024-08-12,115
1238,CR-2024-001238,2024-08-13,24,,5992.21,Credit Card,AR00001238,2024-08-14,97
1239,CR-2024-001239,2024-08-11,25,,756.42,ACH,AR00001239,2024-08-13,97
1240,CR-2024-001240,2024-08-14,26,,36187.99,Wire Transfer,AR00001240,2024-08-14,115
1241,CR-2024-001241,2024-08-06,27,,756.36,Wire Transfer,AR00001241,2024-08-07,11
1242,CR-2024-001242,2024-08-21,28,3916.0,2060.33,Check,AR00001242,2024-08-21,115
1243,CR-2024-001243,2024-08-20,29,3057.0,4163.61,Credit Card,AR00001243,2024-08-21,97
1244,CR-2024-001244,2024-08-07,30,,659.69,Credit Card,AR00001244,2024-08-08,11
1245,CR-2024-001245,2024-08-06,31,,872.64,Check,AR00001245,2024-08-07,97
1246,CR-2024-001246,2024-08-14,32,,6461.11,Check,AR00001246,2024-08-15,115
1247,CR-2024-001247,2024-08-11,33,,3416.39,Check,AR00001247,2024-08-11,115
1248,CR-2024-001248,2024-08-17,34,,45392.76,Credit Card,AR00001248,2024-08-19,11
1249,CR-2024-001249,2024-08-24,34,,17971.76,Wire Transfer,AR00001249,2024-08-24,115
1250,CR-2024-001250,2024-08-18,36,,1628.49,Credit Card,AR00001250,2024-08-19,115
1251,CR-2024-001251,2024-08-20,37,,11942.06,ACH,AR00001251,2024-08-22,11
1252,CR-2024-001252,2024-08-13,38,,20047.95,Wire Transfer,AR00001252,2024-08-15,11
1253,CR-2024-001253,2024-08-13,39,,4583.58,Check,AR00001253,2024-08-15,97
1254,CR-2024-001254,2024-08-10,40,,131.89,ACH,AR00001254,2024-08-12,97
1255,CR-2024-001255,2024-08-21,41,,765.86,ACH,AR00001255,2024-08-23,115
1256,CR-2024-001256,2024-08-13,42,,12342.62,Credit Card,AR00001256,2024-08-13,115
1257,CR-2024-001257,2024-08-14,43,,21176.78,Credit Card,AR00001257,2024-08-14,97
1258,CR-2024-001258,2024-08-20,44,,14603.07,Wire Transfer,AR00001258,2024-08-22,97
1259,CR-2024-001259,2024-08-20,45,,7462.49,Check,AR00001259,2024-08-21,115
1260,CR-2024-001260,2024-08-18,46,,5195.35,Credit Card,AR00001260,2024-08-18,115
1261,CR-2024-001261,2024-08-10,47,,1679.2,Check,AR00001261,2024-08-10,115
1262,CR-2024-001262,2024-08-19,48,,8987.68,Wire Transfer,AR00001262,2024-08-21,97
1263,CR-2024-001263,2024-08-20,49,,12494.92,ACH,AR00001263,2024-08-20,115
1264,CR-2024-001264,2024-08-13,50,,1140.51,Check,AR00001264,2024-08-14,97
1265,CR-2024-001265,2024-08-12,51,,26966.13,Wire Transfer,AR00001265,2024-08-12,115
1266,CR-2024-001266,2024-08-08,52,,924.86,Credit Card,AR00001266,2024-08-08,115
1267,CR-2024-001267,2024-08-09,53,1922.0,53.13,Check,AR00001267,2024-08-10,11
1268,CR-2024-001268,2024-08-11,54,,913.81,Credit Card,AR00001268,2024-08-11,115
1269,CR-2024-001269,2024-08-11,55,,31892.98,Wire Transfer,AR00001269,2024-08-11,115
1270,CR-2024-001270,2024-08-12,56,,6706.83,Wire Transfer,AR00001270,2024-08-13,11
1271,CR-2024-001271,2024-08-14,57,,6167.62,Credit Card,AR00001271,2024-08-15,97
1272,CR-2024-001272,2024-08-14,58,,1805.95,Check,AR00001272,2024-08-14,115
1273,CR-2024-001273,2024-08-18,59,,5685.48,Credit Card,AR00001273,2024-08-18,115
1274,CR-2024-001274,2024-08-14,60,,23916.08,Check,AR00001274,2024-08-14,115
1275,CR-2024-001275,2024-08-10,61,2449.0,374.37,ACH,AR00001275,2024-08-10,11
1276,CR-2024-001276,2024-08-09,62,,1153.94,ACH,AR00001276,2024-08-11,11
1277,CR-2024-001277,2024-08-19,63,,8135.42,ACH,AR00001277,2024-08-21,11
1278,CR-2024-001278,2024-08-21,64,,934.53,ACH,AR00001278,2024-08-22,11
1279,CR-2024-001279,2024-08-12,65,,19467.72,Credit Card,AR00001279,2024-08-12,97
1280,CR-2024-001280,2024-08-11,66,,1629.58,ACH,AR00001280,2024-08-13,115
1281,CR-2024-001281,2024-08-13,67,,12055.75,ACH,AR00001281,2024-08-15,115
1282,CR-2024-001282,2024-08-19,68,,7756.3,Wire Transfer,AR00001282,2024-08-21,115
1283,CR-2024-001283,2024-08-10,70,,1318.24,Wire Transfer,AR00001283,2024-08-10,115
1284,CR-2024-001284,2024-08-19,71,,33641.91,Credit Card,AR00001284,2024-08-20,115
1285,CR-2024-001285,2024-08-10,72,,6111.89,Wire Transfer,AR00001285,2024-08-11,115
1286,CR-2024-001286,2024-08-14,73,,31903.99,Check,AR00001286,2024-08-16,11
1287,CR-2024-001287,2024-08-07,74,,29.46,Credit Card,AR00001287,2024-08-09,97
1288,CR-2024-001288,2024-08-17,75,,9044.42,ACH,AR00001288,2024-08-17,11
1289,CR-2024-001289,2024-08-14,77,,9683.06,Wire Transfer,AR00001289,2024-08-16,97
1290,CR-2024-001290,2024-08-11,78,,13864.9,Credit Card,AR00001290,2024-08-11,115
1291,CR-2024-001291,2024-08-20,79,,10970.07,Check,AR00001291,2024-08-21,11
1292,CR-2024-001292,2024-08-12,80,,9564.48,Credit Card,AR00001292,2024-08-13,115
1293,CR-2024-001293,2024-08-17,81,,24118.25,Wire Transfer,AR00001293,2024-08-18,115
1294,CR-2024-001294,2024-08-14,82,,6953.76,Check,AR00001294,2024-08-14,97
1295,CR-2024-001295,2024-08-06,83,,788.31,Check,AR00001295,2024-08-06,115
1296,CR-2024-001296,2024-08-13,84,,2267.56,Check,AR00001296,2024-08-15,11
1297,CR-2024-001297,2024-08-13,85,2453.0,2641.99,Credit Card,AR00001297,2024-08-15,97
1298,CR-2024-001298,2024-08-12,86,,16986.41,Credit Card,AR00001298,2024-08-13,11
1299,CR-2024-001299,2024-08-19,87,,46728.49,Credit Card,AR00001299,2024-08-19,115
1300,CR-2024-001300,2024-08-08,88,,408.45,ACH,AR00001300,2024-08-09,115
1301,CR-2024-001301,2024-08-14,89,,617.66,Wire Transfer,AR00001301,2024-08-15,115
1302,CR-2024-001302,2024-08-11,90,,12732.63,Credit Card,AR00001302,2024-08-13,97
1303,CR-2024-001303,2024-08-19,91,,3351.38,ACH,AR00001303,2024-08-20,115
1304,CR-2024-001304,2024-08-10,92,,2589.19,Credit Card,AR00001304,2024-08-12,115
1305,CR-2024-001305,2024-08-09,93,,12.87,ACH,AR00001305,2024-08-10,115
1306,CR-2024-001306,2024-08-10,95,,7849.14,Check,AR00001306,2024-08-10,11
1307,CR-2024-001307,2024-08-14,96,,28401.06,ACH,AR00001307,2024-08-16,11
1308,CR-2024-001308,2024-08-14,97,,301.09,Credit Card,AR00001308,2024-08-16,97
1309,CR-2024-001309,2024-08-10,98,,14364.71,Credit Card,AR00001309,2024-08-11,11
1310,CR-2024-001310,2024-08-07,99,,2105.48,Check,AR00001310,2024-08-07,97
1311,CR-2024-001311,2024-08-18,100,3024.0,6205.99,Credit Card,AR00001311,2024-08-18,115
1312,CR-2024-001312,2024-08-14,101,,3578.56,Credit Card,AR00001312,2024-08-15,115
1313,CR-2024-001313,2024-08-10,102,,3315.51,ACH,AR00001313,2024-08-12,11
1314,CR-2024-001314,2024-08-19,103,,313.18,ACH,AR00001314,2024-08-20,97
1315,CR-2024-001315,2024-08-14,104,,24107.35,Credit Card,AR00001315,2024-08-15,97
1316,CR-2024-001316,2024-08-07,105,,11794.38,Wire Transfer,AR00001316,2024-08-08,11
1317,CR-2024-001317,2024-08-13,106,,46555.05,ACH,AR00001317,2024-08-14,97
1318,CR-2024-001318,2024-08-17,107,,5129.77,Wire Transfer,AR00001318,2024-08-19,97
1319,CR-2024-001319,2024-08-06,108,1264.0,6.86,Credit Card,AR00001319,2024-08-07,97
1320,CR-2024-001320,2024-08-14,109,,27526.6,ACH,AR00001320,2024-08-15,11
1321,CR-2024-001321,2024-08-12,110,,28176.76,ACH,AR00001321,2024-08-14,115
1322,CR-2024-001322,2024-08-11,111,,190.12,ACH,AR00001322,2024-08-11,115
1323,CR-2024-001323,2024-08-20,112,,2364.12,ACH,AR00001323,2024-08-21,115
1324,CR-2024-001324,2024-08-09,113,,10979.83,Check,AR00001324,2024-08-11,115
1325,CR-2024-001325,2024-08-12,114,,3601.16,Wire Transfer,AR00001325,2024-08-12,97
1326,CR-2024-001326,2024-08-13,115,2636.0,4637.28,Check,AR00001326,2024-08-13,11
1327,CR-2024-001327,2024-08-09,116,,1202.87,Check,AR00001327,2024-08-11,11
1328,CR-2024-001328,2024-08-19,117,,17003.32,Check,AR00001328,2024-08-21,97
1329,CR-2024-001329,2024-08-10,118,,10128.46,ACH,AR00001329,2024-08-10,97
1330,CR-2024-001330,2024-08-12,119,,16554.17,Check,AR00001330,2024-08-14,11
1331,CR-2024-001331,2024-08-17,120,,13775.39,Check,AR00001331,2024-08-19,115
1332,CR-2024-001332,2024-08-07,121,,33.68,Wire Transfer,AR00001332,2024-08-07,115
1333,CR-2024-001333,2024-08-23,122,,1549.36,Wire Transfer,AR00001333,2024-08-24,97
1334,CR-2024-001334,2024-08-11,123,,1695.94,Credit Card,AR00001334,2024-08-11,115
1335,CR-2024-001335,2024-08-11,124,,18724.91,ACH,AR00001335,2024-08-11,11
1336,CR-2024-001336,2024-08-13,125,,19890.59,ACH,AR00001336,2024-08-13,115
1337,CR-2024-001337,2024-08-12,126,,31.89,Wire Transfer,AR00001337,2024-08-14,11
1338,CR-2024-001338,2024-08-11,127,,9713.34,Check,AR00001338,2024-08-12,97
1339,CR-2024-001339,2024-08-14,128,,31582.88,Check,AR00001339,2024-08-15,115
1340,CR-2024-001340,2024-08-16,129,3012.0,22813.72,ACH,AR00001340,2024-08-16,115
1341,CR-2024-001341,2024-08-13,130,,14802.41,ACH,AR00001341,2024-08-13,97
1342,CR-2024-001342,2024-08-07,131,,15649.13,ACH,AR00001342,2024-08-08,11
1343,CR-2024-001343,2024-08-07,132,,2109.82,Wire Transfer,AR00001343,2024-08-07,115
1344,CR-2024-001344,2024-08-10,133,,18508.01,Check,AR00001344,2024-08-10,115
1345,CR-2024-001345,2024-08-20,135,,18430.45,ACH,AR00001345,2024-08-21,11
1346,CR-2024-001346,2024-08-12,136,,34852.2,Wire Transfer,AR00001346,2024-08-12,11
1347,CR-2024-001347,2024-08-07,137,2097.0,1453.85,Credit Card,AR00001347,2024-08-09,115
1348,CR-2024-001348,2024-08-10,138,,18422.7,Wire Transfer,AR00001348,2024-08-11,97
1349,CR-2024-001349,2024-08-13,139,,7495.23,Credit Card,AR00001349,2024-08-13,115
1350,CR-2024-001350,2024-08-14,140,,2805.12,Credit Card,AR00001350,2024-08-15,115
1351,CR-2024-001351,2024-08-09,141,,6471.21,Wire Transfer,AR00001351,2024-08-11,115
1352,CR-2024-001352,2024-08-07,142,,78.7,Wire Transfer,AR00001352,2024-08-09,11
1353,CR-2024-001353,2024-08-10,143,,778.73,Credit Card,AR00001353,2024-08-12,97
1354,CR-2024-001354,2024-08-07,144,,7628.76,Credit Card,AR00001354,2024-08-09,115
1355,CR-2024-001355,2024-08-17,145,,5876.03,Check,AR00001355,2024-08-19,115
1356,CR-2024-001356,2024-08-14,146,,17935.42,Check,AR00001356,2024-08-16,115
1357,CR-2024-001357,2024-08-11,147,,12426.39,Check,AR00001357,2024-08-11,11
1358,CR-2024-001358,2024-08-20,148,,1281.46,Wire Transfer,AR00001358,2024-08-21,11
1359,CR-2024-001359,2024-08-18,149,,10662.72,Check,AR00001359,2024-08-19,11
1360,CR-2024-001360,2024-08-17,150,,18027.42,Credit Card,AR00001360,2024-08-18,11
1361,CR-2024-001361,2024-08-11,151,,3626.23,Wire Transfer,AR00001361,2024-08-13,97
1362,CR-2024-001362,2024-08-11,152,,17734.56,Credit Card,AR00001362,2024-08-11,11
1363,CR-2024-001363,2024-08-12,153,,531.65,Credit Card,AR00001363,2024-08-14,115
1364,CR-2024-001364,2024-08-10,154,,12354.74,ACH,AR00001364,2024-08-11,97
1365,CR-2024-001365,2024-08-13,155,,1752.71,ACH,AR00001365,2024-08-14,115
1366,CR-2024-001366,2024-08-12,156,,38375.34,ACH,AR00001366,2024-08-14,11
1367,CR-2024-001367,2024-08-17,157,,714.67,Wire Transfer,AR00001367,2024-08-18,11
1368,CR-2024-001368,2024-08-10,158,,8325.49,Check,AR00001368,2024-08-10,97
1369,CR-2024-001369,2024-08-10,159,,9474.83,Credit Card,AR00001369,2024-08-11,11
1370,CR-2024-001370,2024-08-10,160,,8377.83,Wire Transfer,AR00001370,2024-08-10,115
1371,CR-2024-001371,2024-08-08,161,,19658.72,ACH,AR00001371,2024-08-08,115
1372,CR-2024-001372,2024-08-14,162,,14439.33,ACH,AR00001372,2024-08-15,115
1373,CR-2024-001373,2024-08-16,163,3248.0,4694.44,Credit Card,AR00001373,2024-08-18,11
1374,CR-2024-001374,2024-08-10,164,,8547.98,Credit Card,AR00001374,2024-08-12,97
1375,CR-2024-001375,2024-08-14,165,,1539.5,ACH,AR00001375,2024-08-16,97
1376,CR-2024-001376,2024-08-12,166,,25826.38,Check,AR00001376,2024-08-12,97
1377,CR-2024-001377,2024-08-13,167,,129.44,Credit Card,AR00001377,2024-08-14,115
1378,CR-2024-001378,2024-08-04,168,,698.05,Check,AR00001378,2024-08-04,115
1379,CR-2024-001379,2024-08-18,169,,60934.22,Credit Card,AR00001379,2024-08-20,11
1380,CR-2024-001380,2024-08-23,169,2923.0,102.39,Wire Transfer,AR00001380,2024-08-24,115
1381,CR-2024-001381,2024-08-18,170,,6446.98,Check,AR00001381,2024-08-19,11
1382,CR-2024-001382,2024-08-18,171,,4359.88,Check,AR00001382,2024-08-18,115
1383,CR-2024-001383,2024-08-08,172,,4903.97,ACH,AR00001383,2024-08-09,115
1384,CR-2024-001384,2024-08-12,173,,37377.66,ACH,AR00001384,2024-08-14,115
1385,CR-2024-001385,2024-08-07,174,,11722.16,Wire Transfer,AR00001385,2024-08-07,115
1386,CR-2024-001386,2024-08-13,175,,1982.36,Check,AR00001386,2024-08-13,97
1387,CR-2024-001387,2024-08-18,176,,5193.48,Check,AR00001387,2024-08-18,11
1388,CR-2024-001388,2024-08-16,177,,24823.4,Check,AR00001388,2024-08-17,97
1389,CR-2024-001389,2024-08-07,178,,144.36,Credit Card,AR00001389,2024-08-07,97
1390,CR-2024-001390,2024-08-20,179,,34566.07,ACH,AR00001390,2024-08-21,11
1391,CR-2024-001391,2024-08-13,180,,3691.04,Credit Card,AR00001391,2024-08-15,97
1392,CR-2024-001392,2024-08-14,181,,13997.56,Check,AR00001392,2024-08-15,115
1393,CR-2024-001393,2024-08-13,182,,29293.52,ACH,AR00001393,2024-08-15,115
1394,CR-2024-001394,2024-08-10,183,,21449.14,Credit Card,AR00001394,2024-08-11,115
1395,CR-2024-001395,2024-08-13,184,,7931.55,Wire Transfer,AR00001395,2024-08-15,97
1396,CR-2024-001396,2024-08-13,185,,28215.79,Check,AR00001396,2024-08-15,97
1397,CR-2024-001397,2024-08-12,186,,5318.0,Credit Card,AR00001397,2024-08-14,115
1398,CR-2024-001398,2024-08-11,187,,31978.03,Credit Card,AR00001398,2024-08-12,97
1399,CR-2024-001399,2024-08-14,188,,19986.21,Credit Card,AR00001399,2024-08-15,11
1400,CR-2024-001400,2024-08-13,189,,23871.32,Wire Transfer,AR00001400,2024-08-13,97
1401,CR-2024-001401,2024-08-18,190,,7861.07,Credit Card,AR00001401,2024-08-18,11
1402,CR-2024-001402,2024-08-19,191,,11783.57,ACH,AR00001402,2024-08-21,115
1403,CR-2024-001403,2024-08-10,192,,16376.99,Wire Transfer,AR00001403,2024-08-10,97
1404,CR-2024-001404,2024-08-16,193,,16160.69,Wire Transfer,AR00001404,2024-08-18,11
1405,CR-2024-001405,2024-08-12,194,,7646.29,Credit Card,AR00001405,2024-08-14,115
1406,CR-2024-001406,2024-08-24,195,,3193.22,Check,AR00001406,2024-08-24,115
1407,CR-2024-001407,2024-08-14,196,,22913.3,Check,AR00001407,2024-08-15,97
1408,CR-2024-001408,2024-08-17,197,,3716.4,Check,AR00001408,2024-08-18,115
1409,CR-2024-001409,2024-08-13,198,,15200.24,Credit Card,AR00001409,2024-08-14,11
1410,CR-2024-001410,2024-08-10,199,,29401.47,Credit Card,AR00001410,2024-08-12,97
1411,CR-2024-001411,2024-08-20,200,,5458.74,Check,AR00001411,2024-08-20,97
1412,CR-2024-001412,2024-08-22,200,,75037.58,Check,AR00001412,2024-08-22,11
1413,CR-2024-001413,2024-08-14,201,,242.27,Credit Card,AR00001413,2024-08-14,11
1414,CR-2024-001414,2024-08-14,202,,29164.88,Credit Card,AR00001414,2024-08-14,97
1415,CR-2024-001415,2024-08-11,203,,6856.86,Credit Card,AR00001415,2024-08-13,11
1416,CR-2024-001416,2024-08-14,204,,21818.12,ACH,AR00001416,2024-08-15,11
1417,CR-2024-001417,2024-08-10,205,,27477.35,Check,AR00001417,2024-08-11,11
1418,CR-2024-001418,2024-08-13,206,,14881.25,Check,AR00001418,2024-08-15,11
1419,CR-2024-001419,2024-08-06,207,,0.4,Wire Transfer,AR00001419,2024-08-07,97
1420,CR-2024-001420,2024-08-14,208,,49623.45,ACH,AR00001420,2024-08-16,11
1421,CR-2024-001421,2024-08-10,209,,9030.82,Wire Transfer,AR00001421,2024-08-11,11
1422,CR-2024-001422,2024-08-10,210,,2775.27,Check,AR00001422,2024-08-10,115
1423,CR-2024-001423,2024-08-12,211,,20820.24,ACH,AR00001423,2024-08-13,115
1424,CR-2024-001424,2024-09-18,163,,1116.12,Credit Card,DEP00001424,2024-09-18,97
1425,CR-2024-001425,2024-09-21,198,,5539.01,ACH,DEP00001425,2024-09-21,115
1426,CR-2024-001426,2024-09-30,186,,2575.06,Wire Transfer,DEP00001426,2024-09-30,11
1427,CR-2024-001427,2024-09-19,81,,1545.3,Credit Card,DEP00001427,2024-09-19,11
1428,CR-2024-001428,2024-09-16,200,,7433.18,Wire Transfer,DEP00001428,2024-09-16,11
1429,CR-2024-001429,2024-09-13,1,,13751.94,Check,AR00001429,2024-09-13,115
1430,CR-2024-001430,2024-09-04,3,,446.9,Wire Transfer,AR00001430,2024-09-04,11
1431,CR-2024-001431,2024-09-08,4,,2287.46,Wire Transfer,AR00001431,2024-09-08,97
1432,CR-2024-001432,2024-09-10,5,,10242.23,Wire Transfer,AR00001432,2024-09-11,115
1433,CR-2024-001433,2024-09-13,6,,25750.62,Wire Transfer,AR00001433,2024-09-15,97
1434,CR-2024-001434,2024-09-17,7,,23809.02,ACH,AR00001434,2024-09-18,11
1435,CR-2024-001435,2024-09-14,8,,1233.12,Wire Transfer,AR00001435,2024-09-16,11
1436,CR-2024-001436,2024-09-06,9,,20280.32,Check,AR00001436,2024-09-06,11
1437,CR-2024-001437,2024-09-16,10,3643.0,9512.72,ACH,AR00001437,2024-09-18,11
1438,CR-2024-001438,2024-09-07,11,,0.62,Wire Transfer,AR00001438,2024-09-08,115
1439,CR-2024-001439,2024-09-07,12,243.0,0.01,Credit Card,AR00001439,2024-09-07,97
1440,CR-2024-001440,2024-09-16,13,,3709.88,ACH,AR00001440,2024-09-18,97
1441,CR-2024-001441,2024-09-20,14,,1634.68,Check,AR00001441,2024-09-21,11
1442,CR-2024-001442,2024-09-16,15,,33543.16,ACH,AR00001442,2024-09-16,11
1443,CR-2024-001443,2024-09-16,16,,9021.02,Wire Transfer,AR00001443,2024-09-18,97
1444,CR-2024-001444,2024-09-18,17,3644.0,9037.19,Credit Card,AR00001444,2024-09-20,115
1445,CR-2024-001445,2024-09-14,18,,22634.13,Credit Card,AR00001445,2024-09-16,11
1446,CR-2024-001446,2024-09-16,19,3631.0,13299.0,Wire Transfer,AR00001446,2024-09-16,11
1447,CR-2024-001447,2024-09-11,20,,22949.64,Check,AR00001447,2024-09-13,97
1448,CR-2024-001448,2024-09-12,21,,4144.87,Check,AR00001448,2024-09-12,11
1449,CR-2024-001449,2024-09-20,22,,21057.3,Wire Transfer,AR00001449,2024-09-20,97
1450,CR-2024-001450,2024-09-14,23,,20854.41,ACH,AR00001450,2024-09-14,11
1451,CR-2024-001451,2024-09-14,24,,3234.97,Check,AR00001451,2024-09-14,97
1452,CR-2024-001452,2024-09-08,25,,200.24,Check,AR00001452,2024-09-08,115
1453,CR-2024-001453,2024-09-13,26,,17736.55,Credit Card,AR00001453,2024-09-13,115
1454,CR-2024-001454,2024-09-18,27,,5069.8,Check,AR00001454,2024-09-19,97
1455,CR-2024-001455,2024-09-19,28,,8331.64,Wire Transfer,AR00001455,2024-09-19,115
1456,CR-2024-001456,2024-09-11,29,,5553.87,Check,AR00001456,2024-09-13,97
1457,CR-2024-001457,2024-09-19,30,,6200.62,Credit Card,AR00001457,2024-09-20,115
1458,CR-2024-001458,2024-09-17,31,,6058.78,Wire Transfer,AR00001458,2024-09-19,11
1459,CR-2024-001459,2024-09-10,32,,12386.1,Check,AR00001459,2024-09-11,115
1460,CR-2024-001460,2024-09-19,33,,11490.51,Wire Transfer,AR00001460,2024-09-19,11
1461,CR-2024-001461,2024-09-11,34,,59821.47,ACH,AR00001461,2024-09-13,11
1462,CR-2024-001462,2024-09-10,36,,889.2,Credit Card,AR00001462,2024-09-10,115
1463,CR-2024-001463,2024-09-10,37,,7716.59,Credit Card,AR00001463,2024-09-12,115
1464,CR-2024-001464,2024-09-11,38,,24811.75,ACH,AR00001464,2024-09-13,115
1465,CR-2024-001465,2024-09-17,39,,7398.96,Check,AR00001465,2024-09-19,115
1466,CR-2024-001466,2024-09-08,40,2907.0,23.01,Wire Transfer,AR00001466,2024-09-09,11
1467,CR-2024-001467,2024-09-20,41,,3371.06,ACH,AR00001467,2024-09-20,11
1468,CR-2024-001468,2024-09-14,42,,3629.89,ACH,AR00001468,2024-09-16,97
1469,CR-2024-001469,2024-09-14,43,,11406.46,Check,AR00001469,2024-09-15,11
1470,CR-2024-001470,2024-09-14,44,,9478.97,Check,AR00001470,2024-09-14,97
1471,CR-2024-001471,2024-09-12,45,,2770.13,Credit Card,AR00001471,2024-09-14,115
1472,CR-2024-001472,2024-09-11,46,,1975.95,ACH,AR00001472,2024-09-13,115
1473,CR-2024-001473,2024-09-13,47,,1031.64,Check,AR00001473,2024-09-15,97
1474,CR-2024-001474,2024-09-13,48,3646.0,3570.73,ACH,AR00001474,2024-09-15,115
1475,CR-2024-001475,2024-09-12,49,,9127.37,Credit Card,AR00001475,2024-09-14,97
1476,CR-2024-001476,2024-09-11,50,3209.0,199.52,Check,AR00001476,2024-09-11,11
1477,CR-2024-001477,2024-09-11,51,,34119.41,Credit Card,AR00001477,2024-09-12,11
1478,CR-2024-001478,2024-09-06,52,,209.29,Credit Card,AR00001478,2024-09-08,97
1479,CR-2024-001479,2024-09-07,53,,1.73,Wire Transfer,AR00001479,2024-09-08,11
1480,CR-2024-001480,2024-09-20,54,,4734.87,Wire Transfer,AR00001480,2024-09-21,115
1481,CR-2024-001481,2024-09-12,55,,17017.42,Check,AR00001481,2024-09-14,97
1482,CR-2024-001482,2024-09-12,56,,5874.55,Wire Transfer,AR00001482,2024-09-13,115
1483,CR-2024-001483,2024-09-11,57,,2193.53,Check,AR00001483,2024-09-13,11
1484,CR-2024-001484,2024-09-10,58,,194.15,Check,AR00001484,2024-09-11,11
1485,CR-2024-001485,2024-09-12,59,,2478.88,ACH,AR00001485,2024-09-13,97
1486,CR-2024-001486,2024-09-10,60,,31225.15,ACH,AR00001486,2024-09-12,11
1487,CR-2024-001487,2024-09-05,61,,670.84,ACH,AR00001487,2024-09-05,11
1488,CR-2024-001488,2024-09-05,62,,7106.58,ACH,AR00001488,2024-09-05,97
1489,CR-2024-001489,2024-09-17,63,,9160.1,Wire Transfer,AR00001489,2024-09-18,97
1490,CR-2024-001490,2024-09-17,64,,7036.85,Wire Transfer,AR00001490,2024-09-19,115
1491,CR-2024-001491,2024-09-14,65,,17455.24,Wire Transfer,AR00001491,2024-09-14,11
1492,CR-2024-001492,2024-09-10,66,,273.87,ACH,AR00001492,2024-09-10,97
1493,CR-2024-001493,2024-09-14,67,,5155.48,ACH,AR00001493,2024-09-15,97
1494,CR-2024-001494,2024-09-13,68,,6015.07,Credit Card,AR00001494,2024-09-14,97
1495,CR-2024-001495,2024-09-06,69,,880.61,Credit Card,AR00001495,2024-09-07,115
1496,CR-2024-001496,2024-09-09,70,,1291.77,Check,AR00001496,2024-09-09,115
1497,CR-2024-001497,2024-09-11,71,,38430.58,ACH,AR00001497,2024-09-13,97
1498,CR-2024-001498,2024-09-11,72,,7229.39,Credit Card,AR00001498,2024-09-13,115
1499,CR-2024-001499,2024-09-11,73,,20270.62,Check,AR00001499,2024-09-11,97
1500,CR-2024-001500,2024-09-06,74,,0.45,Wire Transfer,AR00001500,2024-09-06,97
1501,CR-2024-001501,2024-09-13,75,,4692.93,Wire Transfer,AR00001501,2024-09-14,97
1502,CR-2024-001502,2024-09-11,77,,3242.92,Credit Card,AR00001502,2024-09-12,115
1503,CR-2024-001503,2024-09-10,78,,4359.42,ACH,AR00001503,2024-09-11,97
1504,CR-2024-001504,2024-09-17,79,,16288.42,Wire Transfer,AR00001504,2024-09-18,97
1505,CR-2024-001505,2024-09-12,80,,5838.58,Credit Card,AR00001505,2024-09-14,115
1506,CR-2024-001506,2024-09-11,81,,13360.09,Check,AR00001506,2024-09-12,11
1507,CR-2024-001507,2024-09-11,82,,7792.2,Check,AR00001507,2024-09-13,115
1508,CR-2024-001508,2024-09-03,83,2477.0,78.33,ACH,AR00001508,2024-09-05,115
1509,CR-2024-001509,2024-09-17,84,,12156.52,Check,AR00001509,2024-09-18,115
1510,CR-2024-001510,2024-09-07,85,,525.09,Credit Card,AR00001510,2024-09-08,11
1511,CR-2024-001511,2024-09-13,86,,14335.13,ACH,AR00001511,2024-09-13,115
1512,CR-2024-001512,2024-09-12,87,,25107.47,Check,AR00001512,2024-09-14,97
1513,CR-2024-001513,2024-09-07,88,1989.0,47.97,Credit Card,AR00001513,2024-09-07,97
1514,CR-2024-001514,2024-09-09,89,,229.97,ACH,AR00001514,2024-09-11,11
1515,CR-2024-001515,2024-09-13,90,,10475.39,ACH,AR00001515,2024-09-13,115
1516,CR-2024-001516,2024-09-17,91,,10516.03,Wire Transfer,AR00001516,2024-09-17,11
1517,CR-2024-001517,2024-09-20,92,,7038.12,ACH,AR00001517,2024-09-21,11
1518,CR-2024-001518,2024-09-06,93,,275.1,Wire Transfer,AR00001518,2024-09-07,11
1519,CR-2024-001519,2024-09-09,95,,3316.56,Wire Transfer,AR00001519,2024-09-10,97
1520,CR-2024-001520,2024-09-10,96,,19536.54,Wire Transfer,AR00001520,2024-09-11,11
1521,CR-2024-001521,2024-09-16,97,,1737.53,Wire Transfer,AR00001521,2024-09-18,115
1522,CR-2024-001522,2024-09-12,98,,6875.57,Credit Card,AR00001522,2024-09-14,97
1523,CR-2024-001523,2024-09-06,99,,2094.07,Credit Card,AR00001523,2024-09-06,11
1524,CR-2024-001524,2024-09-13,100,,5082.62,ACH,AR00001524,2024-09-14,97
1525,CR-2024-001525,2024-09-10,101,,1484.55,Credit Card,AR00001525,2024-09-10,97
1526,CR-2024-001526,2024-09-12,102,,1000.65,Check,AR00001526,2024-09-13,97
1527,CR-2024-001527,2024-09-13,103,,1237.09,Wire Transfer,AR00001527,2024-09-15,11
1528,CR-2024-001528,2024-09-14,104,,17587.22,Check,AR00001528,2024-09-16,115
1529,CR-2024-001529,2024-09-17,105,,31968.06,Wire Transfer,AR00001529,2024-09-17,11
1530,CR-2024-001530,2024-09-10,106,,41512.2,Credit Card,AR00001530,2024-09-11,115
1531,CR-2024-001531,2024-09-11,107,,1711.39,Check,AR00001531,2024-09-13,115
1532,CR-2024-001532,2024-09-05,108,,0.5,ACH,AR00001532,2024-09-07,97
1533,CR-2024-001533,2024-09-10,109,,26397.53,Check,AR00001533,2024-09-11,97
1534,CR-2024-001534,2024-09-12,110,,26396.79,Wire Transfer,AR00001534,2024-09-14,11
1535,CR-2024-001535,2024-09-06,111,,13.52,ACH,AR00001535,2024-09-08,11
1536,CR-2024-001536,2024-09-11,112,,2638.91,Check,AR00001536,2024-09-11,97
1537,CR-2024-001537,2024-09-17,113,,16993.2,Check,AR00001537,2024-09-19,11
1538,CR-2024-001538,2024-09-11,114,,2203.65,Check,AR00001538,2024-09-11,11
1539,CR-2024-001539,2024-09-09,115,,788.55,ACH,AR00001539,2024-09-10,97
1540,CR-2024-001540,2024-09-06,116,2505.0,201.09,Credit Card,AR00001540,2024-09-08,115
1541,CR-2024-001541,2024-09-13,117,,6485.07,ACH,AR00001541,2024-09-13,97
1542,CR-2024-001542,2024-09-16,118,,24011.44,ACH,AR00001542,2024-09-16,115
1543,CR-2024-001543,2024-09-11,119,,10395.07,Check,AR00001543,2024-09-12,115
1544,CR-2024-001544,2024-09-13,120,,27450.02,ACH,AR00001544,2024-09-13,97
1545,CR-2024-001545,2024-09-06,121,,0.8,Check,AR00001545,2024-09-06,97
1546,CR-2024-001546,2024-09-20,122,,6449.62,Credit Card,AR00001546,2024-09-20,11
1547,CR-2024-001547,2024-09-14,123,,4415.96,ACH,AR00001547,2024-09-15,97
1548,CR-2024-001548,2024-09-11,124,,11297.67,Wire Transfer,AR00001548,2024-09-13,115
1549,CR-2024-001549,2024-09-13,125,,22558.43,Check,AR00001549,2024-09-14,97
1550,CR-2024-001550,2024-09-07,126,1690.0,6.65,Wire Transfer,AR00001550,2024-09-09,115
1551,CR-2024-001551,2024-09-12,127,,3394.95,Wire Transfer,AR00001551,2024-09-13,11
1552,CR-2024-001552,2024-09-13,128,,27415.3,Credit Card,AR00001552,2024-09-13,115
1553,CR-2024-001553,2024-09-11,129,,22908.65,Credit Card,AR00001553,2024-09-11,97
1554,CR-2024-001554,2024-09-10,130,,3983.1,ACH,AR00001554,2024-09-10,97
1555,CR-2024-001555,2024-09-14,131,,7865.62,Check,AR00001555,2024-09-15,115
1556,CR-2024-001556,2024-09-14,132,,765.56,Credit Card,AR00001556,2024-09-14,11
1557,CR-2024-001557,2024-09-10,133,,17061.9,Check,AR00001557,2024-09-11,97
1558,CR-2024-001558,2024-09-12,135,,15101.13,Wire Transfer,AR00001558,2024-09-12,11
1559,CR-2024-001559,2024-09-12,136,,53610.8,Check,AR00001559,2024-09-13,97
1560,CR-2024-001560,2024-09-05,137,2097.0,215.81,Wire Transfer,AR00001560,2024-09-06,11
1561,CR-2024-001561,2024-09-11,138,,17257.26,ACH,AR00001561,2024-09-12,97
1562,CR-2024-001562,2024-09-08,139,,5158.29,Wire Transfer,AR00001562,2024-09-08,11
1563,CR-2024-001563,2024-09-17,140,,9281.25,ACH,AR00001563,2024-09-19,115
1564,CR-2024-001564,2024-09-16,141,,15279.15,Credit Card,AR00001564,2024-09-16,115
1565,CR-2024-001565,2024-09-06,142,,5.73,Credit Card,AR00001565,2024-09-08,115
1566,CR-2024-001566,2024-09-07,143,,573.63,Check,AR00001566,2024-09-07,11
1567,CR-2024-001567,2024-09-10,144,,13521.93,Wire Transfer,AR00001567,2024-09-10,115
1568,CR-2024-001568,2024-09-14,145,,12373.42,Wire Transfer,AR00001568,2024-09-14,11
1569,CR-2024-001569,2024-09-12,146,,7914.65,Check,AR00001569,2024-09-12,115
1570,CR-2024-001570,2024-09-16,147,,9761.75,Credit Card,AR00001570,2024-09-16,115
1571,CR-2024-001571,2024-09-17,148,,5576.83,ACH,AR00001571,2024-09-17,115
1572,CR-2024-001572,2024-09-18,149,,11478.68,Wire Transfer,AR00001572,2024-09-20,11
1573,CR-2024-001573,2024-09-16,150,,42209.45,Check,AR00001573,2024-09-17,115
1574,CR-2024-001574,2024-09-08,151,,533.91,ACH,AR00001574,2024-09-10,11
1575,CR-2024-001575,2024-09-10,152,,7681.22,ACH,AR00001575,2024-09-11,115
1576,CR-2024-001576,2024-09-10,153,,83.31,Credit Card,AR00001576,2024-09-10,11
1577,CR-2024-001577,2024-09-10,154,,3013.91,Credit Card,AR00001577,2024-09-12,97
1578,CR-2024-001578,2024-09-12,155,,371.61,ACH,AR00001578,2024-09-14,115
1579,CR-2024-001579,2024-09-19,156,,55606.25,Wire Transfer,AR00001579,2024-09-19,97
1580,CR-2024-001580,2024-09-11,157,,533.24,Wire Transfer,AR00001580,2024-09-13,115
1581,CR-2024-001581,2024-09-13,158,,8557.6,ACH,AR00001581,2024-09-14,115
1582,CR-2024-001582,2024-09-17,159,,27291.63,ACH,AR00001582,2024-09-19,115
1583,CR-2024-001583,2024-09-12,160,,3534.2,ACH,AR00001583,2024-09-13,11
1584,CR-2024-001584,2024-09-12,161,,24619.37,ACH,AR00001584,2024-09-13,11
1585,CR-2024-001585,2024-09-19,162,,22593.91,Credit Card,AR00001585,2024-09-19,115
1586,CR-2024-001586,2024-09-10,163,,839.13,ACH,AR00001586,2024-09-10,97
1587,CR-2024-001587,2024-09-10,164,,8932.06,ACH,AR00001587,2024-09-11,11
1588,CR-2024-001588,2024-09-16,165,,5900.66,Credit Card,AR00001588,2024-09-16,97
1589,CR-2024-001589,2024-09-14,166,,11755.49,Credit Card,AR00001589,2024-09-15,11
1590,CR-2024-001590,2024-09-22,167,4287.0,371.88,Check,AR00001590,2024-09-22,11
1591,CR-2024-001591,2024-09-18,168,,1740.44,Credit Card,AR00001591,2024-09-20,115
1592,CR-2024-001592,2024-09-14,169,,56583.0,Wire Transfer,AR00001592,2024-09-16,97
1593,CR-2024-001593,2024-09-13,170,,1925.8,ACH,AR00001593,2024-09-14,115
1594,CR-2024-001594,2024-09-10,171,,4129.63,Credit Card,AR00001594,2024-09-11,11
1595,CR-2024-001595,2024-09-16,172,,10080.99,Credit Card,AR00001595,2024-09-18,115
1596,CR-2024-001596,2024-09-12,173,,40138.68,Wire Transfer,AR00001596,2024-09-13,97
1597,CR-2024-001597,2024-09-11,174,,21397.96,Wire Transfer,AR00001597,2024-09-13,115
1598,CR-2024-001598,2024-09-12,175,2919.0,659.1,ACH,AR00001598,2024-09-13,11
1599,CR-2024-001599,2024-09-10,176,,2655.05,ACH,AR00001599,2024-09-10,11
1600,CR-2024-001600,2024-09-14,177,,22722.98,Wire Transfer,AR00001600,2024-09-16,11
1601,CR-2024-001601,2024-09-06,178,,1040.48,ACH,AR00001601,2024-09-08,97
1602,CR-2024-001602,2024-09-11,179,,20221.11,Wire Transfer,AR00001602,2024-09-13,115
1603,CR-2024-001603,2024-09-17,180,,11253.15,ACH,AR00001603,2024-09-18,97
1604,CR-2024-001604,2024-09-09,181,,7045.58,Check,AR00001604,2024-09-09,97
1605,CR-2024-001605,2024-09-19,182,,50074.62,Check,AR00001605,2024-09-19,115
1606,CR-2024-001606,2024-09-10,183,,10138.88,Check,AR00001606,2024-09-12,97
1607,CR-2024-001607,2024-09-06,184,,17169.25,Credit Card,AR00001607,2024-09-08,97
1608,CR-2024-001608,2024-09-14,185,,28140.57,Credit Card,AR00001608,2024-09-15,97
1609,CR-2024-001609,2024-09-20,186,,252.49,ACH,AR00001609,2024-09-22,115
1610,CR-2024-001610,2024-09-13,187,,17030.45,Credit Card,AR00001610,2024-09-14,97
1611,CR-2024-001611,2024-09-11,188,3609.0,9641.13,ACH,AR00001611,2024-09-11,97
1612,CR-2024-001612,2024-09-10,189,,17228.58,ACH,AR00001612,2024-09-11,115
1613,CR-2024-001613,2024-09-10,190,,9355.55,Check,AR00001613,2024-09-10,11
1614,CR-2024-001614,2024-09-17,191,,8783.71,Wire Transfer,AR00001614,2024-09-19,11
1615,CR-2024-001615,2024-09-19,192,,23189.51,ACH,AR00001615,2024-09-20,97
1616,CR-2024-001616,2024-09-12,193,,39139.42,Credit Card,AR00001616,2024-09-14,115
1617,CR-2024-001617,2024-09-20,194,,10995.7,Wire Transfer,AR00001617,2024-09-20,115
1618,CR-2024-001618,2024-09-20,195,,14794.35,Wire Transfer,AR00001618,2024-09-21,11
1619,CR-2024-001619,2024-09-17,196,,34901.23,ACH,AR00001619,2024-09-17,11
1620,CR-2024-001620,2024-09-14,197,,1865.5,Wire Transfer,AR00001620,2024-09-15,97
1621,CR-2024-001621,2024-09-16,198,,36753.06,Check,AR00001621,2024-09-18,97
1622,CR-2024-001622,2024-09-10,199,,43113.21,Wire Transfer,AR00001622,2024-09-10,11
1623,CR-2024-001623,2024-09-12,200,,34972.38,Credit Card,AR00001623,2024-09-12,11
1624,CR-2024-001624,2024-09-24,201,,167.51,ACH,AR00001624,2024-09-26,97
1625,CR-2024-001625,2024-09-11,202,,12834.2,Check,AR00001625,2024-09-12,97
1626,CR-2024-001626,2024-09-13,203,3639.0,1744.1,Wire Transfer,AR00001626,2024-09-15,97
1627,CR-2024-001627,2024-09-19,204,,24125.85,Credit Card,AR00001627,2024-09-20,115
1628,CR-2024-001628,2024-09-14,205,,25663.59,Wire Transfer,AR00001628,2024-09-16,115
1629,CR-2024-001629,2024-09-14,206,,6647.86,Credit Card,AR00001629,2024-09-15,97
1630,CR-2024-001630,2024-09-14,208,,26069.75,Credit Card,AR00001630,2024-09-15,97
1631,CR-2024-001631,2024-09-08,209,,7212.06,Credit Card,AR00001631,2024-09-08,97
1632,CR-2024-001632,2024-09-22,210,,3881.75,Wire Transfer,AR00001632,2024-09-24,11
1633,CR-2024-001633,2024-09-10,211,,10231.6,Wire Transfer,AR00001633,2024-09-10,115
1634,CR-2024-001634,2024-10-27,136,,4030.83,Check,DEP00001634,2024-10-27,11
1635,CR-2024-001635,2024-10-11,106,4169.0,2170.97,ACH,DEP00001635,2024-10-11,115
1636,CR-2024-001636,2024-10-23,81,,1540.79,Check,DEP00001636,2024-10-23,97
1637,CR-2024-001637,2024-10-31,173,,4562.33,Wire Transfer,DEP00001637,2024-10-31,11
1638,CR-2024-001638,2024-10-08,65,,1565.76,Check,DEP00001638,2024-10-08,115
1639,CR-2024-001639,2024-10-06,136,,2350.25,Wire Transfer,DEP00001639,2024-10-06,115
1640,CR-2024-001640,2024-10-14,52,,893.77,Check,DEP00001640,2024-10-14,115
1641,CR-2024-001641,2024-10-12,1,,21078.68,Check,AR00001641,2024-10-12,11
1642,CR-2024-001642,2024-10-05,2,,544.37,Check,AR00001642,2024-10-06,11
1643,CR-2024-001643,2024-10-18,3,,3804.7,Wire Transfer,AR00001643,2024-10-19,97
1644,CR-2024-001644,2024-10-17,4,,6517.27,Credit Card,AR00001644,2024-10-17,11
1645,CR-2024-001645,2024-10-13,5,,4281.83,Wire Transfer,AR00001645,2024-10-14,11
1646,CR-2024-001646,2024-10-11,6,,30478.38,ACH,AR00001646,2024-10-13,11
1647,CR-2024-001647,2024-10-12,7,,25980.38,Check,AR00001647,2024-10-13,115
1648,CR-2024-001648,2024-10-06,8,3680.0,224.14,Credit Card,AR00001648,2024-10-06,97
1649,CR-2024-001649,2024-10-12,9,,30909.93,ACH,AR00001649,2024-10-13,97
1650,CR-2024-001650,2024-10-14,10,,9991.85,Wire Transfer,AR00001650,2024-10-14,97
1651,CR-2024-001651,2024-10-06,11,,249.06,ACH,AR00001651,2024-10-06,115
1652,CR-2024-001652,2024-10-23,12,,496.48,Credit Card,AR00001652,2024-10-23,11
1653,CR-2024-001653,2024-10-19,13,,4640.29,Wire Transfer,AR00001653,2024-10-19,11
1654,CR-2024-001654,2024-10-13,14,,503.28,Check,AR00001654,2024-10-13,115
1655,CR-2024-001655,2024-10-14,15,,27907.9,Check,AR00001655,2024-10-14,97
1656,CR-2024-001656,2024-10-14,16,,5561.24,Credit Card,AR00001656,2024-10-15,97
1657,CR-2024-001657,2024-10-11,17,,9331.8,Check,AR00001657,2024-10-13,11
1658,CR-2024-001658,2024-10-10,18,,12261.45,Credit Card,AR00001658,2024-10-10,115
1659,CR-2024-001659,2024-10-14,19,,7918.1,ACH,AR00001659,2024-10-15,11
1660,CR-2024-001660,2024-10-13,20,,14165.03,Credit Card,AR00001660,2024-10-15,97
1661,CR-2024-001661,2024-10-07,21,,2625.62,Credit Card,AR00001661,2024-10-07,97
1662,CR-2024-001662,2024-10-10,22,,20562.02,Credit Card,AR00001662,2024-10-10,11
1663,CR-2024-001663,2024-10-13,23,,12297.73,ACH,AR00001663,2024-10-14,97
1664,CR-2024-001664,2024-10-13,24,,1197.59,Wire Transfer,AR00001664,2024-10-14,11
1665,CR-2024-001665,2024-10-23,25,,377.66,Wire Transfer,AR00001665,2024-10-25,97
1666,CR-2024-001666,2024-10-10,26,,5576.53,Wire Transfer,AR00001666,2024-10-12,11
1667,CR-2024-001667,2024-10-13,27,,4406.69,ACH,AR00001667,2024-10-14,11
1668,CR-2024-001668,2024-10-12,28,,3211.53,Check,AR00001668,2024-10-14,97
1669,CR-2024-001669,2024-10-11,29,,3199.21,Check,AR00001669,2024-10-12,11
1670,CR-2024-001670,2024-10-12,30,,6959.29,Wire Transfer,AR00001670,2024-10-12,115
1671,CR-2024-001671,2024-10-14,31,,8891.97,Check,AR00001671,2024-10-16,11
1672,CR-2024-001672,2024-10-14,32,,13391.21,Credit Card,AR00001672,2024-10-14,11
1673,CR-2024-001673,2024-10-13,33,,16794.46,Wire Transfer,AR00001673,2024-10-13,11
1674,CR-2024-001674,2024-10-14,34,,56911.81,Wire Transfer,AR00001674,2024-10-14,97
1675,CR-2024-001675,2024-10-21,35,,2449.61,Wire Transfer,AR00001675,2024-10-21,97
1676,CR-2024-001676,2024-10-16,36,,3296.11,Wire Transfer,AR00001676,2024-10-17,115
1677,CR-2024-001677,2024-10-19,37,,20877.22,Check,AR00001677,2024-10-21,115
1678,CR-2024-001678,2024-10-13,38,,12859.45,Wire Transfer,AR00001678,2024-10-15,97
1679,CR-2024-001679,2024-10-13,39,,9689.01,Credit Card,AR00001679,2024-10-13,115
1680,CR-2024-001680,2024-10-05,40,,252.42,Wire Transfer,AR00001680,2024-10-07,115
1681,CR-2024-001681,2024-10-11,41,,5123.01,ACH,AR00001681,2024-10-11,115
1682,CR-2024-001682,2024-10-09,42,,1025.82,Credit Card,AR00001682,2024-10-09,97
1683,CR-2024-001683,2024-10-17,43,,18095.75,Check,AR00001683,2024-10-17,115
1684,CR-2024-001684,2024-10-11,44,,8986.57,ACH,AR00001684,2024-10-12,115
1685,CR-2024-001685,2024-10-10,45,,1939.77,Credit Card,AR00001685,2024-10-11,115
1686,CR-2024-001686,2024-10-20,46,4560.0,922.43,Wire Transfer,AR00001686,2024-10-21,11
1687,CR-2024-001687,2024-10-18,47,,3050.85,Wire Transfer,AR00001687,2024-10-19,97
1688,CR-2024-001688,2024-10-07,48,,736.3,Credit Card,AR00001688,2024-10-08,115
1689,CR-2024-001689,2024-10-17,49,,37295.48,Check,AR00001689,2024-10-18,97
1690,CR-2024-001690,2024-10-10,50,,11.91,Check,AR00001690,2024-10-10,115
1691,CR-2024-001691,2024-10-14,51,,32667.76,ACH,AR00001691,2024-10-15,11
1692,CR-2024-001692,2024-10-21,52,,189.53,ACH,AR00001692,2024-10-22,97
1693,CR-2024-001693,2024-10-07,53,,0.01,Check,AR00001693,2024-10-09,97
1694,CR-2024-001694,2024-10-12,54,,1964.04,Check,AR00001694,2024-10-14,115
1695,CR-2024-001695,2024-10-11,55,,13544.78,ACH,AR00001695,2024-10-11,97
1696,CR-2024-001696,2024-10-12,56,,3491.15,Check,AR00001696,2024-10-13,97
1697,CR-2024-001697,2024-10-10,57,,604.82,Credit Card,AR00001697,2024-10-10,115
1698,CR-2024-001698,2024-10-07,58,,6.39,Wire Transfer,AR00001698,2024-10-09,97
1699,CR-2024-001699,2024-10-14,59,3196.0,557.33,ACH,AR00001699,2024-10-15,11
1700,CR-2024-001700,2024-10-13,60,,14507.36,ACH,AR00001700,2024-10-14,115
1701,CR-2024-001701,2024-10-17,61,,5754.77,Wire Transfer,AR00001701,2024-10-19,11
1702,CR-2024-001702,2024-10-19,62,,21562.54,ACH,AR00001702,2024-10-19,115
1703,CR-2024-001703,2024-10-14,63,,3729.83,ACH,AR00001703,2024-10-14,97
1704,CR-2024-001704,2024-10-13,64,,925.36,Check,AR00001704,2024-10-13,97
1705,CR-2024-001705,2024-10-13,65,,26793.8,ACH,AR00001705,2024-10-13,97
1706,CR-2024-001706,2024-10-08,66,,20.56,Wire Transfer,AR00001706,2024-10-08,115
1707,CR-2024-001707,2024-10-12,67,,5349.33,Check,AR00001707,2024-10-14,11
1708,CR-2024-001708,2024-10-20,68,,9488.26,Wire Transfer,AR00001708,2024-10-21,97
1709,CR-2024-001709,2024-10-19,69,,3801.75,Check,AR00001709,2024-10-19,97
1710,CR-2024-001710,2024-10-18,70,,6898.18,Check,AR00001710,2024-10-18,97
1711,CR-2024-001711,2024-10-11,71,,30575.22,ACH,AR00001711,2024-10-12,97
1712,CR-2024-001712,2024-10-20,72,,33759.98,Wire Transfer,AR00001712,2024-10-22,97
1713,CR-2024-001713,2024-10-10,73,,14822.5,Wire Transfer,AR00001713,2024-10-10,11
1714,CR-2024-001714,2024-10-24,74,,739.0,Check,AR00001714,2024-10-25,11
1715,CR-2024-001715,2024-10-18,75,3944.0,4858.08,Check,AR00001715,2024-10-20,11
1716,CR-2024-001716,2024-10-23,76,,284.67,Wire Transfer,AR00001716,2024-10-24,11
1717,CR-2024-001717,2024-10-07,77,3047.0,528.57,ACH,AR00001717,2024-10-08,97
1718,CR-2024-001718,2024-10-07,78,,6736.49,Credit Card,AR00001718,2024-10-07,97
1719,CR-2024-001719,2024-10-10,79,,7368.85,ACH,AR00001719,2024-10-10,97
1720,CR-2024-001720,2024-10-16,80,,14773.03,Credit Card,AR00001720,2024-10-17,115
1721,CR-2024-001721,2024-10-10,81,,17128.04,ACH,AR00001721,2024-10-11,11
1722,CR-2024-001722,2024-10-14,82,,2515.44,Check,AR00001722,2024-10-15,97
1723,CR-2024-001723,2024-10-04,83,,5472.25,Check,AR00001723,2024-10-06,97
1724,CR-2024-001724,2024-10-11,84,,6337.35,ACH,AR00001724,2024-10-13,115
1725,CR-2024-001725,2024-10-04,85,,39.29,ACH,AR00001725,2024-10-06,11
1726,CR-2024-001726,2024-10-13,86,,6231.76,Credit Card,AR00001726,2024-10-13,11
1727,CR-2024-001727,2024-10-11,87,,26094.11,ACH,AR00001727,2024-10-12,97
1728,CR-2024-001728,2024-10-04,88,,1053.74,Wire Transfer,AR00001728,2024-10-06,97
1729,CR-2024-001729,2024-10-16,89,,969.64,Wire Transfer,AR00001729,2024-10-16,11
1730,CR-2024-001730,2024-10-13,90,,4721.57,Check,AR00001730,2024-10-14,11
1731,CR-2024-001731,2024-10-12,91,,3821.7,Check,AR00001731,2024-10-13,115
1732,CR-2024-001732,2024-10-13,92,,7876.88,Check,AR00001732,2024-10-13,115
1733,CR-2024-001733,2024-10-18,93,4679.0,2174.41,ACH,AR00001733,2024-10-18,11
1734,CR-2024-001734,2024-10-22,94,,1676.26,ACH,AR00001734,2024-10-22,97
1735,CR-2024-001735,2024-10-20,95,,12718.35,Check,AR00001735,2024-10-21,115
1736,CR-2024-001736,2024-10-13,96,,8571.94,ACH,AR00001736,2024-10-13,115
1737,CR-2024-001737,2024-10-19,97,,2063.16,Credit Card,AR00001737,2024-10-21,11
1738,CR-2024-001738,2024-10-10,98,,6428.37,ACH,AR00001738,2024-10-12,97
1739,CR-2024-001739,2024-10-20,99,,8389.22,Check,AR00001739,2024-10-22,115
1740,CR-2024-001740,2024-10-12,100,,2441.09,Wire Transfer,AR00001740,2024-10-13,97
1741,CR-2024-001741,2024-10-17,101,,4291.8,Check,AR00001741,2024-10-17,11
1742,CR-2024-001742,2024-10-24,102,,3411.03,Wire Transfer,AR00001742,2024-10-25,97
1743,CR-2024-001743,2024-10-18,103,,6886.26,ACH,AR00001743,2024-10-18,115
1744,CR-2024-001744,2024-10-17,104,,25907.03,Credit Card,AR00001744,2024-10-17,11
1745,CR-2024-001745,2024-10-12,105,,27291.98,Wire Transfer,AR00001745,2024-10-14,97
1746,CR-2024-001746,2024-10-11,106,,12933.98,Credit Card,AR00001746,2024-10-11,115
1747,CR-2024-001747,2024-10-09,107,,695.18,ACH,AR00001747,2024-10-11,115
1748,CR-2024-001748,2024-10-07,108,1264.0,0.03,ACH,AR00001748,2024-10-07,97
1749,CR-2024-001749,2024-10-10,109,,9187.29,Credit Card,AR00001749,2024-10-11,11
1750,CR-2024-001750,2024-10-10,110,,25798.33,Wire Transfer,AR00001750,2024-10-12,11
1751,CR-2024-001751,2024-10-03,111,,192.56,ACH,AR00001751,2024-10-03,97
1752,CR-2024-001752,2024-10-12,112,,2789.35,Check,AR00001752,2024-10-12,97
1753,CR-2024-001753,2024-10-13,113,,8412.26,Wire Transfer,AR00001753,2024-10-14,11
1754,CR-2024-001754,2024-10-18,114,,5902.6,Credit Card,AR00001754,2024-10-20,115
1755,CR-2024-001755,2024-10-03,115,,1943.91,Credit Card,AR00001755,2024-10-05,11
1756,CR-2024-001756,2024-10-06,116,2505.0,21.08,Credit Card,AR00001756,2024-10-08,11
1757,CR-2024-001757,2024-10-12,117,,3428.52,Credit Card,AR00001757,2024-10-13,97
1758,CR-2024-001758,2024-10-11,118,,9680.62,Check,AR00001758,2024-10-13,11
1759,CR-2024-001759,2024-10-13,119,,12350.36,Wire Transfer,AR00001759,2024-10-13,115
1760,CR-2024-001760,2024-10-13,120,,18486.57,ACH,AR00001760,2024-10-15,97
1761,CR-2024-001761,2024-10-20,121,,1759.75,ACH,AR00001761,2024-10-20,97
1762,CR-2024-001762,2024-10-12,122,,1272.51,Check,AR00001762,2024-10-13,11
1763,CR-2024-001763,2024-10-17,123,,21613.76,Wire Transfer,AR00001763,2024-10-19,11
1764,CR-2024-001764,2024-10-06,124,,18940.29,Credit Card,AR00001764,2024-10-08,97
1765,CR-2024-001765,2024-10-10,125,,22371.86,Check,AR00001765,2024-10-11,97
1766,CR-2024-001766,2024-10-06,126,,0.74,ACH,AR00001766,2024-10-08,115
1767,CR-2024-001767,2024-10-20,127,4795.0,6471.7,Wire Transfer,AR00001767,2024-10-21,115
1768,CR-2024-001768,2024-10-14,128,,52359.28,ACH,AR00001768,2024-10-14,97
1769,CR-2024-001769,2024-10-10,129,,29234.7,ACH,AR00001769,2024-10-12,115
1770,CR-2024-001770,2024-10-07,130,,5374.14,ACH,AR00001770,2024-10-08,115
1771,CR-2024-001771,2024-10-09,131,,3947.54,Wire Transfer,AR00001771,2024-10-11,11
1772,CR-2024-001772,2024-10-10,132,,150.55,Wire Transfer,AR00001772,2024-10-11,115
1773,CR-2024-001773,2024-10-14,133,,14942.65,Credit Card,AR00001773,2024-10-16,11
1774,CR-2024-001774,2024-10-20,135,,41228.29,Check,AR00001774,2024-10-20,97
1775,CR-2024-001775,2024-10-14,136,,56627.61,Wire Transfer,AR00001775,2024-10-15,97
1776,CR-2024-001776,2024-10-04,137,,1542.74,Check,AR00001776,2024-10-06,11
1777,CR-2024-001777,2024-10-10,138,,14132.19,Check,AR00001777,2024-10-12,97
1778,CR-2024-001778,2024-10-19,139,,18695.8,Check,AR00001778,2024-10-21,97
1779,CR-2024-001779,2024-10-12,140,,4606.08,ACH,AR00001779,2024-10-12,11
1780,CR-2024-001780,2024-10-14,141,,41414.75,Credit Card,AR00001780,2024-10-16,115
1781,CR-2024-001781,2024-10-06,142,,0.24,Wire Transfer,AR00001781,2024-10-07,11
1782,CR-2024-001782,2024-10-17,143,,3913.24,Wire Transfer,AR00001782,2024-10-19,11
1783,CR-2024-001783,2024-10-11,144,,11577.69,Wire Transfer,AR00001783,2024-10-11,97
1784,CR-2024-001784,2024-10-11,145,3613.0,5500.26,Credit Card,AR00001784,2024-10-11,11
1785,CR-2024-001785,2024-10-11,146,,16035.01,Check,AR00001785,2024-10-12,97
1786,CR-2024-001786,2024-10-11,147,,11454.14,Wire Transfer,AR00001786,2024-10-11,97
1787,CR-2024-001787,2024-10-13,148,3554.0,2367.3,Wire Transfer,AR00001787,2024-10-13,11
1788,CR-2024-001788,2024-10-13,149,,13146.82,Wire Transfer,AR00001788,2024-10-13,115
1789,CR-2024-001789,2024-10-14,150,,14875.13,Credit Card,AR00001789,2024-10-14,97
1790,CR-2024-001790,2024-10-06,151,,75.32,ACH,AR00001790,2024-10-06,11
1791,CR-2024-001791,2024-10-18,152,,17449.49,Credit Card,AR00001791,2024-10-18,97
1792,CR-2024-001792,2024-10-03,153,,3.76,Credit Card,AR00001792,2024-10-03,97
1793,CR-2024-001793,2024-10-10,154,,2598.58,Credit Card,AR00001793,2024-10-10,11
1794,CR-2024-001794,2024-10-07,155,,71.63,ACH,AR00001794,2024-10-08,11
1795,CR-2024-001795,2024-10-14,156,,55321.88,ACH,AR00001795,2024-10-16,97
1796,CR-2024-001796,2024-10-16,157,,2396.69,Credit Card,AR00001796,2024-10-17,97
1797,CR-2024-001797,2024-10-12,158,,12184.55,Credit Card,AR00001797,2024-10-14,97
1798,CR-2024-001798,2024-10-11,159,,15885.4,Wire Transfer,AR00001798,2024-10-12,97
1799,CR-2024-001799,2024-10-11,160,,641.52,Credit Card,AR00001799,2024-10-11,97
1800,CR-2024-001800,2024-10-14,161,,31995.17,Credit Card,AR00001800,2024-10-15,115
1801,CR-2024-001801,2024-10-10,162,,31690.76,ACH,AR00001801,2024-10-11,11
1802,CR-2024-001802,2024-10-20,163,,4558.27,Credit Card,AR00001802,2024-10-21,11
1803,CR-2024-001803,2024-10-13,164,,2538.75,Credit Card,AR00001803,2024-10-14,11
1804,CR-2024-001804,2024-10-14,165,,4907.7,Wire Transfer,AR00001804,2024-10-15,115
1805,CR-2024-001805,2024-10-10,166,,12736.78,Credit Card,AR00001805,2024-10-10,97
1806,CR-2024-001806,2024-10-18,167,,2692.1,Credit Card,AR00001806,2024-10-20,115
1807,CR-2024-001807,2024-10-12,168,,806.22,Credit Card,AR00001807,2024-10-13,11
1808,CR-2024-001808,2024-10-14,169,,40085.49,Credit Card,AR00001808,2024-10-14,97
1809,CR-2024-001809,2024-10-08,170,,362.54,Check,AR00001809,2024-10-08,11
1810,CR-2024-001810,2024-10-19,171,,7068.9,Check,AR00001810,2024-10-20,97
1811,CR-2024-001811,2024-10-12,172,,14903.19,Wire Transfer,AR00001811,2024-10-14,97
1812,CR-2024-001812,2024-10-12,173,,40106.53,Wire Transfer,AR00001812,2024-10-14,115
1813,CR-2024-001813,2024-10-11,174,,22045.06,ACH,AR00001813,2024-10-13,97
1814,CR-2024-001814,2024-10-08,175,,179.63,Credit Card,AR00001814,2024-10-10,115
1815,CR-2024-001815,2024-10-11,176,,3046.52,ACH,AR00001815,2024-10-12,115
1816,CR-2024-001816,2024-10-12,177,,14408.98,Check,AR00001816,2024-10-12,11
1817,CR-2024-001817,2024-10-16,178,,3211.32,Wire Transfer,AR00001817,2024-10-17,115
1818,CR-2024-001818,2024-10-14,179,,7393.49,Credit Card,AR00001818,2024-10-16,115
1819,CR-2024-001819,2024-10-14,180,,16003.63,Check,AR00001819,2024-10-14,11
1820,CR-2024-001820,2024-10-14,181,,3567.57,ACH,AR00001820,2024-10-15,97
1821,CR-2024-001821,2024-10-13,182,,26065.52,Wire Transfer,AR00001821,2024-10-13,97
1822,CR-2024-001822,2024-10-13,183,,5861.87,Check,AR00001822,2024-10-13,97
1823,CR-2024-001823,2024-10-17,184,,37781.54,Wire Transfer,AR00001823,2024-10-18,11
1824,CR-2024-001824,2024-10-12,185,,28940.05,Wire Transfer,AR00001824,2024-10-12,97
1825,CR-2024-001825,2024-10-21,186,4770.0,960.25,Wire Transfer,AR00001825,2024-10-21,11
1826,CR-2024-001826,2024-10-10,187,,6615.15,ACH,AR00001826,2024-10-12,11
1827,CR-2024-001827,2024-10-07,188,,4668.82,Credit Card,AR00001827,2024-10-09,115
1828,CR-2024-001828,2024-10-10,189,,9690.12,Check,AR00001828,2024-10-10,97
1829,CR-2024-001829,2024-10-18,190,,26346.98,Wire Transfer,AR00001829,2024-10-20,97
1830,CR-2024-001830,2024-10-14,191,,3511.77,ACH,AR00001830,2024-10-16,97
1831,CR-2024-001831,2024-10-11,192,,33717.1,Credit Card,AR00001831,2024-10-13,11
1832,CR-2024-001832,2024-10-12,193,,34143.42,Credit Card,AR00001832,2024-10-13,97
1833,CR-2024-001833,2024-10-14,194,,7788.42,Credit Card,AR00001833,2024-10-16,115
1834,CR-2024-001834,2024-10-13,195,,10719.29,Credit Card,AR00001834,2024-10-14,115
1835,CR-2024-001835,2024-10-13,196,,26085.32,Check,AR00001835,2024-10-15,97
1836,CR-2024-001836,2024-10-12,197,,405.38,Wire Transfer,AR00001836,2024-10-14,97
1837,CR-2024-001837,2024-10-11,198,,31377.05,ACH,AR00001837,2024-10-13,97
1838,CR-2024-001838,2024-10-14,199,,34834.36,Check,AR00001838,2024-10-16,97
1839,CR-2024-001839,2024-10-07,200,,23792.23,Wire Transfer,AR00001839,2024-10-07,11
1840,CR-2024-001840,2024-10-17,201,,1424.09,Wire Transfer,AR00001840,2024-10-17,115
1841,CR-2024-001841,2024-10-07,202,,25383.82,Check,AR00001841,2024-10-09,97
1842,CR-2024-001842,2024-10-07,203,,356.55,Credit Card,AR00001842,2024-10-09,97
1843,CR-2024-001843,2024-10-13,204,,18806.81,Credit Card,AR00001843,2024-10-15,115
1844,CR-2024-001844,2024-10-14,205,,12857.12,Credit Card,AR00001844,2024-10-15,115
1845,CR-2024-001845,2024-10-13,206,,2696.57,Credit Card,AR00001845,2024-10-15,115
1846,CR-2024-001846,2024-10-22,207,,2109.94,Wire Transfer,AR00001846,2024-10-24,115
1847,CR-2024-001847,2024-10-11,208,,16584.57,Wire Transfer,AR00001847,2024-10-13,115
1848,CR-2024-001848,2024-10-11,209,,16133.76,ACH,AR00001848,2024-10-13,97
1849,CR-2024-001849,2024-10-17,210,,19512.99,Credit Card,AR00001849,2024-10-18,11
1850,CR-2024-001850,2024-10-11,211,,17783.4,Check,AR00001850,2024-10-12,97
1851,CR-2024-001851,2024-11-27,19,,1589.2,ACH,DEP00001851,2024-11-27,11
1852,CR-2024-001852,2024-11-13,20,,3810.66,Wire Transfer,DEP00001852,2024-11-13,11
1853,CR-2024-001853,2024-11-29,156,4834.0,2016.7,Wire Transfer,DEP00001853,2024-11-29,115
1854,CR-2024-001854,2024-11-24,135,4484.0,3064.19,ACH,DEP00001854,2024-11-24,11
1855,CR-2024-001855,2024-11-15,158,,4073.05,Check,DEP00001855,2024-11-15,97
1856,CR-2024-001856,2024-11-11,1,,36786.9,ACH,AR00001856,2024-11-11,11
1857,CR-2024-001857,2024-11-18,2,,4373.87,Wire Transfer,AR00001857,2024-11-20,115
1858,CR-2024-001858,2024-11-13,3,,2004.49,Check,AR00001858,2024-11-15,97
1859,CR-2024-001859,2024-11-13,4,,5138.52,Credit Card,AR00001859,2024-11-14,11
1860,CR-2024-001860,2024-11-13,5,,2549.32,Credit Card,AR00001860,2024-11-15,97
1861,CR-2024-001861,2024-11-11,6,,13060.22,Check,AR00001861,2024-11-12,115
1862,CR-2024-001862,2024-11-11,7,,16651.52,Credit Card,AR00001862,2024-11-13,97
1863,CR-2024-001863,2024-11-07,8,,20.98,ACH,AR00001863,2024-11-09,97
1864,CR-2024-001864,2024-11-14,9,,34917.22,Wire Transfer,AR00001864,2024-11-14,11
1865,CR-2024-001865,2024-11-19,10,,17300.14,Wire Transfer,AR00001865,2024-11-20,115
1866,CR-2024-001866,2024-11-17,11,,2126.47,Check,AR00001866,2024-11-18,11
1867,CR-2024-001867,2024-11-16,12,5385.0,4752.63,Credit Card,AR00001867,2024-11-18,115
1868,CR-2024-001868,2024-11-12,13,,3754.95,ACH,AR00001868,2024-11-13,115
1869,CR-2024-001869,2024-11-09,14,,1585.29,Credit Card,AR00001869,2024-11-10,115
1870,CR-2024-001870,2024-11-11,15,,12697.49,Check,AR00001870,2024-11-11,97
1871,CR-2024-001871,2024-11-18,16,,20991.21,Check,AR00001871,2024-11-20,11
1872,CR-2024-001872,2024-11-13,17,,9217.22,Credit Card,AR00001872,2024-11-15,97
1873,CR-2024-001873,2024-11-20,18,,10840.35,Credit Card,AR00001873,2024-11-21,11
1874,CR-2024-001874,2024-11-11,19,,1157.4,ACH,AR00001874,2024-11-13,115
1875,CR-2024-001875,2024-11-16,20,,17892.36,Wire Transfer,AR00001875,2024-11-17,115
1876,CR-2024-001876,2024-11-10,21,,971.82,Credit Card,AR00001876,2024-11-11,11
1877,CR-2024-001877,2024-11-13,22,,19150.68,Wire Transfer,AR00001877,2024-11-15,97
1878,CR-2024-001878,2024-11-12,23,,17883.26,Wire Transfer,AR00001878,2024-11-12,97
1879,CR-2024-001879,2024-11-09,24,,332.18,Check,AR00001879,2024-11-09,97
1880,CR-2024-001880,2024-11-17,25,,3623.39,Wire Transfer,AR00001880,2024-11-18,11
1881,CR-2024-001881,2024-11-09,26,,1248.91,ACH,AR00001881,2024-11-11,11
1882,CR-2024-001882,2024-11-20,27,,10575.23,Credit Card,AR00001882,2024-11-20,97
1883,CR-2024-001883,2024-11-12,28,,652.24,Check,AR00001883,2024-11-12,115
1884,CR-2024-001884,2024-11-19,29,,8006.19,Wire Transfer,AR00001884,2024-11-20,115
1885,CR-2024-001885,2024-11-14,30,,6340.17,Wire Transfer,AR00001885,2024-11-14,115
1886,CR-2024-001886,2024-11-11,31,,10841.46,Wire Transfer,AR00001886,2024-11-11,115
1887,CR-2024-001887,2024-11-10,32,,26841.85,Check,AR00001887,2024-11-12,11
1888,CR-2024-001888,2024-11-12,33,,4923.05,ACH,AR00001888,2024-11-14,115
1889,CR-2024-001889,2024-11-12,34,,37343.98,ACH,AR00001889,2024-11-13,115
1890,CR-2024-001890,2024-11-18,35,,5085.76,Wire Transfer,AR00001890,2024-11-19,115
1891,CR-2024-001891,2024-11-19,36,,6576.62,Credit Card,AR00001891,2024-11-19,115
1892,CR-2024-001892,2024-11-18,37,,44442.25,Credit Card,AR00001892,2024-11-20,11
1893,CR-2024-001893,2024-11-08,38,,12663.55,Wire Transfer,AR00001893,2024-11-10,115
1894,CR-2024-001894,2024-11-10,39,,2687.0,ACH,AR00001894,2024-11-11,115
1895,CR-2024-001895,2024-11-20,40,,2658.95,Wire Transfer,AR00001895,2024-11-22,115
1896,CR-2024-001896,2024-11-14,41,4832.0,2066.54,Check,AR00001896,2024-11-15,115
1897,CR-2024-001897,2024-11-17,42,,5077.7,Wire Transfer,AR00001897,2024-11-18,11
1898,CR-2024-001898,2024-11-10,43,,10551.31,Wire Transfer,AR00001898,2024-11-10,11
1899,CR-2024-001899,2024-11-12,44,,12132.82,Credit Card,AR00001899,2024-11-14,115
1900,CR-2024-001900,2024-11-20,45,,8482.36,Credit Card,AR00001900,2024-11-20,115
1901,CR-2024-001901,2024-11-12,46,,967.38,Credit Card,AR00001901,2024-11-12,97
1902,CR-2024-001902,2024-11-19,47,,5748.99,Check,AR00001902,2024-11-20,115
1903,CR-2024-001903,2024-11-07,48,3646.0,39.3,ACH,AR00001903,2024-11-07,115
1904,CR-2024-001904,2024-11-11,49,,14440.55,Wire Transfer,AR00001904,2024-11-13,97
1905,CR-2024-001905,2024-11-03,50,3209.0,0.27,Check,AR00001905,2024-11-04,11
1906,CR-2024-001906,2024-11-11,51,,37607.63,Wire Transfer,AR00001906,2024-11-12,115
1907,CR-2024-001907,2024-11-22,52,,490.54,Credit Card,AR00001907,2024-11-22,115
1908,CR-2024-001908,2024-11-13,54,,470.34,Wire Transfer,AR00001908,2024-11-13,11
1909,CR-2024-001909,2024-11-13,55,,9327.34,Check,AR00001909,2024-11-15,97
1910,CR-2024-001910,2024-11-13,56,,787.78,Check,AR00001910,2024-11-14,115
1911,CR-2024-001911,2024-11-05,57,,530.25,ACH,AR00001911,2024-11-06,97
1912,CR-2024-001912,2024-11-03,58,,0.03,Check,AR00001912,2024-11-04,11
1913,CR-2024-001913,2024-11-10,59,,111.0,Credit Card,AR00001913,2024-11-11,115
1914,CR-2024-001914,2024-11-06,60,,3847.26,ACH,AR00001914,2024-11-08,11
1915,CR-2024-001915,2024-11-12,61,,6192.82,Credit Card,AR00001915,2024-11-14,115
1916,CR-2024-001916,2024-11-10,62,,14480.64,Wire Transfer,AR00001916,2024-11-11,115
1917,CR-2024-001917,2024-11-18,63,,1509.98,ACH,AR00001917,2024-11-20,11
1918,CR-2024-001918,2024-11-10,64,,3232.79,ACH,AR00001918,2024-11-10,97
1919,CR-2024-001919,2024-11-11,65,,27861.2,ACH,AR00001919,2024-11-11,115
1920,CR-2024-001920,2024-11-05,66,,0.1,Check,AR00001920,2024-11-06,11
1921,CR-2024-001921,2024-11-14,67,,4519.06,Credit Card,AR00001921,2024-11-14,115
1922,CR-2024-001922,2024-11-10,68,,12398.08,Credit Card,AR00001922,2024-11-11,115
1923,CR-2024-001923,2024-11-10,69,,1683.81,Wire Transfer,AR00001923,2024-11-11,97
1924,CR-2024-001924,2024-11-20,70,,21380.7,Wire Transfer,AR00001924,2024-11-22,97
1925,CR-2024-001925,2024-11-12,71,,10567.0,Credit Card,AR00001925,2024-11-13,11
1926,CR-2024-001926,2024-11-11,72,,38084.0,Credit Card,AR00001926,2024-11-12,115
1927,CR-2024-001927,2024-11-13,73,,9834.42,ACH,AR00001927,2024-11-13,97
1928,CR-2024-001928,2024-11-16,74,,7450.0,ACH,AR00001928,2024-11-18,97
1929,CR-2024-001929,2024-11-13,75,,3680.5,Credit Card,AR00001929,2024-11-14,11
1930,CR-2024-001930,2024-11-16,76,,4214.52,ACH,AR00001930,2024-11-16,11
1931,CR-2024-001931,2024-11-04,77,3047.0,89.33,Wire Transfer,AR00001931,2024-11-05,97
1932,CR-2024-001932,2024-11-20,78,,28099.33,Wire Transfer,AR00001932,2024-11-21,115
1933,CR-2024-001933,2024-11-07,79,,1545.74,Wire Transfer,AR00001933,2024-11-08,97
1934,CR-2024-001934,2024-11-12,80,,20032.05,Credit Card,AR00001934,2024-11-14,115
1935,CR-2024-001935,2024-11-12,81,,30288.29,Check,AR00001935,2024-11-13,97
1936,CR-2024-001936,2024-11-07,82,,1048.51,Wire Transfer,AR00001936,2024-11-07,11
1937,CR-2024-001937,2024-11-19,83,,23273.11,Wire Transfer,AR00001937,2024-11-19,115
1938,CR-2024-001938,2024-11-13,84,,11668.38,ACH,AR00001938,2024-11-14,97
1939,CR-2024-001939,2024-11-07,85,,4.54,Credit Card,AR00001939,2024-11-07,115
1940,CR-2024-001940,2024-11-09,86,,2035.79,Wire Transfer,AR00001940,2024-11-11,97
1941,CR-2024-001941,2024-11-11,87,,15290.8,Credit Card,AR00001941,2024-11-13,97
1942,CR-2024-001942,2024-11-18,88,,9489.27,Check,AR00001942,2024-11-18,115
1943,CR-2024-001943,2024-11-13,89,,952.75,Check,AR00001943,2024-11-14,11
1944,CR-2024-001944,2024-11-09,90,,8551.47,Credit Card,AR00001944,2024-11-11,11
1945,CR-2024-001945,2024-11-10,91,,3642.06,Credit Card,AR00001945,2024-11-11,97
1946,CR-2024-001946,2024-11-13,92,,9535.8,ACH,AR00001946,2024-11-14,115
1947,CR-2024-001947,2024-11-12,93,,582.23,Credit Card,AR00001947,2024-11-14,11
1948,CR-2024-001948,2024-11-19,94,,7363.33,Wire Transfer,AR00001948,2024-11-21,11
1949,CR-2024-001949,2024-11-10,95,,31622.84,Wire Transfer,AR00001949,2024-11-12,115
1950,CR-2024-001950,2024-11-10,96,,6037.34,Check,AR00001950,2024-11-11,11
1951,CR-2024-001951,2024-11-19,97,,3792.28,ACH,AR00001951,2024-11-21,11
1952,CR-2024-001952,2024-11-18,98,,22275.03,Credit Card,AR00001952,2024-11-18,97
1953,CR-2024-001953,2024-11-16,99,,14799.04,Credit Card,AR00001953,2024-11-18,115
1954,CR-2024-001954,2024-11-18,100,,3557.21,Wire Transfer,AR00001954,2024-11-20,115
1955,CR-2024-001955,2024-11-11,101,,5540.44,ACH,AR00001955,2024-11-11,115
1956,CR-2024-001956,2024-11-17,102,,6990.7,Check,AR00001956,2024-11-19,97
1957,CR-2024-001957,2024-11-16,103,,5015.78,Credit Card,AR00001957,2024-11-17,11
1958,CR-2024-001958,2024-11-12,104,,26171.79,Wire Transfer,AR00001958,2024-11-14,97
1959,CR-2024-001959,2024-11-12,105,,12382.54,Credit Card,AR00001959,2024-11-13,11
1960,CR-2024-001960,2024-11-13,106,,17131.01,Credit Card,AR00001960,2024-11-13,115
1961,CR-2024-001961,2024-11-13,107,,357.72,Credit Card,AR00001961,2024-11-14,115
1962,CR-2024-001962,2024-11-06,109,,4053.93,Check,AR00001962,2024-11-08,97
1963,CR-2024-001963,2024-11-14,110,,27385.95,Wire Transfer,AR00001963,2024-11-16,97
1964,CR-2024-001964,2024-11-17,111,5373.0,1697.87,Wire Transfer,AR00001964,2024-11-18,115
1965,CR-2024-001965,2024-11-12,112,,3450.33,Credit Card,AR00001965,2024-11-12,115
1966,CR-2024-001966,2024-11-14,113,,8197.85,Check,AR00001966,2024-11-16,97
1967,CR-2024-001967,2024-11-14,114,4823.0,2199.78,Credit Card,AR00001967,2024-11-16,115
1968,CR-2024-001968,2024-11-19,115,,15884.29,Credit Card,AR00001968,2024-11-21,11
1969,CR-2024-001969,2024-11-05,116,,1280.86,ACH,AR00001969,2024-11-07,97
1970,CR-2024-001970,2024-11-10,117,,4572.02,Wire Transfer,AR00001970,2024-11-12,11
1971,CR-2024-001971,2024-11-06,118,,4011.45,Check,AR00001971,2024-11-08,11
1972,CR-2024-001972,2024-11-13,119,,10158.63,ACH,AR00001972,2024-11-15,97
1973,CR-2024-001973,2024-11-12,120,,4625.9,Wire Transfer,AR00001973,2024-11-13,11
1974,CR-2024-001974,2024-11-18,121,,15026.22,Wire Transfer,AR00001974,2024-11-20,11
1975,CR-2024-001975,2024-11-10,122,4803.0,181.86,Check,AR00001975,2024-11-12,115
1976,CR-2024-001976,2024-11-11,123,,9458.49,Check,AR00001976,2024-11-12,115
1977,CR-2024-001977,2024-11-17,124,,28010.39,Wire Transfer,AR00001977,2024-11-18,11
1978,CR-2024-001978,2024-11-10,125,,19234.67,Check,AR00001978,2024-11-12,11
1979,CR-2024-001979,2024-11-07,126,1690.0,0.05,Credit Card,AR00001979,2024-11-08,115
1980,CR-2024-001980,2024-11-13,127,,11846.21,Wire Transfer,AR00001980,2024-11-13,97
1981,CR-2024-001981,2024-11-14,128,,28842.89,Wire Transfer,AR00001981,2024-11-15,115
1982,CR-2024-001982,2024-11-10,129,,21427.23,Check,AR00001982,2024-11-12,115
1983,CR-2024-001983,2024-11-12,130,,2051.22,ACH,AR00001983,2024-11-12,97
1984,CR-2024-001984,2024-11-20,131,,11942.14,Check,AR00001984,2024-11-21,97
1985,CR-2024-001985,2024-11-04,132,,19.74,ACH,AR00001985,2024-11-04,11
1986,CR-2024-001986,2024-11-18,133,,38221.13,Check,AR00001986,2024-11-20,115
1987,CR-2024-001987,2024-11-12,135,,31475.87,Wire Transfer,AR00001987,2024-11-14,97
1988,CR-2024-001988,2024-11-14,136,,58180.14,ACH,AR00001988,2024-11-14,97
1989,CR-2024-001989,2024-11-22,136,,11355.67,Check,AR00001989,2024-11-24,11
1990,CR-2024-001990,2024-11-19,137,,13015.15,Wire Transfer,AR00001990,2024-11-21,97
1991,CR-2024-001991,2024-11-10,138,,12825.84,Wire Transfer,AR00001991,2024-11-12,11
1992,CR-2024-001992,2024-11-10,139,,10812.64,ACH,AR00001992,2024-11-11,11
1993,CR-2024-001993,2024-11-10,140,,1586.43,Credit Card,AR00001993,2024-11-11,97
1994,CR-2024-001994,2024-11-14,141,,19206.89,Check,AR00001994,2024-11-15,115
1995,CR-2024-001995,2024-11-12,143,,4778.22,ACH,AR00001995,2024-11-13,97
1996,CR-2024-001996,2024-11-20,144,,19294.12,Check,AR00001996,2024-11-21,11
1997,CR-2024-001997,2024-11-08,145,,1828.88,Wire Transfer,AR00001997,2024-11-09,11
1998,CR-2024-001998,2024-11-11,146,,20218.73,Credit Card,AR00001998,2024-11-12,97
1999,CR-2024-001999,2024-11-11,147,,5592.3,ACH,AR00001999,2024-11-11,97
2000,CR-2024-002000,2024-11-08,148,,407.11,Wire Transfer,AR00002000,2024-11-08,97
2001,CR-2024-002001,2024-11-10,149,,9233.18,ACH,AR00002001,2024-11-12,115
2002,CR-2024-002002,2024-11-11,150,,6203.34,Wire Transfer,AR00002002,2024-11-12,97
2003,CR-2024-002003,2024-11-04,151,,8.3,Credit Card,AR00002003,2024-11-04,115
2004,CR-2024-002004,2024-11-10,152,,18926.0,Wire Transfer,AR00002004,2024-11-10,11
2005,CR-2024-002005,2024-11-05,153,,0.02,Check,AR00002005,2024-11-05,97
2006,CR-2024-002006,2024-11-20,154,,16365.93,Check,AR00002006,2024-11-21,115
2007,CR-2024-002007,2024-11-05,155,,1.43,ACH,AR00002007,2024-11-05,11
2008,CR-2024-002008,2024-11-12,156,,28407.51,Wire Transfer,AR00002008,2024-11-14,11
2009,CR-2024-002009,2024-11-11,157,,700.89,Check,AR00002009,2024-11-11,97
2010,CR-2024-002010,2024-11-11,158,,9421.68,Wire Transfer,AR00002010,2024-11-12,115
2011,CR-2024-002011,2024-11-10,159,,8602.96,Wire Transfer,AR00002011,2024-11-10,97
2012,CR-2024-002012,2024-11-08,160,,797.43,Wire Transfer,AR00002012,2024-11-08,115
2013,CR-2024-002013,2024-11-12,161,,27796.54,Check,AR00002013,2024-11-14,11
2014,CR-2024-002014,2024-11-13,162,,12798.44,Wire Transfer,AR00002014,2024-11-15,11
2015,CR-2024-002015,2024-11-18,163,,8523.28,Credit Card,AR00002015,2024-11-20,115
2016,CR-2024-002016,2024-11-06,164,,433.69,Check,AR00002016,2024-11-07,11
2017,CR-2024-002017,2024-11-18,165,,2664.8,Wire Transfer,AR00002017,2024-11-19,97
2018,CR-2024-002018,2024-11-17,166,,42936.41,Credit Card,AR00002018,2024-11-18,97
2019,CR-2024-002019,2024-11-10,167,,1386.25,ACH,AR00002019,2024-11-11,97
2020,CR-2024-002020,2024-11-11,168,,367.94,ACH,AR00002020,2024-11-13,11
2021,CR-2024-002021,2024-11-12,169,,56962.31,Check,AR00002021,2024-11-14,11
2022,CR-2024-002022,2024-11-20,170,5346.0,728.95,Credit Card,AR00002022,2024-11-20,115
2023,CR-2024-002023,2024-11-11,171,,3207.58,Wire Transfer,AR00002023,2024-11-13,97
2024,CR-2024-002024,2024-11-10,172,,38414.46,ACH,AR00002024,2024-11-11,11
2025,CR-2024-002025,2024-11-10,173,,43394.12,Credit Card,AR00002025,2024-11-12,11
2026,CR-2024-002026,2024-11-14,174,,18701.71,Credit Card,AR00002026,2024-11-16,97
2027,CR-2024-002027,2024-11-18,175,,638.62,Wire Transfer,AR00002027,2024-11-20,11
2028,CR-2024-002028,2024-11-18,176,,11476.79,Wire Transfer,AR00002028,2024-11-20,115
2029,CR-2024-002029,2024-11-18,177,,32508.15,Credit Card,AR00002029,2024-11-19,11
2030,CR-2024-002030,2024-11-14,178,,1251.32,Credit Card,AR00002030,2024-11-15,115
2031,CR-2024-002031,2024-11-06,179,,14766.06,Check,AR00002031,2024-11-07,115
2032,CR-2024-002032,2024-11-10,180,,7924.69,Credit Card,AR00002032,2024-11-12,11
2033,CR-2024-002033,2024-11-16,181,,10656.64,Credit Card,AR00002033,2024-11-17,11
2034,CR-2024-002034,2024-11-10,182,,10201.66,Credit Card,AR00002034,2024-11-12,97
2035,CR-2024-002035,2024-11-20,183,,14886.12,Wire Transfer,AR00002035,2024-11-20,97
2036,CR-2024-002036,2024-11-10,184,,37952.17,ACH,AR00002036,2024-11-11,11
2037,CR-2024-002037,2024-11-11,185,,14884.59,ACH,AR00002037,2024-11-11,97
2038,CR-2024-002038,2024-11-20,186,4770.0,8237.51,Check,AR00002038,2024-11-20,97
2039,CR-2024-002039,2024-11-06,187,,3845.79,Check,AR00002039,2024-11-06,97
2040,CR-2024-002040,2024-11-16,188,,16442.23,ACH,AR00002040,2024-11-16,115
2041,CR-2024-002041,2024-11-09,189,,16671.08,Wire Transfer,AR00002041,2024-11-11,115
2042,CR-2024-002042,2024-11-14,190,,37412.63,Check,AR00002042,2024-11-16,97
2043,CR-2024-002043,2024-11-14,191,,1307.39,Credit Card,AR00002043,2024-11-15,11
2044,CR-2024-002044,2024-11-13,192,,16196.64,Check,AR00002044,2024-11-15,11
2045,CR-2024-002045,2024-11-10,193,,15704.67,Credit Card,AR00002045,2024-11-12,11
2046,CR-2024-002046,2024-11-13,194,,22584.65,Wire Transfer,AR00002046,2024-11-13,11
2047,CR-2024-002047,2024-11-18,195,,23546.91,Check,AR00002047,2024-11-20,11
2048,CR-2024-002048,2024-11-12,196,,11809.6,Credit Card,AR00002048,2024-11-13,115
2049,CR-2024-002049,2024-11-06,197,,434.18,Wire Transfer,AR00002049,2024-11-08,97
2050,CR-2024-002050,2024-11-13,198,,37221.28,Check,AR00002050,2024-11-14,97
2051,CR-2024-002051,2024-11-11,199,,25516.73,Wire Transfer,AR00002051,2024-11-13,115
2052,CR-2024-002052,2024-11-18,200,,43972.56,Wire Transfer,AR00002052,2024-11-20,11
2053,CR-2024-002053,2024-11-14,201,,1042.71,Wire Transfer,AR00002053,2024-11-15,115
2054,CR-2024-002054,2024-11-11,202,,46526.04,Credit Card,AR00002054,2024-11-11,97
2055,CR-2024-002055,2024-11-06,203,,649.68,Credit Card,AR00002055,2024-11-07,11
2056,CR-2024-002056,2024-11-10,204,,13721.2,Check,AR00002056,2024-11-11,97
2057,CR-2024-002057,2024-11-08,205,,20677.22,Check,AR00002057,2024-11-10,115
2058,CR-2024-002058,2024-11-10,206,,1427.04,ACH,AR00002058,2024-11-11,97
2059,CR-2024-002059,2024-11-16,207,,13386.33,Credit Card,AR00002059,2024-11-18,97
2060,CR-2024-002060,2024-11-18,208,,45211.95,ACH,AR00002060,2024-11-18,97
2061,CR-2024-002061,2024-11-20,209,,24149.58,ACH,AR00002061,2024-11-20,11
2062,CR-2024-002062,2024-11-13,210,,14545.62,Credit Card,AR00002062,2024-11-15,115
2063,CR-2024-002063,2024-11-17,211,,24574.86,ACH,AR00002063,2024-11-18,115
2064,CR-2024-002064,2024-12-31,141,,4691.9,Check,DEP00002064,2024-12-31,97
2065,CR-2024-002065,2024-12-05,55,,2274.0,Wire Transfer,DEP00002065,2024-12-05,97
2066,CR-2024-002066,2024-12-23,200,,3089.53,Credit Card,DEP00002066,2024-12-23,115
2067,CR-2024-002067,2024-12-06,174,,2216.44,Credit Card,DEP00002067,2024-12-06,115
2068,CR-2024-002068,2024-12-27,182,,2522.68,Credit Card,DEP00002068,2024-12-27,97
2069,CR-2024-002069,2024-12-06,143,,4808.78,Wire Transfer,DEP00002069,2024-12-06,97
2070,CR-2024-002070,2024-12-14,1,,40891.15,Wire Transfer,AR00002070,2024-12-16,115
2071,CR-2024-002071,2024-12-11,2,,2471.76,Wire Transfer,AR00002071,2024-12-11,97
2072,CR-2024-002072,2024-12-18,3,,8208.39,Credit Card,AR00002072,2024-12-18,115
2073,CR-2024-002073,2024-12-20,4,,11018.88,ACH,AR00002073,2024-12-21,97
2074,CR-2024-002074,2024-12-16,5,,13725.56,Check,AR00002074,2024-12-16,97
2075,CR-2024-002075,2024-12-07,6,,7207.66,ACH,AR00002075,2024-12-09,11
2076,CR-2024-002076,2024-12-20,7,,29641.32,Credit Card,AR00002076,2024-12-22,97
2077,CR-2024-002077,2024-12-10,9,,34238.9,ACH,AR00002077,2024-12-11,11
2078,CR-2024-002078,2024-12-14,10,,16476.8,Wire Transfer,AR00002078,2024-12-16,115
2079,CR-2024-002079,2024-12-12,11,,1169.41,Check,AR00002079,2024-12-12,97
2080,CR-2024-002080,2024-12-12,12,,6374.82,Wire Transfer,AR00002080,2024-12-13,11
2081,CR-2024-002081,2024-12-20,13,,11347.56,Wire Transfer,AR00002081,2024-12-20,97
2082,CR-2024-002082,2024-12-17,14,,4777.51,Check,AR00002082,2024-12-17,97
2083,CR-2024-002083,2024-12-08,15,,17533.2,ACH,AR00002083,2024-12-10,11
2084,CR-2024-002084,2024-12-13,16,,14839.4,Wire Transfer,AR00002084,2024-12-15,97
2085,CR-2024-002085,2024-12-13,17,,13098.9,ACH,AR00002085,2024-12-13,11
2086,CR-2024-002086,2024-12-11,18,,6024.51,Check,AR00002086,2024-12-11,97
2087,CR-2024-002087,2024-12-09,19,,2327.0,ACH,AR00002087,2024-12-09,115
2088,CR-2024-002088,2024-12-11,20,,21687.05,Check,AR00002088,2024-12-13,11
2089,CR-2024-002089,2024-12-06,21,,2088.49,ACH,AR00002089,2024-12-06,115
2090,CR-2024-002090,2024-12-13,22,,17987.7,Check,AR00002090,2024-12-14,115
2091,CR-2024-002091,2024-12-13,23,,22301.57,ACH,AR00002091,2024-12-14,97
2092,CR-2024-002092,2024-12-07,24,,1093.55,Check,AR00002092,2024-12-08,115
2093,CR-2024-002093,2024-12-18,25,5006.0,4419.12,Check,AR00002093,2024-12-20,11
2094,CR-2024-002094,2024-12-10,26,,191.15,Wire Transfer,AR00002094,2024-12-10,11
2095,CR-2024-002095,2024-12-12,27,,6601.7,ACH,AR00002095,2024-12-13,115
2096,CR-2024-002096,2024-12-10,28,,114.56,Credit Card,AR00002096,2024-12-12,115
2097,CR-2024-002097,2024-12-11,29,,10507.93,Check,AR00002097,2024-12-13,11
2098,CR-2024-002098,2024-12-14,30,5376.0,2130.05,ACH,AR00002098,2024-12-14,11
2099,CR-2024-002099,2024-12-12,31,,8625.27,Check,AR00002099,2024-12-14,115
2100,CR-2024-002100,2024-12-13,32,,26149.28,ACH,AR00002100,2024-12-15,115
2101,CR-2024-002101,2024-12-08,33,,648.26,Check,AR00002101,2024-12-09,11
2102,CR-2024-002102,2024-12-12,34,,18887.38,Check,AR00002102,2024-12-14,97
2103,CR-2024-002103,2024-12-10,35,,1768.75,Wire Transfer,AR00002103,2024-12-10,115
2104,CR-2024-002104,2024-12-12,36,,2582.84,Credit Card,AR00002104,2024-12-13,115
2105,CR-2024-002105,2024-12-11,37,,45205.29,Credit Card,AR00002105,2024-12-13,11
2106,CR-2024-002106,2024-12-11,38,,9502.49,ACH,AR00002106,2024-12-11,97
2107,CR-2024-002107,2024-12-09,39,,1216.26,ACH,AR00002107,2024-12-11,11
2108,CR-2024-002108,2024-12-13,40,,4710.57,Check,AR00002108,2024-12-13,115
2109,CR-2024-002109,2024-12-10,41,,2562.68,Credit Card,AR00002109,2024-12-12,97
2110,CR-2024-002110,2024-12-11,42,,11187.62,ACH,AR00002110,2024-12-11,115
2111,CR-2024-002111,2024-12-10,43,,13303.91,Credit Card,AR00002111,2024-12-10,97
2112,CR-2024-002112,2024-12-11,44,,6448.39,Check,AR00002112,2024-12-11,97
2113,CR-2024-002113,2024-12-13,45,,6972.16,Credit Card,AR00002113,2024-12-14,11
2114,CR-2024-002114,2024-12-18,46,,2417.07,Credit Card,AR00002114,2024-12-20,97
2115,CR-2024-002115,2024-12-14,47,,4403.43,Credit Card,AR00002115,2024-12-14,11
2116,CR-2024-002116,2024-12-06,48,,694.55,Check,AR00002116,2024-12-07,115
2117,CR-2024-002117,2024-12-13,49,,13722.54,ACH,AR00002117,2024-12-15,11
2118,CR-2024-002118,2024-12-12,51,,45139.63,Check,AR00002118,2024-12-12,115
2119,CR-2024-002119,2024-12-20,52,,1422.83,Check,AR00002119,2024-12-21,97
2120,CR-2024-002120,2024-12-10,54,,67.29,Check,AR00002120,2024-12-11,97
2121,CR-2024-002121,2024-12-18,55,,19583.73,Check,AR00002121,2024-12-18,97
2122,CR-2024-002122,2024-12-09,56,,107.5,ACH,AR00002122,2024-12-09,97
2123,CR-2024-002123,2024-12-18,57,,3710.01,Credit Card,AR00002123,2024-12-18,11
2124,CR-2024-002124,2024-12-05,59,,16.21,Check,AR00002124,2024-12-06,115
2125,CR-2024-002125,2024-12-10,60,4451.0,946.23,Check,AR00002125,2024-12-11,115
2126,CR-2024-002126,2024-12-13,61,,2084.5,Wire Transfer,AR00002126,2024-12-15,97
2127,CR-2024-002127,2024-12-12,62,,27607.48,Credit Card,AR00002127,2024-12-14,11
2128,CR-2024-002128,2024-12-11,63,,1622.81,Wire Transfer,AR00002128,2024-12-13,115
2129,CR-2024-002129,2024-12-18,64,,6371.2,Credit Card,AR00002129,2024-12-20,11
2130,CR-2024-002130,2024-12-11,65,,16326.75,Wire Transfer,AR00002130,2024-12-13,11
2131,CR-2024-002131,2024-12-22,66,,1464.62,Check,AR00002131,2024-12-24,115
2132,CR-2024-002132,2024-12-18,67,,10573.12,ACH,AR00002132,2024-12-20,97
2133,CR-2024-002133,2024-12-10,68,,5790.46,Credit Card,AR00002133,2024-12-12,115
2134,CR-2024-002134,2024-12-19,69,,6745.3,Wire Transfer,AR00002134,2024-12-20,97
2135,CR-2024-002135,2024-12-10,70,,6499.47,Wire Transfer,AR00002135,2024-12-12,115
2136,CR-2024-002136,2024-12-07,71,,10359.29,Credit Card,AR00002136,2024-12-07,11
2137,CR-2024-002137,2024-12-11,72,,19348.01,Credit Card,AR00002137,2024-12-11,115
2138,CR-2024-002138,2024-12-13,73,,14435.28,ACH,AR00002138,2024-12-13,97
2139,CR-2024-002139,2024-12-13,74,,17389.86,Check,AR00002139,2024-12-15,97
2140,CR-2024-002140,2024-12-16,75,,6058.14,Wire Transfer,AR00002140,2024-12-16,115
2141,CR-2024-002141,2024-12-19,76,,4604.22,Wire Transfer,AR00002141,2024-12-19,11
2142,CR-2024-002142,2024-12-03,77,3047.0,4.21,ACH,AR00002142,2024-12-04,97
2143,CR-2024-002143,2024-12-12,78,,11942.22,Wire Transfer,AR00002143,2024-12-12,115
2144,CR-2024-002144,2024-12-07,79,,528.86,Credit Card,AR00002144,2024-12-08,97
2145,CR-2024-002145,2024-12-12,80,,12599.65,ACH,AR00002145,2024-12-13,115
2146,CR-2024-002146,2024-12-11,81,,29114.25,Credit Card,AR00002146,2024-12-12,97
2147,CR-2024-002147,2024-12-18,82,,7472.35,ACH,AR00002147,2024-12-19,97
2148,CR-2024-002148,2024-12-14,83,,11459.2,Wire Transfer,AR00002148,2024-12-14,11
2149,CR-2024-002149,2024-12-13,84,,8581.63,Credit Card,AR00002149,2024-12-14,11
2150,CR-2024-002150,2024-12-07,85,2453.0,0.46,Wire Transfer,AR00002150,2024-12-09,115
2151,CR-2024-002151,2024-12-06,86,,535.22,Wire Transfer,AR00002151,2024-12-08,97
2152,CR-2024-002152,2024-12-16,87,,23653.48,Check,AR00002152,2024-12-17,115
2153,CR-2024-002153,2024-12-13,88,,10558.84,Check,AR00002153,2024-12-13,97
2154,CR-2024-002154,2024-12-19,89,,5589.61,Wire Transfer,AR00002154,2024-12-20,97
2155,CR-2024-002155,2024-12-20,90,,31691.15,Check,AR00002155,2024-12-21,11
2156,CR-2024-002156,2024-12-11,91,,2476.59,ACH,AR00002156,2024-12-13,97
2157,CR-2024-002157,2024-12-13,92,4196.0,4524.03,ACH,AR00002157,2024-12-14,97
2158,CR-2024-002158,2024-12-06,93,,758.13,Wire Transfer,AR00002158,2024-12-07,97
2159,CR-2024-002159,2024-12-11,94,,4620.83,Credit Card,AR00002159,2024-12-13,97
2160,CR-2024-002160,2024-12-11,95,,21123.86,ACH,AR00002160,2024-12-11,11
2161,CR-2024-002161,2024-12-16,96,,10569.03,Credit Card,AR00002161,2024-12-16,115
2162,CR-2024-002162,2024-12-13,97,,2751.51,Credit Card,AR00002162,2024-12-14,11
2163,CR-2024-002163,2024-12-12,98,,16037.89,ACH,AR00002163,2024-12-13,115
2164,CR-2024-002164,2024-12-14,99,,6793.34,Wire Transfer,AR00002164,2024-12-15,97
2165,CR-2024-002165,2024-12-12,100,,2516.76,ACH,AR00002165,2024-12-13,97
2166,CR-2024-002166,2024-12-10,101,,2209.07,Credit Card,AR00002166,2024-12-11,115
2167,CR-2024-002167,2024-12-12,102,,3714.57,Credit Card,AR00002167,2024-12-14,115
2168,CR-2024-002168,2024-12-12,103,,2222.58,ACH,AR00002168,2024-12-14,11
2169,CR-2024-002169,2024-12-11,104,,43798.05,Check,AR00002169,2024-12-11,115
2170,CR-2024-002170,2024-12-14,105,,13649.52,ACH,AR00002170,2024-12-16,11
2171,CR-2024-002171,2024-12-11,106,,11598.52,Wire Transfer,AR00002171,2024-12-11,11
2172,CR-2024-002172,2024-12-11,107,5091.0,56.13,Credit Card,AR00002172,2024-12-13,11
2173,CR-2024-002173,2024-12-19,109,,19849.71,Check,AR00002173,2024-12-20,115
2174,CR-2024-002174,2024-12-12,110,,23947.42,ACH,AR00002174,2024-12-12,11
2175,CR-2024-002175,2024-12-10,111,,413.75,Check,AR00002175,2024-12-10,11
2176,CR-2024-002176,2024-12-14,112,,1468.66,Credit Card,AR00002176,2024-12-15,11
2177,CR-2024-002177,2024-12-12,113,,22487.58,Check,AR00002177,2024-12-13,115
2178,CR-2024-002178,2024-12-06,114,,2431.05,ACH,AR00002178,2024-12-06,97
2179,CR-2024-002179,2024-12-14,115,,19618.3,Wire Transfer,AR00002179,2024-12-15,115
2180,CR-2024-002180,2024-12-18,116,,12489.1,Wire Transfer,AR00002180,2024-12-20,115
2181,CR-2024-002181,2024-12-19,117,,10093.26,ACH,AR00002181,2024-12-19,115
2182,CR-2024-002182,2024-12-20,118,,13752.4,Wire Transfer,AR00002182,2024-12-20,115
2183,CR-2024-002183,2024-12-14,119,,26788.57,Credit Card,AR00002183,2024-12-15,97
2184,CR-2024-002184,2024-12-16,120,,14552.6,Wire Transfer,AR00002184,2024-12-16,97
2185,CR-2024-002185,2024-12-11,121,,5803.24,Credit Card,AR00002185,2024-12-13,97
2186,CR-2024-002186,2024-12-06,122,4803.0,20.26,Check,AR00002186,2024-12-08,11
2187,CR-2024-002187,2024-12-10,123,,5323.16,ACH,AR00002187,2024-12-12,11
2188,CR-2024-002188,2024-12-14,124,,23388.36,Credit Card,AR00002188,2024-12-15,11
2189,CR-2024-002189,2024-12-11,125,,6051.19,Check,AR00002189,2024-12-13,97
2190,CR-2024-002190,2024-12-11,127,,4687.84,Check,AR00002190,2024-12-13,115
2191,CR-2024-002191,2024-12-10,128,,23051.79,ACH,AR00002191,2024-12-12,97
2192,CR-2024-002192,2024-12-12,129,,34118.29,Check,AR00002192,2024-12-12,115
2193,CR-2024-002193,2024-12-06,130,,229.13,Check,AR00002193,2024-12-08,97
2194,CR-2024-002194,2024-12-12,131,,22551.44,Credit Card,AR00002194,2024-12-14,115
2195,CR-2024-002195,2024-12-03,132,2332.0,2.33,Wire Transfer,AR00002195,2024-12-03,115
2196,CR-2024-002196,2024-12-12,133,,44090.84,Wire Transfer,AR00002196,2024-12-14,97
2197,CR-2024-002197,2024-12-12,135,,26558.87,Check,AR00002197,2024-12-12,115
2198,CR-2024-002198,2024-12-12,136,,16549.6,ACH,AR00002198,2024-12-14,11
2199,CR-2024-002199,2024-12-20,136,,48816.8,Credit Card,AR00002199,2024-12-21,11
2200,CR-2024-002200,2024-12-12,137,,8554.3,Check,AR00002200,2024-12-12,115
2201,CR-2024-002201,2024-12-19,138,,27185.44,Wire Transfer,AR00002201,2024-12-21,97
2202,CR-2024-002202,2024-12-18,139,,14554.38,Wire Transfer,AR00002202,2024-12-19,11
2203,CR-2024-002203,2024-12-10,140,,1827.7,ACH,AR00002203,2024-12-11,97
2204,CR-2024-002204,2024-12-20,141,,21824.72,Wire Transfer,AR00002204,2024-12-20,115
2205,CR-2024-002205,2024-12-20,143,5377.0,2169.27,Check,AR00002205,2024-12-21,97
2206,CR-2024-002206,2024-12-13,144,,7653.74,Wire Transfer,AR00002206,2024-12-14,11
2207,CR-2024-002207,2024-12-21,145,6060.0,2034.7,Credit Card,AR00002207,2024-12-21,11
2208,CR-2024-002208,2024-12-10,146,,11298.19,ACH,AR00002208,2024-12-12,11
2209,CR-2024-002209,2024-12-11,147,,3781.98,Credit Card,AR00002209,2024-12-13,11
2210,CR-2024-002210,2024-12-05,148,,223.99,ACH,AR00002210,2024-12-07,115
2211,CR-2024-002211,2024-12-18,149,,16205.76,Wire Transfer,AR00002211,2024-12-18,11
2212,CR-2024-002212,2024-12-14,150,,2739.49,Credit Card,AR00002212,2024-12-15,115
2213,CR-2024-002213,2024-12-03,151,,745.97,Check,AR00002213,2024-12-04,11
2214,CR-2024-002214,2024-12-14,152,,25510.87,Wire Transfer,AR00002214,2024-12-15,97
2215,CR-2024-002215,2024-12-23,153,,166.87,Credit Card,AR00002215,2024-12-23,11
2216,CR-2024-002216,2024-12-14,154,,6185.93,Credit Card,AR00002216,2024-12-16,115
2217,CR-2024-002217,2024-12-04,155,,1162.66,Check,AR00002217,2024-12-04,97
2218,CR-2024-002218,2024-12-12,156,,27617.49,Check,AR00002218,2024-12-14,115
2219,CR-2024-002219,2024-12-06,157,,388.5,Wire Transfer,AR00002219,2024-12-07,11
2220,CR-2024-002220,2024-12-10,158,,7676.22,Check,AR00002220,2024-12-10,97
2221,CR-2024-002221,2024-12-16,159,,9120.2,ACH,AR00002221,2024-12-17,115
2222,CR-2024-002222,2024-12-20,160,,6932.43,Credit Card,AR00002222,2024-12-20,115
2223,CR-2024-002223,2024-12-19,161,,57101.19,Check,AR00002223,2024-12-21,115
2224,CR-2024-002224,2024-12-07,162,,3551.85,Check,AR00002224,2024-12-08,11
2225,CR-2024-002225,2024-12-11,163,,3145.42,Wire Transfer,AR00002225,2024-12-11,97
2226,CR-2024-002226,2024-12-13,164,,413.04,Credit Card,AR00002226,2024-12-14,115
2227,CR-2024-002227,2024-12-12,165,3819.0,982.01,ACH,AR00002227,2024-12-13,115
2228,CR-2024-002228,2024-12-13,166,,28724.89,Credit Card,AR00002228,2024-12-14,97
2229,CR-2024-002229,2024-12-20,167,,5323.52,Credit Card,AR00002229,2024-12-20,11
2230,CR-2024-002230,2024-12-10,168,4418.0,75.98,Credit Card,AR00002230,2024-12-11,115
2231,CR-2024-002231,2024-12-14,169,,40627.1,Credit Card,AR00002231,2024-12-14,97
2232,CR-2024-002232,2024-12-17,170,,3069.09,Wire Transfer,AR00002232,2024-12-18,11
2233,CR-2024-002233,2024-12-16,171,5339.0,7100.34,Credit Card,AR00002233,2024-12-18,97
2234,CR-2024-002234,2024-12-13,172,,19975.32,Check,AR00002234,2024-12-13,97
2235,CR-2024-002235,2024-12-11,173,,40064.62,Wire Transfer,AR00002235,2024-12-11,11
2236,CR-2024-002236,2024-12-12,174,4464.0,8507.76,ACH,AR00002236,2024-12-14,115
2237,CR-2024-002237,2024-12-12,175,4629.0,223.84,Wire Transfer,AR00002237,2024-12-13,97
2238,CR-2024-002238,2024-12-12,176,,21401.51,Wire Transfer,AR00002238,2024-12-14,97
2239,CR-2024-002239,2024-12-10,177,,34162.8,ACH,AR00002239,2024-12-12,97
2240,CR-2024-002240,2024-12-17,178,,1936.93,ACH,AR00002240,2024-12-19,115
2241,CR-2024-002241,2024-12-20,179,,39786.63,ACH,AR00002241,2024-12-20,11
2242,CR-2024-002242,2024-12-06,180,,9733.83,Check,AR00002242,2024-12-08,97
2243,CR-2024-002243,2024-12-14,181,,13911.91,Credit Card,AR00002243,2024-12-16,97
2244,CR-2024-002244,2024-12-18,182,,5914.42,ACH,AR00002244,2024-12-19,97
2245,CR-2024-002245,2024-12-12,183,,7543.6,ACH,AR00002245,2024-12-14,115
2246,CR-2024-002246,2024-12-12,184,,24113.53,Wire Transfer,AR00002246,2024-12-14,115
2247,CR-2024-002247,2024-12-10,185,,13360.05,Check,AR00002247,2024-12-10,115
2248,CR-2024-002248,2024-12-10,186,,4320.66,ACH,AR00002248,2024-12-12,11
2249,CR-2024-002249,2024-12-16,187,,19664.54,Credit Card,AR00002249,2024-12-16,97
2250,CR-2024-002250,2024-12-12,188,,18605.11,Wire Transfer,AR00002250,2024-12-13,115
2251,CR-2024-002251,2024-12-14,189,,10618.83,Wire Transfer,AR00002251,2024-12-16,115
2252,CR-2024-002252,2024-12-14,190,,38581.4,Wire Transfer,AR00002252,2024-12-14,115
2253,CR-2024-002253,2024-12-20,191,,4686.95,Check,AR00002253,2024-12-22,115
2254,CR-2024-002254,2024-12-20,192,,21831.75,ACH,AR00002254,2024-12-20,115
2255,CR-2024-002255,2024-12-06,193,,11341.92,ACH,AR00002255,2024-12-08,97
2256,CR-2024-002256,2024-12-11,194,,30463.04,ACH,AR00002256,2024-12-13,97
2257,CR-2024-002257,2024-12-10,195,,22694.53,Credit Card,AR00002257,2024-12-11,97
2258,CR-2024-002258,2024-12-17,196,,16204.15,ACH,AR00002258,2024-12-17,97
2259,CR-2024-002259,2024-12-18,197,,3217.39,Check,AR00002259,2024-12-18,97
2260,CR-2024-002260,2024-12-10,198,,16575.99,ACH,AR00002260,2024-12-11,97
2261,CR-2024-002261,2024-12-10,199,,22698.2,Credit Card,AR00002261,2024-12-11,97
2262,CR-2024-002262,2024-12-11,200,,41867.8,Wire Transfer,AR00002262,2024-12-11,115
2263,CR-2024-002263,2024-12-16,201,,5727.39,Wire Transfer,AR00002263,2024-12-16,115
2264,CR-2024-002264,2024-12-14,202,,64697.46,Wire Transfer,AR00002264,2024-12-16,11
2265,CR-2024-002265,2024-12-20,202,,5431.36,Wire Transfer,AR00002265,2024-12-20,97
2266,CR-2024-002266,2024-12-18,203,5995.0,5313.25,ACH,AR00002266,2024-12-18,115
2267,CR-2024-002267,2024-12-16,204,,39145.7,Credit Card,AR00002267,2024-12-16,11
2268,CR-2024-002268,2024-12-11,205,,34938.81,Check,AR00002268,2024-12-11,11
2269,CR-2024-002269,2024-12-16,206,,4991.37,Check,AR00002269,2024-12-18,97
2270,CR-2024-002270,2024-12-11,207,,6720.8,Wire Transfer,AR00002270,2024-12-13,115
2271,CR-2024-002271,2024-12-10,208,,51752.64,Wire Transfer,AR00002271,2024-12-10,97
2272,CR-2024-002272,2024-12-12,209,,22491.6,Wire Transfer,AR00002272,2024-12-13,97
2273,CR-2024-002273,2024-12-14,210,,21858.88,ACH,AR00002273,2024-12-16,11
2274,CR-2024-002274,2024-12-11,211,,24241.85,Wire Transfer,AR00002274,2024-12-11,115
2275,CR-2025-002275,2025-01-06,15,,1113.17,Wire Transfer,DEP00002275,2025-01-06,115
2276,CR-2025-002276,2025-01-11,180,,4311.67,ACH,DEP00002276,2025-01-11,97
2277,CR-2025-002277,2025-01-18,144,,1571.72,Credit Card,DEP00002277,2025-01-18,115
2278,CR-2025-002278,2025-01-14,116,,2766.45,ACH,DEP00002278,2025-01-14,11
2279,CR-2025-002279,2025-01-14,1,,24564.2,Check,AR00002279,2025-01-14,11
2280,CR-2025-002280,2025-01-16,2,,6056.84,Check,AR00002280,2025-01-17,115
2281,CR-2025-002281,2025-01-17,3,,6897.41,Credit Card,AR00002281,2025-01-17,97
2282,CR-2025-002282,2025-01-10,4,,6315.0,ACH,AR00002282,2025-01-12,115
2283,CR-2025-002283,2025-01-13,5,,3962.62,Credit Card,AR00002283,2025-01-13,97
2284,CR-2025-002284,2025-01-11,6,,6244.93,Wire Transfer,AR00002284,2025-01-12,11
2285,CR-2025-002285,2025-01-14,7,,35888.06,Check,AR00002285,2025-01-15,11
2286,CR-2025-002286,2025-01-05,8,,359.04,Check,AR00002286,2025-01-07,11
2287,CR-2025-002287,2025-01-13,9,,16920.07,Wire Transfer,AR00002287,2025-01-13,97
2288,CR-2025-002288,2025-01-12,10,,12665.56,Wire Transfer,AR00002288,2025-01-14,115
2289,CR-2025-002289,2025-01-17,11,6628.0,5463.54,Credit Card,AR00002289,2025-01-19,11
2290,CR-2025-002290,2025-01-13,12,,6361.3,ACH,AR00002290,2025-01-14,97
2291,CR-2025-002291,2025-01-11,13,,4239.57,Credit Card,AR00002291,2025-01-13,11
2292,CR-2025-002292,2025-01-13,14,,1612.92,ACH,AR00002292,2025-01-15,97
2293,CR-2025-002293,2025-01-14,15,,13539.62,ACH,AR00002293,2025-01-15,115
2294,CR-2025-002294,2025-01-12,16,,3307.92,Wire Transfer,AR00002294,2025-01-14,115
2295,CR-2025-002295,2025-01-12,17,,5144.56,Credit Card,AR00002295,2025-01-13,97
2296,CR-2025-002296,2025-01-07,18,,12630.86,Credit Card,AR00002296,2025-01-07,115
2297,CR-2025-002297,2025-01-18,19,,20823.87,ACH,AR00002297,2025-01-20,115
2298,CR-2025-002298,2025-01-10,20,,37996.83,Check,AR00002298,2025-01-12,97
2299,CR-2025-002299,2025-01-16,21,,24987.26,ACH,AR00002299,2025-01-18,97
2300,CR-2025-002300,2025-01-14,22,,25769.37,Check,AR00002300,2025-01-16,115
2301,CR-2025-002301,2025-01-14,23,,11722.85,Credit Card,AR00002301,2025-01-15,11
2302,CR-2025-002302,2025-01-20,24,,8172.68,ACH,AR00002302,2025-01-20,11
2303,CR-2025-002303,2025-01-12,25,,1395.22,Wire Transfer,AR00002303,2025-01-13,115
2304,CR-2025-002304,2025-01-06,26,,1262.21,Wire Transfer,AR00002304,2025-01-06,11
2305,CR-2025-002305,2025-01-13,27,,1839.72,ACH,AR00002305,2025-01-14,115
2306,CR-2025-002306,2025-01-08,28,,1939.22,Check,AR00002306,2025-01-08,115
2307,CR-2025-002307,2025-01-14,29,,4652.32,Wire Transfer,AR00002307,2025-01-14,97
2308,CR-2025-002308,2025-01-10,30,,266.42,Wire Transfer,AR00002308,2025-01-10,97
2309,CR-2025-002309,2025-01-11,31,,3070.88,Credit Card,AR00002309,2025-01-12,97
2310,CR-2025-002310,2025-01-11,32,,11767.6,Credit Card,AR00002310,2025-01-12,115
2311,CR-2025-002311,2025-01-08,33,,2107.79,ACH,AR00002311,2025-01-08,115
2312,CR-2025-002312,2025-01-12,34,,11329.31,Credit Card,AR00002312,2025-01-12,11
2313,CR-2025-002313,2025-01-12,35,,424.21,Credit Card,AR00002313,2025-01-13,97
2314,CR-2025-002314,2025-01-08,36,,494.97,Credit Card,AR00002314,2025-01-10,97
2315,CR-2025-002315,2025-01-10,37,,40375.63,Credit Card,AR00002315,2025-01-10,11
2316,CR-2025-002316,2025-01-18,38,,17855.61,Credit Card,AR00002316,2025-01-19,97
2317,CR-2025-002317,2025-01-16,39,,7097.44,Check,AR00002317,2025-01-17,97
2318,CR-2025-002318,2025-01-11,40,,1704.62,ACH,AR00002318,2025-01-11,11
2319,CR-2025-002319,2025-01-12,41,,722.59,Check,AR00002319,2025-01-14,97
2320,CR-2025-002320,2025-01-11,42,,13465.01,ACH,AR00002320,2025-01-11,97
2321,CR-2025-002321,2025-01-12,43,,9423.48,Wire Transfer,AR00002321,2025-01-14,115
2322,CR-2025-002322,2025-01-17,44,,8168.36,Check,AR00002322,2025-01-17,97
2323,CR-2025-002323,2025-01-10,45,,7293.46,Credit Card,AR00002323,2025-01-12,97
2324,CR-2025-002324,2025-01-10,46,,1006.49,Check,AR00002324,2025-01-10,115
2325,CR-2025-002325,2025-01-10,47,,1827.71,Wire Transfer,AR00002325,2025-01-11,11
2326,CR-2025-002326,2025-01-20,48,6657.0,6122.09,Credit Card,AR00002326,2025-01-22,97
2327,CR-2025-002327,2025-01-11,49,,4301.65,Credit Card,AR00002327,2025-01-13,115
2328,CR-2025-002328,2025-01-14,51,,32688.2,Check,AR00002328,2025-01-16,115
2329,CR-2025-002329,2025-01-19,51,,30853.2,Check,AR00002329,2025-01-21,97
2330,CR-2025-002330,2025-01-17,52,,7470.29,Check,AR00002330,2025-01-17,97
2331,CR-2025-002331,2025-01-04,54,,1.85,Credit Card,AR00002331,2025-01-04,11
2332,CR-2025-002332,2025-01-10,55,,21749.68,Credit Card,AR00002332,2025-01-10,11
2333,CR-2025-002333,2025-01-05,56,4454.0,4.84,Credit Card,AR00002333,2025-01-05,11
2334,CR-2025-002334,2025-01-11,57,,4976.68,Check,AR00002334,2025-01-12,11
2335,CR-2025-002335,2025-01-23,58,,343.08,Credit Card,AR00002335,2025-01-23,11
2336,CR-2025-002336,2025-01-03,60,,129.85,ACH,AR00002336,2025-01-03,11
2337,CR-2025-002337,2025-01-07,61,5380.0,391.62,ACH,AR00002337,2025-01-09,11
2338,CR-2025-002338,2025-01-14,62,,14187.22,Wire Transfer,AR00002338,2025-01-15,97
2339,CR-2025-002339,2025-01-20,63,6640.0,11086.09,Wire Transfer,AR00002339,2025-01-20,11
2340,CR-2025-002340,2025-01-11,64,,2353.82,Check,AR00002340,2025-01-12,115
2341,CR-2025-002341,2025-01-11,65,,19683.93,Check,AR00002341,2025-01-13,97
2342,CR-2025-002342,2025-01-18,66,,5742.97,Credit Card,AR00002342,2025-01-18,11
2343,CR-2025-002343,2025-01-11,67,,7974.98,Credit Card,AR00002343,2025-01-12,11
2344,CR-2025-002344,2025-01-16,68,,9802.02,Check,AR00002344,2025-01-18,115
2345,CR-2025-002345,2025-01-12,69,5462.0,2559.85,Credit Card,AR00002345,2025-01-13,11
2346,CR-2025-002346,2025-01-12,70,,1151.67,Wire Transfer,AR00002346,2025-01-14,11
2347,CR-2025-002347,2025-01-19,71,,23689.42,Credit Card,AR00002347,2025-01-20,11
2348,CR-2025-002348,2025-01-14,72,,10136.66,Check,AR00002348,2025-01-15,11
2349,CR-2025-002349,2025-01-12,73,,8683.71,Wire Transfer,AR00002349,2025-01-14,11
2350,CR-2025-002350,2025-01-12,74,,13849.85,Wire Transfer,AR00002350,2025-01-13,97
2351,CR-2025-002351,2025-01-14,75,5041.0,2440.84,Wire Transfer,AR00002351,2025-01-14,97
2352,CR-2025-002352,2025-01-12,76,,2956.55,Credit Card,AR00002352,2025-01-13,97
2353,CR-2025-002353,2025-01-07,78,,4201.97,Credit Card,AR00002353,2025-01-07,11
2354,CR-2025-002354,2025-01-24,79,,1459.44,Credit Card,AR00002354,2025-01-25,11
2355,CR-2025-002355,2025-01-14,80,,19589.03,Credit Card,AR00002355,2025-01-15,115
2356,CR-2025-002356,2025-01-12,81,,46387.05,Wire Transfer,AR00002356,2025-01-12,97
2357,CR-2025-002357,2025-01-12,82,,14199.17,Credit Card,AR00002357,2025-01-12,97
2358,CR-2025-002358,2025-01-07,83,,5960.28,Credit Card,AR00002358,2025-01-08,115
2359,CR-2025-002359,2025-01-14,84,,11226.71,ACH,AR00002359,2025-01-16,97
2360,CR-2025-002360,2025-01-07,85,,0.04,Credit Card,AR00002360,2025-01-07,115
2361,CR-2025-002361,2025-01-07,86,,414.5,Wire Transfer,AR00002361,2025-01-08,97
2362,CR-2025-002362,2025-01-10,87,,12351.25,Check,AR00002362,2025-01-10,115
2363,CR-2025-002363,2025-01-14,88,,4831.0,Wire Transfer,AR00002363,2025-01-14,11
2364,CR-2025-002364,2025-01-14,89,,3234.2,Credit Card,AR00002364,2025-01-14,97
2365,CR-2025-002365,2025-01-14,90,,20607.87,Wire Transfer,AR00002365,2025-01-16,97
2366,CR-2025-002366,2025-01-11,91,,4737.98,ACH,AR00002366,2025-01-11,115
2367,CR-2025-002367,2025-01-08,92,,6190.07,Check,AR00002367,2025-01-09,115
2368,CR-2025-002368,2025-01-16,93,,1411.17,Credit Card,AR00002368,2025-01-17,11
2369,CR-2025-002369,2025-01-17,94,,4475.8,Check,AR00002369,2025-01-18,11
2370,CR-2025-002370,2025-01-10,95,,26985.17,ACH,AR00002370,2025-01-10,115
2371,CR-2025-002371,2025-01-12,96,,22405.32,Wire Transfer,AR00002371,2025-01-13,115
2372,CR-2025-002372,2025-01-16,97,,3676.41,ACH,AR00002372,2025-01-18,11
2373,CR-2025-002373,2025-01-18,98,,31598.63,Wire Transfer,AR00002373,2025-01-19,115
2374,CR-2025-002374,2025-01-11,99,,7788.4,Check,AR00002374,2025-01-12,11
2375,CR-2025-002375,2025-01-18,100,,3543.02,Check,AR00002375,2025-01-20,115
2376,CR-2025-002376,2025-01-12,101,,572.15,ACH,AR00002376,2025-01-12,115
2377,CR-2025-002377,2025-01-16,102,,5720.65,Check,AR00002377,2025-01-17,97
2378,CR-2025-002378,2025-01-13,104,,36163.73,Wire Transfer,AR00002378,2025-01-15,97
2379,CR-2025-002379,2025-01-10,105,,24878.1,Check,AR00002379,2025-01-10,115
2380,CR-2025-002380,2025-01-19,106,,49683.28,ACH,AR00002380,2025-01-21,11
2381,CR-2025-002381,2025-01-06,107,5091.0,9.11,ACH,AR00002381,2025-01-07,11
2382,CR-2025-002382,2025-01-24,108,,528.53,ACH,AR00002382,2025-01-25,11
2383,CR-2025-002383,2025-01-12,109,,31608.31,Wire Transfer,AR00002383,2025-01-13,115
2384,CR-2025-002384,2025-01-11,110,,19403.85,ACH,AR00002384,2025-01-11,11
2385,CR-2025-002385,2025-01-08,111,5373.0,40.21,Wire Transfer,AR00002385,2025-01-08,97
2386,CR-2025-002386,2025-01-14,112,,318.63,ACH,AR00002386,2025-01-16,115
2387,CR-2025-002387,2025-01-13,113,,27819.46,Credit Card,AR00002387,2025-01-13,97
2388,CR-2025-002388,2025-01-16,114,,4139.8,Check,AR00002388,2025-01-16,97
2389,CR-2025-002389,2025-01-13,115,,31524.6,ACH,AR00002389,2025-01-15,115
2390,CR-2025-002390,2025-01-10,116,,10453.07,Check,AR00002390,2025-01-10,115
2391,CR-2025-002391,2025-01-12,117,,11690.47,Wire Transfer,AR00002391,2025-01-14,11
2392,CR-2025-002392,2025-01-12,118,,23838.88,Check,AR00002392,2025-01-12,115
2393,CR-2025-002393,2025-01-12,119,,35271.15,ACH,AR00002393,2025-01-13,11
2394,CR-2025-002394,2025-01-14,120,,8961.36,Wire Transfer,AR00002394,2025-01-14,115
2395,CR-2025-002395,2025-01-16,121,,5651.75,Check,AR00002395,2025-01-18,11
2396,CR-2025-002396,2025-01-07,122,,0.81,Credit Card,AR00002396,2025-01-09,11
2397,CR-2025-002397,2025-01-10,123,,1905.93,Credit Card,AR00002397,2025-01-11,11
2398,CR-2025-002398,2025-01-12,124,,17597.93,Wire Transfer,AR00002398,2025-01-14,115
2399,CR-2025-002399,2025-01-07,125,,2552.09,ACH,AR00002399,2025-01-07,97
2400,CR-2025-002400,2025-01-24,126,7046.0,189.33,Credit Card,AR00002400,2025-01-25,11
2401,CR-2025-002401,2025-01-10,127,,738.63,Credit Card,AR00002401,2025-01-12,11
2402,CR-2025-002402,2025-01-12,128,,16323.18,Wire Transfer,AR00002402,2025-01-12,115
2403,CR-2025-002403,2025-01-13,129,,16649.4,ACH,AR00002403,2025-01-14,11
2404,CR-2025-002404,2025-01-06,130,,22.33,Credit Card,AR00002404,2025-01-06,97
2405,CR-2025-002405,2025-01-11,131,,15145.62,Credit Card,AR00002405,2025-01-11,97
2406,CR-2025-002406,2025-01-07,132,,0.4,Check,AR00002406,2025-01-08,97
2407,CR-2025-002407,2025-01-11,133,,29407.81,Check,AR00002407,2025-01-13,115
2408,CR-2025-002408,2025-01-14,135,,37922.47,Wire Transfer,AR00002408,2025-01-16,97
2409,CR-2025-002409,2025-01-14,136,,30507.22,ACH,AR00002409,2025-01-14,97
2410,CR-2025-002410,2025-01-13,137,,16784.79,Check,AR00002410,2025-01-13,97
2411,CR-2025-002411,2025-01-11,138,,49573.42,ACH,AR00002411,2025-01-13,97
2412,CR-2025-002412,2025-01-10,139,,18203.99,ACH,AR00002412,2025-01-10,97
2413,CR-2025-002413,2025-01-19,140,,3940.63,ACH,AR00002413,2025-01-21,97
2414,CR-2025-002414,2025-01-11,141,,38450.69,Credit Card,AR00002414,2025-01-11,97
2415,CR-2025-002415,2025-01-12,143,,4759.59,ACH,AR00002415,2025-01-13,115
2416,CR-2025-002416,2025-01-09,144,,202.08,Credit Card,AR00002416,2025-01-11,11
2417,CR-2025-002417,2025-01-18,145,,18130.66,Wire Transfer,AR00002417,2025-01-19,11
2418,CR-2025-002418,2025-01-10,146,,16197.73,Wire Transfer,AR00002418,2025-01-10,11
2419,CR-2025-002419,2025-01-10,147,,3098.82,Credit Card,AR00002419,2025-01-12,11
2420,CR-2025-002420,2025-01-16,148,,957.99,Credit Card,AR00002420,2025-01-18,11
2421,CR-2025-002421,2025-01-14,149,,9170.56,ACH,AR00002421,2025-01-15,11
2422,CR-2025-002422,2025-01-17,150,,4605.36,ACH,AR00002422,2025-01-18,97
2423,CR-2025-002423,2025-01-17,151,,6894.89,Wire Transfer,AR00002423,2025-01-18,97
2424,CR-2025-002424,2025-01-10,152,,10534.14,Credit Card,AR00002424,2025-01-12,11
2425,CR-2025-002425,2025-01-21,153,6580.0,664.8,Wire Transfer,AR00002425,2025-01-22,115
2426,CR-2025-002426,2025-01-18,154,,10135.16,Credit Card,AR00002426,2025-01-20,97
2427,CR-2025-002427,2025-01-20,155,,9423.21,Wire Transfer,AR00002427,2025-01-20,11
2428,CR-2025-002428,2025-01-16,156,,47820.72,Wire Transfer,AR00002428,2025-01-16,97
2429,CR-2025-002429,2025-01-24,156,,19160.5,Credit Card,AR00002429,2025-01-24,11
2430,CR-2025-002430,2025-01-19,157,,1069.75,Check,AR00002430,2025-01-20,97
2431,CR-2025-002431,2025-01-14,158,,10399.98,ACH,AR00002431,2025-01-14,115
2432,CR-2025-002432,2025-01-14,159,,8247.79,ACH,AR00002432,2025-01-15,97
2433,CR-2025-002433,2025-01-14,160,,3313.43,Wire Transfer,AR00002433,2025-01-14,97
2434,CR-2025-002434,2025-01-12,161,,30473.6,Check,AR00002434,2025-01-14,97
2435,CR-2025-002435,2025-01-05,162,,2084.1,ACH,AR00002435,2025-01-05,11
2436,CR-2025-002436,2025-01-14,163,,589.66,Check,AR00002436,2025-01-16,11
2437,CR-2025-002437,2025-01-19,164,6618.0,2910.48,Credit Card,AR00002437,2025-01-21,11
2438,CR-2025-002438,2025-01-08,165,,425.96,Wire Transfer,AR00002438,2025-01-10,11
2439,CR-2025-002439,2025-01-13,166,,9324.81,Credit Card,AR00002439,2025-01-14,11
2440,CR-2025-002440,2025-01-14,167,,2048.08,Check,AR00002440,2025-01-14,115
2441,CR-2025-002441,2025-01-09,168,,17.64,Credit Card,AR00002441,2025-01-11,97
2442,CR-2025-002442,2025-01-13,169,,16012.2,Wire Transfer,AR00002442,2025-01-13,11
2443,CR-2025-002443,2025-01-14,170,,1570.51,Check,AR00002443,2025-01-14,11
2444,CR-2025-002444,2025-01-14,171,,3705.93,Credit Card,AR00002444,2025-01-15,115
2445,CR-2025-002445,2025-01-06,172,,12603.3,Check,AR00002445,2025-01-06,97
2446,CR-2025-002446,2025-01-11,173,,16422.16,Check,AR00002446,2025-01-13,11
2447,CR-2025-002447,2025-01-09,174,,4620.14,ACH,AR00002447,2025-01-09,115
2448,CR-2025-002448,2025-01-08,175,4629.0,35.76,ACH,AR00002448,2025-01-10,115
2449,CR-2025-002449,2025-01-10,176,,8654.24,Check,AR00002449,2025-01-11,11
2450,CR-2025-002450,2025-01-12,177,,15119.11,Check,AR00002450,2025-01-13,115
2451,CR-2025-002451,2025-01-10,178,,653.55,ACH,AR00002451,2025-01-12,11
2452,CR-2025-002452,2025-01-14,179,,60519.72,Credit Card,AR00002452,2025-01-16,97
2453,CR-2025-002453,2025-01-23,179,,10387.72,Check,AR00002453,2025-01-24,11
2454,CR-2025-002454,2025-01-18,180,,6653.59,Wire Transfer,AR00002454,2025-01-19,115
2455,CR-2025-002455,2025-01-11,181,,17181.37,Check,AR00002455,2025-01-12,115
2456,CR-2025-002456,2025-01-13,182,,9443.32,Credit Card,AR00002456,2025-01-15,115
2457,CR-2025-002457,2025-01-14,183,,4010.64,ACH,AR00002457,2025-01-15,11
2458,CR-2025-002458,2025-01-10,184,,15708.82,Wire Transfer,AR00002458,2025-01-11,11
2459,CR-2025-002459,2025-01-10,185,,16197.43,Credit Card,AR00002459,2025-01-12,11
2460,CR-2025-002460,2025-01-08,186,,1932.84,Wire Transfer,AR00002460,2025-01-08,97
2461,CR-2025-002461,2025-01-13,187,,51748.95,Wire Transfer,AR00002461,2025-01-14,97
2462,CR-2025-002462,2025-01-10,188,,24878.88,Wire Transfer,AR00002462,2025-01-11,11
2463,CR-2025-002463,2025-01-11,189,,7479.33,Check,AR00002463,2025-01-11,115
2464,CR-2025-002464,2025-01-11,190,,47181.64,ACH,AR00002464,2025-01-13,115
2465,CR-2025-002465,2025-01-20,191,,12043.34,Credit Card,AR00002465,2025-01-22,11
2466,CR-2025-002466,2025-01-14,192,,18552.55,Wire Transfer,AR00002466,2025-01-15,11
2467,CR-2025-002467,2025-01-13,193,,6335.58,Check,AR00002467,2025-01-13,11
2468,CR-2025-002468,2025-01-13,194,,21372.39,Wire Transfer,AR00002468,2025-01-14,11
2469,CR-2025-002469,2025-01-13,195,,22704.93,Wire Transfer,AR00002469,2025-01-15,97
2470,CR-2025-002470,2025-01-10,196,,16405.23,Credit Card,AR00002470,2025-01-11,11
2471,CR-2025-002471,2025-01-18,197,,7743.88,Credit Card,AR00002471,2025-01-19,11
2472,CR-2025-002472,2025-01-09,198,,6209.4,Check,AR00002472,2025-01-09,11
2473,CR-2025-002473,2025-01-11,199,,11045.78,ACH,AR00002473,2025-01-12,11
2474,CR-2025-002474,2025-01-11,200,,49208.32,Wire Transfer,AR00002474,2025-01-13,97
2475,CR-2025-002475,2025-01-13,201,,2193.4,ACH,AR00002475,2025-01-13,115
2476,CR-2025-002476,2025-01-12,202,,50959.43,Credit Card,AR00002476,2025-01-13,11
2477,CR-2025-002477,2025-01-12,203,,6566.53,Credit Card,AR00002477,2025-01-12,97
2478,CR-2025-002478,2025-01-11,204,,32313.79,ACH,AR00002478,2025-01-13,115
2479,CR-2025-002479,2025-01-19,205,,45869.71,Wire Transfer,AR00002479,2025-01-19,97
2480,CR-2025-002480,2025-01-25,205,,24440.87,Check,AR00002480,2025-01-25,115
2481,CR-2025-002481,2025-01-14,206,,5118.57,Wire Transfer,AR00002481,2025-01-15,97
2482,CR-2025-002482,2025-01-12,207,,1363.77,Check,AR00002482,2025-01-13,97
2483,CR-2025-002483,2025-01-13,208,,48547.11,Check,AR00002483,2025-01-13,97
2484,CR-2025-002484,2025-01-14,209,,8004.5,ACH,AR00002484,2025-01-14,11
2485,CR-2025-002485,2025-01-14,210,,19898.94,ACH,AR00002485,2025-01-16,11
2486,CR-2025-002486,2025-01-10,211,,26130.4,Check,AR00002486,2025-01-12,97
2487,CR-2025-002487,2025-02-12,136,5514.0,833.0,ACH,DEP00002487,2025-02-12,11
2488,CR-2025-002488,2025-02-09,105,6659.0,2599.67,Wire Transfer,DEP00002488,2025-02-09,115
2489,CR-2025-002489,2025-02-24,138,,3007.63,Credit Card,DEP00002489,2025-02-24,11
2490,CR-2025-002490,2025-02-25,77,,1705.18,Check,DEP00002490,2025-02-25,11
2491,CR-2025-002491,2025-02-05,61,,2627.66,Credit Card,DEP00002491,2025-02-05,11
2492,CR-2025-002492,2025-02-12,1,,24595.85,Wire Transfer,AR00002492,2025-02-13,97
2493,CR-2025-002493,2025-02-11,2,,4177.29,Wire Transfer,AR00002493,2025-02-11,115
2494,CR-2025-002494,2025-02-10,3,,4994.91,Check,AR00002494,2025-02-10,97
2495,CR-2025-002495,2025-02-10,4,,3053.29,Check,AR00002495,2025-02-11,11
2496,CR-2025-002496,2025-02-06,5,,712.67,Wire Transfer,AR00002496,2025-02-08,115
2497,CR-2025-002497,2025-02-11,6,,3119.47,Wire Transfer,AR00002497,2025-02-11,97
2498,CR-2025-002498,2025-02-16,7,,26549.49,ACH,AR00002498,2025-02-16,115
2499,CR-2025-002499,2025-02-22,7,,35628.07,Check,AR00002499,2025-02-22,97
2500,CR-2025-002500,2025-02-19,8,,2482.34,ACH,AR00002500,2025-02-20,11
2501,CR-2025-002501,2025-02-10,9,,6680.43,ACH,AR00002501,2025-02-12,97
2502,CR-2025-002502,2025-02-11,10,,4655.02,ACH,AR00002502,2025-02-11,97
2503,CR-2025-002503,2025-02-20,11,,1940.57,Check,AR00002503,2025-02-22,115
2504,CR-2025-002504,2025-02-18,12,,3556.95,Wire Transfer,AR00002504,2025-02-19,115
2505,CR-2025-002505,2025-02-08,13,,743.66,ACH,AR00002505,2025-02-09,11
2506,CR-2025-002506,2025-02-07,14,,129.16,ACH,AR00002506,2025-02-07,115
2507,CR-2025-002507,2025-02-20,15,,12489.19,ACH,AR00002507,2025-02-20,97
2508,CR-2025-002508,2025-02-07,16,,599.98,Wire Transfer,AR00002508,2025-02-08,115
2509,CR-2025-002509,2025-02-06,17,,932.47,Wire Transfer,AR00002509,2025-02-06,11
2510,CR-2025-002510,2025-02-17,18,,16322.48,Check,AR00002510,2025-02-18,115
2511,CR-2025-002511,2025-02-18,19,,18922.42,ACH,AR00002511,2025-02-18,11
2512,CR-2025-002512,2025-02-20,20,,64774.88,Wire Transfer,AR00002512,2025-02-21,97
2513,CR-2025-002513,2025-02-25,20,,26360.1,Check,AR00002513,2025-02-26,11
2514,CR-2025-002514,2025-02-20,21,,19839.88,Credit Card,AR00002514,2025-02-20,97
2515,CR-2025-002515,2025-02-14,22,,27786.26,Wire Transfer,AR00002515,2025-02-16,115
2516,CR-2025-002516,2025-02-14,23,,11554.92,Credit Card,AR00002516,2025-02-16,11
2517,CR-2025-002517,2025-02-11,24,,3624.32,Check,AR00002517,2025-02-11,97
2518,CR-2025-002518,2025-02-09,25,,282.74,Wire Transfer,AR00002518,2025-02-09,11
2519,CR-2025-002519,2025-02-18,26,,5223.88,Check,AR00002519,2025-02-19,115
2520,CR-2025-002520,2025-02-10,27,,372.19,Wire Transfer,AR00002520,2025-02-10,97
2521,CR-2025-002521,2025-02-18,28,,5160.66,Check,AR00002521,2025-02-20,115
2522,CR-2025-002522,2025-02-11,29,,2120.27,Wire Transfer,AR00002522,2025-02-12,97
2523,CR-2025-002523,2025-02-06,30,,30.6,Check,AR00002523,2025-02-08,115
2524,CR-2025-002524,2025-02-14,31,,1180.02,Wire Transfer,AR00002524,2025-02-14,115
2525,CR-2025-002525,2025-02-12,32,,5957.63,Credit Card,AR00002525,2025-02-14,11
2526,CR-2025-002526,2025-02-20,33,,13313.03,Credit Card,AR00002526,2025-02-22,97
2527,CR-2025-002527,2025-02-18,34,,28232.08,ACH,AR00002527,2025-02-19,97
2528,CR-2025-002528,2025-02-14,35,,99.45,Credit Card,AR00002528,2025-02-15,11
2529,CR-2025-002529,2025-02-09,36,,234.5,Wire Transfer,AR00002529,2025-02-09,115
2530,CR-2025-002530,2025-02-13,37,,32490.66,ACH,AR00002530,2025-02-13,97
2531,CR-2025-002531,2025-02-10,38,,24215.41,ACH,AR00002531,2025-02-10,11
2532,CR-2025-002532,2025-02-18,39,,3956.31,ACH,AR00002532,2025-02-19,11
2533,CR-2025-002533,2025-02-18,40,7028.0,1300.09,ACH,AR00002533,2025-02-20,97
2534,CR-2025-002534,2025-02-09,41,5771.0,69.68,Check,AR00002534,2025-02-11,115
2535,CR-2025-002535,2025-02-19,42,,6599.93,Credit Card,AR00002535,2025-02-20,11
2536,CR-2025-002536,2025-02-17,43,,14193.26,Credit Card,AR00002536,2025-02-19,97
2537,CR-2025-002537,2025-02-19,44,,19610.74,Wire Transfer,AR00002537,2025-02-20,97
2538,CR-2025-002538,2025-02-19,45,,8401.88,Credit Card,AR00002538,2025-02-20,97
2539,CR-2025-002539,2025-02-10,46,,189.69,Wire Transfer,AR00002539,2025-02-11,11
2540,CR-2025-002540,2025-02-09,47,,770.78,Wire Transfer,AR00002540,2025-02-10,97
2541,CR-2025-002541,2025-02-16,48,,3179.8,ACH,AR00002541,2025-02-16,11
2542,CR-2025-002542,2025-02-14,49,,1978.95,Credit Card,AR00002542,2025-02-14,11
2543,CR-2025-002543,2025-02-10,51,,33591.9,Check,AR00002543,2025-02-11,11
2544,CR-2025-002544,2025-02-13,52,,12193.53,Credit Card,AR00002544,2025-02-14,11
2545,CR-2025-002545,2025-02-03,54,,42.45,ACH,AR00002545,2025-02-03,115
2546,CR-2025-002546,2025-02-12,55,,21240.38,Wire Transfer,AR00002546,2025-02-12,97
2547,CR-2025-002547,2025-02-04,56,,1029.49,Check,AR00002547,2025-02-04,97
2548,CR-2025-002548,2025-02-19,57,5985.0,1434.04,ACH,AR00002548,2025-02-21,97
2549,CR-2025-002549,2025-02-20,58,,3042.04,ACH,AR00002549,2025-02-20,115
2550,CR-2025-002550,2025-02-03,59,,426.13,Check,AR00002550,2025-02-03,11
2551,CR-2025-002551,2025-02-05,60,,24.44,Credit Card,AR00002551,2025-02-07,11
2552,CR-2025-002552,2025-02-20,61,,312.19,ACH,AR00002552,2025-02-20,11
2553,CR-2025-002553,2025-02-14,62,,4041.37,Check,AR00002553,2025-02-16,97
2554,CR-2025-002554,2025-02-17,63,,7156.0,Wire Transfer,AR00002554,2025-02-18,115
2555,CR-2025-002555,2025-02-12,64,6127.0,390.4,Wire Transfer,AR00002555,2025-02-12,97
2556,CR-2025-002556,2025-02-13,65,,13556.57,Check,AR00002556,2025-02-14,97
2557,CR-2025-002557,2025-02-10,66,,2209.81,ACH,AR00002557,2025-02-12,115
2558,CR-2025-002558,2025-02-19,67,,11476.49,Wire Transfer,AR00002558,2025-02-21,97
2559,CR-2025-002559,2025-02-17,68,,15318.06,ACH,AR00002559,2025-02-17,115
2560,CR-2025-002560,2025-02-14,69,,447.21,Check,AR00002560,2025-02-16,11
2561,CR-2025-002561,2025-02-08,70,,127.43,ACH,AR00002561,2025-02-08,97
2562,CR-2025-002562,2025-02-13,71,,14278.68,Wire Transfer,AR00002562,2025-02-13,11
2563,CR-2025-002563,2025-02-12,72,,4020.35,Wire Transfer,AR00002563,2025-02-14,115
2564,CR-2025-002564,2025-02-13,73,,4368.2,ACH,AR00002564,2025-02-13,97
2565,CR-2025-002565,2025-02-14,74,,4999.97,Check,AR00002565,2025-02-16,115
2566,CR-2025-002566,2025-02-10,75,5041.0,423.55,Check,AR00002566,2025-02-12,97
2567,CR-2025-002567,2025-02-19,76,,8412.95,Check,AR00002567,2025-02-19,115
2568,CR-2025-002568,2025-02-24,77,7253.0,738.21,Check,AR00002568,2025-02-24,11
2569,CR-2025-002569,2025-02-18,78,,13859.97,Check,AR00002569,2025-02-19,11
2570,CR-2025-002570,2025-02-18,79,,5563.34,Wire Transfer,AR00002570,2025-02-20,11
2571,CR-2025-002571,2025-02-14,80,,19247.33,Wire Transfer,AR00002571,2025-02-14,115
2572,CR-2025-002572,2025-02-14,81,,42027.14,Credit Card,AR00002572,2025-02-16,115
2573,CR-2025-002573,2025-02-13,82,,10981.17,Wire Transfer,AR00002573,2025-02-14,97
2574,CR-2025-002574,2025-02-17,83,,24872.66,Credit Card,AR00002574,2025-02-18,115
2575,CR-2025-002575,2025-02-13,84,5845.0,3954.47,ACH,AR00002575,2025-02-13,97
2576,CR-2025-002576,2025-02-24,86,,2063.82,Check,AR00002576,2025-02-24,115
2577,CR-2025-002577,2025-02-11,87,,24655.44,ACH,AR00002577,2025-02-13,97
2578,CR-2025-002578,2025-02-17,88,,9973.32,Check,AR00002578,2025-02-17,115
2579,CR-2025-002579,2025-02-10,89,,933.54,Check,AR00002579,2025-02-11,97
2580,CR-2025-002580,2025-02-20,90,,24311.34,ACH,AR00002580,2025-02-20,115
2581,CR-2025-002581,2025-02-13,91,6403.0,1645.87,Wire Transfer,AR00002581,2025-02-15,115
2582,CR-2025-002582,2025-02-18,92,,10521.61,Credit Card,AR00002582,2025-02-18,97
2583,CR-2025-002583,2025-02-11,93,,2001.35,Credit Card,AR00002583,2025-02-12,11
2584,CR-2025-002584,2025-02-10,94,,2402.59,Wire Transfer,AR00002584,2025-02-11,11
2585,CR-2025-002585,2025-02-20,95,,26108.13,Wire Transfer,AR00002585,2025-02-20,97
2586,CR-2025-002586,2025-02-17,96,,26771.38,ACH,AR00002586,2025-02-17,11
2587,CR-2025-002587,2025-02-10,97,,1282.21,Wire Transfer,AR00002587,2025-02-11,97
2588,CR-2025-002588,2025-02-10,98,,23129.68,Check,AR00002588,2025-02-11,11
2589,CR-2025-002589,2025-02-17,99,,24579.51,Wire Transfer,AR00002589,2025-02-17,97
2590,CR-2025-002590,2025-02-10,100,,3883.42,ACH,AR00002590,2025-02-10,115
2591,CR-2025-002591,2025-02-11,101,6188.0,133.62,Wire Transfer,AR00002591,2025-02-12,115
2592,CR-2025-002592,2025-02-19,102,,10567.65,Wire Transfer,AR00002592,2025-02-19,11
2593,CR-2025-002593,2025-02-13,104,,29193.19,ACH,AR00002593,2025-02-14,115
2594,CR-2025-002594,2025-02-12,105,,39786.15,Check,AR00002594,2025-02-14,97
2595,CR-2025-002595,2025-02-17,106,,35410.99,Check,AR00002595,2025-02-18,97
2596,CR-2025-002596,2025-02-03,107,5091.0,0.05,Wire Transfer,AR00002596,2025-02-04,115
2597,CR-2025-002597,2025-02-22,108,,2156.17,ACH,AR00002597,2025-02-24,97
2598,CR-2025-002598,2025-02-10,109,,14373.16,Credit Card,AR00002598,2025-02-10,97
2599,CR-2025-002599,2025-02-12,110,,9684.94,Wire Transfer,AR00002599,2025-02-14,115
2600,CR-2025-002600,2025-02-06,111,,1.02,ACH,AR00002600,2025-02-08,115
2601,CR-2025-002601,2025-02-10,112,5264.0,52.93,Credit Card,AR00002601,2025-02-11,11
2602,CR-2025-002602,2025-02-10,113,,12444.82,Credit Card,AR00002602,2025-02-10,11
2603,CR-2025-002603,2025-02-11,114,,4543.25,Credit Card,AR00002603,2025-02-13,97
2604,CR-2025-002604,2025-02-12,115,,22611.59,Credit Card,AR00002604,2025-02-14,115
2605,CR-2025-002605,2025-02-19,116,,8353.32,Credit Card,AR00002605,2025-02-19,97
2606,CR-2025-002606,2025-02-14,117,,3892.52,Wire Transfer,AR00002606,2025-02-16,97
2607,CR-2025-002607,2025-02-12,118,,24502.52,Credit Card,AR00002607,2025-02-12,115
2608,CR-2025-002608,2025-02-13,119,,32056.67,Check,AR00002608,2025-02-15,115
2609,CR-2025-002609,2025-02-14,120,,5460.05,Credit Card,AR00002609,2025-02-16,11
2610,CR-2025-002610,2025-02-10,121,,2753.04,Wire Transfer,AR00002610,2025-02-10,115
2611,CR-2025-002611,2025-02-11,123,,355.14,Check,AR00002611,2025-02-11,97
2612,CR-2025-002612,2025-02-12,124,,10690.3,Wire Transfer,AR00002612,2025-02-14,11
2613,CR-2025-002613,2025-02-19,125,,9034.19,ACH,AR00002613,2025-02-20,11
2614,CR-2025-002614,2025-02-23,126,7046.0,210.74,Check,AR00002614,2025-02-25,11
2615,CR-2025-002615,2025-02-08,127,,877.26,Check,AR00002615,2025-02-08,11
2616,CR-2025-002616,2025-02-19,128,,20386.61,ACH,AR00002616,2025-02-21,11
2617,CR-2025-002617,2025-02-13,129,,7424.38,ACH,AR00002617,2025-02-13,97
2618,CR-2025-002618,2025-02-07,130,,0.11,Wire Transfer,AR00002618,2025-02-07,11
2619,CR-2025-002619,2025-02-10,131,,5876.87,Wire Transfer,AR00002619,2025-02-11,115
2620,CR-2025-002620,2025-02-05,132,,0.03,ACH,AR00002620,2025-02-07,97
2621,CR-2025-002621,2025-02-14,133,,19170.53,ACH,AR00002621,2025-02-16,97
2622,CR-2025-002622,2025-02-13,135,,23430.1,Wire Transfer,AR00002622,2025-02-14,97
2623,CR-2025-002623,2025-02-08,136,,24305.0,Check,AR00002623,2025-02-10,97
2624,CR-2025-002624,2025-02-12,137,,18919.36,Credit Card,AR00002624,2025-02-14,115
2625,CR-2025-002625,2025-02-19,138,,26245.59,ACH,AR00002625,2025-02-20,11
2626,CR-2025-002626,2025-02-23,138,,48702.11,ACH,AR00002626,2025-02-23,11
2627,CR-2025-002627,2025-02-11,139,,7897.46,Credit Card,AR00002627,2025-02-13,11
2628,CR-2025-002628,2025-02-12,140,,1760.98,Wire Transfer,AR00002628,2025-02-12,11
2629,CR-2025-002629,2025-02-12,141,,37971.24,Credit Card,AR00002629,2025-02-12,97
2630,CR-2025-002630,2025-02-20,143,,3566.5,ACH,AR00002630,2025-02-22,97
2631,CR-2025-002631,2025-02-08,144,,3322.4,Wire Transfer,AR00002631,2025-02-09,97
2632,CR-2025-002632,2025-02-10,145,,17226.8,ACH,AR00002632,2025-02-11,115
2633,CR-2025-002633,2025-02-17,146,,42122.24,ACH,AR00002633,2025-02-19,11
2634,CR-2025-002634,2025-02-11,147,,3383.45,Wire Transfer,AR00002634,2025-02-13,97
2635,CR-2025-002635,2025-02-11,148,,1215.58,ACH,AR00002635,2025-02-12,115
2636,CR-2025-002636,2025-02-13,149,,2601.71,Check,AR00002636,2025-02-14,115
2637,CR-2025-002637,2025-02-20,150,,3953.94,Wire Transfer,AR00002637,2025-02-22,11
2638,CR-2025-002638,2025-02-17,151,,5024.91,Check,AR00002638,2025-02-19,97
2639,CR-2025-002639,2025-02-08,152,,3569.11,Wire Transfer,AR00002639,2025-02-09,97
2640,CR-2025-002640,2025-02-16,153,,5858.99,Credit Card,AR00002640,2025-02-16,11
2641,CR-2025-002641,2025-02-14,154,,6439.37,Check,AR00002641,2025-02-15,115
2642,CR-2025-002642,2025-02-17,155,,2383.68,Credit Card,AR00002642,2025-02-17,97
2643,CR-2025-002643,2025-02-13,156,,35808.71,Wire Transfer,AR00002643,2025-02-14,115
2644,CR-2025-002644,2025-02-14,157,,350.83,ACH,AR00002644,2025-02-14,11
2645,CR-2025-002645,2025-02-20,158,,5432.55,ACH,AR00002645,2025-02-22,97
2646,CR-2025-002646,2025-02-10,159,,2755.0,Check,AR00002646,2025-02-11,115
2647,CR-2025-002647,2025-02-13,160,,841.37,ACH,AR00002647,2025-02-15,97
2648,CR-2025-002648,2025-02-13,161,,13549.95,Check,AR00002648,2025-02-14,97
2649,CR-2025-002649,2025-02-21,162,,13607.56,ACH,AR00002649,2025-02-21,97
2650,CR-2025-002650,2025-02-07,163,,735.46,Credit Card,AR00002650,2025-02-08,11
2651,CR-2025-002651,2025-02-20,164,,704.84,Wire Transfer,AR00002651,2025-02-20,115
2652,CR-2025-002652,2025-02-10,166,,2576.6,Wire Transfer,AR00002652,2025-02-10,97
2653,CR-2025-002653,2025-02-16,167,,5217.02,ACH,AR00002653,2025-02-17,115
2654,CR-2025-002654,2025-02-07,168,,1.35,Credit Card,AR00002654,2025-02-09,115
2655,CR-2025-002655,2025-02-08,169,,5220.52,Check,AR00002655,2025-02-08,115
2656,CR-2025-002656,2025-02-19,170,,3621.6,Credit Card,AR00002656,2025-02-19,11
2657,CR-2025-002657,2025-02-16,171,,6349.17,Check,AR00002657,2025-02-17,11
2658,CR-2025-002658,2025-02-12,172,,6481.4,Check,AR00002658,2025-02-12,115
2659,CR-2025-002659,2025-02-11,173,,8904.84,Wire Transfer,AR00002659,2025-02-12,97
2660,CR-2025-002660,2025-02-11,174,,3828.35,ACH,AR00002660,2025-02-13,115
2661,CR-2025-002661,2025-02-13,176,,2474.81,Check,AR00002661,2025-02-14,11
2662,CR-2025-002662,2025-02-06,177,,8805.63,ACH,AR00002662,2025-02-08,11
2663,CR-2025-002663,2025-02-10,178,,394.04,Credit Card,AR00002663,2025-02-10,97
2664,CR-2025-002664,2025-02-14,179,,4426.03,Wire Transfer,AR00002664,2025-02-16,11
2665,CR-2025-002665,2025-02-19,179,,77390.7,Check,AR00002665,2025-02-19,11
2666,CR-2025-002666,2025-02-16,180,,27493.97,Wire Transfer,AR00002666,2025-02-16,97
2667,CR-2025-002667,2025-02-11,181,,21829.15,ACH,AR00002667,2025-02-12,115
2668,CR-2025-002668,2025-02-20,182,,30873.65,Check,AR00002668,2025-02-22,115
2669,CR-2025-002669,2025-02-20,183,,10570.51,Wire Transfer,AR00002669,2025-02-20,11
2670,CR-2025-002670,2025-02-14,184,,13860.89,Wire Transfer,AR00002670,2025-02-14,97
2671,CR-2025-002671,2025-02-20,185,,46299.17,Credit Card,AR00002671,2025-02-20,11
2672,CR-2025-002672,2025-02-20,186,,3507.95,Check,AR00002672,2025-02-22,97
2673,CR-2025-002673,2025-02-20,187,6636.0,19386.07,Check,AR00002673,2025-02-21,97
2674,CR-2025-002674,2025-02-16,188,,8192.11,Wire Transfer,AR00002674,2025-02-16,115
2675,CR-2025-002675,2025-02-20,189,,25998.39,ACH,AR00002675,2025-02-21,11
2676,CR-2025-002676,2025-02-11,190,,30188.32,Wire Transfer,AR00002676,2025-02-11,115
2677,CR-2025-002677,2025-02-16,191,,4521.09,Wire Transfer,AR00002677,2025-02-17,11
2678,CR-2025-002678,2025-02-13,192,,6859.26,Wire Transfer,AR00002678,2025-02-15,97
2679,CR-2025-002679,2025-02-13,193,,7333.65,Check,AR00002679,2025-02-14,11
2680,CR-2025-002680,2025-02-14,194,,8927.32,Wire Transfer,AR00002680,2025-02-14,11
2681,CR-2025-002681,2025-02-10,195,6276.0,9838.7,Credit Card,AR00002681,2025-02-12,97
2682,CR-2025-002682,2025-02-19,196,,6998.85,Wire Transfer,AR00002682,2025-02-20,11
2683,CR-2025-002683,2025-02-16,197,,8364.35,Check,AR00002683,2025-02-17,97
2684,CR-2025-002684,2025-02-18,198,,12990.61,Credit Card,AR00002684,2025-02-20,115
2685,CR-2025-002685,2025-02-07,199,,2953.55,Check,AR00002685,2025-02-07,97
2686,CR-2025-002686,2025-02-12,200,,46983.67,Check,AR00002686,2025-02-12,11
2687,CR-2025-002687,2025-02-23,200,,26851.91,Wire Transfer,AR00002687,2025-02-24,97
2688,CR-2025-002688,2025-02-10,201,6201.0,387.67,Check,AR00002688,2025-02-10,11
2689,CR-2025-002689,2025-02-14,202,,30411.58,Check,AR00002689,2025-02-16,11
2690,CR-2025-002690,2025-02-20,203,,3719.87,Wire Transfer,AR00002690,2025-02-21,97
2691,CR-2025-002691,2025-02-10,204,,25682.8,ACH,AR00002691,2025-02-10,11
2692,CR-2025-002692,2025-02-14,205,,38799.36,Wire Transfer,AR00002692,2025-02-15,11
2693,CR-2025-002693,2025-02-20,206,,12963.04,Check,AR00002693,2025-02-21,97
2694,CR-2025-002694,2025-02-18,207,,760.11,ACH,AR00002694,2025-02-20,115
2695,CR-2025-002695,2025-02-10,208,,19113.67,Check,AR00002695,2025-02-10,11
2696,CR-2025-002696,2025-02-13,209,6095.0,1660.17,Wire Transfer,AR00002696,2025-02-13,11
2697,CR-2025-002697,2025-02-13,210,,19467.76,ACH,AR00002697,2025-02-13,115
2698,CR-2025-002698,2025-02-11,211,,9307.67,Check,AR00002698,2025-02-12,11
2699,CR-2025-002699,2025-03-18,34,,7023.61,Check,DEP00002699,2025-03-18,97
2700,CR-2025-002700,2025-03-30,125,,4402.74,ACH,DEP00002700,2025-03-30,115
2701,CR-2025-002701,2025-03-26,208,,2328.07,Credit Card,DEP00002701,2025-03-26,11
2702,CR-2025-002702,2025-03-31,98,,1395.6,Check,DEP00002702,2025-03-31,115
2703,CR-2025-002703,2025-03-26,169,,5894.3,Wire Transfer,DEP00002703,2025-03-26,115
2704,CR-2025-002704,2025-03-08,190,,3018.89,ACH,DEP00002704,2025-03-08,97
2705,CR-2025-002705,2025-03-16,1,,57681.45,Check,AR00002705,2025-03-17,97
2706,CR-2025-002706,2025-03-13,2,,5147.95,ACH,AR00002706,2025-03-13,97
2707,CR-2025-002707,2025-03-19,3,,8999.92,Check,AR00002707,2025-03-19,97
2708,CR-2025-002708,2025-03-17,4,,10070.46,Credit Card,AR00002708,2025-03-17,115
2709,CR-2025-002709,2025-03-06,5,,4253.28,Check,AR00002709,2025-03-08,97
2710,CR-2025-002710,2025-03-07,6,,9649.85,Check,AR00002710,2025-03-08,11
2711,CR-2025-002711,2025-03-11,7,,33837.22,ACH,AR00002711,2025-03-13,11
2712,CR-2025-002712,2025-03-16,8,,9885.07,Wire Transfer,AR00002712,2025-03-18,115
2713,CR-2025-002713,2025-03-07,9,,7893.21,Credit Card,AR00002713,2025-03-09,11
2714,CR-2025-002714,2025-03-10,10,,1230.2,Wire Transfer,AR00002714,2025-03-10,11
2715,CR-2025-002715,2025-03-18,11,,8167.61,Credit Card,AR00002715,2025-03-20,115
2716,CR-2025-002716,2025-03-18,12,,8356.49,ACH,AR00002716,2025-03-20,115
2717,CR-2025-002717,2025-03-06,13,,143.38,ACH,AR00002717,2025-03-08,11
2718,CR-2025-002718,2025-03-04,14,5844.0,3.19,Check,AR00002718,2025-03-05,11
2719,CR-2025-002719,2025-03-12,15,,10123.9,Check,AR00002719,2025-03-13,97
2720,CR-2025-002720,2025-03-03,16,,432.22,Credit Card,AR00002720,2025-03-05,115
2721,CR-2025-002721,2025-03-06,17,,286.47,Check,AR00002721,2025-03-06,97
2722,CR-2025-002722,2025-03-12,18,,11290.45,Wire Transfer,AR00002722,2025-03-12,11
2723,CR-2025-002723,2025-03-13,19,,13616.51,Credit Card,AR00002723,2025-03-15,97
2724,CR-2025-002724,2025-03-13,20,,76076.31,Wire Transfer,AR00002724,2025-03-13,97
2725,CR-2025-002725,2025-03-20,20,,26613.94,Wire Transfer,AR00002725,2025-03-22,97
2726,CR-2025-002726,2025-03-12,21,,10077.92,ACH,AR00002726,2025-03-13,11
2727,CR-2025-002727,2025-03-13,22,,49335.31,Credit Card,AR00002727,2025-03-15,97
2728,CR-2025-002728,2025-03-16,23,,14454.31,ACH,AR00002728,2025-03-17,11
2729,CR-2025-002729,2025-03-08,24,,3044.38,Check,AR00002729,2025-03-10,115
2730,CR-2025-002730,2025-03-04,25,,27.07,Check,AR00002730,2025-03-06,97
2731,CR-2025-002731,2025-03-17,26,,14559.84,Check,AR00002731,2025-03-17,97
2732,CR-2025-002732,2025-03-10,27,,46.48,Credit Card,AR00002732,2025-03-10,115
2733,CR-2025-002733,2025-03-16,28,,6763.81,Credit Card,AR00002733,2025-03-16,115
2734,CR-2025-002734,2025-03-16,29,,5891.84,Wire Transfer,AR00002734,2025-03-17,97
2735,CR-2025-002735,2025-03-05,30,,2.12,Wire Transfer,AR00002735,2025-03-05,97
2736,CR-2025-002736,2025-03-19,31,,7450.03,Credit Card,AR00002736,2025-03-19,115
2737,CR-2025-002737,2025-03-20,32,,19183.17,Credit Card,AR00002737,2025-03-22,11
2738,CR-2025-002738,2025-03-17,33,,14120.02,Wire Transfer,AR00002738,2025-03-17,115
2739,CR-2025-002739,2025-03-18,34,,29024.78,Wire Transfer,AR00002739,2025-03-18,11
2740,CR-2025-002740,2025-03-08,35,,158.47,Credit Card,AR00002740,2025-03-09,11
2741,CR-2025-002741,2025-03-21,36,,557.27,Credit Card,AR00002741,2025-03-21,11
2742,CR-2025-002742,2025-03-10,37,,32242.25,ACH,AR00002742,2025-03-11,97
2743,CR-2025-002743,2025-03-12,38,,26343.8,Credit Card,AR00002743,2025-03-12,11
2744,CR-2025-002744,2025-03-19,39,,10122.11,Check,AR00002744,2025-03-21,11
2745,CR-2025-002745,2025-03-11,40,,1242.0,Wire Transfer,AR00002745,2025-03-11,115
2746,CR-2025-002746,2025-03-05,41,,283.96,Wire Transfer,AR00002746,2025-03-07,115
2747,CR-2025-002747,2025-03-19,42,,13075.96,ACH,AR00002747,2025-03-20,11
2748,CR-2025-002748,2025-03-12,43,7035.0,5599.78,Wire Transfer,AR00002748,2025-03-13,97
2749,CR-2025-002749,2025-03-14,44,,14596.79,Credit Card,AR00002749,2025-03-15,11
2750,CR-2025-002750,2025-03-12,45,,4405.05,ACH,AR00002750,2025-03-14,11
2751,CR-2025-002751,2025-03-10,46,,2754.43,Credit Card,AR00002751,2025-03-11,11
2752,CR-2025-002752,2025-03-20,47,,1193.82,ACH,AR00002752,2025-03-20,115
2753,CR-2025-002753,2025-03-18,48,,4512.29,Wire Transfer,AR00002753,2025-03-18,11
2754,CR-2025-002754,2025-03-19,49,,14650.54,ACH,AR00002754,2025-03-21,115
2755,CR-2025-002755,2025-03-07,51,,32861.28,Wire Transfer,AR00002755,2025-03-09,115
2756,CR-2025-002756,2025-03-14,52,,7680.42,Wire Transfer,AR00002756,2025-03-14,11
2757,CR-2025-002757,2025-03-20,53,,732.1,Wire Transfer,AR00002757,2025-03-21,11
2758,CR-2025-002758,2025-03-17,54,7507.0,351.79,Wire Transfer,AR00002758,2025-03-17,115
2759,CR-2025-002759,2025-03-11,55,,18878.09,Wire Transfer,AR00002759,2025-03-13,115
2760,CR-2025-002760,2025-03-20,56,7626.0,4410.79,Wire Transfer,AR00002760,2025-03-20,11
2761,CR-2025-002761,2025-03-08,57,,941.71,Check,AR00002761,2025-03-08,11
2762,CR-2025-002762,2025-03-14,58,,1349.18,Credit Card,AR00002762,2025-03-16,115
2763,CR-2025-002763,2025-03-16,59,,3135.26,Wire Transfer,AR00002763,2025-03-16,115
2764,CR-2025-002764,2025-03-03,60,4451.0,2.9,Wire Transfer,AR00002764,2025-03-05,11
2765,CR-2025-002765,2025-03-20,61,,3828.17,Check,AR00002765,2025-03-20,97
2766,CR-2025-002766,2025-03-09,62,,892.48,Wire Transfer,AR00002766,2025-03-11,115
2767,CR-2025-002767,2025-03-18,63,,10535.08,Check,AR00002767,2025-03-20,115
2768,CR-2025-002768,2025-03-07,64,6127.0,21.43,Check,AR00002768,2025-03-08,115
2769,CR-2025-002769,2025-03-10,65,,14223.44,ACH,AR00002769,2025-03-11,97
2770,CR-2025-002770,2025-03-17,66,7734.0,4492.02,Check,AR00002770,2025-03-19,11
2771,CR-2025-002771,2025-03-14,67,,4734.5,ACH,AR00002771,2025-03-15,115
2772,CR-2025-002772,2025-03-18,68,7213.0,19541.04,ACH,AR00002772,2025-03-19,115
2773,CR-2025-002773,2025-03-06,69,,91.47,ACH,AR00002773,2025-03-07,11
2774,CR-2025-002774,2025-03-05,70,,879.15,Credit Card,AR00002774,2025-03-05,11
2775,CR-2025-002775,2025-03-11,71,,13936.59,ACH,AR00002775,2025-03-12,11
2776,CR-2025-002776,2025-03-08,72,,5687.75,Credit Card,AR00002776,2025-03-08,97
2777,CR-2025-002777,2025-03-20,73,,17774.29,Check,AR00002777,2025-03-21,97
2778,CR-2025-002778,2025-03-10,74,,5606.18,Check,AR00002778,2025-03-10,115
2779,CR-2025-002779,2025-03-07,75,,170.43,Wire Transfer,AR00002779,2025-03-07,97
2780,CR-2025-002780,2025-03-19,76,,8346.29,Wire Transfer,AR00002780,2025-03-20,115
2781,CR-2025-002781,2025-03-16,77,,6386.08,Wire Transfer,AR00002781,2025-03-18,97
2782,CR-2025-002782,2025-03-10,78,,11272.76,Check,AR00002782,2025-03-10,11
2783,CR-2025-002783,2025-03-10,79,,7522.23,Check,AR00002783,2025-03-11,115
2784,CR-2025-002784,2025-03-10,80,,19697.76,ACH,AR00002784,2025-03-10,115
2785,CR-2025-002785,2025-03-12,81,,26275.13,Credit Card,AR00002785,2025-03-12,97
2786,CR-2025-002786,2025-03-18,82,,13808.66,Check,AR00002786,2025-03-20,115
2787,CR-2025-002787,2025-03-11,83,,20437.56,Credit Card,AR00002787,2025-03-11,115
2788,CR-2025-002788,2025-03-10,84,,1878.86,ACH,AR00002788,2025-03-10,97
2789,CR-2025-002789,2025-03-16,86,,7939.63,Wire Transfer,AR00002789,2025-03-16,11
2790,CR-2025-002790,2025-03-18,87,,56337.65,ACH,AR00002790,2025-03-18,11
2791,CR-2025-002791,2025-03-20,88,,26954.46,Wire Transfer,AR00002791,2025-03-22,97
2792,CR-2025-002792,2025-03-07,89,,1277.68,Check,AR00002792,2025-03-09,11
2793,CR-2025-002793,2025-03-10,90,,38938.32,Wire Transfer,AR00002793,2025-03-10,97
2794,CR-2025-002794,2025-03-06,91,6403.0,152.03,Wire Transfer,AR00002794,2025-03-07,97
2795,CR-2025-002795,2025-03-13,92,,21584.74,Credit Card,AR00002795,2025-03-13,97
2796,CR-2025-002796,2025-03-18,93,,7976.26,Credit Card,AR00002796,2025-03-20,115
2797,CR-2025-002797,2025-03-20,94,,5850.74,Wire Transfer,AR00002797,2025-03-21,97
2798,CR-2025-002798,2025-03-12,95,,22151.45,Check,AR00002798,2025-03-14,115
2799,CR-2025-002799,2025-03-10,96,,20238.59,ACH,AR00002799,2025-03-11,11
2800,CR-2025-002800,2025-03-07,97,,2230.33,Credit Card,AR00002800,2025-03-07,97
2801,CR-2025-002801,2025-03-13,98,,18519.18,Check,AR00002801,2025-03-14,115
2802,CR-2025-002802,2025-03-10,99,,19616.96,Wire Transfer,AR00002802,2025-03-12,115
2803,CR-2025-002803,2025-03-20,100,,8544.81,ACH,AR00002803,2025-03-20,11
2804,CR-2025-002804,2025-03-10,101,,581.41,Wire Transfer,AR00002804,2025-03-12,97
2805,CR-2025-002805,2025-03-11,102,,9513.61,Wire Transfer,AR00002805,2025-03-12,97
2806,CR-2025-002806,2025-03-14,104,,12449.74,Credit Card,AR00002806,2025-03-14,11
2807,CR-2025-002807,2025-03-14,105,,35381.23,Credit Card,AR00002807,2025-03-15,115
2808,CR-2025-002808,2025-03-11,106,,22157.97,Credit Card,AR00002808,2025-03-13,97
2809,CR-2025-002809,2025-03-20,107,8024.0,2073.17,Check,AR00002809,2025-03-22,11
2810,CR-2025-002810,2025-03-18,108,,8977.23,ACH,AR00002810,2025-03-20,11
2811,CR-2025-002811,2025-03-08,109,,9300.14,Check,AR00002811,2025-03-10,115
2812,CR-2025-002812,2025-03-11,110,,2828.29,Wire Transfer,AR00002812,2025-03-13,97
2813,CR-2025-002813,2025-03-03,111,,0.02,ACH,AR00002813,2025-03-03,11
2814,CR-2025-002814,2025-03-10,113,,15620.69,Wire Transfer,AR00002814,2025-03-11,115
2815,CR-2025-002815,2025-03-12,114,,7309.57,ACH,AR00002815,2025-03-14,97
2816,CR-2025-002816,2025-03-16,115,,49769.04,Check,AR00002816,2025-03-16,115
2817,CR-2025-002817,2025-03-19,116,,28218.3,Credit Card,AR00002817,2025-03-19,11
2818,CR-2025-002818,2025-03-09,117,,4872.31,Credit Card,AR00002818,2025-03-09,11
2819,CR-2025-002819,2025-03-14,118,,13318.78,Check,AR00002819,2025-03-15,11
2820,CR-2025-002820,2025-03-10,119,,11826.22,Wire Transfer,AR00002820,2025-03-12,115
2821,CR-2025-002821,2025-03-17,120,,9180.99,Credit Card,AR00002821,2025-03-17,115
2822,CR-2025-002822,2025-03-20,121,,10712.88,ACH,AR00002822,2025-03-22,115
2823,CR-2025-002823,2025-03-21,122,,337.05,Check,AR00002823,2025-03-23,115
2824,CR-2025-002824,2025-03-07,123,,1100.6,Check,AR00002824,2025-03-08,115
2825,CR-2025-002825,2025-03-20,124,,18909.98,Credit Card,AR00002825,2025-03-20,97
2826,CR-2025-002826,2025-03-18,125,,21400.72,Wire Transfer,AR00002826,2025-03-19,97
2827,CR-2025-002827,2025-03-21,126,,1202.88,Check,AR00002827,2025-03-21,11
2828,CR-2025-002828,2025-03-19,127,,6128.45,Credit Card,AR00002828,2025-03-20,11
2829,CR-2025-002829,2025-03-14,128,,8104.04,ACH,AR00002829,2025-03-15,11
2830,CR-2025-002830,2025-03-14,129,,6427.63,Credit Card,AR00002830,2025-03-16,11
2831,CR-2025-002831,2025-03-09,131,,12488.54,Credit Card,AR00002831,2025-03-11,97
2832,CR-2025-002832,2025-03-10,133,,14132.18,Check,AR00002832,2025-03-11,115
2833,CR-2025-002833,2025-03-11,135,,10566.73,Wire Transfer,AR00002833,2025-03-12,11
2834,CR-2025-002834,2025-03-10,136,,37740.77,Wire Transfer,AR00002834,2025-03-10,11
2835,CR-2025-002835,2025-03-17,137,,32392.85,Credit Card,AR00002835,2025-03-18,115
2836,CR-2025-002836,2025-03-14,138,,62729.18,ACH,AR00002836,2025-03-14,97
2837,CR-2025-002837,2025-03-21,138,,4762.6,Wire Transfer,AR00002837,2025-03-23,11
2838,CR-2025-002838,2025-03-14,139,,2457.03,ACH,AR00002838,2025-03-16,97
2839,CR-2025-002839,2025-03-12,140,,1967.26,Credit Card,AR00002839,2025-03-14,115
2840,CR-2025-002840,2025-03-10,141,,31344.72,Wire Transfer,AR00002840,2025-03-10,11
2841,CR-2025-002841,2025-03-20,141,,28995.53,Credit Card,AR00002841,2025-03-21,115
2842,CR-2025-002842,2025-03-17,143,,8453.23,Check,AR00002842,2025-03-18,97
2843,CR-2025-002843,2025-03-16,144,,19918.36,Credit Card,AR00002843,2025-03-16,11
2844,CR-2025-002844,2025-03-14,145,,18958.84,ACH,AR00002844,2025-03-16,115
2845,CR-2025-002845,2025-03-10,146,,53665.61,Credit Card,AR00002845,2025-03-10,115
2846,CR-2025-002846,2025-03-16,147,,12450.11,Check,AR00002846,2025-03-16,11
2847,CR-2025-002847,2025-03-19,148,,7150.93,ACH,AR00002847,2025-03-19,97
2848,CR-2025-002848,2025-03-11,149,,587.81,Check,AR00002848,2025-03-11,97
2849,CR-2025-002849,2025-03-18,150,,7666.4,Wire Transfer,AR00002849,2025-03-20,97
2850,CR-2025-002850,2025-03-18,151,,10142.93,Wire Transfer,AR00002850,2025-03-18,115
2851,CR-2025-002851,2025-03-17,152,,11309.08,Check,AR00002851,2025-03-19,97
2852,CR-2025-002852,2025-03-14,153,,3864.97,ACH,AR00002852,2025-03-16,11
2853,CR-2025-002853,2025-03-10,154,,1793.09,Credit Card,AR00002853,2025-03-11,11
2854,CR-2025-002854,2025-03-11,155,,2151.01,Check,AR00002854,2025-03-12,11
2855,CR-2025-002855,2025-03-13,156,,26242.04,Wire Transfer,AR00002855,2025-03-13,11
2856,CR-2025-002856,2025-03-10,157,,22.11,Check,AR00002856,2025-03-11,97
2857,CR-2025-002857,2025-03-18,158,,8917.15,Credit Card,AR00002857,2025-03-18,97
2858,CR-2025-002858,2025-03-10,159,,6901.49,Credit Card,AR00002858,2025-03-10,97
2859,CR-2025-002859,2025-03-08,160,,224.72,Check,AR00002859,2025-03-10,11
2860,CR-2025-002860,2025-03-17,161,,45809.08,Check,AR00002860,2025-03-17,97
2861,CR-2025-002861,2025-03-19,162,,41443.71,Credit Card,AR00002861,2025-03-20,11
2862,CR-2025-002862,2025-03-22,162,,19544.97,Wire Transfer,AR00002862,2025-03-23,11
2863,CR-2025-002863,2025-03-16,163,7805.0,6958.29,ACH,AR00002863,2025-03-17,97
2864,CR-2025-002864,2025-03-14,164,,571.6,Check,AR00002864,2025-03-14,115
2865,CR-2025-002865,2025-03-21,165,,678.88,Wire Transfer,AR00002865,2025-03-22,11
2866,CR-2025-002866,2025-03-10,166,6140.0,540.56,Credit Card,AR00002866,2025-03-12,97
2867,CR-2025-002867,2025-03-11,167,,1595.59,ACH,AR00002867,2025-03-12,115
2868,CR-2025-002868,2025-03-23,169,,7591.42,Credit Card,AR00002868,2025-03-24,97
2869,CR-2025-002869,2025-03-10,170,,1961.63,Wire Transfer,AR00002869,2025-03-11,97
2870,CR-2025-002870,2025-03-14,171,,8012.3,ACH,AR00002870,2025-03-14,115
2871,CR-2025-002871,2025-03-10,172,,3108.7,Wire Transfer,AR00002871,2025-03-10,97
2872,CR-2025-002872,2025-03-18,173,,17141.1,Wire Transfer,AR00002872,2025-03-19,97
2873,CR-2025-002873,2025-03-17,174,,11698.69,Wire Transfer,AR00002873,2025-03-19,11
2874,CR-2025-002874,2025-03-06,175,,80.35,Wire Transfer,AR00002874,2025-03-07,97
2875,CR-2025-002875,2025-03-14,176,,6170.52,Wire Transfer,AR00002875,2025-03-16,115
2876,CR-2025-002876,2025-03-19,177,,10959.67,ACH,AR00002876,2025-03-21,115
2877,CR-2025-002877,2025-03-17,178,,2930.07,ACH,AR00002877,2025-03-17,11
2878,CR-2025-002878,2025-03-11,179,,43290.98,ACH,AR00002878,2025-03-12,97
2879,CR-2025-002879,2025-03-13,180,,33641.12,Credit Card,AR00002879,2025-03-14,115
2880,CR-2025-002880,2025-03-10,181,,11059.81,ACH,AR00002880,2025-03-12,97
2881,CR-2025-002881,2025-03-12,182,,27771.78,Check,AR00002881,2025-03-14,11
2882,CR-2025-002882,2025-03-14,183,,9719.75,Wire Transfer,AR00002882,2025-03-15,11
2883,CR-2025-002883,2025-03-14,184,,11588.0,Check,AR00002883,2025-03-16,115
2884,CR-2025-002884,2025-03-14,185,,32477.32,Check,AR00002884,2025-03-15,97
2885,CR-2025-002885,2025-03-19,186,,7431.92,Wire Transfer,AR00002885,2025-03-21,115
2886,CR-2025-002886,2025-03-13,187,,7348.14,ACH,AR00002886,2025-03-14,115
2887,CR-2025-002887,2025-03-11,188,,12541.71,ACH,AR00002887,2025-03-13,115
2888,CR-2025-002888,2025-03-19,189,,41653.09,Wire Transfer,AR00002888,2025-03-21,115
2889,CR-2025-002889,2025-03-13,190,,18027.66,Wire Transfer,AR00002889,2025-03-15,97
2890,CR-2025-002890,2025-03-12,191,,3289.53,Check,AR00002890,2025-03-13,97
2891,CR-2025-002891,2025-03-10,192,,2642.48,Check,AR00002891,2025-03-10,97
2892,CR-2025-002892,2025-03-20,193,,9861.42,Wire Transfer,AR00002892,2025-03-21,115
2893,CR-2025-002893,2025-03-10,194,,6337.25,Check,AR00002893,2025-03-11,97
2894,CR-2025-002894,2025-03-10,195,,15786.12,ACH,AR00002894,2025-03-10,11
2895,CR-2025-002895,2025-03-11,196,,23972.45,Wire Transfer,AR00002895,2025-03-11,97
2896,CR-2025-002896,2025-03-10,197,,8077.61,Wire Transfer,AR00002896,2025-03-12,115
2897,CR-2025-002897,2025-03-11,198,,9887.57,Check,AR00002897,2025-03-11,11
2898,CR-2025-002898,2025-03-06,199,,862.57,Check,AR00002898,2025-03-07,11
2899,CR-2025-002899,2025-03-14,200,,50792.49,Check,AR00002899,2025-03-15,97
2900,CR-2025-002900,2025-03-06,201,,65.47,Credit Card,AR00002900,2025-03-08,11
2901,CR-2025-002901,2025-03-13,202,,28204.22,Check,AR00002901,2025-03-13,97
2902,CR-2025-002902,2025-03-17,203,,11022.79,Check,AR00002902,2025-03-17,11
2903,CR-2025-002903,2025-03-11,204,,14948.74,Wire Transfer,AR00002903,2025-03-13,115
2904,CR-2025-002904,2025-03-13,205,,13914.78,Wire Transfer,AR00002904,2025-03-14,115
2905,CR-2025-002905,2025-03-20,206,,32468.85,Check,AR00002905,2025-03-20,97
2906,CR-2025-002906,2025-03-12,207,,515.26,ACH,AR00002906,2025-03-12,115
2907,CR-2025-002907,2025-03-20,208,,38628.91,Check,AR00002907,2025-03-22,115
2908,CR-2025-002908,2025-03-05,209,,299.44,Credit Card,AR00002908,2025-03-07,11
2909,CR-2025-002909,2025-03-14,210,,11069.62,Credit Card,AR00002909,2025-03-15,115
2910,CR-2025-002910,2025-03-08,211,,7088.85,Credit Card,AR00002910,2025-03-10,97
2911,CR-2025-002911,2025-04-25,141,7479.0,1983.38,ACH,DEP00002911,2025-04-25,97
2912,CR-2025-002912,2025-04-30,105,7574.0,2120.83,Check,DEP00002912,2025-04-30,97
2913,CR-2025-002913,2025-04-11,187,,1565.09,Wire Transfer,DEP00002913,2025-04-11,97
2914,CR-2025-002914,2025-04-10,1,,48215.23,Credit Card,AR00002914,2025-04-11,11
2915,CR-2025-002915,2025-04-16,2,,9614.4,Wire Transfer,AR00002915,2025-04-17,97
2916,CR-2025-002916,2025-04-13,3,,3392.42,Wire Transfer,AR00002916,2025-04-13,11
2917,CR-2025-002917,2025-04-20,4,,33778.03,Credit Card,AR00002917,2025-04-20,115
2918,CR-2025-002918,2025-04-16,5,,14446.12,Wire Transfer,AR00002918,2025-04-17,11
2919,CR-2025-002919,2025-04-11,6,,31916.67,Wire Transfer,AR00002919,2025-04-11,97
2920,CR-2025-002920,2025-04-10,7,,13678.28,Check,AR00002920,2025-04-10,11
2921,CR-2025-002921,2025-04-12,8,,3516.52,ACH,AR00002921,2025-04-14,115
2922,CR-2025-002922,2025-04-19,9,,15449.35,Credit Card,AR00002922,2025-04-19,115
2923,CR-2025-002923,2025-04-07,10,,1281.65,Credit Card,AR00002923,2025-04-08,115
2924,CR-2025-002924,2025-04-20,11,,7473.61,Credit Card,AR00002924,2025-04-21,11
2925,CR-2025-002925,2025-04-14,12,,5818.18,Credit Card,AR00002925,2025-04-14,11
2926,CR-2025-002926,2025-04-05,13,6223.0,11.77,ACH,AR00002926,2025-04-06,11
2927,CR-2025-002927,2025-04-04,14,,959.98,Wire Transfer,AR00002927,2025-04-06,11
2928,CR-2025-002928,2025-04-11,15,,8962.5,Check,AR00002928,2025-04-11,97
2929,CR-2025-002929,2025-04-18,16,,2966.02,Credit Card,AR00002929,2025-04-19,11
2930,CR-2025-002930,2025-04-21,17,,957.88,Credit Card,AR00002930,2025-04-23,11
2931,CR-2025-002931,2025-04-16,18,,18416.28,ACH,AR00002931,2025-04-18,11
2932,CR-2025-002932,2025-04-13,19,,7679.34,Credit Card,AR00002932,2025-04-15,115
2933,CR-2025-002933,2025-04-14,20,,56979.09,ACH,AR00002933,2025-04-14,115
2934,CR-2025-002934,2025-04-06,21,,12262.26,Wire Transfer,AR00002934,2025-04-07,115
2935,CR-2025-002935,2025-04-13,22,,42088.78,ACH,AR00002935,2025-04-13,97
2936,CR-2025-002936,2025-04-13,23,,12892.83,Credit Card,AR00002936,2025-04-13,11
2937,CR-2025-002937,2025-04-16,24,,17564.17,Check,AR00002937,2025-04-17,115
2938,CR-2025-002938,2025-04-03,25,,0.32,ACH,AR00002938,2025-04-05,97
2939,CR-2025-002939,2025-04-14,26,,28327.37,Wire Transfer,AR00002939,2025-04-14,11
2940,CR-2025-002940,2025-04-03,27,,106.16,ACH,AR00002940,2025-04-04,11
2941,CR-2025-002941,2025-04-13,28,,5763.14,ACH,AR00002941,2025-04-13,97
2942,CR-2025-002942,2025-04-19,29,,10290.26,Credit Card,AR00002942,2025-04-21,115
2943,CR-2025-002943,2025-04-06,30,,660.72,ACH,AR00002943,2025-04-06,115
2944,CR-2025-002944,2025-04-13,31,,9078.02,Credit Card,AR00002944,2025-04-13,97
2945,CR-2025-002945,2025-04-11,32,,10267.74,Wire Transfer,AR00002945,2025-04-12,115
2946,CR-2025-002946,2025-04-14,33,,5631.68,Credit Card,AR00002946,2025-04-15,115
2947,CR-2025-002947,2025-04-13,34,,44249.9,Check,AR00002947,2025-04-15,115
2948,CR-2025-002948,2025-04-17,35,,1191.38,Credit Card,AR00002948,2025-04-17,115
2949,CR-2025-002949,2025-04-20,36,,4749.0,ACH,AR00002949,2025-04-20,11
2950,CR-2025-002950,2025-04-12,37,,12969.63,Credit Card,AR00002950,2025-04-14,115
2951,CR-2025-002951,2025-04-12,38,,25256.06,ACH,AR00002951,2025-04-13,11
2952,CR-2025-002952,2025-04-14,39,,8368.72,Wire Transfer,AR00002952,2025-04-15,11
2953,CR-2025-002953,2025-04-20,40,,2928.26,ACH,AR00002953,2025-04-22,97
2954,CR-2025-002954,2025-04-18,41,,3066.18,Check,AR00002954,2025-04-20,97
2955,CR-2025-002955,2025-04-14,42,,4459.15,ACH,AR00002955,2025-04-15,97
2956,CR-2025-002956,2025-04-08,43,,5384.49,Credit Card,AR00002956,2025-04-10,115
2957,CR-2025-002957,2025-04-11,44,,4747.92,Wire Transfer,AR00002957,2025-04-11,11
2958,CR-2025-002958,2025-04-17,45,,6948.36,Wire Transfer,AR00002958,2025-04-18,97
2959,CR-2025-002959,2025-04-20,46,,10631.64,Check,AR00002959,2025-04-21,11
2960,CR-2025-002960,2025-04-12,47,,516.08,Credit Card,AR00002960,2025-04-12,115
2961,CR-2025-002961,2025-04-12,48,,1475.63,Wire Transfer,AR00002961,2025-04-14,97
2962,CR-2025-002962,2025-04-12,49,,8884.16,ACH,AR00002962,2025-04-14,11
2963,CR-2025-002963,2025-04-12,51,,15645.5,Wire Transfer,AR00002963,2025-04-12,97
2964,CR-2025-002964,2025-04-13,52,6335.0,2515.42,Check,AR00002964,2025-04-15,115
2965,CR-2025-002965,2025-04-11,53,,584.25,Credit Card,AR00002965,2025-04-11,97
2966,CR-2025-002966,2025-04-10,54,7507.0,104.38,Wire Transfer,AR00002966,2025-04-12,97
2967,CR-2025-002967,2025-04-10,55,,30365.03,Credit Card,AR00002967,2025-04-11,11
2968,CR-2025-002968,2025-04-12,56,,4683.52,Credit Card,AR00002968,2025-04-12,11
2969,CR-2025-002969,2025-04-20,57,,847.13,Check,AR00002969,2025-04-20,11
2970,CR-2025-002970,2025-04-20,58,,4590.08,Check,AR00002970,2025-04-22,115
2971,CR-2025-002971,2025-04-17,59,,8460.86,Check,AR00002971,2025-04-17,115
2972,CR-2025-002972,2025-04-06,60,,0.27,Credit Card,AR00002972,2025-04-06,11
2973,CR-2025-002973,2025-04-17,61,,12638.59,Credit Card,AR00002973,2025-04-19,11
2974,CR-2025-002974,2025-04-10,62,,114.53,ACH,AR00002974,2025-04-11,115
2975,CR-2025-002975,2025-04-13,63,,4047.3,Check,AR00002975,2025-04-14,11
2976,CR-2025-002976,2025-04-03,64,,0.11,Wire Transfer,AR00002976,2025-04-05,11
2977,CR-2025-002977,2025-04-17,65,,6932.78,Wire Transfer,AR00002977,2025-04-18,97
2978,CR-2025-002978,2025-04-12,66,,2786.74,Wire Transfer,AR00002978,2025-04-12,115
2979,CR-2025-002979,2025-04-17,67,,4346.28,Credit Card,AR00002979,2025-04-17,115
2980,CR-2025-002980,2025-04-12,68,,25731.11,Credit Card,AR00002980,2025-04-13,11
2981,CR-2025-002981,2025-04-20,70,,7225.58,Check,AR00002981,2025-04-20,11
2982,CR-2025-002982,2025-04-13,71,,8987.82,ACH,AR00002982,2025-04-14,97
2983,CR-2025-002983,2025-04-12,72,,15141.48,Check,AR00002983,2025-04-12,97
2984,CR-2025-002984,2025-04-18,73,,39885.89,ACH,AR00002984,2025-04-20,115
2985,CR-2025-002985,2025-04-18,74,,18999.49,Credit Card,AR00002985,2025-04-18,115
2986,CR-2025-002986,2025-04-18,75,,1320.45,Check,AR00002986,2025-04-19,97
2987,CR-2025-002987,2025-04-13,76,,2325.1,Check,AR00002987,2025-04-14,11
2988,CR-2025-002988,2025-04-17,77,,12254.47,Check,AR00002988,2025-04-18,115
2989,CR-2025-002989,2025-04-16,78,,24510.0,Credit Card,AR00002989,2025-04-18,115
2990,CR-2025-002990,2025-04-12,79,,5770.25,ACH,AR00002990,2025-04-12,115
2991,CR-2025-002991,2025-04-10,80,,38105.29,Check,AR00002991,2025-04-12,97
2992,CR-2025-002992,2025-04-11,81,,18688.97,Credit Card,AR00002992,2025-04-12,115
2993,CR-2025-002993,2025-04-11,82,,6453.4,Wire Transfer,AR00002993,2025-04-12,115
2994,CR-2025-002994,2025-04-14,83,,11972.37,ACH,AR00002994,2025-04-15,115
2995,CR-2025-002995,2025-04-23,84,,6410.41,Wire Transfer,AR00002995,2025-04-23,115
2996,CR-2025-002996,2025-04-23,85,,171.49,ACH,AR00002996,2025-04-24,11
2997,CR-2025-002997,2025-04-14,86,,3792.11,ACH,AR00002997,2025-04-14,97
2998,CR-2025-002998,2025-04-11,87,,31260.67,ACH,AR00002998,2025-04-12,97
2999,CR-2025-002999,2025-04-14,88,,14018.06,Credit Card,AR00002999,2025-04-15,115
3000,CR-2025-003000,2025-04-17,89,,1766.77,ACH,AR00003000,2025-04-19,97
3001,CR-2025-003001,2025-04-12,90,,21289.63,Check,AR00003001,2025-04-13,11
3002,CR-2025-003002,2025-04-07,91,,8.9,Credit Card,AR00003002,2025-04-09,11
3003,CR-2025-003003,2025-04-17,92,,12036.58,Wire Transfer,AR00003003,2025-04-17,115
3004,CR-2025-003004,2025-04-11,93,,2724.19,Wire Transfer,AR00003004,2025-04-13,115
3005,CR-2025-003005,2025-04-11,94,,3399.16,ACH,AR00003005,2025-04-11,115
3006,CR-2025-003006,2025-04-10,95,,12744.17,Credit Card,AR00003006,2025-04-12,97
3007,CR-2025-003007,2025-04-12,96,,30037.74,Credit Card,AR00003007,2025-04-12,97
3008,CR-2025-003008,2025-04-18,97,,5520.24,Credit Card,AR00003008,2025-04-18,115
3009,CR-2025-003009,2025-04-14,98,,17128.06,ACH,AR00003009,2025-04-15,115
3010,CR-2025-003010,2025-04-13,99,,9129.26,Check,AR00003010,2025-04-13,11
3011,CR-2025-003011,2025-04-10,100,,4199.21,ACH,AR00003011,2025-04-12,97
3012,CR-2025-003012,2025-04-20,101,,4871.03,Wire Transfer,AR00003012,2025-04-20,115
3013,CR-2025-003013,2025-04-11,102,,8770.79,ACH,AR00003013,2025-04-12,11
3014,CR-2025-003014,2025-04-21,103,,122.93,ACH,AR00003014,2025-04-21,97
3015,CR-2025-003015,2025-04-17,104,,15435.86,Credit Card,AR00003015,2025-04-19,115
3016,CR-2025-003016,2025-04-14,105,,30533.58,Credit Card,AR00003016,2025-04-14,11
3017,CR-2025-003017,2025-04-18,106,,41995.83,Wire Transfer,AR00003017,2025-04-18,97
3018,CR-2025-003018,2025-04-17,107,,4719.4,Check,AR00003018,2025-04-19,97
3019,CR-2025-003019,2025-04-13,108,,7636.41,Credit Card,AR00003019,2025-04-15,97
3020,CR-2025-003020,2025-04-14,109,,6226.42,Credit Card,AR00003020,2025-04-14,97
3021,CR-2025-003021,2025-04-09,110,,3185.9,ACH,AR00003021,2025-04-09,11
3022,CR-2025-003022,2025-04-05,112,,1085.92,Wire Transfer,AR00003022,2025-04-07,97
3023,CR-2025-003023,2025-04-14,113,,15140.4,Wire Transfer,AR00003023,2025-04-14,115
3024,CR-2025-003024,2025-04-11,114,,5283.66,Wire Transfer,AR00003024,2025-04-12,97
3025,CR-2025-003025,2025-04-11,115,,49583.51,Check,AR00003025,2025-04-11,97
3026,CR-2025-003026,2025-04-11,116,,42060.94,ACH,AR00003026,2025-04-13,115
3027,CR-2025-003027,2025-04-16,117,,12621.39,Check,AR00003027,2025-04-17,97
3028,CR-2025-003028,2025-04-20,118,,24749.66,Check,AR00003028,2025-04-22,11
3029,CR-2025-003029,2025-04-08,119,,4352.83,Credit Card,AR00003029,2025-04-10,115
3030,CR-2025-003030,2025-04-12,120,,3246.97,Wire Transfer,AR00003030,2025-04-13,97
3031,CR-2025-003031,2025-04-10,121,,12162.28,Wire Transfer,AR00003031,2025-04-10,115
3032,CR-2025-003032,2025-04-16,122,,1948.81,Wire Transfer,AR00003032,2025-04-18,11
3033,CR-2025-003033,2025-04-17,123,,12082.77,Check,AR00003033,2025-04-19,11
3034,CR-2025-003034,2025-04-11,124,,10174.42,Credit Card,AR00003034,2025-04-13,97
3035,CR-2025-003035,2025-04-19,125,,55273.95,Wire Transfer,AR00003035,2025-04-21,11
3036,CR-2025-003036,2025-04-16,126,,5983.87,Wire Transfer,AR00003036,2025-04-18,11
3037,CR-2025-003037,2025-04-11,127,,3078.64,Wire Transfer,AR00003037,2025-04-11,11
3038,CR-2025-003038,2025-04-09,128,,4126.89,Check,AR00003038,2025-04-09,115
3039,CR-2025-003039,2025-04-17,129,,19039.43,ACH,AR00003039,2025-04-18,11
3040,CR-2025-003040,2025-04-20,131,,13415.8,Wire Transfer,AR00003040,2025-04-22,97
3041,CR-2025-003041,2025-04-22,132,8624.0,207.51,Check,AR00003041,2025-04-22,11
3042,CR-2025-003042,2025-04-12,133,,6174.05,Credit Card,AR00003042,2025-04-13,115
3043,CR-2025-003043,2025-04-17,135,,23870.99,Check,AR00003043,2025-04-17,115
3044,CR-2025-003044,2025-04-11,136,,33071.59,Credit Card,AR00003044,2025-04-12,11
3045,CR-2025-003045,2025-04-20,136,,33520.82,Credit Card,AR00003045,2025-04-20,115
3046,CR-2025-003046,2025-04-12,137,,39754.8,ACH,AR00003046,2025-04-14,97
3047,CR-2025-003047,2025-04-12,138,,20128.58,Check,AR00003047,2025-04-12,97
3048,CR-2025-003048,2025-04-20,138,,45129.31,Wire Transfer,AR00003048,2025-04-21,11
3049,CR-2025-003049,2025-04-18,139,,6303.27,Check,AR00003049,2025-04-20,97
3050,CR-2025-003050,2025-04-17,140,,9241.23,Wire Transfer,AR00003050,2025-04-18,11
3051,CR-2025-003051,2025-04-13,141,,50326.62,ACH,AR00003051,2025-04-14,11
3052,CR-2025-003052,2025-04-16,143,,20073.22,Check,AR00003052,2025-04-17,97
3053,CR-2025-003053,2025-04-10,144,,9878.44,Check,AR00003053,2025-04-11,97
3054,CR-2025-003054,2025-04-10,145,,13263.53,ACH,AR00003054,2025-04-10,97
3055,CR-2025-003055,2025-04-13,146,,22478.01,ACH,AR00003055,2025-04-14,97
3056,CR-2025-003056,2025-04-14,147,,6436.22,Check,AR00003056,2025-04-15,115
3057,CR-2025-003057,2025-04-10,148,,3351.96,Check,AR00003057,2025-04-10,115
3058,CR-2025-003058,2025-04-13,149,,428.01,ACH,AR00003058,2025-04-15,97
3059,CR-2025-003059,2025-04-12,150,,2851.9,Check,AR00003059,2025-04-12,11
3060,CR-2025-003060,2025-04-13,151,,9802.47,Credit Card,AR00003060,2025-04-14,11
3061,CR-2025-003061,2025-04-10,152,,5203.51,ACH,AR00003061,2025-04-10,115
3062,CR-2025-003062,2025-04-16,153,,11714.78,Wire Transfer,AR00003062,2025-04-18,115
3063,CR-2025-003063,2025-04-13,154,,2661.57,ACH,AR00003063,2025-04-13,97
3064,CR-2025-003064,2025-04-19,155,,8006.29,ACH,AR00003064,2025-04-21,97
3065,CR-2025-003065,2025-04-10,156,,33781.51,Check,AR00003065,2025-04-11,115
3066,CR-2025-003066,2025-04-03,157,,0.79,Check,AR00003066,2025-04-03,115
3067,CR-2025-003067,2025-04-12,158,,9616.14,Check,AR00003067,2025-04-12,115
3068,CR-2025-003068,2025-04-16,159,,36237.22,Credit Card,AR00003068,2025-04-17,97
3069,CR-2025-003069,2025-04-17,160,,1511.62,Credit Card,AR00003069,2025-04-18,97
3070,CR-2025-003070,2025-04-11,161,,63748.97,Credit Card,AR00003070,2025-04-11,97
3071,CR-2025-003071,2025-04-19,161,,1772.9,ACH,AR00003071,2025-04-21,115
3072,CR-2025-003072,2025-04-13,162,,51016.78,Credit Card,AR00003072,2025-04-13,115
3073,CR-2025-003073,2025-04-14,163,,5598.68,Check,AR00003073,2025-04-15,115
3074,CR-2025-003074,2025-04-20,164,,2530.86,Wire Transfer,AR00003074,2025-04-22,11
3075,CR-2025-003075,2025-04-19,165,,4952.92,Credit Card,AR00003075,2025-04-20,115
3076,CR-2025-003076,2025-04-05,166,,132.21,Check,AR00003076,2025-04-07,11
3077,CR-2025-003077,2025-04-09,167,,669.65,ACH,AR00003077,2025-04-11,97
3078,CR-2025-003078,2025-04-05,168,,175.15,ACH,AR00003078,2025-04-07,97
3079,CR-2025-003079,2025-04-18,169,,24460.66,Credit Card,AR00003079,2025-04-19,115
3080,CR-2025-003080,2025-04-11,170,,754.01,Credit Card,AR00003080,2025-04-12,97
3081,CR-2025-003081,2025-04-20,171,,19503.96,Check,AR00003081,2025-04-20,115
3082,CR-2025-003082,2025-04-17,172,,11606.86,ACH,AR00003082,2025-04-18,115
3083,CR-2025-003083,2025-04-18,173,,55556.69,Check,AR00003083,2025-04-19,97
3084,CR-2025-003084,2025-04-11,174,,6254.73,ACH,AR00003084,2025-04-11,11
3085,CR-2025-003085,2025-04-17,175,7806.0,690.54,Check,AR00003085,2025-04-17,97
3086,CR-2025-003086,2025-04-16,176,,7623.65,Check,AR00003086,2025-04-17,115
3087,CR-2025-003087,2025-04-11,177,,15440.75,ACH,AR00003087,2025-04-13,97
3088,CR-2025-003088,2025-04-12,178,,2735.94,Credit Card,AR00003088,2025-04-13,11
3089,CR-2025-003089,2025-04-12,179,,43402.66,Wire Transfer,AR00003089,2025-04-13,11
3090,CR-2025-003090,2025-04-11,180,,22177.51,Check,AR00003090,2025-04-11,115
3091,CR-2025-003091,2025-04-13,181,,7981.1,Check,AR00003091,2025-04-15,11
3092,CR-2025-003092,2025-04-12,182,,22773.41,Wire Transfer,AR00003092,2025-04-14,11
3093,CR-2025-003093,2025-04-18,183,,16659.51,Wire Transfer,AR00003093,2025-04-20,97
3094,CR-2025-003094,2025-04-14,184,,7524.49,Wire Transfer,AR00003094,2025-04-16,97
3095,CR-2025-003095,2025-04-10,185,,17233.07,Wire Transfer,AR00003095,2025-04-10,97
3096,CR-2025-003096,2025-04-20,186,,20400.83,Credit Card,AR00003096,2025-04-22,97
3097,CR-2025-003097,2025-04-13,187,,3298.69,Credit Card,AR00003097,2025-04-14,115
3098,CR-2025-003098,2025-04-17,188,,20292.06,Credit Card,AR00003098,2025-04-17,115
3099,CR-2025-003099,2025-04-11,189,,48470.54,ACH,AR00003099,2025-04-11,115
3100,CR-2025-003100,2025-04-14,190,,10415.89,Check,AR00003100,2025-04-15,115
3101,CR-2025-003101,2025-04-16,191,,7235.26,Credit Card,AR00003101,2025-04-17,115
3102,CR-2025-003102,2025-04-18,192,,6282.2,Wire Transfer,AR00003102,2025-04-18,11
3103,CR-2025-003103,2025-04-10,193,,7486.78,Check,AR00003103,2025-04-11,11
3104,CR-2025-003104,2025-04-18,194,,12665.33,Credit Card,AR00003104,2025-04-18,97
3105,CR-2025-003105,2025-04-13,195,,22192.44,Wire Transfer,AR00003105,2025-04-15,97
3106,CR-2025-003106,2025-04-13,196,,29533.69,Wire Transfer,AR00003106,2025-04-13,11
3107,CR-2025-003107,2025-04-20,197,,14785.36,Wire Transfer,AR00003107,2025-04-21,11
3108,CR-2025-003108,2025-04-12,198,,6509.84,Check,AR00003108,2025-04-13,115
3109,CR-2025-003109,2025-04-07,199,,1953.13,Wire Transfer,AR00003109,2025-04-09,97
3110,CR-2025-003110,2025-04-11,200,,48634.25,Wire Transfer,AR00003110,2025-04-11,115
3111,CR-2025-003111,2025-04-07,201,,119.02,Check,AR00003111,2025-04-08,115
3112,CR-2025-003112,2025-04-11,202,,22198.48,Wire Transfer,AR00003112,2025-04-11,11
3113,CR-2025-003113,2025-04-12,203,,14224.25,Credit Card,AR00003113,2025-04-14,11
3114,CR-2025-003114,2025-04-10,204,,21641.96,Credit Card,AR00003114,2025-04-11,97
3115,CR-2025-003115,2025-04-07,205,,4831.81,Credit Card,AR00003115,2025-04-09,115
3116,CR-2025-003116,2025-04-12,206,,17272.47,Check,AR00003116,2025-04-12,97
3117,CR-2025-003117,2025-04-11,207,7341.0,130.82,Check,AR00003117,2025-04-13,115
3118,CR-2025-003118,2025-04-20,208,,26479.15,Check,AR00003118,2025-04-20,115
3119,CR-2025-003119,2025-04-22,208,,33729.19,Credit Card,AR00003119,2025-04-22,115
3120,CR-2025-003120,2025-04-04,209,6095.0,33.57,Wire Transfer,AR00003120,2025-04-04,11
3121,CR-2025-003121,2025-04-13,210,,4869.22,Credit Card,AR00003121,2025-04-14,11
3122,CR-2025-003122,2025-04-16,211,,16356.7,Wire Transfer,AR00003122,2025-04-16,115
3123,CR-2025-003123,2025-05-05,1,,4736.55,ACH,DEP00003123,2025-05-05,11
3124,CR-2025-003124,2025-05-21,51,,4569.2,Wire Transfer,DEP00003124,2025-05-21,11
3125,CR-2025-003125,2025-05-07,34,,3862.82,ACH,DEP00003125,2025-05-07,11
3126,CR-2025-003126,2025-05-21,196,8192.0,1223.09,Wire Transfer,DEP00003126,2025-05-21,115
3127,CR-2025-003127,2025-05-11,194,,2287.19,Check,DEP00003127,2025-05-11,115
3128,CR-2025-003128,2025-05-31,208,,5110.36,Credit Card,DEP00003128,2025-05-31,115
3129,CR-2025-003129,2025-05-17,100,,2284.37,Wire Transfer,DEP00003129,2025-05-17,11
3130,CR-2025-003130,2025-05-31,179,8280.0,3329.3,Check,DEP00003130,2025-05-31,97
3131,CR-2025-003131,2025-05-31,68,8293.0,1424.85,ACH,DEP00003131,2025-05-31,97
3132,CR-2025-003132,2025-05-06,138,,2757.51,Credit Card,DEP00003132,2025-05-06,97
3133,CR-2025-003133,2025-05-10,1,,20867.91,Credit Card,AR00003133,2025-05-12,97
3134,CR-2025-003134,2025-05-14,2,,6533.5,ACH,AR00003134,2025-05-16,97
3135,CR-2025-003135,2025-05-11,3,,1615.84,ACH,AR00003135,2025-05-11,97
3136,CR-2025-003136,2025-05-10,4,,16626.08,ACH,AR00003136,2025-05-11,97
3137,CR-2025-003137,2025-05-12,5,,17326.33,ACH,AR00003137,2025-05-12,97
3138,CR-2025-003138,2025-05-11,6,,37340.2,ACH,AR00003138,2025-05-11,97
3139,CR-2025-003139,2025-05-18,7,,12686.63,ACH,AR00003139,2025-05-20,115
3140,CR-2025-003140,2025-05-13,8,,3471.83,Check,AR00003140,2025-05-15,97
3141,CR-2025-003141,2025-05-10,9,,15097.37,ACH,AR00003141,2025-05-12,11
3142,CR-2025-003142,2025-05-17,10,,5304.02,Check,AR00003142,2025-05-19,97
3143,CR-2025-003143,2025-05-14,11,,4657.54,Check,AR00003143,2025-05-16,115
3144,CR-2025-003144,2025-05-14,12,,2231.18,Check,AR00003144,2025-05-14,97
3145,CR-2025-003145,2025-05-05,13,,0.16,Check,AR00003145,2025-05-05,97
3146,CR-2025-003146,2025-05-16,14,,3670.68,ACH,AR00003146,2025-05-18,11
3147,CR-2025-003147,2025-05-18,15,8353.0,15602.19,ACH,AR00003147,2025-05-20,97
3148,CR-2025-003148,2025-05-10,16,,1089.93,ACH,AR00003148,2025-05-12,115
3149,CR-2025-003149,2025-05-20,17,,3746.26,Credit Card,AR00003149,2025-05-21,115
3150,CR-2025-003150,2025-05-13,18,,13390.8,Check,AR00003150,2025-05-13,11
3151,CR-2025-003151,2025-05-16,19,,10793.45,ACH,AR00003151,2025-05-18,97
3152,CR-2025-003152,2025-05-10,20,,27195.25,Credit Card,AR00003152,2025-05-12,97
3153,CR-2025-003153,2025-05-13,21,,10819.83,Check,AR00003153,2025-05-14,115
3154,CR-2025-003154,2025-05-13,22,,20155.11,Check,AR00003154,2025-05-15,97
3155,CR-2025-003155,2025-05-10,23,,6642.32,ACH,AR00003155,2025-05-12,97
3156,CR-2025-003156,2025-05-14,24,,8552.45,Wire Transfer,AR00003156,2025-05-14,97
3157,CR-2025-003157,2025-05-14,26,,11448.4,Credit Card,AR00003157,2025-05-16,97
3158,CR-2025-003158,2025-05-19,27,,895.16,Credit Card,AR00003158,2025-05-21,97
3159,CR-2025-003159,2025-05-12,28,,2422.1,Check,AR00003159,2025-05-13,11
3160,CR-2025-003160,2025-05-14,29,,7731.7,ACH,AR00003160,2025-05-15,115
3161,CR-2025-003161,2025-05-16,30,,6144.1,Credit Card,AR00003161,2025-05-17,11
3162,CR-2025-003162,2025-05-11,31,,8637.38,ACH,AR00003162,2025-05-12,115
3163,CR-2025-003163,2025-05-13,32,,4164.38,ACH,AR00003163,2025-05-15,97
3164,CR-2025-003164,2025-05-12,33,8405.0,1042.56,Wire Transfer,AR00003164,2025-05-14,97
3165,CR-2025-003165,2025-05-18,34,,57107.43,Wire Transfer,AR00003165,2025-05-20,97
3166,CR-2025-003166,2025-05-25,34,,9182.01,Check,AR00003166,2025-05-27,115
3167,CR-2025-003167,2025-05-13,35,,359.84,Check,AR00003167,2025-05-13,97
3168,CR-2025-003168,2025-05-13,36,,3246.19,Check,AR00003168,2025-05-15,11
3169,CR-2025-003169,2025-05-06,37,,4165.84,Check,AR00003169,2025-05-06,11
3170,CR-2025-003170,2025-05-10,38,,18287.25,Check,AR00003170,2025-05-11,97
3171,CR-2025-003171,2025-05-11,39,,6680.34,Wire Transfer,AR00003171,2025-05-12,97
3172,CR-2025-003172,2025-05-12,40,,933.24,Wire Transfer,AR00003172,2025-05-13,97
3173,CR-2025-003173,2025-05-18,41,,7762.27,ACH,AR00003173,2025-05-18,115
3174,CR-2025-003174,2025-05-07,42,,941.29,Wire Transfer,AR00003174,2025-05-07,11
3175,CR-2025-003175,2025-05-12,43,,10043.56,ACH,AR00003175,2025-05-13,11
3176,CR-2025-003176,2025-05-07,44,,1251.09,Check,AR00003176,2025-05-08,115
3177,CR-2025-003177,2025-05-11,45,,8544.12,Wire Transfer,AR00003177,2025-05-13,11
3178,CR-2025-003178,2025-05-11,46,8194.0,3286.1,Wire Transfer,AR00003178,2025-05-13,11
3179,CR-2025-003179,2025-05-07,47,,152.66,Wire Transfer,AR00003179,2025-05-07,97
3180,CR-2025-003180,2025-05-08,48,,195.43,Check,AR00003180,2025-05-09,97
3181,CR-2025-003181,2025-05-13,49,,4799.64,Credit Card,AR00003181,2025-05-13,97
3182,CR-2025-003182,2025-05-21,50,,270.63,Check,AR00003182,2025-05-23,115
3183,CR-2025-003183,2025-05-19,51,,12978.87,Check,AR00003183,2025-05-21,115
3184,CR-2025-003184,2025-05-06,52,,2133.42,Wire Transfer,AR00003184,2025-05-08,11
3185,CR-2025-003185,2025-05-16,53,,2478.83,Credit Card,AR00003185,2025-05-16,115
3186,CR-2025-003186,2025-05-10,54,,16.91,ACH,AR00003186,2025-05-11,97
3187,CR-2025-003187,2025-05-12,55,,20046.59,Wire Transfer,AR00003187,2025-05-12,11
3188,CR-2025-003188,2025-05-12,56,,2367.0,ACH,AR00003188,2025-05-14,11
3189,CR-2025-003189,2025-05-19,57,,7156.43,Check,AR00003189,2025-05-19,97
3190,CR-2025-003190,2025-05-20,58,,7286.41,Wire Transfer,AR00003190,2025-05-21,11
3191,CR-2025-003191,2025-05-14,59,,2965.97,ACH,AR00003191,2025-05-16,97
3192,CR-2025-003192,2025-05-14,61,,16902.93,ACH,AR00003192,2025-05-14,97
3193,CR-2025-003193,2025-05-07,62,,9.57,ACH,AR00003193,2025-05-08,115
3194,CR-2025-003194,2025-05-10,63,8159.0,858.69,Wire Transfer,AR00003194,2025-05-12,115
3195,CR-2025-003195,2025-05-10,65,,4440.91,ACH,AR00003195,2025-05-12,11
3196,CR-2025-003196,2025-05-19,66,,3750.88,Credit Card,AR00003196,2025-05-21,97
3197,CR-2025-003197,2025-05-14,67,,2962.07,Check,AR00003197,2025-05-15,115
3198,CR-2025-003198,2025-05-14,68,,18982.14,Check,AR00003198,2025-05-14,11
3199,CR-2025-003199,2025-05-03,69,,1533.53,Wire Transfer,AR00003199,2025-05-04,11
3200,CR-2025-003200,2025-05-14,70,,2423.8,Check,AR00003200,2025-05-14,115
3201,CR-2025-003201,2025-05-16,71,,14629.31,Credit Card,AR00003201,2025-05-16,97
3202,CR-2025-003202,2025-05-12,72,,30882.13,Credit Card,AR00003202,2025-05-14,97
3203,CR-2025-003203,2025-05-10,73,,25616.88,Check,AR00003203,2025-05-11,115
3204,CR-2025-003204,2025-05-10,74,,10345.86,ACH,AR00003204,2025-05-11,11
3205,CR-2025-003205,2025-05-13,75,,643.48,Credit Card,AR00003205,2025-05-13,115
3206,CR-2025-003206,2025-05-07,76,,783.9,Wire Transfer,AR00003206,2025-05-08,115
3207,CR-2025-003207,2025-05-13,77,,9207.31,ACH,AR00003207,2025-05-14,97
3208,CR-2025-003208,2025-05-10,78,,11538.47,Wire Transfer,AR00003208,2025-05-12,11
3209,CR-2025-003209,2025-05-18,79,,9011.53,Credit Card,AR00003209,2025-05-18,115
3210,CR-2025-003210,2025-05-12,80,,36495.35,Credit Card,AR00003210,2025-05-13,11
3211,CR-2025-003211,2025-05-12,81,,16666.71,Check,AR00003211,2025-05-13,115
3212,CR-2025-003212,2025-05-16,82,,9371.82,Check,AR00003212,2025-05-17,97
3213,CR-2025-003213,2025-05-17,83,,16859.58,Wire Transfer,AR00003213,2025-05-19,115
3214,CR-2025-003214,2025-05-16,84,,24930.0,ACH,AR00003214,2025-05-16,97
3215,CR-2025-003215,2025-05-24,85,,1520.88,ACH,AR00003215,2025-05-24,97
3216,CR-2025-003216,2025-05-06,86,,1433.3,ACH,AR00003216,2025-05-07,115
3217,CR-2025-003217,2025-05-16,87,,19814.33,Credit Card,AR00003217,2025-05-18,115
3218,CR-2025-003218,2025-05-12,88,,5637.59,Check,AR00003218,2025-05-14,115
3219,CR-2025-003219,2025-05-10,89,,1665.01,Wire Transfer,AR00003219,2025-05-10,11
3220,CR-2025-003220,2025-05-13,90,,22219.72,Wire Transfer,AR00003220,2025-05-15,11
3221,CR-2025-003221,2025-05-04,91,,375.34,Credit Card,AR00003221,2025-05-04,115
3222,CR-2025-003222,2025-05-17,92,,19892.98,Credit Card,AR00003222,2025-05-18,97
3223,CR-2025-003223,2025-05-09,93,,211.9,Wire Transfer,AR00003223,2025-05-09,97
3224,CR-2025-003224,2025-05-18,94,,6898.83,Check,AR00003224,2025-05-19,11
3225,CR-2025-003225,2025-05-12,95,,4127.3,ACH,AR00003225,2025-05-13,115
3226,CR-2025-003226,2025-05-11,96,,28804.58,Check,AR00003226,2025-05-11,115
3227,CR-2025-003227,2025-05-19,97,,6527.19,ACH,AR00003227,2025-05-19,97
3228,CR-2025-003228,2025-05-12,98,,18620.92,ACH,AR00003228,2025-05-14,97
3229,CR-2025-003229,2025-05-19,99,,7692.49,Check,AR00003229,2025-05-19,11
3230,CR-2025-003230,2025-05-23,100,8855.0,1363.13,ACH,AR00003230,2025-05-23,97
3231,CR-2025-003231,2025-05-11,101,,2645.28,ACH,AR00003231,2025-05-11,97
3232,CR-2025-003232,2025-05-19,102,,10839.05,Wire Transfer,AR00003232,2025-05-21,11
3233,CR-2025-003233,2025-05-19,103,,1719.29,Credit Card,AR00003233,2025-05-20,115
3234,CR-2025-003234,2025-05-14,104,,7817.9,Wire Transfer,AR00003234,2025-05-14,11
3235,CR-2025-003235,2025-05-11,105,,15923.15,ACH,AR00003235,2025-05-13,115
3236,CR-2025-003236,2025-05-10,106,,43197.42,Wire Transfer,AR00003236,2025-05-11,115
3237,CR-2025-003237,2025-05-11,107,,2020.37,ACH,AR00003237,2025-05-11,97
3238,CR-2025-003238,2025-05-10,108,,7355.08,Credit Card,AR00003238,2025-05-11,11
3239,CR-2025-003239,2025-05-20,109,,7875.03,Credit Card,AR00003239,2025-05-21,115
3240,CR-2025-003240,2025-05-16,110,8789.0,11321.47,ACH,AR00003240,2025-05-16,97
3241,CR-2025-003241,2025-05-23,111,,1624.37,Credit Card,AR00003241,2025-05-23,97
3242,CR-2025-003242,2025-05-19,112,8372.0,4395.85,Check,AR00003242,2025-05-21,115
3243,CR-2025-003243,2025-05-11,113,,9683.81,ACH,AR00003243,2025-05-11,11
3244,CR-2025-003244,2025-05-20,114,,11900.21,ACH,AR00003244,2025-05-21,11
3245,CR-2025-003245,2025-05-13,115,,35970.39,Check,AR00003245,2025-05-13,11
3246,CR-2025-003246,2025-05-11,116,,19090.8,Wire Transfer,AR00003246,2025-05-13,97
3247,CR-2025-003247,2025-05-11,117,,7437.57,Credit Card,AR00003247,2025-05-12,115
3248,CR-2025-003248,2025-05-14,118,,42322.3,Check,AR00003248,2025-05-16,97
3249,CR-2025-003249,2025-05-16,119,,10120.27,Check,AR00003249,2025-05-17,11
3250,CR-2025-003250,2025-05-13,120,,3127.96,Check,AR00003250,2025-05-14,115
3251,CR-2025-003251,2025-05-11,121,,4937.05,ACH,AR00003251,2025-05-12,115
3252,CR-2025-003252,2025-05-13,122,,1490.8,Wire Transfer,AR00003252,2025-05-14,11
3253,CR-2025-003253,2025-05-18,123,,14953.97,Check,AR00003253,2025-05-18,115
3254,CR-2025-003254,2025-05-08,124,,4240.91,ACH,AR00003254,2025-05-09,11
3255,CR-2025-003255,2025-05-10,125,,31948.97,Credit Card,AR00003255,2025-05-11,97
3256,CR-2025-003256,2025-05-13,126,,3015.13,Wire Transfer,AR00003256,2025-05-14,11
3257,CR-2025-003257,2025-05-20,127,,5527.63,Credit Card,AR00003257,2025-05-20,97
3258,CR-2025-003258,2025-05-17,128,,15315.79,Check,AR00003258,2025-05-18,11
3259,CR-2025-003259,2025-05-13,129,,47159.31,ACH,AR00003259,2025-05-13,115
3260,CR-2025-003260,2025-05-14,131,,14764.34,Check,AR00003260,2025-05-14,11
3261,CR-2025-003261,2025-05-21,132,8624.0,238.68,Wire Transfer,AR00003261,2025-05-23,11
3262,CR-2025-003262,2025-05-10,133,,9675.66,Credit Card,AR00003262,2025-05-11,11
3263,CR-2025-003263,2025-05-19,135,,48256.53,ACH,AR00003263,2025-05-21,97
3264,CR-2025-003264,2025-05-18,136,,13390.32,Check,AR00003264,2025-05-18,115
3265,CR-2025-003265,2025-05-23,136,,66569.42,Wire Transfer,AR00003265,2025-05-23,11
3266,CR-2025-003266,2025-05-11,137,,37109.35,Wire Transfer,AR00003266,2025-05-12,97
3267,CR-2025-003267,2025-05-11,138,,47522.31,Check,AR00003267,2025-05-11,11
3268,CR-2025-003268,2025-05-23,138,,20227.1,Wire Transfer,AR00003268,2025-05-24,11
3269,CR-2025-003269,2025-05-12,139,,3706.34,Check,AR00003269,2025-05-12,115
3270,CR-2025-003270,2025-05-12,140,,6503.06,Check,AR00003270,2025-05-14,97
3271,CR-2025-003271,2025-05-12,141,,57072.71,Check,AR00003271,2025-05-13,115
3272,CR-2025-003272,2025-05-10,143,,15825.45,Wire Transfer,AR00003272,2025-05-10,11
3273,CR-2025-003273,2025-05-13,144,,12166.39,Credit Card,AR00003273,2025-05-13,97
3274,CR-2025-003274,2025-05-12,145,,13051.98,Wire Transfer,AR00003274,2025-05-13,115
3275,CR-2025-003275,2025-05-08,146,,25133.92,Credit Card,AR00003275,2025-05-10,11
3276,CR-2025-003276,2025-05-12,147,,5046.88,ACH,AR00003276,2025-05-14,97
3277,CR-2025-003277,2025-05-14,148,,768.48,Credit Card,AR00003277,2025-05-14,115
3278,CR-2025-003278,2025-05-20,149,,4504.97,Check,AR00003278,2025-05-22,97
3279,CR-2025-003279,2025-05-07,150,7240.0,232.87,Wire Transfer,AR00003279,2025-05-07,97
3280,CR-2025-003280,2025-05-13,151,,10935.28,Check,AR00003280,2025-05-14,115
3281,CR-2025-003281,2025-05-10,152,,5870.11,Wire Transfer,AR00003281,2025-05-12,97
3282,CR-2025-003282,2025-05-13,153,,7106.16,Check,AR00003282,2025-05-15,11
3283,CR-2025-003283,2025-05-20,154,,11134.63,ACH,AR00003283,2025-05-20,11
3284,CR-2025-003284,2025-05-20,155,,16472.36,Credit Card,AR00003284,2025-05-22,115
3285,CR-2025-003285,2025-05-14,156,,44648.18,Credit Card,AR00003285,2025-05-16,11
3286,CR-2025-003286,2025-05-10,158,,8457.53,Credit Card,AR00003286,2025-05-11,115
3287,CR-2025-003287,2025-05-11,159,,32729.32,ACH,AR00003287,2025-05-13,115
3288,CR-2025-003288,2025-05-12,160,8362.0,391.84,Wire Transfer,AR00003288,2025-05-13,115
3289,CR-2025-003289,2025-05-10,161,,44303.31,Credit Card,AR00003289,2025-05-12,11
3290,CR-2025-003290,2025-05-13,162,,19223.96,Check,AR00003290,2025-05-15,11
3291,CR-2025-003291,2025-05-11,163,,8410.2,ACH,AR00003291,2025-05-11,11
3292,CR-2025-003292,2025-05-10,164,,875.46,Credit Card,AR00003292,2025-05-10,11
3293,CR-2025-003293,2025-05-11,165,,2203.2,Credit Card,AR00003293,2025-05-13,11
3294,CR-2025-003294,2025-05-03,166,,1230.41,ACH,AR00003294,2025-05-05,115
3295,CR-2025-003295,2025-05-18,167,,3327.31,Wire Transfer,AR00003295,2025-05-19,115
3296,CR-2025-003296,2025-05-20,168,,917.0,Wire Transfer,AR00003296,2025-05-22,11
3297,CR-2025-003297,2025-05-14,169,,29954.4,Wire Transfer,AR00003297,2025-05-16,97
3298,CR-2025-003298,2025-05-17,170,,2796.54,Wire Transfer,AR00003298,2025-05-17,11
3299,CR-2025-003299,2025-05-13,171,,17054.59,Wire Transfer,AR00003299,2025-05-15,11
3300,CR-2025-003300,2025-05-13,172,,6097.96,Credit Card,AR00003300,2025-05-13,115
3301,CR-2025-003301,2025-05-14,173,,33263.93,Credit Card,AR00003301,2025-05-16,97
3302,CR-2025-003302,2025-05-08,174,,2060.57,Wire Transfer,AR00003302,2025-05-10,97
3303,CR-2025-003303,2025-05-11,175,,1010.49,Wire Transfer,AR00003303,2025-05-12,11
3304,CR-2025-003304,2025-05-12,176,,2974.87,Check,AR00003304,2025-05-14,97
3305,CR-2025-003305,2025-05-11,177,,19618.5,ACH,AR00003305,2025-05-12,115
3306,CR-2025-003306,2025-05-16,178,,2454.31,Wire Transfer,AR00003306,2025-05-18,97
3307,CR-2025-003307,2025-05-11,179,,24501.24,Wire Transfer,AR00003307,2025-05-13,11
3308,CR-2025-003308,2025-05-11,180,,8827.02,Check,AR00003308,2025-05-12,97
3309,CR-2025-003309,2025-05-10,181,,8182.13,Wire Transfer,AR00003309,2025-05-10,115
3310,CR-2025-003310,2025-05-12,182,,11582.99,ACH,AR00003310,2025-05-14,115
3311,CR-2025-003311,2025-05-13,183,,8915.74,ACH,AR00003311,2025-05-15,11
3312,CR-2025-003312,2025-05-14,184,,3525.96,ACH,AR00003312,2025-05-16,11
3313,CR-2025-003313,2025-05-10,185,,16408.91,Credit Card,AR00003313,2025-05-12,115
3314,CR-2025-003314,2025-05-12,186,,20264.64,Credit Card,AR00003314,2025-05-14,97
3315,CR-2025-003315,2025-05-20,187,,28128.69,ACH,AR00003315,2025-05-20,115
3316,CR-2025-003316,2025-05-11,188,,30161.0,Credit Card,AR00003316,2025-05-11,115
3317,CR-2025-003317,2025-05-10,189,,31944.68,ACH,AR00003317,2025-05-12,97
3318,CR-2025-003318,2025-05-16,190,,14566.25,Check,AR00003318,2025-05-18,115
3319,CR-2025-003319,2025-05-14,191,,8854.72,Check,AR00003319,2025-05-14,11
3320,CR-2025-003320,2025-05-11,192,,12473.73,Check,AR00003320,2025-05-12,11
3321,CR-2025-003321,2025-05-10,193,,2788.86,Wire Transfer,AR00003321,2025-05-11,97
3322,CR-2025-003322,2025-05-10,194,,12601.16,Credit Card,AR00003322,2025-05-11,115
3323,CR-2025-003323,2025-05-11,195,,12643.32,Check,AR00003323,2025-05-11,11
3324,CR-2025-003324,2025-05-10,196,,23285.88,ACH,AR00003324,2025-05-10,11
3325,CR-2025-003325,2025-05-11,197,,9694.19,Wire Transfer,AR00003325,2025-05-13,11
3326,CR-2025-003326,2025-05-10,198,,5595.64,ACH,AR00003326,2025-05-10,97
3327,CR-2025-003327,2025-05-17,199,,14290.31,Check,AR00003327,2025-05-19,115
3328,CR-2025-003328,2025-05-11,200,,31441.02,ACH,AR00003328,2025-05-11,97
3329,CR-2025-003329,2025-05-16,201,,900.08,Wire Transfer,AR00003329,2025-05-17,97
3330,CR-2025-003330,2025-05-17,202,,47969.4,ACH,AR00003330,2025-05-17,11
3331,CR-2025-003331,2025-05-11,203,,9256.59,Wire Transfer,AR00003331,2025-05-11,11
3332,CR-2025-003332,2025-05-12,204,,11214.41,Wire Transfer,AR00003332,2025-05-12,115
3333,CR-2025-003333,2025-05-22,205,,11428.71,ACH,AR00003333,2025-05-23,11
3334,CR-2025-003334,2025-05-08,206,,6277.57,Wire Transfer,AR00003334,2025-05-09,11
3335,CR-2025-003335,2025-05-10,207,,895.99,Check,AR00003335,2025-05-10,11
3336,CR-2025-003336,2025-05-13,208,,43539.36,Credit Card,AR00003336,2025-05-15,11
3337,CR-2025-003337,2025-05-07,209,,1269.79,Check,AR00003337,2025-05-07,97
3338,CR-2025-003338,2025-05-10,210,,9006.54,ACH,AR00003338,2025-05-10,115
3339,CR-2025-003339,2025-05-11,211,,13160.44,Wire Transfer,AR00003339,2025-05-11,115
3340,CR-2025-003340,2025-06-16,173,,6669.51,Credit Card,DEP00003340,2025-06-16,11
3341,CR-2025-003341,2025-06-08,166,,3367.24,Wire Transfer,DEP00003341,2025-06-08,11
3342,CR-2025-003342,2025-06-18,128,,3189.5,Check,DEP00003342,2025-06-18,97
3343,CR-2025-003343,2025-06-21,130,,1827.82,Wire Transfer,DEP00003343,2025-06-21,11
3344,CR-2025-003344,2025-06-26,177,,1461.04,Credit Card,DEP00003344,2025-06-26,115
3345,CR-2025-003345,2025-06-12,62,,2008.13,Credit Card,DEP00003345,2025-06-12,11
3346,CR-2025-003346,2025-06-28,149,,959.46,Wire Transfer,DEP00003346,2025-06-28,115
3347,CR-2025-003347,2025-06-14,51,,1649.09,Check,DEP00003347,2025-06-14,97
3348,CR-2025-003348,2025-06-14,1,,22469.23,Credit Card,AR00003348,2025-06-15,97
3349,CR-2025-003349,2025-06-14,2,,3253.21,Check,AR00003349,2025-06-14,97
3350,CR-2025-003350,2025-06-19,3,,3612.35,Credit Card,AR00003350,2025-06-21,115
3351,CR-2025-003351,2025-06-07,4,,24010.8,Credit Card,AR00003351,2025-06-07,97
3352,CR-2025-003352,2025-06-14,5,,16855.63,ACH,AR00003352,2025-06-16,97
3353,CR-2025-003353,2025-06-11,6,,21800.51,Wire Transfer,AR00003353,2025-06-13,11
3354,CR-2025-003354,2025-06-10,7,,8779.87,ACH,AR00003354,2025-06-12,97
3355,CR-2025-003355,2025-06-18,8,,7955.38,Check,AR00003355,2025-06-20,97
3356,CR-2025-003356,2025-06-11,9,,9035.57,Credit Card,AR00003356,2025-06-13,115
3357,CR-2025-003357,2025-06-10,10,,6411.73,Check,AR00003357,2025-06-11,11
3358,CR-2025-003358,2025-06-14,11,,2491.11,Wire Transfer,AR00003358,2025-06-14,97
3359,CR-2025-003359,2025-06-19,12,9600.0,6253.78,Wire Transfer,AR00003359,2025-06-20,11
3360,CR-2025-003360,2025-06-05,13,,1238.75,Credit Card,AR00003360,2025-06-05,11
3361,CR-2025-003361,2025-06-11,14,,2497.67,Check,AR00003361,2025-06-11,11
3362,CR-2025-003362,2025-06-11,15,,6575.58,Wire Transfer,AR00003362,2025-06-13,97
3363,CR-2025-003363,2025-06-10,16,8340.0,165.01,Credit Card,AR00003363,2025-06-10,11
3364,CR-2025-003364,2025-06-10,17,,1726.04,Check,AR00003364,2025-06-10,97
3365,CR-2025-003365,2025-06-20,18,,13237.3,ACH,AR00003365,2025-06-22,97
3366,CR-2025-003366,2025-06-11,19,,19906.39,Credit Card,AR00003366,2025-06-12,97
3367,CR-2025-003367,2025-06-17,20,,42923.72,Wire Transfer,AR00003367,2025-06-18,11
3368,CR-2025-003368,2025-06-11,21,,11360.32,Check,AR00003368,2025-06-13,115
3369,CR-2025-003369,2025-06-08,22,,7421.81,Wire Transfer,AR00003369,2025-06-10,97
3370,CR-2025-003370,2025-06-17,23,,18188.87,ACH,AR00003370,2025-06-19,11
3371,CR-2025-003371,2025-06-08,24,,3195.37,ACH,AR00003371,2025-06-10,11
3372,CR-2025-003372,2025-06-03,25,,212.16,Credit Card,AR00003372,2025-06-04,115
3373,CR-2025-003373,2025-06-10,26,,4571.75,Wire Transfer,AR00003373,2025-06-12,115
3374,CR-2025-003374,2025-06-11,27,,681.95,Check,AR00003374,2025-06-11,11
3375,CR-2025-003375,2025-06-20,28,,2997.53,Credit Card,AR00003375,2025-06-20,11
3376,CR-2025-003376,2025-06-11,29,,11348.66,Wire Transfer,AR00003376,2025-06-13,11
3377,CR-2025-003377,2025-06-11,30,,7082.64,Credit Card,AR00003377,2025-06-12,97
3378,CR-2025-003378,2025-06-13,31,,12824.76,Check,AR00003378,2025-06-15,11
3379,CR-2025-003379,2025-06-19,32,,12758.6,Credit Card,AR00003379,2025-06-20,97
3380,CR-2025-003380,2025-06-10,33,,93.56,Wire Transfer,AR00003380,2025-06-11,115
3381,CR-2025-003381,2025-06-13,34,,36658.33,Check,AR00003381,2025-06-14,97
3382,CR-2025-003382,2025-06-16,36,,6832.5,Check,AR00003382,2025-06-16,97
3383,CR-2025-003383,2025-06-18,37,,9278.02,ACH,AR00003383,2025-06-19,115
3384,CR-2025-003384,2025-06-10,38,,9435.69,Check,AR00003384,2025-06-12,11
3385,CR-2025-003385,2025-06-10,39,,2812.54,Wire Transfer,AR00003385,2025-06-11,97
3386,CR-2025-003386,2025-06-07,40,,459.65,Credit Card,AR00003386,2025-06-07,97
3387,CR-2025-003387,2025-06-17,41,,11610.54,Wire Transfer,AR00003387,2025-06-17,97
3388,CR-2025-003388,2025-06-07,42,,559.79,ACH,AR00003388,2025-06-08,115
3389,CR-2025-003389,2025-06-12,43,,4397.57,Check,AR00003389,2025-06-13,11
3390,CR-2025-003390,2025-06-11,44,,1782.78,Wire Transfer,AR00003390,2025-06-13,97
3391,CR-2025-003391,2025-06-12,45,,11202.95,Check,AR00003391,2025-06-14,11
3392,CR-2025-003392,2025-06-10,46,8194.0,296.23,Check,AR00003392,2025-06-12,115
3393,CR-2025-003393,2025-06-07,48,7249.0,14.47,ACH,AR00003393,2025-06-09,115
3394,CR-2025-003394,2025-06-14,49,,11750.7,Credit Card,AR00003394,2025-06-14,115
3395,CR-2025-003395,2025-06-16,50,,2123.61,Check,AR00003395,2025-06-18,11
3396,CR-2025-003396,2025-06-19,51,,23745.38,Wire Transfer,AR00003396,2025-06-19,97
3397,CR-2025-003397,2025-06-17,52,7970.0,3038.28,Credit Card,AR00003397,2025-06-19,11
3398,CR-2025-003398,2025-06-11,53,,747.63,ACH,AR00003398,2025-06-12,11
3399,CR-2025-003399,2025-06-05,54,,561.02,Credit Card,AR00003399,2025-06-07,115
3400,CR-2025-003400,2025-06-14,55,,8500.48,ACH,AR00003400,2025-06-16,97
3401,CR-2025-003401,2025-06-13,56,,434.04,Check,AR00003401,2025-06-14,97
3402,CR-2025-003402,2025-06-13,57,8389.0,3423.88,Credit Card,AR00003402,2025-06-13,97
3403,CR-2025-003403,2025-06-11,58,,2365.7,ACH,AR00003403,2025-06-12,115
3404,CR-2025-003404,2025-06-06,59,,814.33,Check,AR00003404,2025-06-07,97
3405,CR-2025-003405,2025-06-06,60,,1211.26,ACH,AR00003405,2025-06-06,115
3406,CR-2025-003406,2025-06-13,61,,14893.63,Wire Transfer,AR00003406,2025-06-14,11
3407,CR-2025-003407,2025-06-23,62,,960.33,Credit Card,AR00003407,2025-06-24,97
3408,CR-2025-003408,2025-06-09,63,,138.3,Check,AR00003408,2025-06-09,97
3409,CR-2025-003409,2025-06-20,64,,1116.17,Wire Transfer,AR00003409,2025-06-22,11
3410,CR-2025-003410,2025-06-19,65,,7110.02,Wire Transfer,AR00003410,2025-06-20,115
3411,CR-2025-003411,2025-06-14,66,,1240.73,ACH,AR00003411,2025-06-14,97
3412,CR-2025-003412,2025-06-14,67,,1618.18,ACH,AR00003412,2025-06-15,11
3413,CR-2025-003413,2025-06-12,68,,35470.42,Wire Transfer,AR00003413,2025-06-14,97
3414,CR-2025-003414,2025-06-20,69,,6773.68,Wire Transfer,AR00003414,2025-06-21,97
3415,CR-2025-003415,2025-06-07,70,,1224.63,Credit Card,AR00003415,2025-06-08,115
3416,CR-2025-003416,2025-06-14,71,8783.0,5794.14,Credit Card,AR00003416,2025-06-14,11
3417,CR-2025-003417,2025-06-12,72,,16601.91,Wire Transfer,AR00003417,2025-06-12,97
3418,CR-2025-003418,2025-06-12,73,,26057.46,Wire Transfer,AR00003418,2025-06-14,97
3419,CR-2025-003419,2025-06-20,74,,12889.25,ACH,AR00003419,2025-06-21,97
3420,CR-2025-003420,2025-06-21,75,,1834.39,Check,AR00003420,2025-06-22,11
3421,CR-2025-003421,2025-06-16,76,,2554.96,Wire Transfer,AR00003421,2025-06-17,11
3422,CR-2025-003422,2025-06-10,77,,3169.27,Credit Card,AR00003422,2025-06-12,11
3423,CR-2025-003423,2025-06-06,78,,13763.71,Credit Card,AR00003423,2025-06-06,11
3424,CR-2025-003424,2025-06-12,79,,6139.85,Credit Card,AR00003424,2025-06-13,97
3425,CR-2025-003425,2025-06-12,80,,36115.92,ACH,AR00003425,2025-06-14,115
3426,CR-2025-003426,2025-06-14,81,,10578.22,Check,AR00003426,2025-06-15,115
3427,CR-2025-003427,2025-06-13,82,,7216.84,Credit Card,AR00003427,2025-06-15,11
3428,CR-2025-003428,2025-06-10,83,,23564.12,ACH,AR00003428,2025-06-11,11
3429,CR-2025-003429,2025-06-14,84,,17524.11,Credit Card,AR00003429,2025-06-14,115
3430,CR-2025-003430,2025-06-20,85,,6687.67,Credit Card,AR00003430,2025-06-22,11
3431,CR-2025-003431,2025-06-21,86,9548.0,3367.92,Wire Transfer,AR00003431,2025-06-21,115
3432,CR-2025-003432,2025-06-12,87,,19100.39,Credit Card,AR00003432,2025-06-12,115
3433,CR-2025-003433,2025-06-16,88,,10559.2,Wire Transfer,AR00003433,2025-06-16,11
3434,CR-2025-003434,2025-06-16,89,,5943.06,Credit Card,AR00003434,2025-06-18,97
3435,CR-2025-003435,2025-06-11,90,,31981.33,Credit Card,AR00003435,2025-06-13,11
3436,CR-2025-003436,2025-06-18,91,,3140.11,ACH,AR00003436,2025-06-20,11
3437,CR-2025-003437,2025-06-10,92,,14746.16,Check,AR00003437,2025-06-10,97
3438,CR-2025-003438,2025-06-05,93,,156.59,Credit Card,AR00003438,2025-06-05,11
3439,CR-2025-003439,2025-06-14,94,,2429.47,ACH,AR00003439,2025-06-15,97
3440,CR-2025-003440,2025-06-07,95,,1220.84,ACH,AR00003440,2025-06-07,115
3441,CR-2025-003441,2025-06-13,96,,10833.15,Check,AR00003441,2025-06-13,115
3442,CR-2025-003442,2025-06-13,97,,1836.47,ACH,AR00003442,2025-06-14,115
3443,CR-2025-003443,2025-06-13,98,,34276.75,ACH,AR00003443,2025-06-14,115
3444,CR-2025-003444,2025-06-10,99,,8837.64,Check,AR00003444,2025-06-12,115
3445,CR-2025-003445,2025-06-17,100,,10151.29,Wire Transfer,AR00003445,2025-06-19,97
3446,CR-2025-003446,2025-06-10,101,,2842.77,ACH,AR00003446,2025-06-10,11
3447,CR-2025-003447,2025-06-13,102,,22683.43,ACH,AR00003447,2025-06-15,97
3448,CR-2025-003448,2025-06-18,103,,6349.02,Check,AR00003448,2025-06-18,115
3449,CR-2025-003449,2025-06-14,104,,10803.67,ACH,AR00003449,2025-06-14,115
3450,CR-2025-003450,2025-06-18,105,,20769.79,ACH,AR00003450,2025-06-19,115
3451,CR-2025-003451,2025-06-12,106,,39512.05,Wire Transfer,AR00003451,2025-06-13,115
3452,CR-2025-003452,2025-06-14,107,,1252.5,Wire Transfer,AR00003452,2025-06-15,11
3453,CR-2025-003453,2025-06-10,108,,6903.07,ACH,AR00003453,2025-06-10,115
3454,CR-2025-003454,2025-06-20,109,,28838.16,ACH,AR00003454,2025-06-20,97
3455,CR-2025-003455,2025-06-14,110,,6213.68,Check,AR00003455,2025-06-16,11
3456,CR-2025-003456,2025-06-17,111,,10240.1,Credit Card,AR00003456,2025-06-18,115
3457,CR-2025-003457,2025-06-10,112,,1607.21,Wire Transfer,AR00003457,2025-06-12,115
3458,CR-2025-003458,2025-06-11,113,,21629.43,Wire Transfer,AR00003458,2025-06-11,97
3459,CR-2025-003459,2025-06-10,114,,7760.5,Credit Card,AR00003459,2025-06-10,97
3460,CR-2025-003460,2025-06-13,115,,19382.59,Credit Card,AR00003460,2025-06-13,11
3461,CR-2025-003461,2025-06-11,116,,22385.3,Check,AR00003461,2025-06-11,11
3462,CR-2025-003462,2025-06-16,117,,16854.19,ACH,AR00003462,2025-06-16,11
3463,CR-2025-003463,2025-06-14,118,8937.0,16644.14,Credit Card,AR00003463,2025-06-15,11
3464,CR-2025-003464,2025-06-10,119,,5704.84,ACH,AR00003464,2025-06-11,97
3465,CR-2025-003465,2025-06-20,120,,9823.8,Credit Card,AR00003465,2025-06-20,97
3466,CR-2025-003466,2025-06-12,121,,1329.59,ACH,AR00003466,2025-06-14,115
3467,CR-2025-003467,2025-06-12,122,,644.47,Check,AR00003467,2025-06-12,97
3468,CR-2025-003468,2025-06-10,123,,6314.97,Wire Transfer,AR00003468,2025-06-10,11
3469,CR-2025-003469,2025-06-19,124,,8180.53,Wire Transfer,AR00003469,2025-06-19,97
3470,CR-2025-003470,2025-06-11,125,,13931.67,Wire Transfer,AR00003470,2025-06-12,11
3471,CR-2025-003471,2025-06-07,126,,907.26,Wire Transfer,AR00003471,2025-06-08,115
3472,CR-2025-003472,2025-06-10,127,,6988.43,Credit Card,AR00003472,2025-06-12,11
3473,CR-2025-003473,2025-06-17,128,,48266.17,Check,AR00003473,2025-06-18,11
3474,CR-2025-003474,2025-06-11,129,,51048.98,ACH,AR00003474,2025-06-13,97
3475,CR-2025-003475,2025-06-24,130,9561.0,1008.87,ACH,AR00003475,2025-06-25,11
3476,CR-2025-003476,2025-06-14,131,,8189.67,Credit Card,AR00003476,2025-06-15,97
3477,CR-2025-003477,2025-06-24,132,,2274.14,Check,AR00003477,2025-06-25,115
3478,CR-2025-003478,2025-06-13,133,,13121.01,Check,AR00003478,2025-06-14,97
3479,CR-2025-003479,2025-06-12,135,,21385.68,Wire Transfer,AR00003479,2025-06-13,115
3480,CR-2025-003480,2025-06-14,136,,51713.85,Check,AR00003480,2025-06-16,11
3481,CR-2025-003481,2025-06-13,137,,17614.69,Check,AR00003481,2025-06-14,11
3482,CR-2025-003482,2025-06-10,138,,41462.14,ACH,AR00003482,2025-06-11,97
3483,CR-2025-003483,2025-06-19,139,,11914.43,Wire Transfer,AR00003483,2025-06-20,115
3484,CR-2025-003484,2025-06-14,140,,3202.03,Credit Card,AR00003484,2025-06-15,97
3485,CR-2025-003485,2025-06-16,141,,53524.81,ACH,AR00003485,2025-06-17,97
3486,CR-2025-003486,2025-06-22,141,,52054.04,Check,AR00003486,2025-06-22,97
3487,CR-2025-003487,2025-06-14,143,,5233.72,Credit Card,AR00003487,2025-06-15,115
3488,CR-2025-003488,2025-06-12,144,,7692.53,Wire Transfer,AR00003488,2025-06-12,11
3489,CR-2025-003489,2025-06-10,145,,14365.95,ACH,AR00003489,2025-06-12,115
3490,CR-2025-003490,2025-06-10,146,,12789.94,Wire Transfer,AR00003490,2025-06-12,97
3491,CR-2025-003491,2025-06-16,147,,8744.38,ACH,AR00003491,2025-06-16,97
3492,CR-2025-003492,2025-06-14,148,,141.95,ACH,AR00003492,2025-06-14,97
3493,CR-2025-003493,2025-06-19,149,,16879.79,Credit Card,AR00003493,2025-06-20,11
3494,CR-2025-003494,2025-06-04,150,,23.29,Wire Transfer,AR00003494,2025-06-06,115
3495,CR-2025-003495,2025-06-14,151,,8832.99,Credit Card,AR00003495,2025-06-15,11
3496,CR-2025-003496,2025-06-19,152,,29028.92,Wire Transfer,AR00003496,2025-06-19,97
3497,CR-2025-003497,2025-06-10,153,,2177.58,Credit Card,AR00003497,2025-06-10,115
3498,CR-2025-003498,2025-06-17,154,,14396.53,Wire Transfer,AR00003498,2025-06-19,11
3499,CR-2025-003499,2025-06-10,155,,17866.94,Wire Transfer,AR00003499,2025-06-11,11
3500,CR-2025-003500,2025-06-11,156,,59471.24,Credit Card,AR00003500,2025-06-13,11
3501,CR-2025-003501,2025-06-11,158,,7318.25,Wire Transfer,AR00003501,2025-06-13,97
3502,CR-2025-003502,2025-06-11,159,,28234.51,Check,AR00003502,2025-06-12,97
3503,CR-2025-003503,2025-06-10,160,,574.09,ACH,AR00003503,2025-06-11,115
3504,CR-2025-003504,2025-06-13,161,,26895.71,Check,AR00003504,2025-06-13,11
3505,CR-2025-003505,2025-06-07,162,,5888.67,Check,AR00003505,2025-06-07,11
3506,CR-2025-003506,2025-06-10,163,,3906.67,ACH,AR00003506,2025-06-10,115
3507,CR-2025-003507,2025-06-06,164,,43.62,ACH,AR00003507,2025-06-06,97
3508,CR-2025-003508,2025-06-06,165,,538.69,Credit Card,AR00003508,2025-06-07,97
3509,CR-2025-003509,2025-06-16,166,,10436.54,Credit Card,AR00003509,2025-06-18,115
3510,CR-2025-003510,2025-06-10,167,,2398.85,ACH,AR00003510,2025-06-10,11
3511,CR-2025-003511,2025-06-19,168,,1027.59,Check,AR00003511,2025-06-19,11
3512,CR-2025-003512,2025-06-16,169,,82391.36,Credit Card,AR00003512,2025-06-18,11
3513,CR-2025-003513,2025-06-23,169,,17061.27,Check,AR00003513,2025-06-23,97
3514,CR-2025-003514,2025-06-13,170,,951.31,Check,AR00003514,2025-06-14,115
3515,CR-2025-003515,2025-06-13,171,,7067.44,ACH,AR00003515,2025-06-15,115
3516,CR-2025-003516,2025-06-09,172,,1876.7,ACH,AR00003516,2025-06-11,97
3517,CR-2025-003517,2025-06-11,173,,14040.92,Wire Transfer,AR00003517,2025-06-12,115
3518,CR-2025-003518,2025-06-10,174,,2996.22,Wire Transfer,AR00003518,2025-06-11,97
3519,CR-2025-003519,2025-06-17,175,,1907.76,Wire Transfer,AR00003519,2025-06-18,11
3520,CR-2025-003520,2025-06-19,176,,10162.81,Wire Transfer,AR00003520,2025-06-19,115
3521,CR-2025-003521,2025-06-11,177,,17605.96,ACH,AR00003521,2025-06-11,97
3522,CR-2025-003522,2025-06-10,178,,1624.87,ACH,AR00003522,2025-06-12,11
3523,CR-2025-003523,2025-06-17,179,,23446.09,ACH,AR00003523,2025-06-19,11
3524,CR-2025-003524,2025-06-24,179,,42418.53,Check,AR00003524,2025-06-25,115
3525,CR-2025-003525,2025-06-10,180,,3095.56,Wire Transfer,AR00003525,2025-06-11,11
3526,CR-2025-003526,2025-06-10,181,,10587.46,Wire Transfer,AR00003526,2025-06-11,97
3527,CR-2025-003527,2025-06-18,182,,30330.0,ACH,AR00003527,2025-06-20,115
3528,CR-2025-003528,2025-06-07,183,,5639.26,ACH,AR00003528,2025-06-08,115
3529,CR-2025-003529,2025-06-20,184,,8574.78,ACH,AR00003529,2025-06-21,97
3530,CR-2025-003530,2025-06-14,185,,5843.06,Wire Transfer,AR00003530,2025-06-14,115
3531,CR-2025-003531,2025-06-14,186,,15242.96,Credit Card,AR00003531,2025-06-16,97
3532,CR-2025-003532,2025-06-12,187,,25313.01,Credit Card,AR00003532,2025-06-12,97
3533,CR-2025-003533,2025-06-16,188,,48982.22,ACH,AR00003533,2025-06-18,115
3534,CR-2025-003534,2025-06-13,189,,14299.45,Check,AR00003534,2025-06-15,115
3535,CR-2025-003535,2025-06-10,190,,11469.3,Credit Card,AR00003535,2025-06-12,11
3536,CR-2025-003536,2025-06-14,191,,3643.2,Wire Transfer,AR00003536,2025-06-16,97
3537,CR-2025-003537,2025-06-20,192,,49246.24,Wire Transfer,AR00003537,2025-06-22,115
3538,CR-2025-003538,2025-06-10,193,,5594.62,Wire Transfer,AR00003538,2025-06-12,115
3539,CR-2025-003539,2025-06-11,194,,22889.94,Check,AR00003539,2025-06-13,115
3540,CR-2025-003540,2025-06-10,195,,20192.72,Wire Transfer,AR00003540,2025-06-10,11
3541,CR-2025-003541,2025-06-14,196,,15572.57,Check,AR00003541,2025-06-16,97
3542,CR-2025-003542,2025-06-13,197,,6208.67,Check,AR00003542,2025-06-13,115
3543,CR-2025-003543,2025-06-18,198,,21032.01,Wire Transfer,AR00003543,2025-06-19,11
3544,CR-2025-003544,2025-06-16,199,,38675.25,Wire Transfer,AR00003544,2025-06-16,11
3545,CR-2025-003545,2025-06-11,200,,13293.3,Check,AR00003545,2025-06-11,11
3546,CR-2025-003546,2025-06-14,201,,269.54,Wire Transfer,AR00003546,2025-06-14,11
3547,CR-2025-003547,2025-06-12,202,,43606.18,Check,AR00003547,2025-06-12,11
3548,CR-2025-003548,2025-06-11,203,,2641.94,Check,AR00003548,2025-06-11,97
3549,CR-2025-003549,2025-06-06,204,,4687.92,Credit Card,AR00003549,2025-06-06,115
3550,CR-2025-003550,2025-06-20,205,,45874.48,Check,AR00003550,2025-06-22,97
3551,CR-2025-003551,2025-06-06,206,,10325.78,Wire Transfer,AR00003551,2025-06-08,11
3552,CR-2025-003552,2025-06-20,207,,3560.88,Check,AR00003552,2025-06-20,97
3553,CR-2025-003553,2025-06-14,208,,30762.79,Wire Transfer,AR00003553,2025-06-15,97
3554,CR-2025-003554,2025-06-20,209,,13143.28,Credit Card,AR00003554,2025-06-20,115
3555,CR-2025-003555,2025-06-14,210,,5405.66,Check,AR00003555,2025-06-16,11
3556,CR-2025-003556,2025-06-10,211,,9003.31,Wire Transfer,AR00003556,2025-06-11,11
3557,CR-2025-003557,2025-07-05,190,,3530.39,Wire Transfer,DEP00003557,2025-07-05,97
3558,CR-2025-003558,2025-07-22,208,,5585.03,Wire Transfer,DEP00003558,2025-07-22,11
3559,CR-2025-003559,2025-07-09,119,,2175.11,Check,DEP00003559,2025-07-09,115
3560,CR-2025-003560,2025-07-14,1,,47380.51,ACH,AR00003560,2025-07-14,115
3561,CR-2025-003561,2025-07-14,2,,820.43,Credit Card,AR00003561,2025-07-15,11
3562,CR-2025-003562,2025-07-12,3,,1364.46,Wire Transfer,AR00003562,2025-07-12,97
3563,CR-2025-003563,2025-07-12,4,,27363.34,Check,AR00003563,2025-07-12,115
3564,CR-2025-003564,2025-07-13,5,,7550.75,ACH,AR00003564,2025-07-13,11
3565,CR-2025-003565,2025-07-14,6,,21364.31,ACH,AR00003565,2025-07-16,97
3566,CR-2025-003566,2025-07-18,7,,13634.07,Wire Transfer,AR00003566,2025-07-19,115
3567,CR-2025-003567,2025-07-13,8,,6796.45,ACH,AR00003567,2025-07-14,11
3568,CR-2025-003568,2025-07-13,9,,3702.43,Wire Transfer,AR00003568,2025-07-13,115
3569,CR-2025-003569,2025-07-10,10,,7243.26,Wire Transfer,AR00003569,2025-07-11,115
3570,CR-2025-003570,2025-07-10,11,,1616.53,Check,AR00003570,2025-07-12,97
3571,CR-2025-003571,2025-07-14,12,,9947.73,Check,AR00003571,2025-07-16,115
3572,CR-2025-003572,2025-07-17,13,,13651.28,Check,AR00003572,2025-07-17,11
3573,CR-2025-003573,2025-07-18,14,,6506.7,Check,AR00003573,2025-07-18,11
3574,CR-2025-003574,2025-07-08,15,,3849.43,Credit Card,AR00003574,2025-07-09,115
3575,CR-2025-003575,2025-07-05,16,,0.8,Wire Transfer,AR00003575,2025-07-05,115
3576,CR-2025-003576,2025-07-09,17,,310.26,ACH,AR00003576,2025-07-10,115
3577,CR-2025-003577,2025-07-10,18,,7461.9,ACH,AR00003577,2025-07-11,97
3578,CR-2025-003578,2025-07-14,19,,26780.11,Credit Card,AR00003578,2025-07-14,11
3579,CR-2025-003579,2025-07-12,20,,14604.51,ACH,AR00003579,2025-07-14,11
3580,CR-2025-003580,2025-07-20,20,,51023.34,ACH,AR00003580,2025-07-22,115
3581,CR-2025-003581,2025-07-13,21,,8154.12,Check,AR00003581,2025-07-14,115
3582,CR-2025-003582,2025-07-20,22,,4969.17,ACH,AR00003582,2025-07-21,115
3583,CR-2025-003583,2025-07-14,23,,26991.95,Check,AR00003583,2025-07-15,97
3584,CR-2025-003584,2025-07-20,24,,11116.15,Wire Transfer,AR00003584,2025-07-21,115
3585,CR-2025-003585,2025-07-18,25,9331.0,812.93,Wire Transfer,AR00003585,2025-07-19,115
3586,CR-2025-003586,2025-07-16,26,9909.0,9743.15,Credit Card,AR00003586,2025-07-16,97
3587,CR-2025-003587,2025-07-19,27,,4545.0,Wire Transfer,AR00003587,2025-07-20,97
3588,CR-2025-003588,2025-07-12,28,,3191.43,ACH,AR00003588,2025-07-12,11
3589,CR-2025-003589,2025-07-12,29,,14898.49,Credit Card,AR00003589,2025-07-14,11
3590,CR-2025-003590,2025-07-13,30,,2285.36,Credit Card,AR00003590,2025-07-15,97
3591,CR-2025-003591,2025-07-14,31,,10040.92,ACH,AR00003591,2025-07-16,97
3592,CR-2025-003592,2025-07-12,32,,13194.51,ACH,AR00003592,2025-07-14,115
3593,CR-2025-003593,2025-07-07,33,8405.0,6.56,Wire Transfer,AR00003593,2025-07-08,115
3594,CR-2025-003594,2025-07-13,34,,27158.8,ACH,AR00003594,2025-07-13,115
3595,CR-2025-003595,2025-07-12,36,,2714.16,Check,AR00003595,2025-07-13,97
3596,CR-2025-003596,2025-07-18,37,,26842.66,Check,AR00003596,2025-07-19,97
3597,CR-2025-003597,2025-07-12,38,,13836.23,Check,AR00003597,2025-07-13,11
3598,CR-2025-003598,2025-07-16,39,,5008.72,Credit Card,AR00003598,2025-07-17,97
3599,CR-2025-003599,2025-07-12,40,,395.15,Credit Card,AR00003599,2025-07-14,115
3600,CR-2025-003600,2025-07-10,41,,3299.58,Check,AR00003600,2025-07-12,11
3601,CR-2025-003601,2025-07-17,42,,4550.0,Wire Transfer,AR00003601,2025-07-17,11
3602,CR-2025-003602,2025-07-10,43,,820.95,ACH,AR00003602,2025-07-12,11
3603,CR-2025-003603,2025-07-16,44,,14054.45,Wire Transfer,AR00003603,2025-07-18,97
3604,CR-2025-003604,2025-07-10,45,,7542.4,Check,AR00003604,2025-07-12,11
3605,CR-2025-003605,2025-07-06,46,,25.46,Check,AR00003605,2025-07-08,115
3606,CR-2025-003606,2025-07-18,47,,915.09,Credit Card,AR00003606,2025-07-18,115
3607,CR-2025-003607,2025-07-05,48,,0.42,Credit Card,AR00003607,2025-07-05,115
3608,CR-2025-003608,2025-07-12,49,,9010.33,Credit Card,AR00003608,2025-07-13,11
3609,CR-2025-003609,2025-07-14,50,,859.26,Wire Transfer,AR00003609,2025-07-16,115
3610,CR-2025-003610,2025-07-13,51,,27178.19,ACH,AR00003610,2025-07-14,11
3611,CR-2025-003611,2025-07-10,52,,4361.49,ACH,AR00003611,2025-07-10,11
3612,CR-2025-003612,2025-07-09,53,,140.79,Credit Card,AR00003612,2025-07-11,115
3613,CR-2025-003613,2025-07-19,54,,4775.36,Credit Card,AR00003613,2025-07-20,97
3614,CR-2025-003614,2025-07-13,55,,3581.31,Wire Transfer,AR00003614,2025-07-13,11
3615,CR-2025-003615,2025-07-06,56,8576.0,50.61,Wire Transfer,AR00003615,2025-07-07,115
3616,CR-2025-003616,2025-07-10,57,8389.0,983.82,ACH,AR00003616,2025-07-12,11
3617,CR-2025-003617,2025-07-10,58,,295.12,Credit Card,AR00003617,2025-07-10,97
3618,CR-2025-003618,2025-07-18,59,9542.0,2346.4,Wire Transfer,AR00003618,2025-07-20,97
3619,CR-2025-003619,2025-07-10,60,,1415.81,Credit Card,AR00003619,2025-07-10,115
3620,CR-2025-003620,2025-07-12,61,,8409.18,Credit Card,AR00003620,2025-07-13,11
3621,CR-2025-003621,2025-07-19,62,,9528.58,Wire Transfer,AR00003621,2025-07-19,115
3622,CR-2025-003622,2025-07-04,63,,4253.53,Check,AR00003622,2025-07-06,97
3623,CR-2025-003623,2025-07-17,64,,4348.08,ACH,AR00003623,2025-07-18,115
3624,CR-2025-003624,2025-07-13,65,,8181.85,Check,AR00003624,2025-07-14,11
3625,CR-2025-003625,2025-07-09,66,,153.97,Credit Card,AR00003625,2025-07-09,115
3626,CR-2025-003626,2025-07-12,67,,513.24,Wire Transfer,AR00003626,2025-07-13,97
3627,CR-2025-003627,2025-07-10,68,,31921.02,Check,AR00003627,2025-07-10,11
3628,CR-2025-003628,2025-07-20,69,,18062.29,Credit Card,AR00003628,2025-07-22,115
3629,CR-2025-003629,2025-07-17,70,,2765.87,ACH,AR00003629,2025-07-17,115
3630,CR-2025-003630,2025-07-10,71,,5381.08,Wire Transfer,AR00003630,2025-07-12,115
3631,CR-2025-003631,2025-07-12,72,,15129.63,Wire Transfer,AR00003631,2025-07-12,11
3632,CR-2025-003632,2025-07-13,73,,29716.27,Check,AR00003632,2025-07-14,115
3633,CR-2025-003633,2025-07-13,74,,16436.85,ACH,AR00003633,2025-07-13,115
3634,CR-2025-003634,2025-07-16,75,,6025.44,Credit Card,AR00003634,2025-07-16,115
3635,CR-2025-003635,2025-07-12,76,9624.0,245.07,Wire Transfer,AR00003635,2025-07-13,11
3636,CR-2025-003636,2025-07-10,77,,627.22,Check,AR00003636,2025-07-12,115
3637,CR-2025-003637,2025-07-14,78,,24406.14,ACH,AR00003637,2025-07-16,97
3638,CR-2025-003638,2025-07-20,79,,14742.56,ACH,AR00003638,2025-07-22,11
3639,CR-2025-003639,2025-07-11,80,,20295.14,Credit Card,AR00003639,2025-07-13,115
3640,CR-2025-003640,2025-07-13,81,,13244.52,Wire Transfer,AR00003640,2025-07-15,11
3641,CR-2025-003641,2025-07-11,82,,3741.38,ACH,AR00003641,2025-07-12,11
3642,CR-2025-003642,2025-07-10,83,,30953.89,Check,AR00003642,2025-07-12,11
3643,CR-2025-003643,2025-07-17,84,,29564.45,Check,AR00003643,2025-07-19,97
3644,CR-2025-003644,2025-07-12,85,,6525.27,Check,AR00003644,2025-07-13,11
3645,CR-2025-003645,2025-07-19,86,,18124.21,Check,AR00003645,2025-07-20,97
3646,CR-2025-003646,2025-07-13,87,,25392.94,Wire Transfer,AR00003646,2025-07-15,11
3647,CR-2025-003647,2025-07-12,88,,5574.26,Check,AR00003647,2025-07-13,115
3648,CR-2025-003648,2025-07-12,89,,2151.77,ACH,AR00003648,2025-07-12,11
3649,CR-2025-003649,2025-07-12,90,,15097.04,Wire Transfer,AR00003649,2025-07-12,97
3650,CR-2025-003650,2025-07-10,91,,1009.04,Credit Card,AR00003650,2025-07-10,115
3651,CR-2025-003651,2025-07-13,92,,14840.31,Wire Transfer,AR00003651,2025-07-13,115
3652,CR-2025-003652,2025-07-17,93,,1869.56,Wire Transfer,AR00003652,2025-07-17,11
3653,CR-2025-003653,2025-07-12,94,,491.25,Check,AR00003653,2025-07-14,11
3654,CR-2025-003654,2025-07-04,95,,2365.73,ACH,AR00003654,2025-07-05,11
3655,CR-2025-003655,2025-07-07,96,,9904.89,ACH,AR00003655,2025-07-07,97
3656,CR-2025-003656,2025-07-07,97,,722.66,Credit Card,AR00003656,2025-07-07,115
3657,CR-2025-003657,2025-07-10,98,,16875.75,ACH,AR00003657,2025-07-12,97
3658,CR-2025-003658,2025-07-18,99,,11957.03,Wire Transfer,AR00003658,2025-07-19,11
3659,CR-2025-003659,2025-07-13,100,,16620.22,Credit Card,AR00003659,2025-07-14,97
3660,CR-2025-003660,2025-07-19,101,,9030.18,Credit Card,AR00003660,2025-07-21,115
3661,CR-2025-003661,2025-07-13,102,,17640.36,ACH,AR00003661,2025-07-13,11
3662,CR-2025-003662,2025-07-13,103,,4022.7,ACH,AR00003662,2025-07-15,97
3663,CR-2025-003663,2025-07-13,104,,11282.06,Check,AR00003663,2025-07-13,115
3664,CR-2025-003664,2025-07-11,105,,13662.45,Wire Transfer,AR00003664,2025-07-11,97
3665,CR-2025-003665,2025-07-12,106,,14434.81,Wire Transfer,AR00003665,2025-07-13,115
3666,CR-2025-003666,2025-07-16,107,,4020.68,Wire Transfer,AR00003666,2025-07-16,11
3667,CR-2025-003667,2025-07-14,108,,2361.43,Credit Card,AR00003667,2025-07-16,97
3668,CR-2025-003668,2025-07-14,109,,34214.43,Wire Transfer,AR00003668,2025-07-16,97
3669,CR-2025-003669,2025-07-20,110,10125.0,19489.41,Check,AR00003669,2025-07-21,11
3670,CR-2025-003670,2025-07-12,111,,5365.65,Check,AR00003670,2025-07-14,11
3671,CR-2025-003671,2025-07-17,112,,3220.12,Check,AR00003671,2025-07-19,97
3672,CR-2025-003672,2025-07-11,113,,28317.56,ACH,AR00003672,2025-07-11,11
3673,CR-2025-003673,2025-07-11,114,,2863.39,Credit Card,AR00003673,2025-07-11,11
3674,CR-2025-003674,2025-07-19,115,,35660.72,ACH,AR00003674,2025-07-19,97
3675,CR-2025-003675,2025-07-12,116,,15963.92,Wire Transfer,AR00003675,2025-07-14,115
3676,CR-2025-003676,2025-07-14,117,,11344.21,Check,AR00003676,2025-07-16,97
3677,CR-2025-003677,2025-07-10,118,,21281.44,Check,AR00003677,2025-07-10,11
3678,CR-2025-003678,2025-07-18,119,,16999.38,Wire Transfer,AR00003678,2025-07-19,97
3679,CR-2025-003679,2025-07-11,120,,3136.38,Wire Transfer,AR00003679,2025-07-13,11
3680,CR-2025-003680,2025-07-08,121,,207.41,Wire Transfer,AR00003680,2025-07-08,97
3681,CR-2025-003681,2025-07-10,122,,87.48,Credit Card,AR00003681,2025-07-11,115
3682,CR-2025-003682,2025-07-10,123,,922.84,Check,AR00003682,2025-07-12,97
3683,CR-2025-003683,2025-07-13,124,,5731.61,Wire Transfer,AR00003683,2025-07-15,97
3684,CR-2025-003684,2025-07-17,125,,21880.29,Credit Card,AR00003684,2025-07-19,97
3685,CR-2025-003685,2025-07-08,126,,272.26,ACH,AR00003685,2025-07-10,97
3686,CR-2025-003686,2025-07-14,127,,2841.55,Credit Card,AR00003686,2025-07-14,11
3687,CR-2025-003687,2025-07-13,128,,38488.63,ACH,AR00003687,2025-07-15,115
3688,CR-2025-003688,2025-07-11,129,,36836.18,Credit Card,AR00003688,2025-07-13,11
3689,CR-2025-003689,2025-07-19,130,,5290.47,ACH,AR00003689,2025-07-21,11
3690,CR-2025-003690,2025-07-14,131,,8750.91,ACH,AR00003690,2025-07-15,97
3691,CR-2025-003691,2025-07-19,132,,6179.34,Wire Transfer,AR00003691,2025-07-21,115
3692,CR-2025-003692,2025-07-13,133,,28137.36,ACH,AR00003692,2025-07-15,115
3693,CR-2025-003693,2025-07-21,134,,215.93,Credit Card,AR00003693,2025-07-22,11
3694,CR-2025-003694,2025-07-10,135,,7114.04,Wire Transfer,AR00003694,2025-07-10,11
3695,CR-2025-003695,2025-07-10,136,,32766.65,ACH,AR00003695,2025-07-11,97
3696,CR-2025-003696,2025-07-11,137,,33140.32,Wire Transfer,AR00003696,2025-07-12,11
3697,CR-2025-003697,2025-07-10,138,,57097.74,Check,AR00003697,2025-07-11,97
3698,CR-2025-003698,2025-07-11,139,,13457.64,ACH,AR00003698,2025-07-11,97
3699,CR-2025-003699,2025-07-17,140,,3752.03,ACH,AR00003699,2025-07-17,115
3700,CR-2025-003700,2025-07-11,141,,56379.8,ACH,AR00003700,2025-07-13,97
3701,CR-2025-003701,2025-07-07,143,,6701.1,ACH,AR00003701,2025-07-09,11
3702,CR-2025-003702,2025-07-13,144,,14985.64,Wire Transfer,AR00003702,2025-07-14,115
3703,CR-2025-003703,2025-07-19,145,,26540.09,ACH,AR00003703,2025-07-21,115
3704,CR-2025-003704,2025-07-12,146,9063.0,3238.98,Check,AR00003704,2025-07-12,115
3705,CR-2025-003705,2025-07-13,147,,10435.51,Check,AR00003705,2025-07-15,97
3706,CR-2025-003706,2025-07-08,148,,20.94,Credit Card,AR00003706,2025-07-09,11
3707,CR-2025-003707,2025-07-11,149,,22201.69,Credit Card,AR00003707,2025-07-13,97
3708,CR-2025-003708,2025-07-06,150,,914.83,Check,AR00003708,2025-07-08,97
3709,CR-2025-003709,2025-07-13,151,,9338.49,Wire Transfer,AR00003709,2025-07-13,11
3710,CR-2025-003710,2025-07-10,152,,16019.18,Wire Transfer,AR00003710,2025-07-12,115
3711,CR-2025-003711,2025-07-10,153,,344.93,Credit Card,AR00003711,2025-07-10,115
3712,CR-2025-003712,2025-07-13,154,,4140.5,Check,AR00003712,2025-07-13,97
3713,CR-2025-003713,2025-07-13,155,,6271.9,Credit Card,AR00003713,2025-07-13,115
3714,CR-2025-003714,2025-07-14,156,,30425.91,Wire Transfer,AR00003714,2025-07-15,97
3715,CR-2025-003715,2025-07-11,158,,6620.76,ACH,AR00003715,2025-07-13,115
3716,CR-2025-003716,2025-07-13,159,,14253.79,ACH,AR00003716,2025-07-14,11
3717,CR-2025-003717,2025-07-17,160,,4491.05,Credit Card,AR00003717,2025-07-19,97
3718,CR-2025-003718,2025-07-20,161,,53583.84,ACH,AR00003718,2025-07-22,11
3719,CR-2025-003719,2025-07-14,162,,5732.99,Check,AR00003719,2025-07-14,11
3720,CR-2025-003720,2025-07-14,163,,941.17,Wire Transfer,AR00003720,2025-07-14,11
3721,CR-2025-003721,2025-07-04,164,,0.21,Credit Card,AR00003721,2025-07-05,115
3722,CR-2025-003722,2025-07-18,165,8951.0,1388.91,Wire Transfer,AR00003722,2025-07-19,11
3723,CR-2025-003723,2025-07-11,166,,23526.86,ACH,AR00003723,2025-07-13,11
3724,CR-2025-003724,2025-07-13,167,,729.11,Credit Card,AR00003724,2025-07-14,115
3725,CR-2025-003725,2025-07-19,168,9459.0,3693.08,Credit Card,AR00003725,2025-07-20,11
3726,CR-2025-003726,2025-07-13,169,,50766.99,Check,AR00003726,2025-07-14,115
3727,CR-2025-003727,2025-07-10,170,,404.35,Check,AR00003727,2025-07-11,97
3728,CR-2025-003728,2025-07-14,171,,2280.76,Credit Card,AR00003728,2025-07-16,115
3729,CR-2025-003729,2025-07-06,172,,452.15,ACH,AR00003729,2025-07-08,97
3730,CR-2025-003730,2025-07-19,173,,39668.26,Credit Card,AR00003730,2025-07-19,97
3731,CR-2025-003731,2025-07-18,174,,18107.43,Check,AR00003731,2025-07-18,11
3732,CR-2025-003732,2025-07-14,175,8577.0,684.37,Wire Transfer,AR00003732,2025-07-14,97
3733,CR-2025-003733,2025-07-19,176,,12915.36,Credit Card,AR00003733,2025-07-21,97
3734,CR-2025-003734,2025-07-10,177,,19261.88,Wire Transfer,AR00003734,2025-07-10,97
3735,CR-2025-003735,2025-07-10,178,,319.9,ACH,AR00003735,2025-07-10,115
3736,CR-2025-003736,2025-07-12,179,,55624.82,ACH,AR00003736,2025-07-13,11
3737,CR-2025-003737,2025-07-03,180,,4489.0,Check,AR00003737,2025-07-03,11
3738,CR-2025-003738,2025-07-12,181,,7223.84,Credit Card,AR00003738,2025-07-14,97
3739,CR-2025-003739,2025-07-14,182,,14332.84,Wire Transfer,AR00003739,2025-07-14,97
3740,CR-2025-003740,2025-07-12,183,,2943.12,Wire Transfer,AR00003740,2025-07-13,97
3741,CR-2025-003741,2025-07-10,184,,7185.7,Wire Transfer,AR00003741,2025-07-10,97
3742,CR-2025-003742,2025-07-10,185,8787.0,2024.84,Check,AR00003742,2025-07-10,97
3743,CR-2025-003743,2025-07-12,186,8920.0,6417.84,Wire Transfer,AR00003743,2025-07-12,11
3744,CR-2025-003744,2025-07-11,187,,20247.14,Check,AR00003744,2025-07-11,97
3745,CR-2025-003745,2025-07-10,188,,35023.86,Check,AR00003745,2025-07-12,115
3746,CR-2025-003746,2025-07-06,189,,12992.19,Check,AR00003746,2025-07-08,97
3747,CR-2025-003747,2025-07-11,190,,4591.54,Credit Card,AR00003747,2025-07-12,97
3748,CR-2025-003748,2025-07-14,191,,10957.74,Check,AR00003748,2025-07-15,115
3749,CR-2025-003749,2025-07-13,192,,39508.49,ACH,AR00003749,2025-07-13,97
3750,CR-2025-003750,2025-07-17,193,,31770.53,Check,AR00003750,2025-07-19,97
3751,CR-2025-003751,2025-07-13,194,,36598.02,Check,AR00003751,2025-07-15,115
3752,CR-2025-003752,2025-07-13,195,,25923.49,Check,AR00003752,2025-07-13,11
3753,CR-2025-003753,2025-07-12,196,,6891.93,Check,AR00003753,2025-07-13,11
3754,CR-2025-003754,2025-07-10,197,,1310.3,ACH,AR00003754,2025-07-12,115
3755,CR-2025-003755,2025-07-12,198,,19724.84,Credit Card,AR00003755,2025-07-14,97
3756,CR-2025-003756,2025-07-11,199,,26984.67,ACH,AR00003756,2025-07-11,115
3757,CR-2025-003757,2025-07-09,200,,8051.45,ACH,AR00003757,2025-07-11,97
3758,CR-2025-003758,2025-07-09,201,,1461.85,ACH,AR00003758,2025-07-09,11
3759,CR-2025-003759,2025-07-11,202,,49337.49,Wire Transfer,AR00003759,2025-07-13,97
3760,CR-2025-003760,2025-07-09,203,8966.0,565.63,Credit Card,AR00003760,2025-07-10,11
3761,CR-2025-003761,2025-07-10,204,,7287.66,Credit Card,AR00003761,2025-07-12,115
3762,CR-2025-003762,2025-07-11,205,,37747.77,ACH,AR00003762,2025-07-11,11
3763,CR-2025-003763,2025-07-14,206,,6151.11,Check,AR00003763,2025-07-14,115
3764,CR-2025-003764,2025-07-11,207,,1334.71,ACH,AR00003764,2025-07-11,11
3765,CR-2025-003765,2025-07-20,208,,54711.23,Wire Transfer,AR00003765,2025-07-20,115
3766,CR-2025-003766,2025-07-12,209,,26115.06,Check,AR00003766,2025-07-12,11
3767,CR-2025-003767,2025-07-11,210,,9849.89,Wire Transfer,AR00003767,2025-07-11,97
3768,CR-2025-003768,2025-07-16,211,,15621.65,ACH,AR00003768,2025-07-17,115
3769,CR-2025-003769,2025-08-20,55,,2424.42,Credit Card,DEP00003769,2025-08-20,115
3770,CR-2025-003770,2025-08-29,202,9958.0,1347.14,Credit Card,DEP00003770,2025-08-29,11
3771,CR-2025-003771,2025-08-21,158,,2847.98,Credit Card,DEP00003771,2025-08-21,11
3772,CR-2025-003772,2025-08-12,1,,59328.77,ACH,AR00003772,2025-08-14,115
3773,CR-2025-003773,2025-08-10,2,,145.57,Wire Transfer,AR00003773,2025-08-11,97
3774,CR-2025-003774,2025-08-13,3,,3226.92,Credit Card,AR00003774,2025-08-14,11
3775,CR-2025-003775,2025-08-12,4,,16599.65,Credit Card,AR00003775,2025-08-12,115
3776,CR-2025-003776,2025-08-13,5,,2362.22,Wire Transfer,AR00003776,2025-08-14,97
3777,CR-2025-003777,2025-08-13,6,,30986.2,Credit Card,AR00003777,2025-08-14,97
3778,CR-2025-003778,2025-08-13,7,,9272.2,Check,AR00003778,2025-08-14,115
3779,CR-2025-003779,2025-08-12,8,,7212.1,ACH,AR00003779,2025-08-13,97
3780,CR-2025-003780,2025-08-09,9,,1378.07,Check,AR00003780,2025-08-10,115
3781,CR-2025-003781,2025-08-14,10,,8689.97,Credit Card,AR00003781,2025-08-14,115
3782,CR-2025-003782,2025-08-12,11,9906.0,420.12,Credit Card,AR00003782,2025-08-13,11
3783,CR-2025-003783,2025-08-10,12,,9845.18,Check,AR00003783,2025-08-12,11
3784,CR-2025-003784,2025-08-20,13,,24559.44,Wire Transfer,AR00003784,2025-08-22,115
3785,CR-2025-003785,2025-08-13,14,,3064.09,Credit Card,AR00003785,2025-08-15,115
3786,CR-2025-003786,2025-08-18,15,,18955.33,ACH,AR00003786,2025-08-19,97
3787,CR-2025-003787,2025-08-06,16,,1473.51,Check,AR00003787,2025-08-08,11
3788,CR-2025-003788,2025-08-04,17,,174.78,Check,AR00003788,2025-08-06,115
3789,CR-2025-003789,2025-08-20,18,,19698.96,Check,AR00003789,2025-08-22,97
3790,CR-2025-003790,2025-08-12,19,,18637.53,Check,AR00003790,2025-08-12,97
3791,CR-2025-003791,2025-08-10,20,,39768.31,ACH,AR00003791,2025-08-10,11
3792,CR-2025-003792,2025-08-16,21,,14022.42,ACH,AR00003792,2025-08-17,97
3793,CR-2025-003793,2025-08-13,22,,2366.67,ACH,AR00003793,2025-08-15,97
3794,CR-2025-003794,2025-08-13,23,,21386.24,Check,AR00003794,2025-08-15,11
3795,CR-2025-003795,2025-08-10,24,,18744.91,Check,AR00003795,2025-08-10,11
3796,CR-2025-003796,2025-08-12,25,9331.0,370.26,Credit Card,AR00003796,2025-08-12,97
3797,CR-2025-003797,2025-08-10,26,,4039.01,ACH,AR00003797,2025-08-11,115
3798,CR-2025-003798,2025-08-14,27,,4964.72,Check,AR00003798,2025-08-15,97
3799,CR-2025-003799,2025-08-19,28,,4822.85,Check,AR00003799,2025-08-21,97
3800,CR-2025-003800,2025-08-13,29,,16610.14,Wire Transfer,AR00003800,2025-08-15,115
3801,CR-2025-003801,2025-08-06,30,,4208.37,Credit Card,AR00003801,2025-08-08,11
3802,CR-2025-003802,2025-08-14,31,,8461.65,ACH,AR00003802,2025-08-16,97
3803,CR-2025-003803,2025-08-14,32,,4772.32,Check,AR00003803,2025-08-15,97
3804,CR-2025-003804,2025-08-06,33,,0.03,Wire Transfer,AR00003804,2025-08-07,115
3805,CR-2025-003805,2025-08-14,34,,14271.07,Wire Transfer,AR00003805,2025-08-16,97
3806,CR-2025-003806,2025-08-13,36,,774.99,ACH,AR00003806,2025-08-15,115
3807,CR-2025-003807,2025-08-12,37,,40777.42,Wire Transfer,AR00003807,2025-08-13,11
3808,CR-2025-003808,2025-08-13,38,,8348.61,Wire Transfer,AR00003808,2025-08-14,11
3809,CR-2025-003809,2025-08-10,39,,9459.49,Wire Transfer,AR00003809,2025-08-11,97
3810,CR-2025-003810,2025-08-12,40,9860.0,133.08,Check,AR00003810,2025-08-13,115
3811,CR-2025-003811,2025-08-06,41,,542.16,Check,AR00003811,2025-08-06,11
3812,CR-2025-003812,2025-08-13,42,,5466.04,ACH,AR00003812,2025-08-13,97
3813,CR-2025-003813,2025-08-12,43,9687.0,216.77,Credit Card,AR00003813,2025-08-13,11
3814,CR-2025-003814,2025-08-11,44,,26594.12,ACH,AR00003814,2025-08-12,115
3815,CR-2025-003815,2025-08-11,45,,3287.86,ACH,AR00003815,2025-08-12,11
3816,CR-2025-003816,2025-08-03,46,8194.0,1.02,Wire Transfer,AR00003816,2025-08-04,115
3817,CR-2025-003817,2025-08-10,47,,482.59,Wire Transfer,AR00003817,2025-08-12,11
3818,CR-2025-003818,2025-08-07,48,,855.32,ACH,AR00003818,2025-08-07,97
3819,CR-2025-003819,2025-08-14,49,,3062.95,Credit Card,AR00003819,2025-08-16,115
3820,CR-2025-003820,2025-08-16,50,,1718.13,Credit Card,AR00003820,2025-08-17,97
3821,CR-2025-003821,2025-08-14,51,,26637.14,Check,AR00003821,2025-08-15,97
3822,CR-2025-003822,2025-08-17,52,,9823.04,Credit Card,AR00003822,2025-08-17,11
3823,CR-2025-003823,2025-08-05,53,8778.0,4.63,Wire Transfer,AR00003823,2025-08-07,11
3824,CR-2025-003824,2025-08-16,54,,9276.64,Wire Transfer,AR00003824,2025-08-17,115
3825,CR-2025-003825,2025-08-17,55,,8410.57,Credit Card,AR00003825,2025-08-19,11
3826,CR-2025-003826,2025-08-03,56,,0.24,Credit Card,AR00003826,2025-08-05,11
3827,CR-2025-003827,2025-08-05,57,,377.44,Check,AR00003827,2025-08-07,97
3828,CR-2025-003828,2025-08-05,58,,377.28,Check,AR00003828,2025-08-05,97
3829,CR-2025-003829,2025-08-14,59,,1960.17,Wire Transfer,AR00003829,2025-08-16,115
3830,CR-2025-003830,2025-08-13,60,,5994.55,Wire Transfer,AR00003830,2025-08-13,97
3831,CR-2025-003831,2025-08-12,61,,11639.46,Check,AR00003831,2025-08-12,97
3832,CR-2025-003832,2025-08-13,62,,10819.2,Wire Transfer,AR00003832,2025-08-15,11
3833,CR-2025-003833,2025-08-16,63,,9493.14,ACH,AR00003833,2025-08-16,97
3834,CR-2025-003834,2025-08-10,64,,1331.02,ACH,AR00003834,2025-08-11,11
3835,CR-2025-003835,2025-08-17,65,,18745.8,ACH,AR00003835,2025-08-19,115
3836,CR-2025-003836,2025-08-03,66,,0.92,Wire Transfer,AR00003836,2025-08-05,97
3837,CR-2025-003837,2025-08-08,67,,225.92,Wire Transfer,AR00003837,2025-08-08,97
3838,CR-2025-003838,2025-08-11,68,,17914.58,ACH,AR00003838,2025-08-12,11
3839,CR-2025-003839,2025-08-13,69,,9209.38,ACH,AR00003839,2025-08-13,11
3840,CR-2025-003840,2025-08-12,70,,771.17,Check,AR00003840,2025-08-12,11
3841,CR-2025-003841,2025-08-17,71,,21097.65,Wire Transfer,AR00003841,2025-08-17,11
3842,CR-2025-003842,2025-08-11,72,,6006.9,Wire Transfer,AR00003842,2025-08-13,115
3843,CR-2025-003843,2025-08-13,73,,32046.81,ACH,AR00003843,2025-08-13,11
3844,CR-2025-003844,2025-08-13,74,,16511.52,Check,AR00003844,2025-08-13,97
3845,CR-2025-003845,2025-08-13,75,,9185.12,Check,AR00003845,2025-08-13,11
3846,CR-2025-003846,2025-08-07,76,,34.97,Check,AR00003846,2025-08-07,97
3847,CR-2025-003847,2025-08-05,77,,270.22,Check,AR00003847,2025-08-06,115
3848,CR-2025-003848,2025-08-19,78,,52820.67,Wire Transfer,AR00003848,2025-08-21,115
3849,CR-2025-003849,2025-08-11,79,,8138.91,Wire Transfer,AR00003849,2025-08-12,11
3850,CR-2025-003850,2025-08-14,80,,16694.9,Credit Card,AR00003850,2025-08-16,11
3851,CR-2025-003851,2025-08-11,81,,32843.19,Credit Card,AR00003851,2025-08-12,11
3852,CR-2025-003852,2025-08-20,82,,7729.17,Check,AR00003852,2025-08-21,97
3853,CR-2025-003853,2025-08-11,83,,17015.69,Check,AR00003853,2025-08-12,115
3854,CR-2025-003854,2025-08-13,84,,16079.35,Wire Transfer,AR00003854,2025-08-15,115
3855,CR-2025-003855,2025-08-13,85,,4140.29,Credit Card,AR00003855,2025-08-14,97
3856,CR-2025-003856,2025-08-12,86,,35463.62,Check,AR00003856,2025-08-13,115
3857,CR-2025-003857,2025-08-18,87,,30270.73,ACH,AR00003857,2025-08-18,115
3858,CR-2025-003858,2025-08-16,88,,8665.78,Check,AR00003858,2025-08-16,97
3859,CR-2025-003859,2025-08-10,89,,821.91,Check,AR00003859,2025-08-10,97
3860,CR-2025-003860,2025-08-09,90,,20773.03,ACH,AR00003860,2025-08-09,97
3861,CR-2025-003861,2025-08-06,91,,223.59,Check,AR00003861,2025-08-08,97
3862,CR-2025-003862,2025-08-11,92,,18025.98,ACH,AR00003862,2025-08-11,97
3863,CR-2025-003863,2025-08-17,93,,2500.78,Check,AR00003863,2025-08-17,115
3864,CR-2025-003864,2025-08-08,94,,40.94,Check,AR00003864,2025-08-08,97
3865,CR-2025-003865,2025-08-16,95,,17724.34,Credit Card,AR00003865,2025-08-16,115
3866,CR-2025-003866,2025-08-14,96,,7041.5,Credit Card,AR00003866,2025-08-16,115
3867,CR-2025-003867,2025-08-16,97,,2004.14,ACH,AR00003867,2025-08-18,97
3868,CR-2025-003868,2025-08-09,98,,10911.11,Credit Card,AR00003868,2025-08-10,97
3869,CR-2025-003869,2025-08-11,99,,8492.17,Credit Card,AR00003869,2025-08-11,115
3870,CR-2025-003870,2025-08-11,100,,11238.17,Check,AR00003870,2025-08-12,115
3871,CR-2025-003871,2025-08-13,101,,3474.19,Wire Transfer,AR00003871,2025-08-14,11
3872,CR-2025-003872,2025-08-14,102,,5538.47,Check,AR00003872,2025-08-14,97
3873,CR-2025-003873,2025-08-14,103,,3849.36,Check,AR00003873,2025-08-16,97
3874,CR-2025-003874,2025-08-18,104,,18492.16,Wire Transfer,AR00003874,2025-08-18,115
3875,CR-2025-003875,2025-08-10,105,,8948.43,Wire Transfer,AR00003875,2025-08-10,11
3876,CR-2025-003876,2025-08-06,106,,5115.37,ACH,AR00003876,2025-08-08,97
3877,CR-2025-003877,2025-08-18,107,,9378.31,Check,AR00003877,2025-08-19,115
3878,CR-2025-003878,2025-08-07,108,9592.0,440.72,Wire Transfer,AR00003878,2025-08-07,11
3879,CR-2025-003879,2025-08-13,109,,19015.43,Credit Card,AR00003879,2025-08-13,115
3880,CR-2025-003880,2025-08-12,110,,15103.05,Credit Card,AR00003880,2025-08-12,97
3881,CR-2025-003881,2025-08-12,111,,1313.82,Credit Card,AR00003881,2025-08-14,115
3882,CR-2025-003882,2025-08-16,112,,7548.5,Credit Card,AR00003882,2025-08-16,115
3883,CR-2025-003883,2025-08-16,113,,39025.41,ACH,AR00003883,2025-08-17,115
3884,CR-2025-003884,2025-08-18,114,,4838.92,Wire Transfer,AR00003884,2025-08-19,11
3885,CR-2025-003885,2025-08-14,115,,14764.83,Credit Card,AR00003885,2025-08-15,97
3886,CR-2025-003886,2025-08-14,116,,8759.13,Credit Card,AR00003886,2025-08-15,97
3887,CR-2025-003887,2025-08-14,117,,10376.88,Wire Transfer,AR00003887,2025-08-16,11
3888,CR-2025-003888,2025-08-17,118,,3675.94,ACH,AR00003888,2025-08-18,115
3889,CR-2025-003889,2025-08-26,118,,66364.61,ACH,AR00003889,2025-08-27,115
3890,CR-2025-003890,2025-08-12,119,,15222.15,ACH,AR00003890,2025-08-13,11
3891,CR-2025-003891,2025-08-07,120,,1702.64,Credit Card,AR00003891,2025-08-08,11
3892,CR-2025-003892,2025-08-03,121,,1917.92,Check,AR00003892,2025-08-04,97
3893,CR-2025-003893,2025-08-06,122,9267.0,4.89,Wire Transfer,AR00003893,2025-08-06,115
3894,CR-2025-003894,2025-08-06,123,,3117.12,Wire Transfer,AR00003894,2025-08-06,97
3895,CR-2025-003895,2025-08-19,124,,8999.66,Credit Card,AR00003895,2025-08-19,115
3896,CR-2025-003896,2025-08-13,125,,27574.98,ACH,AR00003896,2025-08-14,97
3897,CR-2025-003897,2025-08-23,126,10345.0,174.77,Wire Transfer,AR00003897,2025-08-24,11
3898,CR-2025-003898,2025-08-20,127,,7653.84,Wire Transfer,AR00003898,2025-08-20,97
3899,CR-2025-003899,2025-08-12,128,,50684.52,Wire Transfer,AR00003899,2025-08-13,115
3900,CR-2025-003900,2025-08-13,129,,27761.05,Wire Transfer,AR00003900,2025-08-15,97
3901,CR-2025-003901,2025-08-16,130,,14569.5,Credit Card,AR00003901,2025-08-17,97
3902,CR-2025-003902,2025-08-13,131,,18813.76,ACH,AR00003902,2025-08-14,97
3903,CR-2025-003903,2025-08-11,132,,3327.24,Check,AR00003903,2025-08-13,11
3904,CR-2025-003904,2025-08-11,133,,14049.44,Wire Transfer,AR00003904,2025-08-12,115
3905,CR-2025-003905,2025-08-17,134,10533.0,1897.19,Credit Card,AR00003905,2025-08-17,115
3906,CR-2025-003906,2025-08-16,135,,12921.86,Credit Card,AR00003906,2025-08-17,11
3907,CR-2025-003907,2025-08-12,136,,15911.36,ACH,AR00003907,2025-08-14,97
3908,CR-2025-003908,2025-08-11,137,,15331.47,Wire Transfer,AR00003908,2025-08-11,97
3909,CR-2025-003909,2025-08-13,138,,59987.25,Check,AR00003909,2025-08-15,115
3910,CR-2025-003910,2025-08-12,139,,5596.01,Wire Transfer,AR00003910,2025-08-14,11
3911,CR-2025-003911,2025-08-10,140,,1481.39,ACH,AR00003911,2025-08-10,11
3912,CR-2025-003912,2025-08-12,141,,42853.0,Wire Transfer,AR00003912,2025-08-14,97
3913,CR-2025-003913,2025-08-22,141,,26391.07,Check,AR00003913,2025-08-22,11
3914,CR-2025-003914,2025-08-13,143,,6710.7,Wire Transfer,AR00003914,2025-08-15,11
3915,CR-2025-003915,2025-08-16,144,,23836.5,Check,AR00003915,2025-08-16,97
3916,CR-2025-003916,2025-08-11,145,,23501.85,Credit Card,AR00003916,2025-08-11,11
3917,CR-2025-003917,2025-08-06,146,,1891.66,Wire Transfer,AR00003917,2025-08-06,11
3918,CR-2025-003918,2025-08-11,147,,3375.57,Check,AR00003918,2025-08-12,11
3919,CR-2025-003919,2025-08-05,148,,1.87,ACH,AR00003919,2025-08-06,97
3920,CR-2025-003920,2025-08-11,149,,7312.89,Credit Card,AR00003920,2025-08-12,11
3921,CR-2025-003921,2025-08-17,150,,8324.95,Check,AR00003921,2025-08-18,97
3922,CR-2025-003922,2025-08-10,151,,4445.4,Check,AR00003922,2025-08-12,115
3923,CR-2025-003923,2025-08-14,152,,4591.85,Check,AR00003923,2025-08-15,97
3924,CR-2025-003924,2025-08-09,153,8536.0,51.82,Wire Transfer,AR00003924,2025-08-09,97
3925,CR-2025-003925,2025-08-08,154,,3534.79,Check,AR00003925,2025-08-08,115
3926,CR-2025-003926,2025-08-09,155,,4117.53,Wire Transfer,AR00003926,2025-08-10,11
3927,CR-2025-003927,2025-08-10,156,,16191.78,Wire Transfer,AR00003927,2025-08-11,97
3928,CR-2025-003928,2025-08-10,158,,3684.2,Wire Transfer,AR00003928,2025-08-12,115
3929,CR-2025-003929,2025-08-18,159,,24901.08,Wire Transfer,AR00003929,2025-08-19,97
3930,CR-2025-003930,2025-08-11,160,,4459.14,Check,AR00003930,2025-08-13,11
3931,CR-2025-003931,2025-08-13,161,,52240.55,Wire Transfer,AR00003931,2025-08-13,11
3932,CR-2025-003932,2025-08-19,162,,24837.93,ACH,AR00003932,2025-08-19,115
3933,CR-2025-003933,2025-08-08,163,,59.81,Check,AR00003933,2025-08-10,115
3934,CR-2025-003934,2025-08-03,164,,254.35,ACH,AR00003934,2025-08-05,97
3935,CR-2025-003935,2025-08-12,165,,654.49,Credit Card,AR00003935,2025-08-12,97
3936,CR-2025-003936,2025-08-13,166,,54744.87,Check,AR00003936,2025-08-13,97
3937,CR-2025-003937,2025-08-16,167,,611.84,ACH,AR00003937,2025-08-16,115
3938,CR-2025-003938,2025-08-13,168,,1437.86,Wire Transfer,AR00003938,2025-08-13,11
3939,CR-2025-003939,2025-08-10,169,,40533.66,Check,AR00003939,2025-08-11,11
3940,CR-2025-003940,2025-08-18,169,10059.0,27323.51,Wire Transfer,AR00003940,2025-08-20,11
3941,CR-2025-003941,2025-08-17,170,,2219.95,ACH,AR00003941,2025-08-19,115
3942,CR-2025-003942,2025-08-09,171,,1421.23,ACH,AR00003942,2025-08-09,115
3943,CR-2025-003943,2025-08-07,172,,210.11,Wire Transfer,AR00003943,2025-08-09,11
3944,CR-2025-003944,2025-08-13,173,,52583.2,Wire Transfer,AR00003944,2025-08-13,11
3945,CR-2025-003945,2025-08-17,174,,21494.31,Wire Transfer,AR00003945,2025-08-19,11
3946,CR-2025-003946,2025-08-10,175,,436.8,Credit Card,AR00003946,2025-08-12,97
3947,CR-2025-003947,2025-08-11,176,,14280.81,Check,AR00003947,2025-08-11,115
3948,CR-2025-003948,2025-08-12,177,,34931.87,Check,AR00003948,2025-08-14,11
3949,CR-2025-003949,2025-08-10,178,,584.48,Credit Card,AR00003949,2025-08-10,115
3950,CR-2025-003950,2025-08-10,179,,22916.1,Credit Card,AR00003950,2025-08-12,97
3951,CR-2025-003951,2025-08-19,180,,20454.43,Wire Transfer,AR00003951,2025-08-19,115
3952,CR-2025-003952,2025-08-18,181,,15285.06,ACH,AR00003952,2025-08-18,11
3953,CR-2025-003953,2025-08-06,182,,5224.99,ACH,AR00003953,2025-08-07,115
3954,CR-2025-003954,2025-08-13,183,,1643.01,ACH,AR00003954,2025-08-15,11
3955,CR-2025-003955,2025-08-20,184,,19396.55,Check,AR00003955,2025-08-21,97
3956,CR-2025-003956,2025-08-06,185,,700.85,Check,AR00003956,2025-08-06,97
3957,CR-2025-003957,2025-08-06,186,,12516.9,Check,AR00003957,2025-08-08,11
3958,CR-2025-003958,2025-08-12,187,,8962.53,Check,AR00003958,2025-08-14,11
3959,CR-2025-003959,2025-08-14,188,,34155.29,ACH,AR00003959,2025-08-14,115
3960,CR-2025-003960,2025-08-13,189,,13961.05,Credit Card,AR00003960,2025-08-14,11
3961,CR-2025-003961,2025-08-12,190,,9813.26,ACH,AR00003961,2025-08-13,115
3962,CR-2025-003962,2025-08-17,191,,23803.8,Wire Transfer,AR00003962,2025-08-19,11
3963,CR-2025-003963,2025-08-11,192,,19053.04,ACH,AR00003963,2025-08-13,115
3964,CR-2025-003964,2025-08-12,193,,13192.24,ACH,AR00003964,2025-08-12,97
3965,CR-2025-003965,2025-08-11,194,,36111.81,ACH,AR00003965,2025-08-12,97
3966,CR-2025-003966,2025-08-10,195,,10652.71,Wire Transfer,AR00003966,2025-08-10,97
3967,CR-2025-003967,2025-08-08,196,,8815.96,ACH,AR00003967,2025-08-10,97
3968,CR-2025-003968,2025-08-06,197,,1625.25,Wire Transfer,AR00003968,2025-08-08,11
3969,CR-2025-003969,2025-08-13,198,,14125.2,Wire Transfer,AR00003969,2025-08-13,115
3970,CR-2025-003970,2025-08-14,199,,11986.5,ACH,AR00003970,2025-08-15,115
3971,CR-2025-003971,2025-08-13,200,,18590.94,Check,AR00003971,2025-08-14,11
3972,CR-2025-003972,2025-08-17,201,10403.0,4893.5,ACH,AR00003972,2025-08-18,115
3973,CR-2025-003973,2025-08-12,202,9958.0,8708.07,Check,AR00003973,2025-08-14,97
3974,CR-2025-003974,2025-08-22,202,,58569.66,Wire Transfer,AR00003974,2025-08-23,11
3975,CR-2025-003975,2025-08-06,203,,25.38,Check,AR00003975,2025-08-06,115
3976,CR-2025-003976,2025-08-13,204,,19204.59,Wire Transfer,AR00003976,2025-08-14,97
3977,CR-2025-003977,2025-08-13,205,,23486.5,ACH,AR00003977,2025-08-13,115
3978,CR-2025-003978,2025-08-11,206,,12905.63,ACH,AR00003978,2025-08-12,115
3979,CR-2025-003979,2025-08-10,207,9734.0,258.71,ACH,AR00003979,2025-08-10,11
3980,CR-2025-003980,2025-08-12,208,,55875.86,Check,AR00003980,2025-08-14,115
3981,CR-2025-003981,2025-08-11,209,,13853.19,Check,AR00003981,2025-08-12,115
3982,CR-2025-003982,2025-08-10,210,,11511.64,Wire Transfer,AR00003982,2025-08-11,11
3983,CR-2025-003983,2025-08-14,211,,7971.25,ACH,AR00003983,2025-08-15,115
3984,CR-2025-003984,2025-09-10,81,,1491.48,Check,DEP00003984,2025-09-10,11
3985,CR-2025-003985,2025-09-21,209,,1593.87,Credit Card,DEP00003985,2025-09-21,11
3986,CR-2025-003986,2025-09-04,137,,1231.37,ACH,DEP00003986,2025-09-04,97
3987,CR-2025-003987,2025-09-14,37,,4101.85,Credit Card,DEP00003987,2025-09-14,115
3988,CR-2025-003988,2025-09-10,1,,43836.44,Wire Transfer,AR00003988,2025-09-10,11
3989,CR-2025-003989,2025-09-07,2,8712.0,22.36,Credit Card,AR00003989,2025-09-07,97
3990,CR-2025-003990,2025-09-18,3,,5915.68,Credit Card,AR00003990,2025-09-19,115
3991,CR-2025-003991,2025-09-10,4,,21019.6,Check,AR00003991,2025-09-10,97
3992,CR-2025-003992,2025-09-19,5,,4485.38,Wire Transfer,AR00003992,2025-09-19,11
3993,CR-2025-003993,2025-09-14,6,,46828.07,Check,AR00003993,2025-09-15,115
3994,CR-2025-003994,2025-09-18,7,,12543.34,Check,AR00003994,2025-09-18,115
3995,CR-2025-003995,2025-09-10,8,,4789.45,Wire Transfer,AR00003995,2025-09-11,11
3996,CR-2025-003996,2025-09-17,9,,3824.02,Wire Transfer,AR00003996,2025-09-19,115
3997,CR-2025-003997,2025-09-11,10,,14596.57,ACH,AR00003997,2025-09-12,97
3998,CR-2025-003998,2025-09-06,11,,61.57,ACH,AR00003998,2025-09-08,11
3999,CR-2025-003999,2025-09-10,12,,3779.96,Check,AR00003999,2025-09-12,11
4000,CR-2025-004000,2025-09-13,13,,8440.36,Wire Transfer,AR00004000,2025-09-14,115
4001,CR-2025-004001,2025-09-10,14,,752.34,Credit Card,AR00004001,2025-09-10,115
4002,CR-2025-004002,2025-09-12,15,,16089.57,ACH,AR00004002,2025-09-12,115
4003,CR-2025-004003,2025-09-17,16,,11863.44,Credit Card,AR00004003,2025-09-17,11
4004,CR-2025-004004,2025-09-20,17,,1188.58,Check,AR00004004,2025-09-22,11
4005,CR-2025-004005,2025-09-14,18,,13005.73,Credit Card,AR00004005,2025-09-16,11
4006,CR-2025-004006,2025-09-16,19,,21687.6,ACH,AR00004006,2025-09-17,97
4007,CR-2025-004007,2025-09-12,20,,34609.08,Credit Card,AR00004007,2025-09-13,97
4008,CR-2025-004008,2025-09-12,21,,28823.54,ACH,AR00004008,2025-09-13,97
4009,CR-2025-004009,2025-09-10,22,,2558.97,Credit Card,AR00004009,2025-09-12,115
4010,CR-2025-004010,2025-09-11,23,,10767.87,Check,AR00004010,2025-09-12,11
4011,CR-2025-004011,2025-09-13,24,,11258.3,ACH,AR00004011,2025-09-14,115
4012,CR-2025-004012,2025-09-10,25,,165.04,ACH,AR00004012,2025-09-11,115
4013,CR-2025-004013,2025-09-07,26,,6293.06,Check,AR00004013,2025-09-08,97
4014,CR-2025-004014,2025-09-19,27,,4170.29,Check,AR00004014,2025-09-19,11
4015,CR-2025-004015,2025-09-10,28,,3155.81,Wire Transfer,AR00004015,2025-09-11,97
4016,CR-2025-004016,2025-09-12,29,,15118.27,ACH,AR00004016,2025-09-14,11
4017,CR-2025-004017,2025-09-13,30,,7352.93,Check,AR00004017,2025-09-14,115
4018,CR-2025-004018,2025-09-11,31,,7684.84,Credit Card,AR00004018,2025-09-13,97
4019,CR-2025-004019,2025-09-06,32,,3095.91,Check,AR00004019,2025-09-08,115
4020,CR-2025-004020,2025-09-22,33,,484.92,Wire Transfer,AR00004020,2025-09-23,115
4021,CR-2025-004021,2025-09-20,34,,20338.21,Credit Card,AR00004021,2025-09-21,11
4022,CR-2025-004022,2025-09-09,36,,332.67,Check,AR00004022,2025-09-11,97
4023,CR-2025-004023,2025-09-13,37,,21744.79,ACH,AR00004023,2025-09-15,115
4024,CR-2025-004024,2025-09-14,38,,8812.0,Wire Transfer,AR00004024,2025-09-15,115
4025,CR-2025-004025,2025-09-12,39,,15219.66,Credit Card,AR00004025,2025-09-14,11
4026,CR-2025-004026,2025-09-10,40,9860.0,7.69,ACH,AR00004026,2025-09-12,97
4027,CR-2025-004027,2025-09-05,41,,27.09,Credit Card,AR00004027,2025-09-07,97
4028,CR-2025-004028,2025-09-11,42,10702.0,2008.15,Wire Transfer,AR00004028,2025-09-11,97
4029,CR-2025-004029,2025-09-09,43,,2900.13,Check,AR00004029,2025-09-10,97
4030,CR-2025-004030,2025-09-13,44,,21938.26,ACH,AR00004030,2025-09-14,97
4031,CR-2025-004031,2025-09-13,45,,5177.36,ACH,AR00004031,2025-09-15,115
4032,CR-2025-004032,2025-09-06,46,,1082.98,ACH,AR00004032,2025-09-06,11
4033,CR-2025-004033,2025-09-07,47,,387.52,Check,AR00004033,2025-09-07,11
4034,CR-2025-004034,2025-09-19,48,,8242.7,ACH,AR00004034,2025-09-19,97
4035,CR-2025-004035,2025-09-10,49,,410.93,Wire Transfer,AR00004035,2025-09-11,11
4036,CR-2025-004036,2025-09-14,50,,537.88,Credit Card,AR00004036,2025-09-15,115
4037,CR-2025-004037,2025-09-10,51,,22364.76,Check,AR00004037,2025-09-10,115
4038,CR-2025-004038,2025-09-12,52,,14177.51,ACH,AR00004038,2025-09-13,97
4039,CR-2025-004039,2025-09-07,53,,170.99,ACH,AR00004039,2025-09-09,11
4040,CR-2025-004040,2025-09-12,54,,2696.95,Credit Card,AR00004040,2025-09-13,115
4041,CR-2025-004041,2025-09-16,55,,34053.28,Wire Transfer,AR00004041,2025-09-18,11
4042,CR-2025-004042,2025-09-04,56,,0.01,Check,AR00004042,2025-09-05,97
4043,CR-2025-004043,2025-09-23,57,,1102.82,ACH,AR00004043,2025-09-24,11
4044,CR-2025-004044,2025-09-17,58,,3192.93,Check,AR00004044,2025-09-18,11
4045,CR-2025-004045,2025-09-16,59,,4204.72,Check,AR00004045,2025-09-17,97
4046,CR-2025-004046,2025-09-20,60,,24855.61,Credit Card,AR00004046,2025-09-22,11
4047,CR-2025-004047,2025-09-13,61,,11778.76,Credit Card,AR00004047,2025-09-14,115
4048,CR-2025-004048,2025-09-13,62,,12589.47,Credit Card,AR00004048,2025-09-14,11
4049,CR-2025-004049,2025-09-12,63,,6143.84,ACH,AR00004049,2025-09-14,115
4050,CR-2025-004050,2025-09-07,64,,138.66,Check,AR00004050,2025-09-09,115
4051,CR-2025-004051,2025-09-17,65,,33587.83,Credit Card,AR00004051,2025-09-18,11
4052,CR-2025-004052,2025-09-20,66,,406.12,Check,AR00004052,2025-09-22,115
4053,CR-2025-004053,2025-09-20,67,,586.07,Wire Transfer,AR00004053,2025-09-21,97
4054,CR-2025-004054,2025-09-11,68,,8311.68,ACH,AR00004054,2025-09-13,11
4055,CR-2025-004055,2025-09-14,69,,8805.53,Credit Card,AR00004055,2025-09-14,11
4056,CR-2025-004056,2025-09-08,70,,1565.31,Check,AR00004056,2025-09-08,11
4057,CR-2025-004057,2025-09-10,71,,25990.46,Check,AR00004057,2025-09-11,115
4058,CR-2025-004058,2025-09-07,72,9904.0,1922.57,Wire Transfer,AR00004058,2025-09-07,115
4059,CR-2025-004059,2025-09-11,73,,14459.74,Wire Transfer,AR00004059,2025-09-11,11
4060,CR-2025-004060,2025-09-14,74,,4956.6,Check,AR00004060,2025-09-14,11
4061,CR-2025-004061,2025-09-14,75,,12086.08,ACH,AR00004061,2025-09-15,115
4062,CR-2025-004062,2025-09-04,76,,1602.11,Check,AR00004062,2025-09-05,115
4063,CR-2025-004063,2025-09-21,77,,1247.64,Credit Card,AR00004063,2025-09-21,115
4064,CR-2025-004064,2025-09-10,78,,52605.16,ACH,AR00004064,2025-09-12,97
4065,CR-2025-004065,2025-09-13,79,,3334.25,ACH,AR00004065,2025-09-15,97
4066,CR-2025-004066,2025-09-11,80,,30222.07,ACH,AR00004066,2025-09-12,11
4067,CR-2025-004067,2025-09-12,81,,22051.91,Check,AR00004067,2025-09-12,11
4068,CR-2025-004068,2025-09-14,82,,8235.4,Check,AR00004068,2025-09-15,11
4069,CR-2025-004069,2025-09-16,83,,17092.65,ACH,AR00004069,2025-09-16,97
4070,CR-2025-004070,2025-09-11,84,,10950.65,Check,AR00004070,2025-09-12,97
4071,CR-2025-004071,2025-09-18,85,10706.0,8973.64,ACH,AR00004071,2025-09-18,11
4072,CR-2025-004072,2025-09-13,86,,23746.53,Check,AR00004072,2025-09-14,11
4073,CR-2025-004073,2025-09-14,87,,25100.37,ACH,AR00004073,2025-09-15,115
4074,CR-2025-004074,2025-09-14,88,,4405.03,ACH,AR00004074,2025-09-15,97
4075,CR-2025-004075,2025-09-18,89,,2932.16,Check,AR00004075,2025-09-18,97
4076,CR-2025-004076,2025-09-10,90,,23237.26,Wire Transfer,AR00004076,2025-09-12,115
4077,CR-2025-004077,2025-09-06,91,9369.0,2.5,Wire Transfer,AR00004077,2025-09-06,11
4078,CR-2025-004078,2025-09-14,92,,15020.38,Credit Card,AR00004078,2025-09-15,97
4079,CR-2025-004079,2025-09-12,93,,5015.25,Check,AR00004079,2025-09-12,97
4080,CR-2025-004080,2025-09-07,94,,0.21,Credit Card,AR00004080,2025-09-07,11
4081,CR-2025-004081,2025-09-20,95,,51244.89,ACH,AR00004081,2025-09-20,11
4082,CR-2025-004082,2025-09-10,96,,2407.42,Wire Transfer,AR00004082,2025-09-11,115
4083,CR-2025-004083,2025-09-12,97,10141.0,543.82,ACH,AR00004083,2025-09-12,11
4084,CR-2025-004084,2025-09-18,98,,21958.56,ACH,AR00004084,2025-09-19,97
4085,CR-2025-004085,2025-09-10,99,,4735.66,Wire Transfer,AR00004085,2025-09-11,115
4086,CR-2025-004086,2025-09-12,100,,4810.88,Wire Transfer,AR00004086,2025-09-14,11
4087,CR-2025-004087,2025-09-09,101,9743.0,429.26,Wire Transfer,AR00004087,2025-09-10,11
4088,CR-2025-004088,2025-09-07,102,,1427.74,Wire Transfer,AR00004088,2025-09-07,115
4089,CR-2025-004089,2025-09-13,103,,1449.96,ACH,AR00004089,2025-09-14,97
4090,CR-2025-004090,2025-09-10,104,10444.0,4549.74,Check,AR00004090,2025-09-12,11
4091,CR-2025-004091,2025-09-20,105,,21872.32,Wire Transfer,AR00004091,2025-09-20,115
4092,CR-2025-004092,2025-09-17,106,,28489.78,Credit Card,AR00004092,2025-09-19,11
4093,CR-2025-004093,2025-09-14,107,,7401.5,Credit Card,AR00004093,2025-09-15,115
4094,CR-2025-004094,2025-09-05,108,,55.97,ACH,AR00004094,2025-09-05,11
4095,CR-2025-004095,2025-09-10,109,,17730.05,ACH,AR00004095,2025-09-12,97
4096,CR-2025-004096,2025-09-12,110,,10251.29,Wire Transfer,AR00004096,2025-09-13,11
4097,CR-2025-004097,2025-09-09,111,,224.6,Check,AR00004097,2025-09-10,115
4098,CR-2025-004098,2025-09-12,112,,2518.8,Check,AR00004098,2025-09-14,115
4099,CR-2025-004099,2025-09-11,113,,29723.99,Credit Card,AR00004099,2025-09-12,97
4100,CR-2025-004100,2025-09-14,114,,1481.47,Credit Card,AR00004100,2025-09-16,115
4101,CR-2025-004101,2025-09-09,115,,4303.08,Check,AR00004101,2025-09-10,97
4102,CR-2025-004102,2025-09-19,116,,21451.68,Credit Card,AR00004102,2025-09-20,97
4103,CR-2025-004103,2025-09-12,117,,10747.05,Credit Card,AR00004103,2025-09-12,11
4104,CR-2025-004104,2025-09-13,118,,37845.35,Check,AR00004104,2025-09-15,97
4105,CR-2025-004105,2025-09-14,119,,21775.41,Check,AR00004105,2025-09-15,97
4106,CR-2025-004106,2025-09-17,120,,5882.4,Check,AR00004106,2025-09-18,97
4107,CR-2025-004107,2025-09-18,121,,15024.62,Check,AR00004107,2025-09-20,11
4108,CR-2025-004108,2025-09-07,122,,927.59,ACH,AR00004108,2025-09-08,11
4109,CR-2025-004109,2025-09-17,123,,13927.79,Check,AR00004109,2025-09-17,115
4110,CR-2025-004110,2025-09-18,124,,12643.77,Check,AR00004110,2025-09-19,97
4111,CR-2025-004111,2025-09-11,125,,11524.01,ACH,AR00004111,2025-09-12,97
4112,CR-2025-004112,2025-09-20,126,,1200.17,Credit Card,AR00004112,2025-09-20,11
4113,CR-2025-004113,2025-09-12,127,,15311.66,ACH,AR00004113,2025-09-13,115
4114,CR-2025-004114,2025-09-14,128,,21638.54,Check,AR00004114,2025-09-16,115
4115,CR-2025-004115,2025-09-22,128,,48598.99,Wire Transfer,AR00004115,2025-09-24,97
4116,CR-2025-004116,2025-09-10,129,,26484.88,Wire Transfer,AR00004116,2025-09-12,97
4117,CR-2025-004117,2025-09-12,130,,7869.88,ACH,AR00004117,2025-09-14,97
4118,CR-2025-004118,2025-09-11,131,,14649.55,Wire Transfer,AR00004118,2025-09-11,97
4119,CR-2025-004119,2025-09-13,132,,1692.12,Check,AR00004119,2025-09-14,97
4120,CR-2025-004120,2025-09-08,133,,4007.45,Wire Transfer,AR00004120,2025-09-09,115
4121,CR-2025-004121,2025-09-12,134,,1560.1,Wire Transfer,AR00004121,2025-09-13,115
4122,CR-2025-004122,2025-09-11,135,,7201.62,Credit Card,AR00004122,2025-09-12,11
4123,CR-2025-004123,2025-09-11,136,,11248.46,ACH,AR00004123,2025-09-13,115
4124,CR-2025-004124,2025-09-13,137,,17221.7,Check,AR00004124,2025-09-14,11
4125,CR-2025-004125,2025-09-13,138,,53312.71,Credit Card,AR00004125,2025-09-15,97
4126,CR-2025-004126,2025-09-08,139,,4178.84,Credit Card,AR00004126,2025-09-10,97
4127,CR-2025-004127,2025-09-19,140,,5867.2,Credit Card,AR00004127,2025-09-20,97
4128,CR-2025-004128,2025-09-11,141,,54026.41,ACH,AR00004128,2025-09-11,97
4129,CR-2025-004129,2025-09-21,141,,14846.79,ACH,AR00004129,2025-09-21,11
4130,CR-2025-004130,2025-09-23,142,,230.95,Check,AR00004130,2025-09-23,115
4131,CR-2025-004131,2025-09-13,143,,2753.82,Check,AR00004131,2025-09-13,115
4132,CR-2025-004132,2025-09-12,144,,12238.63,Check,AR00004132,2025-09-12,11
4133,CR-2025-004133,2025-09-13,145,,9254.52,Check,AR00004133,2025-09-15,97
4134,CR-2025-004134,2025-09-17,146,,7474.92,ACH,AR00004134,2025-09-19,11
4135,CR-2025-004135,2025-09-18,147,,4411.5,Check,AR00004135,2025-09-18,115
4136,CR-2025-004136,2025-09-07,148,,0.06,Check,AR00004136,2025-09-08,115
4137,CR-2025-004137,2025-09-14,149,,2034.04,Check,AR00004137,2025-09-14,11
4138,CR-2025-004138,2025-09-13,150,,4823.33,Wire Transfer,AR00004138,2025-09-14,115
4139,CR-2025-004139,2025-09-19,151,10690.0,7686.65,Credit Card,AR00004139,2025-09-20,97
4140,CR-2025-004140,2025-09-10,152,,5080.48,Wire Transfer,AR00004140,2025-09-11,11
4141,CR-2025-004141,2025-09-05,153,,4.55,Credit Card,AR00004141,2025-09-05,97
4142,CR-2025-004142,2025-09-17,154,,20647.46,Credit Card,AR00004142,2025-09-19,97
4143,CR-2025-004143,2025-09-17,155,,9236.08,Credit Card,AR00004143,2025-09-19,97
4144,CR-2025-004144,2025-09-13,156,,15632.09,ACH,AR00004144,2025-09-13,97
4145,CR-2025-004145,2025-09-11,158,,2421.1,Wire Transfer,AR00004145,2025-09-11,97
4146,CR-2025-004146,2025-09-10,159,,10112.33,ACH,AR00004146,2025-09-10,115
4147,CR-2025-004147,2025-09-12,160,,1468.57,Credit Card,AR00004147,2025-09-12,97
4148,CR-2025-004148,2025-09-13,161,,49340.26,Credit Card,AR00004148,2025-09-15,11
4149,CR-2025-004149,2025-09-22,161,,16368.29,Credit Card,AR00004149,2025-09-24,11
4150,CR-2025-004150,2025-09-11,162,,13249.09,Wire Transfer,AR00004150,2025-09-12,115
4151,CR-2025-004151,2025-09-05,163,9076.0,2.7,Wire Transfer,AR00004151,2025-09-06,97
4152,CR-2025-004152,2025-09-18,164,11064.0,896.42,Credit Card,AR00004152,2025-09-20,97
4153,CR-2025-004153,2025-09-08,165,,1051.58,ACH,AR00004153,2025-09-10,97
4154,CR-2025-004154,2025-09-12,166,,24572.75,ACH,AR00004154,2025-09-14,11
4155,CR-2025-004155,2025-09-12,167,,219.14,ACH,AR00004155,2025-09-14,115
4156,CR-2025-004156,2025-09-17,168,,2119.4,Wire Transfer,AR00004156,2025-09-18,11
4157,CR-2025-004157,2025-09-12,169,,58023.93,Check,AR00004157,2025-09-13,115
4158,CR-2025-004158,2025-09-22,169,,3553.46,ACH,AR00004158,2025-09-23,97
4159,CR-2025-004159,2025-09-11,170,,1445.91,Check,AR00004159,2025-09-11,97
4160,CR-2025-004160,2025-09-17,171,,5453.38,Wire Transfer,AR00004160,2025-09-17,115
4161,CR-2025-004161,2025-09-20,172,,1419.39,ACH,AR00004161,2025-09-20,97
4162,CR-2025-004162,2025-09-11,173,,31479.53,Credit Card,AR00004162,2025-09-11,97
4163,CR-2025-004163,2025-09-12,174,,25840.8,Wire Transfer,AR00004163,2025-09-12,97
4164,CR-2025-004164,2025-09-19,175,,2988.14,Check,AR00004164,2025-09-21,97
4165,CR-2025-004165,2025-09-14,176,,3780.74,Wire Transfer,AR00004165,2025-09-14,11
4166,CR-2025-004166,2025-09-13,177,,44183.34,ACH,AR00004166,2025-09-15,115
4167,CR-2025-004167,2025-09-19,178,,4417.03,Wire Transfer,AR00004167,2025-09-20,97
4168,CR-2025-004168,2025-09-14,179,,24889.43,Credit Card,AR00004168,2025-09-15,11
4169,CR-2025-004169,2025-09-14,180,,23819.72,Wire Transfer,AR00004169,2025-09-16,115
4170,CR-2025-004170,2025-09-12,181,,6226.27,Wire Transfer,AR00004170,2025-09-14,11
4171,CR-2025-004171,2025-09-06,182,,1586.65,Wire Transfer,AR00004171,2025-09-07,115
4172,CR-2025-004172,2025-09-19,183,,6569.87,Check,AR00004172,2025-09-19,11
4173,CR-2025-004173,2025-09-13,184,,23370.89,Check,AR00004173,2025-09-14,11
4174,CR-2025-004174,2025-09-16,185,,5427.3,ACH,AR00004174,2025-09-17,11
4175,CR-2025-004175,2025-09-13,186,,5783.98,Wire Transfer,AR00004175,2025-09-13,11
4176,CR-2025-004176,2025-09-11,187,10508.0,2316.21,Check,AR00004176,2025-09-13,11
4177,CR-2025-004177,2025-09-12,188,,25606.46,Check,AR00004177,2025-09-13,115
4178,CR-2025-004178,2025-09-12,189,,8770.64,Check,AR00004178,2025-09-12,97
4179,CR-2025-004179,2025-09-14,190,,12109.32,Wire Transfer,AR00004179,2025-09-15,115
4180,CR-2025-004180,2025-09-14,191,10694.0,8053.61,Wire Transfer,AR00004180,2025-09-16,115
4181,CR-2025-004181,2025-09-13,192,,35465.35,Check,AR00004181,2025-09-15,97
4182,CR-2025-004182,2025-09-10,193,,7153.2,Wire Transfer,AR00004182,2025-09-11,11
4183,CR-2025-004183,2025-09-12,194,,19224.54,Wire Transfer,AR00004183,2025-09-14,115
4184,CR-2025-004184,2025-09-09,195,,3394.53,ACH,AR00004184,2025-09-10,97
4185,CR-2025-004185,2025-09-16,196,,13329.66,Wire Transfer,AR00004185,2025-09-17,97
4186,CR-2025-004186,2025-09-16,197,,15023.79,Check,AR00004186,2025-09-16,97
4187,CR-2025-004187,2025-09-16,198,,29243.4,Check,AR00004187,2025-09-18,97
4188,CR-2025-004188,2025-09-16,199,,19266.83,Credit Card,AR00004188,2025-09-18,97
4189,CR-2025-004189,2025-09-16,200,,38281.4,ACH,AR00004189,2025-09-16,97
4190,CR-2025-004190,2025-09-11,201,,6364.68,Wire Transfer,AR00004190,2025-09-13,97
4191,CR-2025-004191,2025-09-13,202,,47663.3,Check,AR00004191,2025-09-14,97
4192,CR-2025-004192,2025-09-07,203,,0.84,Check,AR00004192,2025-09-07,97
4193,CR-2025-004193,2025-09-12,204,,9777.38,Check,AR00004193,2025-09-13,97
4194,CR-2025-004194,2025-09-13,205,,22909.95,Wire Transfer,AR00004194,2025-09-15,11
4195,CR-2025-004195,2025-09-10,206,,14343.81,Check,AR00004195,2025-09-10,11
4196,CR-2025-004196,2025-09-09,207,,105.08,Credit Card,AR00004196,2025-09-09,97
4197,CR-2025-004197,2025-09-11,208,,42682.52,Credit Card,AR00004197,2025-09-13,97
4198,CR-2025-004198,2025-09-17,209,,26022.21,Wire Transfer,AR00004198,2025-09-17,115
4199,CR-2025-004199,2025-09-20,210,,13942.56,Credit Card,AR00004199,2025-09-20,115
4200,CR-2025-004200,2025-09-19,211,,16174.74,Check,AR00004200,2025-09-19,97
4201,CR-2025-004201,2025-10-05,105,,1583.82,ACH,DEP00004201,2025-10-05,97
4202,CR-2025-004202,2025-10-29,162,,1556.52,Credit Card,DEP00004202,2025-10-29,97
4203,CR-2025-004203,2025-10-14,78,,3010.44,ACH,DEP00004203,2025-10-14,115
4204,CR-2025-004204,2025-10-06,105,11159.0,2327.35,Check,DEP00004204,2025-10-06,115
4205,CR-2025-004205,2025-10-07,154,,1753.72,ACH,DEP00004205,2025-10-07,11
4206,CR-2025-004206,2025-10-13,192,,1283.37,Credit Card,DEP00004206,2025-10-13,97
4207,CR-2025-004207,2025-10-14,48,11293.0,2273.09,Wire Transfer,DEP00004207,2025-10-14,97
4208,CR-2025-004208,2025-10-11,1,,23355.68,Wire Transfer,AR00004208,2025-10-13,97
4209,CR-2025-004209,2025-10-06,2,,0.13,Wire Transfer,AR00004209,2025-10-08,115
4210,CR-2025-004210,2025-10-12,3,,1564.04,Check,AR00004210,2025-10-12,115
4211,CR-2025-004211,2025-10-12,4,,28887.95,Check,AR00004211,2025-10-13,11
4212,CR-2025-004212,2025-10-11,5,,1542.68,Check,AR00004212,2025-10-11,115
4213,CR-2025-004213,2025-10-10,6,,22339.85,Credit Card,AR00004213,2025-10-10,11
4214,CR-2025-004214,2025-10-11,7,,8880.09,ACH,AR00004214,2025-10-12,97
4215,CR-2025-004215,2025-10-19,8,,10651.14,ACH,AR00004215,2025-10-19,97
4216,CR-2025-004216,2025-10-17,9,,6455.98,Wire Transfer,AR00004216,2025-10-19,115
4217,CR-2025-004217,2025-10-14,10,,10687.54,ACH,AR00004217,2025-10-16,115
4218,CR-2025-004218,2025-10-05,11,9906.0,2.06,Credit Card,AR00004218,2025-10-05,11
4219,CR-2025-004219,2025-10-06,12,,497.13,Check,AR00004219,2025-10-08,115
4220,CR-2025-004220,2025-10-06,13,,1566.43,Credit Card,AR00004220,2025-10-07,115
4221,CR-2025-004221,2025-10-10,14,,476.97,ACH,AR00004221,2025-10-12,115
4222,CR-2025-004222,2025-10-12,15,,18515.75,Credit Card,AR00004222,2025-10-12,115
4223,CR-2025-004223,2025-10-13,16,11280.0,4418.07,ACH,AR00004223,2025-10-15,11
4224,CR-2025-004224,2025-10-17,17,,4617.54,Wire Transfer,AR00004224,2025-10-17,11
4225,CR-2025-004225,2025-10-10,18,,8389.98,Check,AR00004225,2025-10-10,97
4226,CR-2025-004226,2025-10-11,19,,26327.09,Wire Transfer,AR00004226,2025-10-11,11
4227,CR-2025-004227,2025-10-12,20,,35631.36,Credit Card,AR00004227,2025-10-12,97
4228,CR-2025-004228,2025-10-14,21,,26857.92,ACH,AR00004228,2025-10-14,11
4229,CR-2025-004229,2025-10-17,22,,19107.55,Check,AR00004229,2025-10-19,97
4230,CR-2025-004230,2025-10-20,23,,17639.85,Check,AR00004230,2025-10-20,11
4231,CR-2025-004231,2025-10-13,24,,6352.77,Credit Card,AR00004231,2025-10-14,11
4232,CR-2025-004232,2025-10-19,25,,1084.55,Credit Card,AR00004232,2025-10-21,11
4233,CR-2025-004233,2025-10-18,26,,12228.22,Check,AR00004233,2025-10-19,115
4234,CR-2025-004234,2025-10-11,27,,1267.1,Check,AR00004234,2025-10-13,115
4235,CR-2025-004235,2025-10-13,28,,586.24,Credit Card,AR00004235,2025-10-14,115
4236,CR-2025-004236,2025-10-12,29,10703.0,5896.24,Wire Transfer,AR00004236,2025-10-12,115
4237,CR-2025-004237,2025-10-11,30,,3471.33,Check,AR00004237,2025-10-11,97
4238,CR-2025-004238,2025-10-11,31,,6719.29,Check,AR00004238,2025-10-11,97
4239,CR-2025-004239,2025-10-17,32,,15779.35,Wire Transfer,AR00004239,2025-10-18,11
4240,CR-2025-004240,2025-10-17,33,,5175.99,Wire Transfer,AR00004240,2025-10-19,115
4241,CR-2025-004241,2025-10-12,34,,10365.0,Check,AR00004241,2025-10-13,115
4242,CR-2025-004242,2025-10-22,35,,262.78,Wire Transfer,AR00004242,2025-10-24,11
4243,CR-2025-004243,2025-10-11,36,,167.51,Check,AR00004243,2025-10-13,97
4244,CR-2025-004244,2025-10-12,37,,18319.04,ACH,AR00004244,2025-10-14,115
4245,CR-2025-004245,2025-10-13,38,,9148.14,ACH,AR00004245,2025-10-14,11
4246,CR-2025-004246,2025-10-13,39,,9705.22,Credit Card,AR00004246,2025-10-13,11
4247,CR-2025-004247,2025-10-04,40,,0.09,ACH,AR00004247,2025-10-06,97
4248,CR-2025-004248,2025-10-04,41,9148.0,0.9,ACH,AR00004248,2025-10-04,115
4249,CR-2025-004249,2025-10-06,42,,308.44,Wire Transfer,AR00004249,2025-10-08,11
4250,CR-2025-004250,2025-10-16,43,,29334.78,ACH,AR00004250,2025-10-17,97
4251,CR-2025-004251,2025-10-11,44,,11703.2,Check,AR00004251,2025-10-12,115
4252,CR-2025-004252,2025-10-11,45,,2144.22,Wire Transfer,AR00004252,2025-10-11,97
4253,CR-2025-004253,2025-10-18,46,,3028.06,Credit Card,AR00004253,2025-10-20,115
4254,CR-2025-004254,2025-10-23,47,,769.43,Check,AR00004254,2025-10-23,97
4255,CR-2025-004255,2025-10-13,48,,10137.2,Check,AR00004255,2025-10-14,115
4256,CR-2025-004256,2025-10-13,49,11318.0,55.15,Wire Transfer,AR00004256,2025-10-15,115
4257,CR-2025-004257,2025-10-08,50,,94.6,Check,AR00004257,2025-10-09,11
4258,CR-2025-004258,2025-10-13,51,,32535.73,ACH,AR00004258,2025-10-13,11
4259,CR-2025-004259,2025-10-10,52,,12296.02,ACH,AR00004259,2025-10-11,11
4260,CR-2025-004260,2025-10-22,53,,1358.16,ACH,AR00004260,2025-10-23,97
4261,CR-2025-004261,2025-10-10,54,,1283.39,Check,AR00004261,2025-10-10,97
4262,CR-2025-004262,2025-10-10,55,,27253.02,Wire Transfer,AR00004262,2025-10-10,115
4263,CR-2025-004263,2025-10-17,57,,7750.4,Credit Card,AR00004263,2025-10-19,11
4264,CR-2025-004264,2025-10-11,58,,1041.06,Credit Card,AR00004264,2025-10-11,11
4265,CR-2025-004265,2025-10-12,59,,2237.48,Credit Card,AR00004265,2025-10-12,11
4266,CR-2025-004266,2025-10-13,60,,11295.83,Wire Transfer,AR00004266,2025-10-13,115
4267,CR-2025-004267,2025-10-11,61,,9901.94,ACH,AR00004267,2025-10-11,115
4268,CR-2025-004268,2025-10-12,62,,23892.83,Check,AR00004268,2025-10-13,97
4269,CR-2025-004269,2025-10-20,63,,9114.56,ACH,AR00004269,2025-10-20,97
4270,CR-2025-004270,2025-10-04,64,,674.08,ACH,AR00004270,2025-10-06,115
4271,CR-2025-004271,2025-10-13,65,,18708.66,ACH,AR00004271,2025-10-15,11
4272,CR-2025-004272,2025-10-20,66,11845.0,3242.16,Credit Card,AR00004272,2025-10-20,115
4273,CR-2025-004273,2025-10-17,67,,6072.91,ACH,AR00004273,2025-10-19,97
4274,CR-2025-004274,2025-10-14,68,,8681.49,ACH,AR00004274,2025-10-15,11
4275,CR-2025-004275,2025-10-12,69,,19878.77,Wire Transfer,AR00004275,2025-10-12,11
4276,CR-2025-004276,2025-10-18,70,,12596.89,Credit Card,AR00004276,2025-10-18,115
4277,CR-2025-004277,2025-10-10,71,,14867.39,Check,AR00004277,2025-10-12,97
4278,CR-2025-004278,2025-10-04,72,9904.0,328.9,ACH,AR00004278,2025-10-05,115
4279,CR-2025-004279,2025-10-06,73,,4889.7,Credit Card,AR00004279,2025-10-06,115
4280,CR-2025-004280,2025-10-06,74,,1085.98,Check,AR00004280,2025-10-08,11
4281,CR-2025-004281,2025-10-13,75,,9500.56,ACH,AR00004281,2025-10-13,115
4282,CR-2025-004282,2025-10-17,76,,10601.57,Credit Card,AR00004282,2025-10-19,115
4283,CR-2025-004283,2025-10-17,77,11291.0,5132.74,Wire Transfer,AR00004283,2025-10-17,11
4284,CR-2025-004284,2025-10-14,78,,31206.75,Check,AR00004284,2025-10-14,97
4285,CR-2025-004285,2025-10-18,79,,11685.76,ACH,AR00004285,2025-10-20,97
4286,CR-2025-004286,2025-10-13,80,,13814.83,Credit Card,AR00004286,2025-10-15,115
4287,CR-2025-004287,2025-10-14,81,,18470.84,Credit Card,AR00004287,2025-10-14,115
4288,CR-2025-004288,2025-10-10,82,,4394.81,Check,AR00004288,2025-10-10,115
4289,CR-2025-004289,2025-10-13,83,,7707.23,Check,AR00004289,2025-10-15,115
4290,CR-2025-004290,2025-10-17,84,,11401.96,Check,AR00004290,2025-10-18,115
4291,CR-2025-004291,2025-10-10,85,,10441.31,Wire Transfer,AR00004291,2025-10-12,11
4292,CR-2025-004292,2025-10-12,86,,26686.32,Check,AR00004292,2025-10-12,97
4293,CR-2025-004293,2025-10-14,87,,32259.83,Check,AR00004293,2025-10-14,97
4294,CR-2025-004294,2025-10-18,88,,7793.89,Check,AR00004294,2025-10-19,11
4295,CR-2025-004295,2025-10-11,89,,1475.44,Credit Card,AR00004295,2025-10-13,115
4296,CR-2025-004296,2025-10-13,90,,16902.88,Check,AR00004296,2025-10-14,97
4297,CR-2025-004297,2025-10-07,91,,0.01,Wire Transfer,AR00004297,2025-10-09,97
4298,CR-2025-004298,2025-10-13,92,,5802.8,Wire Transfer,AR00004298,2025-10-15,115
4299,CR-2025-004299,2025-10-13,93,,2302.27,ACH,AR00004299,2025-10-15,97
4300,CR-2025-004300,2025-10-10,95,,46879.92,Wire Transfer,AR00004300,2025-10-12,11
4301,CR-2025-004301,2025-10-09,96,,724.35,Check,AR00004301,2025-10-09,11
4302,CR-2025-004302,2025-10-08,97,,326.42,Wire Transfer,AR00004302,2025-10-09,115
4303,CR-2025-004303,2025-10-13,98,,15232.72,Wire Transfer,AR00004303,2025-10-15,97
4304,CR-2025-004304,2025-10-16,99,,7388.13,Wire Transfer,AR00004304,2025-10-18,115
4305,CR-2025-004305,2025-10-13,100,,4050.62,Wire Transfer,AR00004305,2025-10-14,115
4306,CR-2025-004306,2025-10-07,101,,384.59,ACH,AR00004306,2025-10-07,115
4307,CR-2025-004307,2025-10-07,102,,2421.01,Wire Transfer,AR00004307,2025-10-07,115
4308,CR-2025-004308,2025-10-12,103,,981.23,ACH,AR00004308,2025-10-12,11
4309,CR-2025-004309,2025-10-06,104,,1420.74,ACH,AR00004309,2025-10-08,97
4310,CR-2025-004310,2025-10-19,105,,36205.07,Wire Transfer,AR00004310,2025-10-19,97
4311,CR-2025-004311,2025-10-16,106,,49547.98,ACH,AR00004311,2025-10-16,11
4312,CR-2025-004312,2025-10-14,107,,3597.13,ACH,AR00004312,2025-10-16,115
4313,CR-2025-004313,2025-10-03,108,,3.76,Credit Card,AR00004313,2025-10-03,97
4314,CR-2025-004314,2025-10-14,109,,7786.22,ACH,AR00004314,2025-10-15,97
4315,CR-2025-004315,2025-10-19,110,,10265.9,Credit Card,AR00004315,2025-10-20,11
4316,CR-2025-004316,2025-10-06,111,,241.12,Wire Transfer,AR00004316,2025-10-08,11
4317,CR-2025-004317,2025-10-09,112,10729.0,354.34,ACH,AR00004317,2025-10-09,11
4318,CR-2025-004318,2025-10-14,113,,25013.58,ACH,AR00004318,2025-10-14,115
4319,CR-2025-004319,2025-10-14,114,,346.99,ACH,AR00004319,2025-10-16,11
4320,CR-2025-004320,2025-10-10,115,,1833.33,Credit Card,AR00004320,2025-10-10,97
4321,CR-2025-004321,2025-10-12,116,,9775.65,ACH,AR00004321,2025-10-12,97
4322,CR-2025-004322,2025-10-14,117,,7502.27,ACH,AR00004322,2025-10-14,11
4323,CR-2025-004323,2025-10-13,118,,19760.56,Wire Transfer,AR00004323,2025-10-14,97
4324,CR-2025-004324,2025-10-14,119,,26640.97,Wire Transfer,AR00004324,2025-10-14,97
4325,CR-2025-004325,2025-10-14,120,,5592.48,ACH,AR00004325,2025-10-15,97
4326,CR-2025-004326,2025-10-17,121,,14617.82,ACH,AR00004326,2025-10-18,11
4327,CR-2025-004327,2025-10-16,122,11851.0,7212.99,Wire Transfer,AR00004327,2025-10-18,97
4328,CR-2025-004328,2025-10-13,123,,6160.36,Credit Card,AR00004328,2025-10-15,115
4329,CR-2025-004329,2025-10-12,124,,9914.99,Check,AR00004329,2025-10-12,11
4330,CR-2025-004330,2025-10-11,125,,23525.11,Check,AR00004330,2025-10-13,97
4331,CR-2025-004331,2025-10-17,126,,2910.97,ACH,AR00004331,2025-10-17,11
4332,CR-2025-004332,2025-10-10,127,,16990.88,Check,AR00004332,2025-10-12,115
4333,CR-2025-004333,2025-10-11,128,,12551.8,Check,AR00004333,2025-10-12,11
4334,CR-2025-004334,2025-10-20,128,,54973.38,ACH,AR00004334,2025-10-21,11
4335,CR-2025-004335,2025-10-13,129,,1269.2,ACH,AR00004335,2025-10-13,97
4336,CR-2025-004336,2025-10-20,129,,59926.23,ACH,AR00004336,2025-10-20,115
4337,CR-2025-004337,2025-10-12,130,,2067.05,ACH,AR00004337,2025-10-14,97
4338,CR-2025-004338,2025-10-10,131,,14488.57,Credit Card,AR00004338,2025-10-12,97
4339,CR-2025-004339,2025-10-20,132,,6616.12,Wire Transfer,AR00004339,2025-10-21,97
4340,CR-2025-004340,2025-10-07,133,,1019.55,ACH,AR00004340,2025-10-08,11
4341,CR-2025-004341,2025-10-20,134,,5476.46,Check,AR00004341,2025-10-21,97
4342,CR-2025-004342,2025-10-11,135,,3751.41,Wire Transfer,AR00004342,2025-10-11,115
4343,CR-2025-004343,2025-10-20,136,,26205.73,Wire Transfer,AR00004343,2025-10-20,11
4344,CR-2025-004344,2025-10-11,137,,13977.13,Credit Card,AR00004344,2025-10-13,97
4345,CR-2025-004345,2025-10-13,138,10110.0,1691.27,Credit Card,AR00004345,2025-10-14,115
4346,CR-2025-004346,2025-10-23,138,,63363.73,Check,AR00004346,2025-10-23,115
4347,CR-2025-004347,2025-10-13,139,,7823.22,ACH,AR00004347,2025-10-15,97
4348,CR-2025-004348,2025-10-12,140,,13173.68,Check,AR00004348,2025-10-13,115
4349,CR-2025-004349,2025-10-11,141,,35551.54,ACH,AR00004349,2025-10-13,97
4350,CR-2025-004350,2025-10-20,142,,2747.48,Wire Transfer,AR00004350,2025-10-22,97
4351,CR-2025-004351,2025-10-09,143,,759.59,ACH,AR00004351,2025-10-09,115
4352,CR-2025-004352,2025-10-10,144,10938.0,3422.98,Check,AR00004352,2025-10-10,97
4353,CR-2025-004353,2025-10-09,145,,3162.19,Wire Transfer,AR00004353,2025-10-09,115
4354,CR-2025-004354,2025-10-18,146,,22611.0,Check,AR00004354,2025-10-20,11
4355,CR-2025-004355,2025-10-13,147,,3558.29,Wire Transfer,AR00004355,2025-10-13,97
4356,CR-2025-004356,2025-10-19,149,,6339.21,ACH,AR00004356,2025-10-20,97
4357,CR-2025-004357,2025-10-14,150,11045.0,1106.0,Check,AR00004357,2025-10-15,115
4358,CR-2025-004358,2025-10-12,151,10690.0,2257.4,Check,AR00004358,2025-10-12,115
4359,CR-2025-004359,2025-10-11,152,,9154.45,Credit Card,AR00004359,2025-10-12,11
4360,CR-2025-004360,2025-10-14,154,,11436.59,Wire Transfer,AR00004360,2025-10-15,115
4361,CR-2025-004361,2025-10-11,155,,5053.18,Check,AR00004361,2025-10-12,115
4362,CR-2025-004362,2025-10-19,156,,35309.7,Wire Transfer,AR00004362,2025-10-19,115
4363,CR-2025-004363,2025-10-25,156,,37489.69,Wire Transfer,AR00004363,2025-10-25,11
4364,CR-2025-004364,2025-10-18,158,11295.0,6200.73,ACH,AR00004364,2025-10-18,11
4365,CR-2025-004365,2025-10-10,159,,5644.12,Wire Transfer,AR00004365,2025-10-12,115
4366,CR-2025-004366,2025-10-11,160,,255.61,Check,AR00004366,2025-10-12,115
4367,CR-2025-004367,2025-10-10,161,,53950.5,ACH,AR00004367,2025-10-10,11
4368,CR-2025-004368,2025-10-13,162,,14991.97,ACH,AR00004368,2025-10-13,97
4369,CR-2025-004369,2025-10-07,163,9076.0,0.01,Wire Transfer,AR00004369,2025-10-08,11
4370,CR-2025-004370,2025-10-12,164,11064.0,291.58,Check,AR00004370,2025-10-13,97
4371,CR-2025-004371,2025-10-18,165,,3952.93,ACH,AR00004371,2025-10-19,97
4372,CR-2025-004372,2025-10-07,166,,10171.43,Wire Transfer,AR00004372,2025-10-09,115
4373,CR-2025-004373,2025-10-11,168,,1510.74,ACH,AR00004373,2025-10-13,11
4374,CR-2025-004374,2025-10-14,169,,45790.86,Check,AR00004374,2025-10-16,11
4375,CR-2025-004375,2025-10-18,170,,4124.93,ACH,AR00004375,2025-10-18,97
4376,CR-2025-004376,2025-10-20,171,,18776.2,Credit Card,AR00004376,2025-10-20,97
4377,CR-2025-004377,2025-10-19,172,,3630.9,ACH,AR00004377,2025-10-20,11
4378,CR-2025-004378,2025-10-16,173,,37463.22,Wire Transfer,AR00004378,2025-10-17,11
4379,CR-2025-004379,2025-10-23,173,,29352.24,Credit Card,AR00004379,2025-10-25,11
4380,CR-2025-004380,2025-10-12,174,,12927.74,Credit Card,AR00004380,2025-10-14,97
4381,CR-2025-004381,2025-10-13,175,,5226.3,Wire Transfer,AR00004381,2025-10-13,97
4382,CR-2025-004382,2025-10-06,176,,1732.75,ACH,AR00004382,2025-10-07,11
4383,CR-2025-004383,2025-10-14,177,,38293.68,ACH,AR00004383,2025-10-16,115
4384,CR-2025-004384,2025-10-14,179,,32528.54,Check,AR00004384,2025-10-14,11
4385,CR-2025-004385,2025-10-10,180,,10331.04,Wire Transfer,AR00004385,2025-10-11,97
4386,CR-2025-004386,2025-10-09,181,,1345.69,Credit Card,AR00004386,2025-10-09,11
4387,CR-2025-004387,2025-10-10,182,,3419.61,Credit Card,AR00004387,2025-10-11,115
4388,CR-2025-004388,2025-10-12,183,,3765.22,ACH,AR00004388,2025-10-12,115
4389,CR-2025-004389,2025-10-13,184,,13001.78,ACH,AR00004389,2025-10-14,97
4390,CR-2025-004390,2025-10-19,185,,14244.74,Check,AR00004390,2025-10-21,97
4391,CR-2025-004391,2025-10-09,186,,5450.94,Wire Transfer,AR00004391,2025-10-10,97
4392,CR-2025-004392,2025-10-06,187,10508.0,412.41,Credit Card,AR00004392,2025-10-07,97
4393,CR-2025-004393,2025-10-13,188,,35144.01,Wire Transfer,AR00004393,2025-10-15,115
4394,CR-2025-004394,2025-10-10,189,,20154.6,ACH,AR00004394,2025-10-10,11
4395,CR-2025-004395,2025-10-16,190,,30797.24,Credit Card,AR00004395,2025-10-18,11
4396,CR-2025-004396,2025-10-06,191,,1742.44,Check,AR00004396,2025-10-06,115
4397,CR-2025-004397,2025-10-11,192,,26767.17,Wire Transfer,AR00004397,2025-10-12,11
4398,CR-2025-004398,2025-10-17,193,,13622.42,Check,AR00004398,2025-10-19,115
4399,CR-2025-004399,2025-10-11,194,,14381.61,Wire Transfer,AR00004399,2025-10-13,11
4400,CR-2025-004400,2025-10-09,195,,3357.25,Credit Card,AR00004400,2025-10-09,115
4401,CR-2025-004401,2025-10-14,196,,15979.73,Check,AR00004401,2025-10-14,115
4402,CR-2025-004402,2025-10-11,197,,17364.26,Credit Card,AR00004402,2025-10-13,115
4403,CR-2025-004403,2025-10-14,198,,37878.78,Credit Card,AR00004403,2025-10-14,97
4404,CR-2025-004404,2025-10-13,199,,27317.31,Credit Card,AR00004404,2025-10-14,115
4405,CR-2025-004405,2025-10-10,200,,21446.75,Credit Card,AR00004405,2025-10-12,11
4406,CR-2025-004406,2025-10-16,201,,14260.71,Check,AR00004406,2025-10-18,11
4407,CR-2025-004407,2025-10-11,202,,56625.33,ACH,AR00004407,2025-10-11,115
4408,CR-2025-004408,2025-10-04,203,,542.39,Credit Card,AR00004408,2025-10-05,11
4409,CR-2025-004409,2025-10-10,204,,15309.3,Credit Card,AR00004409,2025-10-10,97
4410,CR-2025-004410,2025-10-16,205,,38735.59,Check,AR00004410,2025-10-18,11
4411,CR-2025-004411,2025-10-17,206,,27428.65,ACH,AR00004411,2025-10-17,97
4412,CR-2025-004412,2025-10-18,207,,1056.59,ACH,AR00004412,2025-10-20,11
4413,CR-2025-004413,2025-10-13,208,,36232.79,Credit Card,AR00004413,2025-10-13,97
4414,CR-2025-004414,2025-10-14,209,,33870.37,Check,AR00004414,2025-10-15,11
4415,CR-2025-004415,2025-10-12,210,,9118.66,Wire Transfer,AR00004415,2025-10-14,97
4416,CR-2025-004416,2025-10-10,211,,6503.95,Wire Transfer,AR00004416,2025-10-10,11
4417,CR-2025-004417,2025-11-30,78,,5319.2,Check,DEP00004417,2025-11-30,11
4418,CR-2025-004418,2025-11-13,180,,3207.73,Check,DEP00004418,2025-11-13,11
4419,CR-2025-004419,2025-11-15,115,,1184.34,Check,DEP00004419,2025-11-15,11
4420,CR-2025-004420,2025-11-26,116,,2529.33,Check,DEP00004420,2025-11-26,11
4421,CR-2025-004421,2025-11-25,65,,3563.83,Credit Card,DEP00004421,2025-11-25,11
4422,CR-2025-004422,2025-11-30,21,11639.0,2633.27,ACH,DEP00004422,2025-11-30,115
4423,CR-2025-004423,2025-11-18,79,,971.65,Wire Transfer,DEP00004423,2025-11-18,115
4424,CR-2025-004424,2025-11-21,143,,2851.95,Check,DEP00004424,2025-11-21,115
4425,CR-2025-004425,2025-11-20,1,,36372.62,Check,AR00004425,2025-11-20,115
4426,CR-2025-004426,2025-11-05,2,8712.0,0.01,Wire Transfer,AR00004426,2025-11-06,115
4427,CR-2025-004427,2025-11-10,3,,1499.15,Check,AR00004427,2025-11-10,115
4428,CR-2025-004428,2025-11-13,4,,31926.47,Credit Card,AR00004428,2025-11-15,11
4429,CR-2025-004429,2025-11-08,5,,237.6,Check,AR00004429,2025-11-08,115
4430,CR-2025-004430,2025-11-06,6,,17530.03,ACH,AR00004430,2025-11-07,11
4431,CR-2025-004431,2025-11-19,7,,33363.12,Credit Card,AR00004431,2025-11-20,115
4432,CR-2025-004432,2025-11-11,8,,4126.13,Credit Card,AR00004432,2025-11-11,115
4433,CR-2025-004433,2025-11-14,9,,10768.17,Credit Card,AR00004433,2025-11-14,11
4434,CR-2025-004434,2025-11-13,10,,2988.36,Credit Card,AR00004434,2025-11-14,115
4435,CR-2025-004435,2025-11-03,11,,0.05,Check,AR00004435,2025-11-04,11
4436,CR-2025-004436,2025-11-05,12,,64.1,Credit Card,AR00004436,2025-11-06,97
4437,CR-2025-004437,2025-11-06,13,,188.51,ACH,AR00004437,2025-11-07,11
4438,CR-2025-004438,2025-11-17,14,12344.0,2500.88,Wire Transfer,AR00004438,2025-11-18,11
4439,CR-2025-004439,2025-11-10,15,,35280.13,Check,AR00004439,2025-11-11,11
4440,CR-2025-004440,2025-11-07,16,,669.21,Credit Card,AR00004440,2025-11-08,115
4441,CR-2025-004441,2025-11-14,17,,1790.2,Wire Transfer,AR00004441,2025-11-14,115
4442,CR-2025-004442,2025-11-19,18,,19934.23,ACH,AR00004442,2025-11-19,11
4443,CR-2025-004443,2025-11-13,19,,11670.2,ACH,AR00004443,2025-11-15,11
4444,CR-2025-004444,2025-11-13,20,,27492.94,ACH,AR00004444,2025-11-14,11
4445,CR-2025-004445,2025-11-10,21,,36331.21,Credit Card,AR00004445,2025-11-12,11
4446,CR-2025-004446,2025-11-20,22,,44087.23,ACH,AR00004446,2025-11-22,115
4447,CR-2025-004447,2025-11-12,23,,8636.99,ACH,AR00004447,2025-11-14,11
4448,CR-2025-004448,2025-11-16,24,,17174.67,Credit Card,AR00004448,2025-11-16,115
4449,CR-2025-004449,2025-11-12,25,,672.0,Check,AR00004449,2025-11-14,115
4450,CR-2025-004450,2025-11-11,26,,20891.14,Check,AR00004450,2025-11-13,11
4451,CR-2025-004451,2025-11-08,27,,1078.49,Wire Transfer,AR00004451,2025-11-10,11
4452,CR-2025-004452,2025-11-09,28,,91.7,Credit Card,AR00004452,2025-11-09,11
4453,CR-2025-004453,2025-11-06,29,,7582.0,Credit Card,AR00004453,2025-11-07,115
4454,CR-2025-004454,2025-11-16,30,,7725.9,Check,AR00004454,2025-11-18,115
4455,CR-2025-004455,2025-11-10,31,,5008.21,Wire Transfer,AR00004455,2025-11-10,115
4456,CR-2025-004456,2025-11-14,32,,21047.63,Check,AR00004456,2025-11-15,115
4457,CR-2025-004457,2025-11-11,33,,11935.32,Check,AR00004457,2025-11-13,11
4458,CR-2025-004458,2025-11-10,34,,12540.76,Check,AR00004458,2025-11-11,115
4459,CR-2025-004459,2025-11-20,35,,2062.56,Wire Transfer,AR00004459,2025-11-20,11
4460,CR-2025-004460,2025-11-17,36,,496.68,ACH,AR00004460,2025-11-17,115
4461,CR-2025-004461,2025-11-14,37,,33717.06,Wire Transfer,AR00004461,2025-11-15,11
4462,CR-2025-004462,2025-11-11,38,,9505.67,Wire Transfer,AR00004462,2025-11-11,11
4463,CR-2025-004463,2025-11-14,39,,7919.64,ACH,AR00004463,2025-11-14,11
4464,CR-2025-004464,2025-11-22,40,12923.0,97.05,Wire Transfer,AR00004464,2025-11-23,11
4465,CR-2025-004465,2025-11-05,42,,42.72,Check,AR00004465,2025-11-05,11
4466,CR-2025-004466,2025-11-11,43,,20964.98,Check,AR00004466,2025-11-12,11
4467,CR-2025-004467,2025-11-16,44,,22880.02,Check,AR00004467,2025-11-17,115
4468,CR-2025-004468,2025-11-14,45,,439.6,ACH,AR00004468,2025-11-15,11
4469,CR-2025-004469,2025-11-10,46,,1938.67,Wire Transfer,AR00004469,2025-11-12,11
4470,CR-2025-004470,2025-11-18,47,,4594.79,ACH,AR00004470,2025-11-20,115
4471,CR-2025-004471,2025-11-13,48,,6498.76,ACH,AR00004471,2025-11-14,11
4472,CR-2025-004472,2025-11-09,49,,4712.3,Wire Transfer,AR00004472,2025-11-10,11
4473,CR-2025-004473,2025-11-06,50,,988.86,ACH,AR00004473,2025-11-07,97
4474,CR-2025-004474,2025-11-13,51,,33081.45,Wire Transfer,AR00004474,2025-11-14,11
4475,CR-2025-004475,2025-11-13,52,,5665.51,Check,AR00004475,2025-11-15,115
4476,CR-2025-004476,2025-11-20,53,,5181.01,Check,AR00004476,2025-11-22,11
4477,CR-2025-004477,2025-11-19,54,,7942.34,Check,AR00004477,2025-11-19,115
4478,CR-2025-004478,2025-11-10,55,,8571.64,Check,AR00004478,2025-11-11,115
4479,CR-2025-004479,2025-11-10,57,,11432.93,Wire Transfer,AR00004479,2025-11-10,115
4480,CR-2025-004480,2025-11-10,58,11490.0,186.33,Check,AR00004480,2025-11-11,11
4481,CR-2025-004481,2025-11-18,59,,3008.1,Wire Transfer,AR00004481,2025-11-19,11
4482,CR-2025-004482,2025-11-10,60,,8169.75,Credit Card,AR00004482,2025-11-10,115
4483,CR-2025-004483,2025-11-11,61,,11661.89,Credit Card,AR00004483,2025-11-13,11
4484,CR-2025-004484,2025-11-12,62,,11769.31,Wire Transfer,AR00004484,2025-11-12,115
4485,CR-2025-004485,2025-11-10,63,,8243.46,Check,AR00004485,2025-11-12,11
4486,CR-2025-004486,2025-11-17,64,12036.0,1346.94,ACH,AR00004486,2025-11-18,11
4487,CR-2025-004487,2025-11-14,65,,3691.52,Check,AR00004487,2025-11-14,115
4488,CR-2025-004488,2025-11-14,66,,1789.63,Check,AR00004488,2025-11-14,115
4489,CR-2025-004489,2025-11-17,67,,5111.47,Credit Card,AR00004489,2025-11-18,11
4490,CR-2025-004490,2025-11-20,68,,14359.92,Credit Card,AR00004490,2025-11-22,11
4491,CR-2025-004491,2025-11-13,69,,16812.02,Credit Card,AR00004491,2025-11-14,11
4492,CR-2025-004492,2025-11-13,70,,7113.78,Check,AR00004492,2025-11-15,115
4493,CR-2025-004493,2025-11-12,71,,22217.85,Check,AR00004493,2025-11-14,115
4494,CR-2025-004494,2025-11-05,72,,2231.07,ACH,AR00004494,2025-11-07,115
4495,CR-2025-004495,2025-11-06,73,,5335.35,Credit Card,AR00004495,2025-11-07,11
4496,CR-2025-004496,2025-11-18,74,,6595.42,Credit Card,AR00004496,2025-11-18,115
4497,CR-2025-004497,2025-11-10,75,,11535.92,Credit Card,AR00004497,2025-11-11,115
4498,CR-2025-004498,2025-11-12,76,,3387.08,Credit Card,AR00004498,2025-11-12,115
4499,CR-2025-004499,2025-11-12,77,,2403.15,Wire Transfer,AR00004499,2025-11-12,11
4500,CR-2025-004500,2025-11-18,78,,22163.7,Wire Transfer,AR00004500,2025-11-18,11
4501,CR-2025-004501,2025-11-14,79,,13809.81,Check,AR00004501,2025-11-14,11
4502,CR-2025-004502,2025-11-08,80,,18266.25,ACH,AR00004502,2025-11-10,115
4503,CR-2025-004503,2025-11-20,81,,43074.4,Credit Card,AR00004503,2025-11-20,115
4504,CR-2025-004504,2025-11-14,82,,1733.45,Credit Card,AR00004504,2025-11-16,115
4505,CR-2025-004505,2025-11-07,83,,4924.44,Wire Transfer,AR00004505,2025-11-07,97
4506,CR-2025-004506,2025-11-10,84,11024.0,5140.11,Check,AR00004506,2025-11-12,115
4507,CR-2025-004507,2025-11-14,85,,9391.83,Check,AR00004507,2025-11-14,11
4508,CR-2025-004508,2025-11-11,86,,26963.16,ACH,AR00004508,2025-11-13,115
4509,CR-2025-004509,2025-11-12,87,,21295.93,Credit Card,AR00004509,2025-11-12,115
4510,CR-2025-004510,2025-11-11,88,,9690.92,ACH,AR00004510,2025-11-11,115
4511,CR-2025-004511,2025-11-14,89,,232.77,ACH,AR00004511,2025-11-14,115
4512,CR-2025-004512,2025-11-13,90,,6825.95,Check,AR00004512,2025-11-15,11
4513,CR-2025-004513,2025-11-10,92,,1689.94,ACH,AR00004513,2025-11-11,115
4514,CR-2025-004514,2025-11-10,93,,547.0,Credit Card,AR00004514,2025-11-12,11
4515,CR-2025-004515,2025-11-21,94,,152.63,Check,AR00004515,2025-11-22,115
4516,CR-2025-004516,2025-11-13,95,,37191.62,Check,AR00004516,2025-11-15,115
4517,CR-2025-004517,2025-11-07,96,,97.7,Credit Card,AR00004517,2025-11-09,115
4518,CR-2025-004518,2025-11-17,97,,2222.94,Check,AR00004518,2025-11-19,11
4519,CR-2025-004519,2025-11-14,98,,15002.39,Wire Transfer,AR00004519,2025-11-16,11
4520,CR-2025-004520,2025-11-12,99,,4877.96,Wire Transfer,AR00004520,2025-11-13,11
4521,CR-2025-004521,2025-11-18,100,,13421.05,Wire Transfer,AR00004521,2025-11-19,11
4522,CR-2025-004522,2025-11-17,101,,3505.74,Check,AR00004522,2025-11-19,115
4523,CR-2025-004523,2025-11-11,102,,1128.37,ACH,AR00004523,2025-11-13,115
4524,CR-2025-004524,2025-11-19,103,,2903.08,Credit Card,AR00004524,2025-11-20,11
4525,CR-2025-004525,2025-11-07,104,,351.54,ACH,AR00004525,2025-11-09,115
4526,CR-2025-004526,2025-11-11,105,,46796.45,Wire Transfer,AR00004526,2025-11-11,11
4527,CR-2025-004527,2025-11-11,106,,40943.88,Check,AR00004527,2025-11-13,115
4528,CR-2025-004528,2025-11-16,107,,3298.58,ACH,AR00004528,2025-11-17,115
4529,CR-2025-004529,2025-11-03,108,9592.0,0.37,Credit Card,AR00004529,2025-11-05,11
4530,CR-2025-004530,2025-11-09,109,,3565.87,ACH,AR00004530,2025-11-10,11
4531,CR-2025-004531,2025-11-14,110,,6290.58,Check,AR00004531,2025-11-14,11
4532,CR-2025-004532,2025-11-20,111,,1983.55,Wire Transfer,AR00004532,2025-11-21,11
4533,CR-2025-004533,2025-11-05,112,,27.71,ACH,AR00004533,2025-11-07,97
4534,CR-2025-004534,2025-11-12,113,,15493.35,Credit Card,AR00004534,2025-11-12,11
4535,CR-2025-004535,2025-11-09,114,,510.79,Wire Transfer,AR00004535,2025-11-09,11
4536,CR-2025-004536,2025-11-18,115,,8931.11,Wire Transfer,AR00004536,2025-11-19,115
4537,CR-2025-004537,2025-11-14,116,,5613.05,Check,AR00004537,2025-11-15,11
4538,CR-2025-004538,2025-11-10,117,,2641.99,ACH,AR00004538,2025-11-11,115
4539,CR-2025-004539,2025-11-19,118,,35874.29,Wire Transfer,AR00004539,2025-11-21,115
4540,CR-2025-004540,2025-11-11,119,,19334.17,ACH,AR00004540,2025-11-11,115
4541,CR-2025-004541,2025-11-14,120,,2324.03,Credit Card,AR00004541,2025-11-15,115
4542,CR-2025-004542,2025-11-12,121,,16498.34,Check,AR00004542,2025-11-12,11
4543,CR-2025-004543,2025-11-11,122,,2303.72,Credit Card,AR00004543,2025-11-13,11
4544,CR-2025-004544,2025-11-11,123,,2414.47,ACH,AR00004544,2025-11-13,11
4545,CR-2025-004545,2025-11-13,124,,10358.79,ACH,AR00004545,2025-11-15,115
4546,CR-2025-004546,2025-11-12,125,,27951.35,Check,AR00004546,2025-11-12,115
4547,CR-2025-004547,2025-11-13,126,,4643.55,ACH,AR00004547,2025-11-13,11
4548,CR-2025-004548,2025-11-14,127,,16219.87,Check,AR00004548,2025-11-15,11
4549,CR-2025-004549,2025-11-13,128,,52844.96,Check,AR00004549,2025-11-13,115
4550,CR-2025-004550,2025-11-10,129,,52849.42,Wire Transfer,AR00004550,2025-11-11,115
4551,CR-2025-004551,2025-11-20,129,,12224.04,Credit Card,AR00004551,2025-11-21,11
4552,CR-2025-004552,2025-11-09,130,,1886.96,Credit Card,AR00004552,2025-11-09,11
4553,CR-2025-004553,2025-11-14,131,,20107.79,Credit Card,AR00004553,2025-11-15,115
4554,CR-2025-004554,2025-11-14,132,,9978.44,Wire Transfer,AR00004554,2025-11-16,11
4555,CR-2025-004555,2025-11-03,133,,212.48,Credit Card,AR00004555,2025-11-04,11
4556,CR-2025-004556,2025-11-14,134,,1767.74,Credit Card,AR00004556,2025-11-14,11
4557,CR-2025-004557,2025-11-20,135,,12593.82,Wire Transfer,AR00004557,2025-11-20,115
4558,CR-2025-004558,2025-11-10,136,,12061.23,Check,AR00004558,2025-11-12,115
4559,CR-2025-004559,2025-11-12,137,,5417.41,Check,AR00004559,2025-11-14,115
4560,CR-2025-004560,2025-11-13,138,,61786.03,Credit Card,AR00004560,2025-11-14,115
4561,CR-2025-004561,2025-11-20,138,,15731.49,ACH,AR00004561,2025-11-22,11
4562,CR-2025-004562,2025-11-18,139,,39931.7,Check,AR00004562,2025-11-19,115
4563,CR-2025-004563,2025-11-20,140,,29349.99,Credit Card,AR00004563,2025-11-22,115
4564,CR-2025-004564,2025-11-12,141,,37078.03,ACH,AR00004564,2025-11-13,115
4565,CR-2025-004565,2025-11-20,142,,5960.55,ACH,AR00004565,2025-11-22,115
4566,CR-2025-004566,2025-11-24,143,12494.0,856.73,Wire Transfer,AR00004566,2025-11-24,115
4567,CR-2025-004567,2025-11-06,144,,9321.84,Wire Transfer,AR00004567,2025-11-08,11
4568,CR-2025-004568,2025-11-19,145,,13686.57,Check,AR00004568,2025-11-20,11
4569,CR-2025-004569,2025-11-13,146,,50153.39,ACH,AR00004569,2025-11-14,11
4570,CR-2025-004570,2025-11-12,147,,1816.2,Credit Card,AR00004570,2025-11-12,115
4571,CR-2025-004571,2025-11-16,149,,6316.08,Wire Transfer,AR00004571,2025-11-16,11
4572,CR-2025-004572,2025-11-09,150,,160.36,Wire Transfer,AR00004572,2025-11-10,115
4573,CR-2025-004573,2025-11-10,151,10690.0,478.42,ACH,AR00004573,2025-11-10,11
4574,CR-2025-004574,2025-11-13,152,,13900.8,Wire Transfer,AR00004574,2025-11-14,11
4575,CR-2025-004575,2025-11-03,153,,1086.17,Credit Card,AR00004575,2025-11-04,115
4576,CR-2025-004576,2025-11-10,154,,10542.89,Credit Card,AR00004576,2025-11-10,11
4577,CR-2025-004577,2025-11-14,155,,1601.77,Check,AR00004577,2025-11-15,11
4578,CR-2025-004578,2025-11-12,156,,51106.24,Wire Transfer,AR00004578,2025-11-12,11
4579,CR-2025-004579,2025-11-13,158,,7009.77,Wire Transfer,AR00004579,2025-11-13,115
4580,CR-2025-004580,2025-11-18,159,,12884.51,ACH,AR00004580,2025-11-18,11
4581,CR-2025-004581,2025-11-09,160,,29.94,ACH,AR00004581,2025-11-09,11
4582,CR-2025-004582,2025-11-11,161,,30421.46,ACH,AR00004582,2025-11-12,115
4583,CR-2025-004583,2025-11-12,162,,12683.92,Check,AR00004583,2025-11-14,115
4584,CR-2025-004584,2025-11-07,164,,933.57,Check,AR00004584,2025-11-08,115
4585,CR-2025-004585,2025-11-12,165,,2086.03,Check,AR00004585,2025-11-12,11
4586,CR-2025-004586,2025-11-09,166,,14217.84,ACH,AR00004586,2025-11-11,115
4587,CR-2025-004587,2025-11-03,167,,154.56,Wire Transfer,AR00004587,2025-11-03,97
4588,CR-2025-004588,2025-11-13,168,11002.0,414.2,Credit Card,AR00004588,2025-11-14,115
4589,CR-2025-004589,2025-11-12,169,,38792.17,Check,AR00004589,2025-11-12,115
4590,CR-2025-004590,2025-11-13,170,,1687.32,Credit Card,AR00004590,2025-11-14,11
4591,CR-2025-004591,2025-11-13,171,,7414.63,ACH,AR00004591,2025-11-15,115
4592,CR-2025-004592,2025-11-14,172,,9859.54,Credit Card,AR00004592,2025-11-15,115
4593,CR-2025-004593,2025-11-12,173,,60963.54,ACH,AR00004593,2025-11-12,11
4594,CR-2025-004594,2025-11-20,173,11732.0,1074.1,Check,AR00004594,2025-11-22,115
4595,CR-2025-004595,2025-11-08,174,,13785.08,ACH,AR00004595,2025-11-10,115
4596,CR-2025-004596,2025-11-14,175,,1515.57,Credit Card,AR00004596,2025-11-15,11
4597,CR-2025-004597,2025-11-16,176,,8242.1,Wire Transfer,AR00004597,2025-11-16,115
4598,CR-2025-004598,2025-11-11,177,,15091.7,ACH,AR00004598,2025-11-13,11
4599,CR-2025-004599,2025-11-12,179,,25508.17,Credit Card,AR00004599,2025-11-12,115
4600,CR-2025-004600,2025-11-17,180,11597.0,4849.75,Check,AR00004600,2025-11-17,115
4601,CR-2025-004601,2025-11-04,181,,1250.71,Check,AR00004601,2025-11-05,11
4602,CR-2025-004602,2025-11-17,182,,8207.75,ACH,AR00004602,2025-11-17,115
4603,CR-2025-004603,2025-11-10,183,,1084.99,ACH,AR00004603,2025-11-11,11
4604,CR-2025-004604,2025-11-11,184,,4067.39,Credit Card,AR00004604,2025-11-13,115
4605,CR-2025-004605,2025-11-16,185,,30752.37,Wire Transfer,AR00004605,2025-11-17,11
4606,CR-2025-004606,2025-11-17,186,,8415.73,Check,AR00004606,2025-11-17,115
4607,CR-2025-004607,2025-11-05,187,,53.33,Credit Card,AR00004607,2025-11-05,97
4608,CR-2025-004608,2025-11-10,188,,44757.85,Credit Card,AR00004608,2025-11-12,115
4609,CR-2025-004609,2025-11-14,189,,26721.49,Credit Card,AR00004609,2025-11-15,11
4610,CR-2025-004610,2025-11-14,190,,21004.6,Credit Card,AR00004610,2025-11-16,11
4611,CR-2025-004611,2025-11-19,191,,4403.11,Credit Card,AR00004611,2025-11-20,115
4612,CR-2025-004612,2025-11-19,192,,34345.64,ACH,AR00004612,2025-11-20,11
4613,CR-2025-004613,2025-11-20,193,,37059.96,Credit Card,AR00004613,2025-11-22,11
4614,CR-2025-004614,2025-11-20,194,,25189.43,Credit Card,AR00004614,2025-11-21,11
4615,CR-2025-004615,2025-11-20,195,,8645.21,Check,AR00004615,2025-11-21,11
4616,CR-2025-004616,2025-11-19,196,,22329.09,Check,AR00004616,2025-11-21,11
4617,CR-2025-004617,2025-11-12,197,,7218.71,Wire Transfer,AR00004617,2025-11-13,115
4618,CR-2025-004618,2025-11-13,198,,32886.92,Wire Transfer,AR00004618,2025-11-14,11
4619,CR-2025-004619,2025-11-13,199,,27730.72,Wire Transfer,AR00004619,2025-11-13,11
4620,CR-2025-004620,2025-11-11,200,,25636.87,Check,AR00004620,2025-11-12,115
4621,CR-2025-004621,2025-11-10,201,,4131.29,Wire Transfer,AR00004621,2025-11-12,115
4622,CR-2025-004622,2025-11-10,202,,32286.67,ACH,AR00004622,2025-11-10,11
4623,CR-2025-004623,2025-11-20,203,,5865.86,Wire Transfer,AR00004623,2025-11-21,11
4624,CR-2025-004624,2025-11-12,204,,8668.59,Check,AR00004624,2025-11-12,11
4625,CR-2025-004625,2025-11-10,205,,29647.88,ACH,AR00004625,2025-11-10,115
4626,CR-2025-004626,2025-11-18,206,,41722.98,ACH,AR00004626,2025-11-20,115
4627,CR-2025-004627,2025-11-17,207,,2542.0,Check,AR00004627,2025-11-18,115
4628,CR-2025-004628,2025-11-10,208,,55252.44,Credit Card,AR00004628,2025-11-12,11
4629,CR-2025-004629,2025-11-12,209,,17836.65,ACH,AR00004629,2025-11-13,11
4630,CR-2025-004630,2025-11-18,210,,21041.6,ACH,AR00004630,2025-11-19,11
4631,CR-2025-004631,2025-11-09,211,,1843.03,Wire Transfer,AR00004631,2025-11-10,115
4632,CR-2025-004632,2025-12-06,181,,2757.81,Check,DEP00004632,2025-12-06,98
4633,CR-2025-004633,2025-12-26,187,,1140.69,Check,DEP00004633,2025-12-26,11
4634,CR-2025-004634,2025-12-07,65,,912.41,Wire Transfer,DEP00004634,2025-12-07,98
4635,CR-2025-004635,2025-12-31,169,11768.0,2421.96,ACH,DEP00004635,2025-12-31,115
4636,CR-2025-004636,2025-12-12,1,,34141.62,ACH,AR00004636,2025-12-13,11
4637,CR-2025-004637,2025-12-12,3,,765.67,Credit Card,AR00004637,2025-12-14,115
4638,CR-2025-004638,2025-12-14,4,,31738.7,Wire Transfer,AR00004638,2025-12-14,115
4639,CR-2025-004639,2025-12-11,5,,40.12,Check,AR00004639,2025-12-11,115
4640,CR-2025-004640,2025-12-13,6,,19152.08,Credit Card,AR00004640,2025-12-14,98
4641,CR-2025-004641,2025-12-13,7,,30793.34,Wire Transfer,AR00004641,2025-12-13,115
4642,CR-2025-004642,2025-12-06,8,,1227.56,Wire Transfer,AR00004642,2025-12-07,98
4643,CR-2025-004643,2025-12-11,9,,13353.48,Wire Transfer,AR00004643,2025-12-13,98
4644,CR-2025-004644,2025-12-07,10,,979.08,Credit Card,AR00004644,2025-12-09,115
4645,CR-2025-004645,2025-12-04,12,10707.0,2.72,Credit Card,AR00004645,2025-12-04,98
4646,CR-2025-004646,2025-12-14,14,,1560.43,Wire Transfer,AR00004646,2025-12-15,11
4647,CR-2025-004647,2025-12-13,15,,21944.02,ACH,AR00004647,2025-12-13,11
4648,CR-2025-004648,2025-12-05,16,,17.2,ACH,AR00004648,2025-12-06,11
4649,CR-2025-004649,2025-12-06,17,,505.51,Wire Transfer,AR00004649,2025-12-08,98
4650,CR-2025-004650,2025-12-12,18,,35462.95,ACH,AR00004650,2025-12-14,11
4651,CR-2025-004651,2025-12-10,19,,4476.31,Wire Transfer,AR00004651,2025-12-12,115
4652,CR-2025-004652,2025-12-16,20,,61052.79,ACH,AR00004652,2025-12-17,115
4653,CR-2025-004653,2025-12-25,20,,19349.74,Check,AR00004653,2025-12-25,115
4654,CR-2025-004654,2025-12-13,21,,21399.7,Check,AR00004654,2025-12-13,11
4655,CR-2025-004655,2025-12-10,22,,21959.25,Wire Transfer,AR00004655,2025-12-10,11
4656,CR-2025-004656,2025-12-08,23,,3825.47,Credit Card,AR00004656,2025-12-08,98
4657,CR-2025-004657,2025-12-10,24,,26436.83,ACH,AR00004657,2025-12-10,115
4658,CR-2025-004658,2025-12-17,25,,1790.84,Wire Transfer,AR00004658,2025-12-19,98
4659,CR-2025-004659,2025-12-13,26,,15640.35,Wire Transfer,AR00004659,2025-12-15,98
4660,CR-2025-004660,2025-12-16,27,,7880.01,Credit Card,AR00004660,2025-12-16,98
4661,CR-2025-004661,2025-12-04,28,,5.98,Credit Card,AR00004661,2025-12-05,11
4662,CR-2025-004662,2025-12-14,29,,3495.62,Wire Transfer,AR00004662,2025-12-14,115
4663,CR-2025-004663,2025-12-13,30,,6489.56,Credit Card,AR00004663,2025-12-15,98
4664,CR-2025-004664,2025-12-11,31,,2351.03,ACH,AR00004664,2025-12-13,115
4665,CR-2025-004665,2025-12-10,32,,25053.09,ACH,AR00004665,2025-12-12,115
4666,CR-2025-004666,2025-12-13,33,,5237.45,Wire Transfer,AR00004666,2025-12-14,11
4667,CR-2025-004667,2025-12-19,34,,41904.95,Check,AR00004667,2025-12-20,98
4668,CR-2025-004668,2025-12-11,35,,639.43,Check,AR00004668,2025-12-13,98
4669,CR-2025-004669,2025-12-12,36,,338.86,Credit Card,AR00004669,2025-12-14,115
4670,CR-2025-004670,2025-12-14,37,,25598.58,ACH,AR00004670,2025-12-14,98
4671,CR-2025-004671,2025-12-19,38,,11448.34,Check,AR00004671,2025-12-21,115
4672,CR-2025-004672,2025-12-13,39,,8571.13,Credit Card,AR00004672,2025-12-14,11
4673,CR-2025-004673,2025-12-19,40,,908.9,Wire Transfer,AR00004673,2025-12-19,11
4674,CR-2025-004674,2025-12-21,41,,207.54,Check,AR00004674,2025-12-21,98
4675,CR-2025-004675,2025-12-03,42,,715.98,Check,AR00004675,2025-12-05,98
4676,CR-2025-004676,2025-12-13,43,,9731.51,Check,AR00004676,2025-12-13,98
4677,CR-2025-004677,2025-12-12,44,,34737.97,ACH,AR00004677,2025-12-14,115
4678,CR-2025-004678,2025-12-06,45,,56.59,Wire Transfer,AR00004678,2025-12-08,115
4679,CR-2025-004679,2025-12-16,46,,6802.42,Check,AR00004679,2025-12-17,98
4680,CR-2025-004680,2025-12-12,47,,10317.45,Wire Transfer,AR00004680,2025-12-13,115
4681,CR-2025-004681,2025-12-14,48,,5412.54,Credit Card,AR00004681,2025-12-15,98
4682,CR-2025-004682,2025-12-20,49,,24440.19,ACH,AR00004682,2025-12-20,11
4683,CR-2025-004683,2025-12-17,50,,3819.74,Credit Card,AR00004683,2025-12-18,98
4684,CR-2025-004684,2025-12-13,51,,57831.45,Credit Card,AR00004684,2025-12-14,98
4685,CR-2025-004685,2025-12-14,52,,2642.23,Credit Card,AR00004685,2025-12-14,11
4686,CR-2025-004686,2025-12-11,53,,2076.5,Check,AR00004686,2025-12-13,11
4687,CR-2025-004687,2025-12-12,54,,9657.27,Wire Transfer,AR00004687,2025-12-13,115
4688,CR-2025-004688,2025-12-07,55,11948.0,2994.33,Credit Card,AR00004688,2025-12-07,115
4689,CR-2025-004689,2025-12-12,57,,4086.78,ACH,AR00004689,2025-12-13,98
4690,CR-2025-004690,2025-12-06,58,,1933.28,Wire Transfer,AR00004690,2025-12-06,11
4691,CR-2025-004691,2025-12-13,59,,1218.49,ACH,AR00004691,2025-12-15,98
4692,CR-2025-004692,2025-12-16,60,,21966.1,Wire Transfer,AR00004692,2025-12-18,115
4693,CR-2025-004693,2025-12-10,61,,18546.0,ACH,AR00004693,2025-12-11,11
4694,CR-2025-004694,2025-12-11,62,,4170.08,ACH,AR00004694,2025-12-13,98
4695,CR-2025-004695,2025-12-20,63,,19764.63,Check,AR00004695,2025-12-21,98
4696,CR-2025-004696,2025-12-10,64,,1774.88,ACH,AR00004696,2025-12-12,98
4697,CR-2025-004697,2025-12-18,65,,6142.37,Wire Transfer,AR00004697,2025-12-20,115
4698,CR-2025-004698,2025-12-17,66,,3390.37,ACH,AR00004698,2025-12-19,115
4699,CR-2025-004699,2025-12-10,67,,4437.04,ACH,AR00004699,2025-12-12,98
4700,CR-2025-004700,2025-12-14,68,,8329.36,Credit Card,AR00004700,2025-12-16,98
4701,CR-2025-004701,2025-12-14,69,,6423.0,Credit Card,AR00004701,2025-12-16,98
4702,CR-2025-004702,2025-12-17,70,,7320.07,Check,AR00004702,2025-12-17,115
4703,CR-2025-004703,2025-12-10,71,,11229.93,Check,AR00004703,2025-12-10,98
4704,CR-2025-004704,2025-12-20,72,,19111.58,Check,AR00004704,2025-12-22,115
4705,CR-2025-004705,2025-12-12,73,,7002.65,Credit Card,AR00004705,2025-12-14,98
4706,CR-2025-004706,2025-12-10,74,,8917.03,Credit Card,AR00004706,2025-12-11,98
4707,CR-2025-004707,2025-12-17,75,,16309.74,Credit Card,AR00004707,2025-12-19,98
4708,CR-2025-004708,2025-12-10,76,,599.14,Wire Transfer,AR00004708,2025-12-10,11
4709,CR-2025-004709,2025-12-20,77,,3197.9,Credit Card,AR00004709,2025-12-22,98
4710,CR-2025-004710,2025-12-11,78,,22370.22,Check,AR00004710,2025-12-12,11
4711,CR-2025-004711,2025-12-13,79,,10042.26,Wire Transfer,AR00004711,2025-12-14,11
4712,CR-2025-004712,2025-12-14,80,,13177.64,Check,AR00004712,2025-12-14,11
4713,CR-2025-004713,2025-12-10,81,,29029.8,Credit Card,AR00004713,2025-12-10,11
4714,CR-2025-004714,2025-12-10,82,12043.0,354.37,Check,AR00004714,2025-12-11,11
4715,CR-2025-004715,2025-12-14,83,,1645.06,Check,AR00004715,2025-12-16,115
4716,CR-2025-004716,2025-12-10,84,,5585.05,Wire Transfer,AR00004716,2025-12-10,11
4717,CR-2025-004717,2025-12-12,85,,9208.61,ACH,AR00004717,2025-12-14,98
4718,CR-2025-004718,2025-12-10,86,,28336.01,Wire Transfer,AR00004718,2025-12-12,98
4719,CR-2025-004719,2025-12-13,87,,26630.12,Wire Transfer,AR00004719,2025-12-13,98
4720,CR-2025-004720,2025-12-14,88,,12788.9,Credit Card,AR00004720,2025-12-16,11
4721,CR-2025-004721,2025-12-08,89,,120.29,Wire Transfer,AR00004721,2025-12-10,98
4722,CR-2025-004722,2025-12-09,90,,11183.31,Check,AR00004722,2025-12-09,98
4723,CR-2025-004723,2025-12-07,92,10153.0,440.08,Check,AR00004723,2025-12-07,115
4724,CR-2025-004724,2025-12-09,93,,4480.87,Credit Card,AR00004724,2025-12-11,11
4725,CR-2025-004725,2025-12-19,94,,626.65,Check,AR00004725,2025-12-21,11
4726,CR-2025-004726,2025-12-10,95,,28322.2,Credit Card,AR00004726,2025-12-10,115
4727,CR-2025-004727,2025-12-06,96,,6.18,Credit Card,AR00004727,2025-12-06,11
4728,CR-2025-004728,2025-12-10,97,,1090.88,Credit Card,AR00004728,2025-12-12,115
4729,CR-2025-004729,2025-12-17,98,,20790.65,Check,AR00004729,2025-12-19,11
4730,CR-2025-004730,2025-12-16,99,,7669.86,Wire Transfer,AR00004730,2025-12-16,115
4731,CR-2025-004731,2025-12-13,100,,16092.5,Wire Transfer,AR00004731,2025-12-13,115
4732,CR-2025-004732,2025-12-11,101,,4877.12,Credit Card,AR00004732,2025-12-11,98
4733,CR-2025-004733,2025-12-08,102,,974.57,Credit Card,AR00004733,2025-12-09,115
4734,CR-2025-004734,2025-12-20,103,,4699.46,ACH,AR00004734,2025-12-21,11
4735,CR-2025-004735,2025-12-08,104,11584.0,52.28,Credit Card,AR00004735,2025-12-09,98
4736,CR-2025-004736,2025-12-10,105,,35076.73,Credit Card,AR00004736,2025-12-12,115
4737,CR-2025-004737,2025-12-21,105,,33614.12,Check,AR00004737,2025-12-23,115
4738,CR-2025-004738,2025-12-11,106,,16398.21,ACH,AR00004738,2025-12-13,115
4739,CR-2025-004739,2025-12-10,107,,1533.74,Wire Transfer,AR00004739,2025-12-10,98
4740,CR-2025-004740,2025-12-12,109,,1276.07,Wire Transfer,AR00004740,2025-12-14,11
4741,CR-2025-004741,2025-12-20,110,,18911.96,Wire Transfer,AR00004741,2025-12-22,115
4742,CR-2025-004742,2025-12-12,111,,716.04,Wire Transfer,AR00004742,2025-12-12,11
4743,CR-2025-004743,2025-12-03,112,,453.27,Wire Transfer,AR00004743,2025-12-05,11
4744,CR-2025-004744,2025-12-10,113,,15852.17,Credit Card,AR00004744,2025-12-12,11
4745,CR-2025-004745,2025-12-19,114,,4193.87,Credit Card,AR00004745,2025-12-19,98
4746,CR-2025-004746,2025-12-19,115,,33933.53,Wire Transfer,AR00004746,2025-12-20,98
4747,CR-2025-004747,2025-12-13,116,,9823.53,Check,AR00004747,2025-12-15,115
4748,CR-2025-004748,2025-12-13,117,11707.0,634.18,Check,AR00004748,2025-12-15,98
4749,CR-2025-004749,2025-12-10,118,,27865.14,Check,AR00004749,2025-12-10,115
4750,CR-2025-004750,2025-12-12,119,,19529.53,ACH,AR00004750,2025-12-13,98
4751,CR-2025-004751,2025-12-12,120,,924.85,Wire Transfer,AR00004751,2025-12-12,115
4752,CR-2025-004752,2025-12-13,121,,8045.99,ACH,AR00004752,2025-12-13,115
4753,CR-2025-004753,2025-12-09,122,11944.0,237.14,Credit Card,AR00004753,2025-12-11,98
4754,CR-2025-004754,2025-12-18,123,,8000.54,Credit Card,AR00004754,2025-12-18,115
4755,CR-2025-004755,2025-12-10,124,,9066.73,Wire Transfer,AR00004755,2025-12-10,98
4756,CR-2025-004756,2025-12-13,125,,18481.08,Credit Card,AR00004756,2025-12-13,11
4757,CR-2025-004757,2025-12-11,126,,4572.3,Wire Transfer,AR00004757,2025-12-11,98
4758,CR-2025-004758,2025-12-12,127,,12029.48,Wire Transfer,AR00004758,2025-12-12,115
4759,CR-2025-004759,2025-12-12,128,,51859.58,ACH,AR00004759,2025-12-13,11
4760,CR-2025-004760,2025-12-14,129,,53449.31,Credit Card,AR00004760,2025-12-15,11
4761,CR-2025-004761,2025-12-10,130,,110.68,Check,AR00004761,2025-12-12,11
4762,CR-2025-004762,2025-12-14,131,,19760.43,ACH,AR00004762,2025-12-15,11
4763,CR-2025-004763,2025-12-10,132,,4189.28,Check,AR00004763,2025-12-10,115
4764,CR-2025-004764,2025-12-06,133,,27.71,ACH,AR00004764,2025-12-06,98
4765,CR-2025-004765,2025-12-08,134,,962.76,Wire Transfer,AR00004765,2025-12-08,11
4766,CR-2025-004766,2025-12-14,135,,13368.14,Check,AR00004766,2025-12-15,11
4767,CR-2025-004767,2025-12-10,136,,12534.99,Wire Transfer,AR00004767,2025-12-11,11
4768,CR-2025-004768,2025-12-07,137,,3297.5,Wire Transfer,AR00004768,2025-12-08,11
4769,CR-2025-004769,2025-12-14,138,11087.0,4855.27,Wire Transfer,AR00004769,2025-12-15,98
4770,CR-2025-004770,2025-12-22,138,,60335.29,ACH,AR00004770,2025-12-22,11
4771,CR-2025-004771,2025-12-10,139,,25050.71,Wire Transfer,AR00004771,2025-12-12,115
4772,CR-2025-004772,2025-12-13,140,,22806.1,ACH,AR00004772,2025-12-13,11
4773,CR-2025-004773,2025-12-10,141,,34020.2,ACH,AR00004773,2025-12-12,11
4774,CR-2025-004774,2025-12-13,142,,2163.44,Wire Transfer,AR00004774,2025-12-15,115
4775,CR-2025-004775,2025-12-18,143,,5928.32,Credit Card,AR00004775,2025-12-20,11
4776,CR-2025-004776,2025-12-12,144,,13625.17,ACH,AR00004776,2025-12-13,115
4777,CR-2025-004777,2025-12-12,145,,8272.42,Wire Transfer,AR00004777,2025-12-12,11
4778,CR-2025-004778,2025-12-10,146,,17839.55,Credit Card,AR00004778,2025-12-10,98
4779,CR-2025-004779,2025-12-18,147,,8819.17,ACH,AR00004779,2025-12-19,98
4780,CR-2025-004780,2025-12-10,149,,7071.5,Check,AR00004780,2025-12-10,98
4781,CR-2025-004781,2025-12-06,150,,12.91,ACH,AR00004781,2025-12-06,11
4782,CR-2025-004782,2025-12-03,151,,922.74,Wire Transfer,AR00004782,2025-12-05,98
4783,CR-2025-004783,2025-12-14,152,,23106.87,ACH,AR00004783,2025-12-15,115
4784,CR-2025-004784,2025-12-19,153,,2459.3,Check,AR00004784,2025-12-21,98
4785,CR-2025-004785,2025-12-13,154,,5958.72,Check,AR00004785,2025-12-14,11
4786,CR-2025-004786,2025-12-13,155,,291.71,Wire Transfer,AR00004786,2025-12-13,115
4787,CR-2025-004787,2025-12-10,156,,45875.63,Check,AR00004787,2025-12-11,115
4788,CR-2025-004788,2025-12-14,158,,3084.89,Wire Transfer,AR00004788,2025-12-16,115
4789,CR-2025-004789,2025-12-13,159,,14362.47,Check,AR00004789,2025-12-15,98
4790,CR-2025-004790,2025-12-07,160,,192.31,Credit Card,AR00004790,2025-12-08,115
4791,CR-2025-004791,2025-12-12,161,,26604.12,Credit Card,AR00004791,2025-12-12,98
4792,CR-2025-004792,2025-12-11,162,,11337.23,Wire Transfer,AR00004792,2025-12-12,98
4793,CR-2025-004793,2025-12-19,164,,3200.35,Credit Card,AR00004793,2025-12-21,98
4794,CR-2025-004794,2025-12-12,165,,1476.98,Check,AR00004794,2025-12-13,98
4795,CR-2025-004795,2025-12-14,166,,17806.3,Wire Transfer,AR00004795,2025-12-16,98
4796,CR-2025-004796,2025-12-16,167,,461.81,Check,AR00004796,2025-12-18,115
4797,CR-2025-004797,2025-12-09,168,,63.32,Wire Transfer,AR00004797,2025-12-10,11
4798,CR-2025-004798,2025-12-10,169,,55447.39,Check,AR00004798,2025-12-10,11
4799,CR-2025-004799,2025-12-11,170,,640.96,Check,AR00004799,2025-12-12,98
4800,CR-2025-004800,2025-12-10,171,,2208.08,Wire Transfer,AR00004800,2025-12-11,98
4801,CR-2025-004801,2025-12-11,172,,13834.9,ACH,AR00004801,2025-12-13,11
4802,CR-2025-004802,2025-12-12,173,,52300.93,Wire Transfer,AR00004802,2025-12-12,11
4803,CR-2025-004803,2025-12-14,174,,17833.58,Wire Transfer,AR00004803,2025-12-16,115
4804,CR-2025-004804,2025-12-06,175,,349.78,Check,AR00004804,2025-12-08,98
4805,CR-2025-004805,2025-12-10,176,,4871.07,ACH,AR00004805,2025-12-12,115
4806,CR-2025-004806,2025-12-09,177,,7924.56,ACH,AR00004806,2025-12-11,115
4807,CR-2025-004807,2025-12-20,179,,58658.04,Check,AR00004807,2025-12-22,98
4808,CR-2025-004808,2025-12-12,180,,9092.95,ACH,AR00004808,2025-12-14,11
4809,CR-2025-004809,2025-12-20,181,,9314.76,ACH,AR00004809,2025-12-21,98
4810,CR-2025-004810,2025-12-11,182,,6200.68,Check,AR00004810,2025-12-13,11
4811,CR-2025-004811,2025-12-06,183,,822.87,Credit Card,AR00004811,2025-12-08,115
4812,CR-2025-004812,2025-12-07,184,,1114.21,Check,AR00004812,2025-12-07,115
4813,CR-2025-004813,2025-12-10,185,,18545.44,Credit Card,AR00004813,2025-12-10,11
4814,CR-2025-004814,2025-12-12,186,,6240.55,Check,AR00004814,2025-12-14,115
4815,CR-2025-004815,2025-12-21,187,,2107.29,ACH,AR00004815,2025-12-23,115
4816,CR-2025-004816,2025-12-11,188,,16906.25,Credit Card,AR00004816,2025-12-12,11
4817,CR-2025-004817,2025-12-10,189,,18276.79,Check,AR00004817,2025-12-10,98
4818,CR-2025-004818,2025-12-12,190,,23853.12,Credit Card,AR00004818,2025-12-14,11
4819,CR-2025-004819,2025-12-14,191,,4077.31,Check,AR00004819,2025-12-16,11
4820,CR-2025-004820,2025-12-12,192,,11795.7,Check,AR00004820,2025-12-13,98
4821,CR-2025-004821,2025-12-10,193,,31768.06,Check,AR00004821,2025-12-10,11
4822,CR-2025-004822,2025-12-14,194,12233.0,8765.66,Credit Card,AR00004822,2025-12-14,98
4823,CR-2025-004823,2025-12-13,195,,4892.98,Wire Transfer,AR00004823,2025-12-14,98
4824,CR-2025-004824,2025-12-12,196,,10230.57,ACH,AR00004824,2025-12-14,98
4825,CR-2025-004825,2025-12-17,197,,19213.94,Wire Transfer,AR00004825,2025-12-18,115
4826,CR-2025-004826,2025-12-12,198,,12975.92,Check,AR00004826,2025-12-13,115
4827,CR-2025-004827,2025-12-14,199,,17080.01,Wire Transfer,AR00004827,2025-12-15,115
4828,CR-2025-004828,2025-12-12,200,,54416.88,Wire Transfer,AR00004828,2025-12-12,115
4829,CR-2025-004829,2025-12-20,200,12458.0,8357.05,ACH,AR00004829,2025-12-21,11
4830,CR-2025-004830,2025-12-10,201,11771.0,550.37,Check,AR00004830,2025-12-12,11
4831,CR-2025-004831,2025-12-14,202,,17365.91,ACH,AR00004831,2025-12-15,11
4832,CR-2025-004832,2025-12-12,203,,13110.64,Wire Transfer,AR00004832,2025-12-13,98
4833,CR-2025-004833,2025-12-17,204,,22575.82,Check,AR00004833,2025-12-17,115
4834,CR-2025-004834,2025-12-12,205,,26184.72,Wire Transfer,AR00004834,2025-12-12,11
4835,CR-2025-004835,2025-12-13,206,,24985.92,Check,AR00004835,2025-12-14,98
4836,CR-2025-004836,2025-12-20,207,,5876.71,Credit Card,AR00004836,2025-12-21,98
4837,CR-2025-004837,2025-12-14,208,,37284.78,Check,AR00004837,2025-12-14,115
4838,CR-2025-004838,2025-12-10,209,,12449.28,Check,AR00004838,2025-12-12,115
4839,CR-2025-004839,2025-12-11,210,,21324.7,Credit Card,AR00004839,2025-12-11,11
4840,CR-2025-004840,2025-12-17,211,,4363.11,Wire Transfer,AR00004840,2025-12-17,115
4841,CR-2026-004841,2026-01-31,166,12403.0,1676.12,ACH,DEP00004841,2026-01-31,11
4842,CR-2026-004842,2026-01-20,162,,2659.82,Check,DEP00004842,2026-01-20,115
4843,CR-2026-004843,2026-01-07,73,,1886.06,Check,DEP00004843,2026-01-07,11
4844,CR-2026-004844,2026-01-31,205,12378.0,2959.98,ACH,DEP00004844,2026-01-31,98
4845,CR-2026-004845,2026-01-11,152,,2797.76,Credit Card,DEP00004845,2026-01-11,11
4846,CR-2026-004846,2026-01-11,1,,50373.23,Wire Transfer,AR00004846,2026-01-12,98
4847,CR-2026-004847,2026-01-23,2,,1081.99,Credit Card,AR00004847,2026-01-24,98
4848,CR-2026-004848,2026-01-12,3,12623.0,178.51,ACH,AR00004848,2026-01-14,115
4849,CR-2026-004849,2026-01-11,4,,15199.96,Credit Card,AR00004849,2026-01-11,115
4850,CR-2026-004850,2026-01-07,5,,8.03,Credit Card,AR00004850,2026-01-07,11
4851,CR-2026-004851,2026-01-10,6,,16284.57,Wire Transfer,AR00004851,2026-01-11,98
4852,CR-2026-004852,2026-01-12,7,,31529.98,Credit Card,AR00004852,2026-01-12,11
4853,CR-2026-004853,2026-01-10,8,,2503.81,Wire Transfer,AR00004853,2026-01-12,11
4854,CR-2026-004854,2026-01-14,9,,35756.13,Check,AR00004854,2026-01-16,115
4855,CR-2026-004855,2026-01-24,10,,2028.87,Wire Transfer,AR00004855,2026-01-26,98
4856,CR-2026-004856,2026-01-03,12,,0.12,Credit Card,AR00004856,2026-01-05,11
4857,CR-2026-004857,2026-01-06,13,,1130.61,Check,AR00004857,2026-01-07,115
4858,CR-2026-004858,2026-01-19,14,,6724.2,ACH,AR00004858,2026-01-21,11
4859,CR-2026-004859,2026-01-17,15,,28534.5,Wire Transfer,AR00004859,2026-01-17,11
4860,CR-2026-004860,2026-01-06,16,,2529.41,Credit Card,AR00004860,2026-01-07,115
4861,CR-2026-004861,2026-01-07,17,,221.23,Credit Card,AR00004861,2026-01-09,11
4862,CR-2026-004862,2026-01-12,18,,20183.84,ACH,AR00004862,2026-01-12,98
4863,CR-2026-004863,2026-01-16,19,,5303.86,Wire Transfer,AR00004863,2026-01-17,11
4864,CR-2026-004864,2026-01-10,20,,42240.82,Wire Transfer,AR00004864,2026-01-11,11
4865,CR-2026-004865,2026-01-12,21,,24714.4,ACH,AR00004865,2026-01-12,98
4866,CR-2026-004866,2026-01-10,22,,11856.07,Wire Transfer,AR00004866,2026-01-11,98
4867,CR-2026-004867,2026-01-16,23,,12706.03,Check,AR00004867,2026-01-17,115
4868,CR-2026-004868,2026-01-10,24,,26023.72,Check,AR00004868,2026-01-10,11
4869,CR-2026-004869,2026-01-14,25,,2436.41,Check,AR00004869,2026-01-14,98
4870,CR-2026-004870,2026-01-12,26,,34709.94,ACH,AR00004870,2026-01-13,115
4871,CR-2026-004871,2026-01-13,27,,2366.02,ACH,AR00004871,2026-01-13,98
4872,CR-2026-004872,2026-01-04,28,,0.03,Wire Transfer,AR00004872,2026-01-05,115
4873,CR-2026-004873,2026-01-09,29,,1602.81,Wire Transfer,AR00004873,2026-01-09,11
4874,CR-2026-004874,2026-01-12,30,,5740.83,Credit Card,AR00004874,2026-01-12,98
4875,CR-2026-004875,2026-01-18,31,13646.0,7048.7,Check,AR00004875,2026-01-19,11
4876,CR-2026-004876,2026-01-11,32,,24322.45,Check,AR00004876,2026-01-11,98
4877,CR-2026-004877,2026-01-12,33,,957.88,Credit Card,AR00004877,2026-01-14,115
4878,CR-2026-004878,2026-01-13,34,,30121.65,ACH,AR00004878,2026-01-15,115
4879,CR-2026-004879,2026-01-18,36,12630.0,529.36,Credit Card,AR00004879,2026-01-18,98
4880,CR-2026-004880,2026-01-11,37,,9606.66,Check,AR00004880,2026-01-12,98
4881,CR-2026-004881,2026-01-10,38,,5833.26,Wire Transfer,AR00004881,2026-01-11,98
4882,CR-2026-004882,2026-01-11,39,,14386.85,Credit Card,AR00004882,2026-01-11,98
4883,CR-2026-004883,2026-01-10,40,,454.09,Wire Transfer,AR00004883,2026-01-12,115
4884,CR-2026-004884,2026-01-23,41,,1595.52,ACH,AR00004884,2026-01-23,115
4885,CR-2026-004885,2026-01-19,42,13644.0,6795.95,Credit Card,AR00004885,2026-01-20,11
4886,CR-2026-004886,2026-01-10,43,,4908.76,Credit Card,AR00004886,2026-01-12,98
4887,CR-2026-004887,2026-01-14,44,,49688.36,Check,AR00004887,2026-01-16,11
4888,CR-2026-004888,2026-01-07,45,,3.89,ACH,AR00004888,2026-01-08,115
4889,CR-2026-004889,2026-01-14,46,,4509.75,Wire Transfer,AR00004889,2026-01-16,115
4890,CR-2026-004890,2026-01-11,47,,4545.69,Credit Card,AR00004890,2026-01-12,98
4891,CR-2026-004891,2026-01-10,48,,5050.8,Credit Card,AR00004891,2026-01-10,11
4892,CR-2026-004892,2026-01-16,49,,45076.23,Wire Transfer,AR00004892,2026-01-16,11
4893,CR-2026-004893,2026-01-10,50,,1485.66,Wire Transfer,AR00004893,2026-01-10,11
4894,CR-2026-004894,2026-01-12,51,,44206.69,Wire Transfer,AR00004894,2026-01-13,11
4895,CR-2026-004895,2026-01-11,52,,907.34,Credit Card,AR00004895,2026-01-13,11
4896,CR-2026-004896,2026-01-19,53,,6380.62,Credit Card,AR00004896,2026-01-19,11
4897,CR-2026-004897,2026-01-14,54,,7472.24,Credit Card,AR00004897,2026-01-14,11
4898,CR-2026-004898,2026-01-03,55,,8829.31,Check,AR00004898,2026-01-03,11
4899,CR-2026-004899,2026-01-21,56,,1212.29,Wire Transfer,AR00004899,2026-01-22,115
4900,CR-2026-004900,2026-01-08,57,,948.69,Check,AR00004900,2026-01-08,11
4901,CR-2026-004901,2026-01-17,58,,4081.32,Credit Card,AR00004901,2026-01-18,11
4902,CR-2026-004902,2026-01-09,59,,192.17,Credit Card,AR00004902,2026-01-10,11
4903,CR-2026-004903,2026-01-12,60,,30628.77,ACH,AR00004903,2026-01-13,11
4904,CR-2026-004904,2026-01-11,61,,18123.76,ACH,AR00004904,2026-01-12,115
4905,CR-2026-004905,2026-01-11,62,,5348.07,Credit Card,AR00004905,2026-01-13,115
4906,CR-2026-004906,2026-01-11,63,,5633.75,Wire Transfer,AR00004906,2026-01-13,115
4907,CR-2026-004907,2026-01-17,64,,5402.4,ACH,AR00004907,2026-01-19,98
4908,CR-2026-004908,2026-01-16,65,,25088.79,ACH,AR00004908,2026-01-18,11
4909,CR-2026-004909,2026-01-18,66,,2315.64,Wire Transfer,AR00004909,2026-01-19,115
4910,CR-2026-004910,2026-01-19,67,,20191.31,Check,AR00004910,2026-01-21,115
4911,CR-2026-004911,2026-01-17,68,,17351.62,ACH,AR00004911,2026-01-17,11
4912,CR-2026-004912,2026-01-19,69,,13012.31,Check,AR00004912,2026-01-20,98
4913,CR-2026-004913,2026-01-13,70,,3922.86,ACH,AR00004913,2026-01-13,98
4914,CR-2026-004914,2026-01-12,71,,18945.53,Check,AR00004914,2026-01-13,98
4915,CR-2026-004915,2026-01-11,72,,8381.2,Check,AR00004915,2026-01-12,98
4916,CR-2026-004916,2026-01-20,73,,18826.58,ACH,AR00004916,2026-01-21,11
4917,CR-2026-004917,2026-01-12,74,,5346.85,Wire Transfer,AR00004917,2026-01-13,11
4918,CR-2026-004918,2026-01-12,75,,8396.55,Check,AR00004918,2026-01-12,98
4919,CR-2026-004919,2026-01-14,76,,258.32,Credit Card,AR00004919,2026-01-14,115
4920,CR-2026-004920,2026-01-11,77,12491.0,1435.11,Wire Transfer,AR00004920,2026-01-11,115
4921,CR-2026-004921,2026-01-12,78,,36468.87,Wire Transfer,AR00004921,2026-01-13,11
4922,CR-2026-004922,2026-01-14,79,,9562.73,ACH,AR00004922,2026-01-15,115
4923,CR-2026-004923,2026-01-11,80,,5177.79,Wire Transfer,AR00004923,2026-01-11,115
4924,CR-2026-004924,2026-01-14,81,,15761.39,ACH,AR00004924,2026-01-16,98
4925,CR-2026-004925,2026-01-09,82,,1166.41,Wire Transfer,AR00004925,2026-01-09,115
4926,CR-2026-004926,2026-01-10,83,,1613.45,ACH,AR00004926,2026-01-11,98
4927,CR-2026-004927,2026-01-17,84,,22302.51,Credit Card,AR00004927,2026-01-18,98
4928,CR-2026-004928,2026-01-10,85,,10258.48,Wire Transfer,AR00004928,2026-01-11,11
4929,CR-2026-004929,2026-01-10,86,,16262.61,Check,AR00004929,2026-01-10,11
4930,CR-2026-004930,2026-01-11,87,,35990.73,Wire Transfer,AR00004930,2026-01-12,115
4931,CR-2026-004931,2026-01-14,88,,11635.92,Credit Card,AR00004931,2026-01-15,115
4932,CR-2026-004932,2026-01-16,89,,593.56,ACH,AR00004932,2026-01-17,115
4933,CR-2026-004933,2026-01-12,90,,10796.5,ACH,AR00004933,2026-01-12,98
4934,CR-2026-004934,2026-01-03,92,,199.32,Check,AR00004934,2026-01-03,11
4935,CR-2026-004935,2026-01-10,93,,3384.88,Credit Card,AR00004935,2026-01-10,11
4936,CR-2026-004936,2026-01-14,94,,357.23,Wire Transfer,AR00004936,2026-01-15,98
4937,CR-2026-004937,2026-01-14,95,,18511.53,Check,AR00004937,2026-01-15,98
4938,CR-2026-004938,2026-01-03,96,,0.67,Credit Card,AR00004938,2026-01-05,115
4939,CR-2026-004939,2026-01-12,97,,1379.87,Wire Transfer,AR00004939,2026-01-13,115
4940,CR-2026-004940,2026-01-13,98,,30939.93,Wire Transfer,AR00004940,2026-01-14,11
4941,CR-2026-004941,2026-01-19,99,,11105.37,Check,AR00004941,2026-01-21,98
4942,CR-2026-004942,2026-01-13,100,,6015.55,Wire Transfer,AR00004942,2026-01-15,11
4943,CR-2026-004943,2026-01-11,101,,6400.86,Wire Transfer,AR00004943,2026-01-12,98
4944,CR-2026-004944,2026-01-19,102,,7757.42,Check,AR00004944,2026-01-19,115
4945,CR-2026-004945,2026-01-10,103,,1583.17,Check,AR00004945,2026-01-11,11
4946,CR-2026-004946,2026-01-06,104,,11.44,ACH,AR00004946,2026-01-06,11
4947,CR-2026-004947,2026-01-13,105,,59314.58,Check,AR00004947,2026-01-14,98
4948,CR-2026-004948,2026-01-10,106,,26464.63,ACH,AR00004948,2026-01-11,115
4949,CR-2026-004949,2026-01-14,107,,1326.37,Credit Card,AR00004949,2026-01-14,98
4950,CR-2026-004950,2026-01-23,108,,846.31,Credit Card,AR00004950,2026-01-23,11
4951,CR-2026-004951,2026-01-06,109,,293.19,Credit Card,AR00004951,2026-01-08,11
4952,CR-2026-004952,2026-01-10,110,,25969.35,Check,AR00004952,2026-01-11,11
4953,CR-2026-004953,2026-01-10,111,,51.96,ACH,AR00004953,2026-01-12,98
4954,CR-2026-004954,2026-01-18,112,,3817.95,ACH,AR00004954,2026-01-18,11
4955,CR-2026-004955,2026-01-14,113,,8582.84,Wire Transfer,AR00004955,2026-01-14,11
4956,CR-2026-004956,2026-01-14,114,,3205.34,Wire Transfer,AR00004956,2026-01-16,11
4957,CR-2026-004957,2026-01-13,115,,17593.78,Credit Card,AR00004957,2026-01-15,98
4958,CR-2026-004958,2026-01-10,116,,6607.21,ACH,AR00004958,2026-01-10,115
4959,CR-2026-004959,2026-01-07,117,11707.0,138.8,Check,AR00004959,2026-01-09,115
4960,CR-2026-004960,2026-01-11,118,,22746.26,Credit Card,AR00004960,2026-01-13,98
4961,CR-2026-004961,2026-01-10,119,,12843.13,ACH,AR00004961,2026-01-11,98
4962,CR-2026-004962,2026-01-10,120,,323.67,Wire Transfer,AR00004962,2026-01-11,115
4963,CR-2026-004963,2026-01-09,121,,10012.17,Credit Card,AR00004963,2026-01-11,115
4964,CR-2026-004964,2026-01-06,122,,1.18,Wire Transfer,AR00004964,2026-01-06,115
4965,CR-2026-004965,2026-01-10,123,,8814.75,Credit Card,AR00004965,2026-01-12,98
4966,CR-2026-004966,2026-01-11,124,,15270.04,Wire Transfer,AR00004966,2026-01-12,115
4967,CR-2026-004967,2026-01-11,125,,21181.88,Credit Card,AR00004967,2026-01-13,11
4968,CR-2026-004968,2026-01-12,126,,5135.68,ACH,AR00004968,2026-01-13,11
4969,CR-2026-004969,2026-01-11,127,13064.0,3175.24,Wire Transfer,AR00004969,2026-01-12,11
4970,CR-2026-004970,2026-01-12,128,,12747.06,ACH,AR00004970,2026-01-13,98
4971,CR-2026-004971,2026-01-19,128,,47744.93,Wire Transfer,AR00004971,2026-01-21,115
4972,CR-2026-004972,2026-01-14,129,,34703.59,Wire Transfer,AR00004972,2026-01-14,11
4973,CR-2026-004973,2026-01-06,130,,199.74,Check,AR00004973,2026-01-06,115
4974,CR-2026-004974,2026-01-11,131,,8601.1,Wire Transfer,AR00004974,2026-01-12,98
4975,CR-2026-004975,2026-01-06,132,,947.28,Wire Transfer,AR00004975,2026-01-06,115
4976,CR-2026-004976,2026-01-03,133,,912.6,Wire Transfer,AR00004976,2026-01-05,11
4977,CR-2026-004977,2026-01-10,134,,356.14,Wire Transfer,AR00004977,2026-01-10,98
4978,CR-2026-004978,2026-01-11,135,,6534.55,Wire Transfer,AR00004978,2026-01-12,115
4979,CR-2026-004979,2026-01-11,136,,6731.79,ACH,AR00004979,2026-01-13,11
4980,CR-2026-004980,2026-01-16,137,,15972.16,Wire Transfer,AR00004980,2026-01-18,11
4981,CR-2026-004981,2026-01-10,138,,53452.08,Wire Transfer,AR00004981,2026-01-10,11
4982,CR-2026-004982,2026-01-12,139,,54759.72,ACH,AR00004982,2026-01-14,11
4983,CR-2026-004983,2026-01-10,140,,15222.66,Check,AR00004983,2026-01-10,115
4984,CR-2026-004984,2026-01-10,141,,26237.6,Credit Card,AR00004984,2026-01-12,11
4985,CR-2026-004985,2026-01-10,142,,837.2,Wire Transfer,AR00004985,2026-01-12,11
4986,CR-2026-004986,2026-01-14,143,,14423.64,ACH,AR00004986,2026-01-15,115
4987,CR-2026-004987,2026-01-12,144,,6342.12,Check,AR00004987,2026-01-13,98
4988,CR-2026-004988,2026-01-10,145,,15487.37,Check,AR00004988,2026-01-12,11
4989,CR-2026-004989,2026-01-09,146,,6572.26,Credit Card,AR00004989,2026-01-09,115
4990,CR-2026-004990,2026-01-10,147,,6795.71,ACH,AR00004990,2026-01-10,115
4991,CR-2026-004991,2026-01-24,148,,232.07,Wire Transfer,AR00004991,2026-01-25,11
4992,CR-2026-004992,2026-01-12,149,,2938.76,Wire Transfer,AR00004992,2026-01-13,115
4993,CR-2026-004993,2026-01-05,150,,0.71,Wire Transfer,AR00004993,2026-01-05,11
4994,CR-2026-004994,2026-01-19,151,,7655.28,Check,AR00004994,2026-01-21,115
4995,CR-2026-004995,2026-01-11,152,,28643.92,Check,AR00004995,2026-01-12,115
4996,CR-2026-004996,2026-01-10,153,,3248.37,ACH,AR00004996,2026-01-12,11
4997,CR-2026-004997,2026-01-13,154,,1392.84,Wire Transfer,AR00004997,2026-01-13,98
4998,CR-2026-004998,2026-01-07,155,12180.0,46.74,Wire Transfer,AR00004998,2026-01-09,11
4999,CR-2026-004999,2026-01-12,156,,28165.25,Wire Transfer,AR00004999,2026-01-12,98
5000,CR-2026-005000,2026-01-21,157,,857.09,ACH,AR00005000,2026-01-22,98
5001,CR-2026-005001,2026-01-08,158,,1496.32,Credit Card,AR00005001,2026-01-09,11
5002,CR-2026-005002,2026-01-18,159,,13545.05,ACH,AR00005002,2026-01-19,98
5003,CR-2026-005003,2026-01-17,160,,1570.7,Check,AR00005003,2026-01-18,115
5004,CR-2026-005004,2026-01-10,161,,21779.43,Check,AR00005004,2026-01-10,98
5005,CR-2026-005005,2026-01-12,162,,19746.88,Credit Card,AR00005005,2026-01-14,11
5006,CR-2026-005006,2026-01-10,164,,2387.16,Wire Transfer,AR00005006,2026-01-10,11
5007,CR-2026-005007,2026-01-19,165,12545.0,4499.98,Wire Transfer,AR00005007,2026-01-21,98
5008,CR-2026-005008,2026-01-12,166,,6627.27,Check,AR00005008,2026-01-14,115
5009,CR-2026-005009,2026-01-11,167,12382.0,142.65,Check,AR00005009,2026-01-13,98
5010,CR-2026-005010,2026-01-06,168,,4.87,Check,AR00005010,2026-01-08,11
5011,CR-2026-005011,2026-01-10,169,,51383.45,ACH,AR00005011,2026-01-11,115
5012,CR-2026-005012,2026-01-21,169,,12523.21,Check,AR00005012,2026-01-23,115
5013,CR-2026-005013,2026-01-13,170,,810.81,Wire Transfer,AR00005013,2026-01-15,98
5014,CR-2026-005014,2026-01-20,171,,3389.74,ACH,AR00005014,2026-01-22,11
5015,CR-2026-005015,2026-01-20,172,,39252.34,Wire Transfer,AR00005015,2026-01-22,98
5016,CR-2026-005016,2026-01-11,173,,21261.4,Wire Transfer,AR00005016,2026-01-11,98
5017,CR-2026-005017,2026-01-11,174,,17948.6,ACH,AR00005017,2026-01-11,98
5018,CR-2026-005018,2026-01-03,175,,220.08,Wire Transfer,AR00005018,2026-01-04,115
5019,CR-2026-005019,2026-01-10,176,,1274.51,Credit Card,AR00005019,2026-01-10,98
5020,CR-2026-005020,2026-01-19,177,,15022.51,Check,AR00005020,2026-01-21,11
5021,CR-2026-005021,2026-01-21,178,13983.0,547.25,Check,AR00005021,2026-01-22,115
5022,CR-2026-005022,2026-01-12,179,,51904.75,Check,AR00005022,2026-01-14,115
5023,CR-2026-005023,2026-01-17,180,,34925.25,Wire Transfer,AR00005023,2026-01-17,98
5024,CR-2026-005024,2026-01-20,181,,18942.43,ACH,AR00005024,2026-01-22,11
5025,CR-2026-005025,2026-01-10,182,,9066.91,Wire Transfer,AR00005025,2026-01-11,98
5026,CR-2026-005026,2026-01-18,183,,5525.05,ACH,AR00005026,2026-01-20,115
5027,CR-2026-005027,2026-01-07,184,,693.78,Credit Card,AR00005027,2026-01-08,115
5028,CR-2026-005028,2026-01-19,185,,31205.88,Wire Transfer,AR00005028,2026-01-21,115
5029,CR-2026-005029,2026-01-17,186,,17014.95,Credit Card,AR00005029,2026-01-17,98
5030,CR-2026-005030,2026-01-19,187,,6129.7,Check,AR00005030,2026-01-19,98
5031,CR-2026-005031,2026-01-09,188,,5327.46,Check,AR00005031,2026-01-10,115
5032,CR-2026-005032,2026-01-14,189,,10821.06,Check,AR00005032,2026-01-14,115
5033,CR-2026-005033,2026-01-10,190,,10927.57,ACH,AR00005033,2026-01-11,115
5034,CR-2026-005034,2026-01-19,191,,9933.59,Check,AR00005034,2026-01-20,11
5035,CR-2026-005035,2026-01-06,192,,5758.0,Check,AR00005035,2026-01-08,115
5036,CR-2026-005036,2026-01-13,193,,15684.39,ACH,AR00005036,2026-01-15,115
5037,CR-2026-005037,2026-01-06,194,,4398.18,Wire Transfer,AR00005037,2026-01-07,98
5038,CR-2026-005038,2026-01-13,195,,12564.49,ACH,AR00005038,2026-01-15,98
5039,CR-2026-005039,2026-01-10,196,,2476.18,Check,AR00005039,2026-01-11,11
5040,CR-2026-005040,2026-01-12,197,,12817.06,Wire Transfer,AR00005040,2026-01-12,11
5041,CR-2026-005041,2026-01-09,198,,3797.82,ACH,AR00005041,2026-01-09,98
5042,CR-2026-005042,2026-01-10,199,,10911.04,Wire Transfer,AR00005042,2026-01-10,98
5043,CR-2026-005043,2026-01-11,200,,48208.9,Credit Card,AR00005043,2026-01-13,98
5044,CR-2026-005044,2026-01-03,201,,68.78,ACH,AR00005044,2026-01-05,11
5045,CR-2026-005045,2026-01-18,202,,45028.27,Check,AR00005045,2026-01-18,115
5046,CR-2026-005046,2026-01-12,203,,8253.78,ACH,AR00005046,2026-01-13,11
5047,CR-2026-005047,2026-01-13,204,,10561.78,Check,AR00005047,2026-01-15,115
5048,CR-2026-005048,2026-01-12,205,,20352.68,Wire Transfer,AR00005048,2026-01-13,115
5049,CR-2026-005049,2026-01-10,206,,12734.57,ACH,AR00005049,2026-01-12,11
5050,CR-2026-005050,2026-01-16,207,,8680.01,ACH,AR00005050,2026-01-18,98
5051,CR-2026-005051,2026-01-11,208,,24995.2,Credit Card,AR00005051,2026-01-11,115
5052,CR-2026-005052,2026-01-12,209,,23718.48,Credit Card,AR00005052,2026-01-13,11
5053,CR-2026-005053,2026-01-11,210,,21657.75,Check,AR00005053,2026-01-11,11
5054,CR-2026-005054,2026-01-11,211,,5030.28,Wire Transfer,AR00005054,2026-01-12,115
5055,CR-2026-005055,2026-02-10,205,13348.0,1390.79,Credit Card,DEP00005055,2026-02-10,115
5056,CR-2026-005056,2026-02-13,177,,1315.07,Wire Transfer,DEP00005056,2026-02-13,11
5057,CR-2026-005057,2026-02-28,7,,3232.38,Check,DEP00005057,2026-02-28,98
5058,CR-2026-005058,2026-02-21,186,,1352.17,ACH,DEP00005058,2026-02-21,11
5059,CR-2026-005059,2026-02-04,205,,1003.16,ACH,DEP00005059,2026-02-04,11
5060,CR-2026-005060,2026-02-22,34,,4295.16,Credit Card,DEP00005060,2026-02-22,115
5061,CR-2026-005061,2026-02-22,43,13740.0,921.36,Wire Transfer,DEP00005061,2026-02-22,98
5062,CR-2026-005062,2026-02-13,85,,2481.84,Wire Transfer,DEP00005062,2026-02-13,98
5063,CR-2026-005063,2026-02-26,48,,1748.22,Check,DEP00005063,2026-02-26,98
5064,CR-2026-005064,2026-02-09,57,,3806.4,ACH,DEP00005064,2026-02-09,98
5065,CR-2026-005065,2026-02-14,1,,33387.4,Check,AR00005065,2026-02-15,98
5066,CR-2026-005066,2026-02-17,2,,4343.25,Credit Card,AR00005066,2026-02-19,115
5067,CR-2026-005067,2026-02-10,3,,12.53,ACH,AR00005067,2026-02-11,98
5068,CR-2026-005068,2026-02-16,4,,19491.91,Wire Transfer,AR00005068,2026-02-16,98
5069,CR-2026-005069,2026-02-05,5,,2834.84,Credit Card,AR00005069,2026-02-07,115
5070,CR-2026-005070,2026-02-12,6,,6477.92,ACH,AR00005070,2026-02-14,98
5071,CR-2026-005071,2026-02-10,7,,16921.27,Check,AR00005071,2026-02-12,98
5072,CR-2026-005072,2026-02-20,8,,7939.09,Check,AR00005072,2026-02-20,115
5073,CR-2026-005073,2026-02-16,9,,29011.18,ACH,AR00005073,2026-02-18,11
5074,CR-2026-005074,2026-02-20,10,13645.0,8214.13,Wire Transfer,AR00005074,2026-02-20,115
5075,CR-2026-005075,2026-02-06,12,,910.02,Check,AR00005075,2026-02-08,98
5076,CR-2026-005076,2026-02-16,13,,4712.0,Wire Transfer,AR00005076,2026-02-18,115
5077,CR-2026-005077,2026-02-12,14,,2686.04,Check,AR00005077,2026-02-13,98
5078,CR-2026-005078,2026-02-14,15,,17855.38,Check,AR00005078,2026-02-16,98
5079,CR-2026-005079,2026-02-16,16,,8879.53,Credit Card,AR00005079,2026-02-18,11
5080,CR-2026-005080,2026-02-23,17,14292.0,678.12,Wire Transfer,AR00005080,2026-02-25,98
5081,CR-2026-005081,2026-02-10,18,,20515.39,Wire Transfer,AR00005081,2026-02-12,11
5082,CR-2026-005082,2026-02-11,19,,2815.24,Credit Card,AR00005082,2026-02-11,98
5083,CR-2026-005083,2026-02-13,20,,16340.53,Wire Transfer,AR00005083,2026-02-14,11
5084,CR-2026-005084,2026-02-11,21,,10860.97,ACH,AR00005084,2026-02-11,98
5085,CR-2026-005085,2026-02-20,22,,30995.62,ACH,AR00005085,2026-02-22,115
5086,CR-2026-005086,2026-02-18,23,,8572.96,Credit Card,AR00005086,2026-02-19,115
5087,CR-2026-005087,2026-02-13,24,,18598.19,Wire Transfer,AR00005087,2026-02-15,115
5088,CR-2026-005088,2026-02-16,25,,6978.17,Wire Transfer,AR00005088,2026-02-17,98
5089,CR-2026-005089,2026-02-20,26,,33026.33,Check,AR00005089,2026-02-21,11
5090,CR-2026-005090,2026-02-07,27,,381.34,Wire Transfer,AR00005090,2026-02-07,115
5091,CR-2026-005091,2026-02-21,29,,1808.12,Check,AR00005091,2026-02-21,98
5092,CR-2026-005092,2026-02-18,30,,1580.05,ACH,AR00005092,2026-02-18,115
5093,CR-2026-005093,2026-02-19,31,,5513.8,Credit Card,AR00005093,2026-02-21,11
5094,CR-2026-005094,2026-02-14,32,,25829.87,ACH,AR00005094,2026-02-15,98
5095,CR-2026-005095,2026-02-08,33,,98.48,Credit Card,AR00005095,2026-02-09,115
5096,CR-2026-005096,2026-02-18,34,,37072.59,Wire Transfer,AR00005096,2026-02-19,11
5097,CR-2026-005097,2026-02-23,35,,337.56,Credit Card,AR00005097,2026-02-24,115
5098,CR-2026-005098,2026-02-14,36,,1490.07,Check,AR00005098,2026-02-14,11
5099,CR-2026-005099,2026-02-10,37,,5395.72,Check,AR00005099,2026-02-11,11
5100,CR-2026-005100,2026-02-09,38,,3870.96,Wire Transfer,AR00005100,2026-02-10,98
5101,CR-2026-005101,2026-02-19,39,,7330.24,Check,AR00005101,2026-02-19,98
5102,CR-2026-005102,2026-02-12,40,13163.0,80.01,Credit Card,AR00005102,2026-02-13,11
5103,CR-2026-005103,2026-02-16,41,,6417.83,Credit Card,AR00005103,2026-02-17,11
5104,CR-2026-005104,2026-02-19,42,,4581.66,Check,AR00005104,2026-02-21,98
5105,CR-2026-005105,2026-02-18,43,,2172.01,Check,AR00005105,2026-02-19,11
5106,CR-2026-005106,2026-02-10,44,,32371.74,Credit Card,AR00005106,2026-02-12,98
5107,CR-2026-005107,2026-02-04,45,,0.35,Wire Transfer,AR00005107,2026-02-06,98
5108,CR-2026-005108,2026-02-10,46,,4774.98,ACH,AR00005108,2026-02-12,115
5109,CR-2026-005109,2026-02-08,47,,1101.71,Check,AR00005109,2026-02-08,115
5110,CR-2026-005110,2026-02-17,48,,891.74,ACH,AR00005110,2026-02-18,115
5111,CR-2026-005111,2026-02-20,49,,11865.5,Credit Card,AR00005111,2026-02-22,98
5112,CR-2026-005112,2026-02-11,50,,369.34,ACH,AR00005112,2026-02-12,11
5113,CR-2026-005113,2026-02-20,51,,39757.54,ACH,AR00005113,2026-02-20,11
5114,CR-2026-005114,2026-02-19,52,,1572.34,ACH,AR00005114,2026-02-19,115
5115,CR-2026-005115,2026-02-16,53,,10624.97,Check,AR00005115,2026-02-18,115
5116,CR-2026-005116,2026-02-11,54,,2859.88,Wire Transfer,AR00005116,2026-02-12,115
5117,CR-2026-005117,2026-02-18,55,,22343.11,ACH,AR00005117,2026-02-19,115
5118,CR-2026-005118,2026-02-18,56,,3762.44,Credit Card,AR00005118,2026-02-19,115
5119,CR-2026-005119,2026-02-14,58,,968.2,Wire Transfer,AR00005119,2026-02-16,11
5120,CR-2026-005120,2026-02-20,59,,884.79,Check,AR00005120,2026-02-21,98
5121,CR-2026-005121,2026-02-10,60,,38033.35,Check,AR00005121,2026-02-10,98
5122,CR-2026-005122,2026-02-17,61,,5943.95,ACH,AR00005122,2026-02-19,11
5123,CR-2026-005123,2026-02-17,62,,1875.65,ACH,AR00005123,2026-02-18,11
5124,CR-2026-005124,2026-02-09,63,,610.91,Check,AR00005124,2026-02-11,98
5125,CR-2026-005125,2026-02-14,64,,2367.05,ACH,AR00005125,2026-02-16,98
5126,CR-2026-005126,2026-02-10,65,,30247.29,ACH,AR00005126,2026-02-12,98
5127,CR-2026-005127,2026-02-14,66,,1966.75,Check,AR00005127,2026-02-15,115
5128,CR-2026-005128,2026-02-11,67,,12278.06,Wire Transfer,AR00005128,2026-02-12,98
5129,CR-2026-005129,2026-02-19,68,,43513.31,Credit Card,AR00005129,2026-02-20,98
5130,CR-2026-005130,2026-02-17,69,,4381.15,Credit Card,AR00005130,2026-02-19,98
5131,CR-2026-005131,2026-02-11,70,,961.06,ACH,AR00005131,2026-02-12,115
5132,CR-2026-005132,2026-02-17,71,,8304.99,ACH,AR00005132,2026-02-17,98
5133,CR-2026-005133,2026-02-08,72,,4074.64,Wire Transfer,AR00005133,2026-02-10,11
5134,CR-2026-005134,2026-02-18,73,,25967.68,ACH,AR00005134,2026-02-18,11
5135,CR-2026-005135,2026-02-19,74,,4915.79,Wire Transfer,AR00005135,2026-02-21,11
5136,CR-2026-005136,2026-02-14,75,,4994.46,Wire Transfer,AR00005136,2026-02-15,11
5137,CR-2026-005137,2026-02-10,76,,1462.52,ACH,AR00005137,2026-02-11,115
5138,CR-2026-005138,2026-02-06,77,,260.69,Wire Transfer,AR00005138,2026-02-07,98
5139,CR-2026-005139,2026-02-12,78,,21315.13,Wire Transfer,AR00005139,2026-02-12,11
5140,CR-2026-005140,2026-02-11,79,12937.0,3498.83,Credit Card,AR00005140,2026-02-12,115
5141,CR-2026-005141,2026-02-13,80,,1743.59,Credit Card,AR00005141,2026-02-13,115
5142,CR-2026-005142,2026-02-12,81,,14203.51,Wire Transfer,AR00005142,2026-02-14,98
5143,CR-2026-005143,2026-02-20,82,,5890.86,Wire Transfer,AR00005143,2026-02-21,115
5144,CR-2026-005144,2026-02-20,83,,5760.18,Check,AR00005144,2026-02-20,115
5145,CR-2026-005145,2026-02-17,84,,9353.1,ACH,AR00005145,2026-02-18,98
5146,CR-2026-005146,2026-02-13,85,13068.0,1504.41,Credit Card,AR00005146,2026-02-15,98
5147,CR-2026-005147,2026-02-20,86,,38232.67,ACH,AR00005147,2026-02-22,11
5148,CR-2026-005148,2026-02-20,87,,44506.47,ACH,AR00005148,2026-02-21,98
5149,CR-2026-005149,2026-02-13,88,,18236.24,Credit Card,AR00005149,2026-02-15,115
5150,CR-2026-005150,2026-02-14,89,,196.94,Credit Card,AR00005150,2026-02-16,98
5151,CR-2026-005151,2026-02-10,90,,11268.02,Wire Transfer,AR00005151,2026-02-11,98
5152,CR-2026-005152,2026-02-22,92,14293.0,209.09,Credit Card,AR00005152,2026-02-22,11
5153,CR-2026-005153,2026-02-12,93,,1420.0,Credit Card,AR00005153,2026-02-12,115
5154,CR-2026-005154,2026-02-13,94,,84.35,Credit Card,AR00005154,2026-02-15,115
5155,CR-2026-005155,2026-02-11,95,,42053.32,Wire Transfer,AR00005155,2026-02-13,115
5156,CR-2026-005156,2026-02-03,96,,1175.24,Check,AR00005156,2026-02-05,115
5157,CR-2026-005157,2026-02-13,97,,537.33,Credit Card,AR00005157,2026-02-15,98
5158,CR-2026-005158,2026-02-13,98,,37761.66,Wire Transfer,AR00005158,2026-02-13,98
5159,CR-2026-005159,2026-02-16,99,,13864.7,Check,AR00005159,2026-02-18,98
5160,CR-2026-005160,2026-02-10,100,,1675.65,ACH,AR00005160,2026-02-10,98
5161,CR-2026-005161,2026-02-20,101,,11907.08,ACH,AR00005161,2026-02-21,11
5162,CR-2026-005162,2026-02-12,102,,6740.02,ACH,AR00005162,2026-02-12,98
5163,CR-2026-005163,2026-02-11,103,,127.85,Credit Card,AR00005163,2026-02-13,11
5164,CR-2026-005164,2026-02-03,104,,3678.04,Wire Transfer,AR00005164,2026-02-03,98
5165,CR-2026-005165,2026-02-12,105,,44082.0,Credit Card,AR00005165,2026-02-13,98
5166,CR-2026-005166,2026-02-10,106,,32934.72,Wire Transfer,AR00005166,2026-02-10,98
5167,CR-2026-005167,2026-02-10,107,13579.0,279.6,Credit Card,AR00005167,2026-02-12,98
5168,CR-2026-005168,2026-02-20,108,,3468.79,Check,AR00005168,2026-02-21,11
5169,CR-2026-005169,2026-02-07,109,,10178.08,Credit Card,AR00005169,2026-02-08,115
5170,CR-2026-005170,2026-02-10,110,,25731.04,ACH,AR00005170,2026-02-11,11
5171,CR-2026-005171,2026-02-06,111,,0.26,Check,AR00005171,2026-02-08,98
5172,CR-2026-005172,2026-02-20,112,,1645.99,Credit Card,AR00005172,2026-02-22,11
5173,CR-2026-005173,2026-02-10,113,,3493.03,Credit Card,AR00005173,2026-02-11,11
5174,CR-2026-005174,2026-02-10,114,,1514.42,Wire Transfer,AR00005174,2026-02-11,115
5175,CR-2026-005175,2026-02-11,115,,30243.72,Credit Card,AR00005175,2026-02-12,98
5176,CR-2026-005176,2026-02-10,116,,10584.08,Wire Transfer,AR00005176,2026-02-12,11
5177,CR-2026-005177,2026-02-18,118,,18577.86,Check,AR00005177,2026-02-20,115
5178,CR-2026-005178,2026-02-18,119,,12241.34,Credit Card,AR00005178,2026-02-20,11
5179,CR-2026-005179,2026-02-14,120,,1158.67,Credit Card,AR00005179,2026-02-15,115
5180,CR-2026-005180,2026-02-13,121,,5713.42,Credit Card,AR00005180,2026-02-13,11
5181,CR-2026-005181,2026-02-03,122,,1809.64,Check,AR00005181,2026-02-03,98
5182,CR-2026-005182,2026-02-20,123,,2905.04,Wire Transfer,AR00005182,2026-02-21,115
5183,CR-2026-005183,2026-02-20,124,,10549.76,Wire Transfer,AR00005183,2026-02-21,115
5184,CR-2026-005184,2026-02-16,125,,24875.45,Check,AR00005184,2026-02-16,11
5185,CR-2026-005185,2026-02-13,126,,6124.08,Credit Card,AR00005185,2026-02-14,98
5186,CR-2026-005186,2026-02-13,127,,544.53,Credit Card,AR00005186,2026-02-15,98
5187,CR-2026-005187,2026-02-12,128,,31573.59,Wire Transfer,AR00005187,2026-02-13,115
5188,CR-2026-005188,2026-02-13,129,,29160.51,Check,AR00005188,2026-02-15,11
5189,CR-2026-005189,2026-02-24,130,,1355.1,ACH,AR00005189,2026-02-25,11
5190,CR-2026-005190,2026-02-07,131,,3066.35,Wire Transfer,AR00005190,2026-02-08,98
5191,CR-2026-005191,2026-02-07,132,,1011.87,ACH,AR00005191,2026-02-08,11
5192,CR-2026-005192,2026-02-24,133,,4406.77,ACH,AR00005192,2026-02-26,98
5193,CR-2026-005193,2026-02-12,134,,351.45,Credit Card,AR00005193,2026-02-12,11
5194,CR-2026-005194,2026-02-13,135,,9439.99,Credit Card,AR00005194,2026-02-15,98
5195,CR-2026-005195,2026-02-19,136,,17865.92,Credit Card,AR00005195,2026-02-20,98
5196,CR-2026-005196,2026-02-11,137,,10081.33,Wire Transfer,AR00005196,2026-02-12,115
5197,CR-2026-005197,2026-02-11,138,,30520.51,Credit Card,AR00005197,2026-02-12,115
5198,CR-2026-005198,2026-02-19,139,,4430.0,ACH,AR00005198,2026-02-21,11
5199,CR-2026-005199,2026-02-23,139,,72086.85,Credit Card,AR00005199,2026-02-25,11
5200,CR-2026-005200,2026-02-20,140,,10780.81,Wire Transfer,AR00005200,2026-02-21,98
5201,CR-2026-005201,2026-02-14,141,,40265.71,Wire Transfer,AR00005201,2026-02-15,115
5202,CR-2026-005202,2026-02-19,142,,3211.26,ACH,AR00005202,2026-02-19,98
5203,CR-2026-005203,2026-02-16,143,,7884.07,Check,AR00005203,2026-02-18,11
5204,CR-2026-005204,2026-02-08,144,,6752.32,Wire Transfer,AR00005204,2026-02-08,115
5205,CR-2026-005205,2026-02-20,145,,9306.7,Credit Card,AR00005205,2026-02-20,11
5206,CR-2026-005206,2026-02-20,146,,5736.38,Credit Card,AR00005206,2026-02-20,98
5207,CR-2026-005207,2026-02-14,147,,2713.29,Check,AR00005207,2026-02-16,11
5208,CR-2026-005208,2026-02-23,148,14240.0,721.42,Credit Card,AR00005208,2026-02-24,11
5209,CR-2026-005209,2026-02-10,149,13290.0,704.7,ACH,AR00005209,2026-02-11,11
5210,CR-2026-005210,2026-02-04,150,,384.03,ACH,AR00005210,2026-02-06,115
5211,CR-2026-005211,2026-02-17,151,,3075.15,Credit Card,AR00005211,2026-02-18,11
5212,CR-2026-005212,2026-02-18,152,,33386.88,Credit Card,AR00005212,2026-02-18,11
5213,CR-2026-005213,2026-02-13,153,,1120.17,Check,AR00005213,2026-02-14,115
5214,CR-2026-005214,2026-02-09,154,,177.87,Credit Card,AR00005214,2026-02-11,115
5215,CR-2026-005215,2026-02-05,155,,171.71,Check,AR00005215,2026-02-05,11
5216,CR-2026-005216,2026-02-10,156,,23187.7,Wire Transfer,AR00005216,2026-02-11,115
5217,CR-2026-005217,2026-02-19,157,,7277.3,ACH,AR00005217,2026-02-20,11
5218,CR-2026-005218,2026-02-23,158,,2350.94,Wire Transfer,AR00005218,2026-02-25,11
5219,CR-2026-005219,2026-02-12,159,,26386.15,ACH,AR00005219,2026-02-14,11
5220,CR-2026-005220,2026-02-10,160,13517.0,502.85,ACH,AR00005220,2026-02-12,115
5221,CR-2026-005221,2026-02-16,161,,39772.13,Credit Card,AR00005221,2026-02-17,115
5222,CR-2026-005222,2026-02-14,162,,25685.47,Wire Transfer,AR00005222,2026-02-14,98
5223,CR-2026-005223,2026-02-24,163,14498.0,852.17,Check,AR00005223,2026-02-25,98
5224,CR-2026-005224,2026-02-17,164,,4685.27,Check,AR00005224,2026-02-18,11
5225,CR-2026-005225,2026-02-11,165,,1875.45,Wire Transfer,AR00005225,2026-02-11,115
5226,CR-2026-005226,2026-02-10,166,,4380.02,Credit Card,AR00005226,2026-02-12,11
5227,CR-2026-005227,2026-02-10,167,12382.0,26.42,Wire Transfer,AR00005227,2026-02-11,115
5228,CR-2026-005228,2026-02-05,168,,0.49,ACH,AR00005228,2026-02-06,115
5229,CR-2026-005229,2026-02-13,169,,46066.29,Check,AR00005229,2026-02-13,11
5230,CR-2026-005230,2026-02-18,170,,2985.13,Check,AR00005230,2026-02-19,98
5231,CR-2026-005231,2026-02-20,171,,9972.59,Wire Transfer,AR00005231,2026-02-20,11
5232,CR-2026-005232,2026-02-10,172,,50422.42,Check,AR00005232,2026-02-11,11
5233,CR-2026-005233,2026-02-10,173,,12648.07,Wire Transfer,AR00005233,2026-02-11,11
5234,CR-2026-005234,2026-02-10,174,,8043.21,Wire Transfer,AR00005234,2026-02-10,11
5235,CR-2026-005235,2026-02-21,175,13796.0,1587.18,ACH,AR00005235,2026-02-23,11
5236,CR-2026-005236,2026-02-08,176,,99.1,Wire Transfer,AR00005236,2026-02-08,11
5237,CR-2026-005237,2026-02-13,177,,15973.31,Wire Transfer,AR00005237,2026-02-14,98
5238,CR-2026-005238,2026-02-19,178,,2262.66,Wire Transfer,AR00005238,2026-02-19,11
5239,CR-2026-005239,2026-02-20,179,,21730.79,Credit Card,AR00005239,2026-02-20,98
5240,CR-2026-005240,2026-02-17,180,,50601.53,ACH,AR00005240,2026-02-19,98
5241,CR-2026-005241,2026-02-20,181,,20057.43,Wire Transfer,AR00005241,2026-02-22,98
5242,CR-2026-005242,2026-02-17,182,,6867.5,Credit Card,AR00005242,2026-02-18,11
5243,CR-2026-005243,2026-02-19,183,,2760.77,Wire Transfer,AR00005243,2026-02-19,11
5244,CR-2026-005244,2026-02-22,184,,4197.63,Wire Transfer,AR00005244,2026-02-23,115
5245,CR-2026-005245,2026-02-11,185,,15622.63,Check,AR00005245,2026-02-12,115
5246,CR-2026-005246,2026-02-18,186,,6636.67,Check,AR00005246,2026-02-20,11
5247,CR-2026-005247,2026-02-14,187,,12279.71,Credit Card,AR00005247,2026-02-16,98
5248,CR-2026-005248,2026-02-07,188,,3156.49,Check,AR00005248,2026-02-07,98
5249,CR-2026-005249,2026-02-14,189,,11208.6,ACH,AR00005249,2026-02-14,11
5250,CR-2026-005250,2026-02-13,190,,7618.85,Credit Card,AR00005250,2026-02-15,98
5251,CR-2026-005251,2026-02-12,191,,7476.54,Wire Transfer,AR00005251,2026-02-13,11
5252,CR-2026-005252,2026-02-16,192,,10921.43,ACH,AR00005252,2026-02-18,115
5253,CR-2026-005253,2026-02-12,193,,10404.6,ACH,AR00005253,2026-02-14,115
5254,CR-2026-005254,2026-02-17,194,,19872.11,Check,AR00005254,2026-02-19,98
5255,CR-2026-005255,2026-02-16,195,13540.0,21668.8,ACH,AR00005255,2026-02-18,11
5256,CR-2026-005256,2026-02-08,196,,2030.51,Check,AR00005256,2026-02-08,115
5257,CR-2026-005257,2026-02-10,197,,4335.25,ACH,AR00005257,2026-02-10,11
5258,CR-2026-005258,2026-02-10,198,,1880.42,Check,AR00005258,2026-02-12,115
5259,CR-2026-005259,2026-02-14,199,,3715.57,ACH,AR00005259,2026-02-16,98
5260,CR-2026-005260,2026-02-13,200,,18192.52,ACH,AR00005260,2026-02-14,11
5261,CR-2026-005261,2026-02-16,201,,489.28,Check,AR00005261,2026-02-16,115
5262,CR-2026-005262,2026-02-12,202,,37951.24,ACH,AR00005262,2026-02-13,115
5263,CR-2026-005263,2026-02-16,203,,2995.88,Wire Transfer,AR00005263,2026-02-17,98
5264,CR-2026-005264,2026-02-13,204,,3738.0,Check,AR00005264,2026-02-15,115
5265,CR-2026-005265,2026-02-14,205,,36958.03,ACH,AR00005265,2026-02-16,115
5266,CR-2026-005266,2026-02-11,206,,16421.87,Wire Transfer,AR00005266,2026-02-11,11
5267,CR-2026-005267,2026-02-13,207,,6482.76,Credit Card,AR00005267,2026-02-14,11
5268,CR-2026-005268,2026-02-18,208,,30329.57,Wire Transfer,AR00005268,2026-02-18,11
5269,CR-2026-005269,2026-02-12,209,,33134.8,Wire Transfer,AR00005269,2026-02-13,98
5270,CR-2026-005270,2026-02-11,210,,8257.71,ACH,AR00005270,2026-02-12,98
5271,CR-2026-005271,2026-02-19,211,,19823.95,Check,AR00005271,2026-02-21,98
5272,CR-2026-005272,2026-03-19,6,,2758.87,ACH,DEP00005272,2026-03-19,98
5273,CR-2026-005273,2026-03-31,5,14590.0,2255.85,ACH,DEP00005273,2026-03-31,115
5274,CR-2026-005274,2026-03-23,96,,1694.51,Credit Card,DEP00005274,2026-03-23,115
5275,CR-2026-005275,2026-03-26,156,,5294.2,Credit Card,DEP00005275,2026-03-26,11
5276,CR-2026-005276,2026-03-13,1,,41072.0,ACH,AR00005276,2026-03-13,11
5277,CR-2026-005277,2026-03-14,2,,2342.73,Wire Transfer,AR00005277,2026-03-14,11
5278,CR-2026-005278,2026-03-06,3,,0.55,Credit Card,AR00005278,2026-03-08,115
5279,CR-2026-005279,2026-03-11,4,,37370.01,ACH,AR00005279,2026-03-11,11
5280,CR-2026-005280,2026-03-16,5,,17205.78,Credit Card,AR00005280,2026-03-16,98
5281,CR-2026-005281,2026-03-23,6,,2026.51,Wire Transfer,AR00005281,2026-03-25,115
5282,CR-2026-005282,2026-03-20,7,,38403.64,Credit Card,AR00005282,2026-03-22,115
5283,CR-2026-005283,2026-03-11,8,,2862.3,Credit Card,AR00005283,2026-03-13,98
5284,CR-2026-005284,2026-03-12,9,,22238.56,Credit Card,AR00005284,2026-03-14,115
5285,CR-2026-005285,2026-03-12,10,,15306.55,Credit Card,AR00005285,2026-03-14,11
5286,CR-2026-005286,2026-03-17,12,,9337.43,Check,AR00005286,2026-03-19,98
5287,CR-2026-005287,2026-03-14,13,,2732.11,Credit Card,AR00005287,2026-03-14,11
5288,CR-2026-005288,2026-03-14,14,,244.79,Wire Transfer,AR00005288,2026-03-15,115
5289,CR-2026-005289,2026-03-12,15,,7351.44,Credit Card,AR00005289,2026-03-12,115
5290,CR-2026-005290,2026-03-10,16,14151.0,2955.62,Check,AR00005290,2026-03-11,115
5291,CR-2026-005291,2026-03-17,17,,5751.75,Check,AR00005291,2026-03-17,11
5292,CR-2026-005292,2026-03-12,18,,8256.04,Credit Card,AR00005292,2026-03-14,11
5293,CR-2026-005293,2026-03-06,19,,983.57,Credit Card,AR00005293,2026-03-06,98
5294,CR-2026-005294,2026-03-20,20,,41450.31,ACH,AR00005294,2026-03-22,98
5295,CR-2026-005295,2026-03-06,21,,5330.73,Wire Transfer,AR00005295,2026-03-08,115
5296,CR-2026-005296,2026-03-12,22,,25171.4,Wire Transfer,AR00005296,2026-03-13,11
5297,CR-2026-005297,2026-03-14,23,,10301.06,Check,AR00005297,2026-03-16,98
5298,CR-2026-005298,2026-03-11,24,,20300.68,Wire Transfer,AR00005298,2026-03-13,115
5299,CR-2026-005299,2026-03-11,25,,2627.95,Credit Card,AR00005299,2026-03-11,98
5300,CR-2026-005300,2026-03-12,26,,31458.6,Wire Transfer,AR00005300,2026-03-13,11
5301,CR-2026-005301,2026-03-11,27,,304.68,Credit Card,AR00005301,2026-03-12,98
5302,CR-2026-005302,2026-03-24,28,,1406.37,Check,AR00005302,2026-03-25,98
5303,CR-2026-005303,2026-03-17,29,,5996.32,Credit Card,AR00005303,2026-03-19,115
5304,CR-2026-005304,2026-03-12,30,,4740.21,Credit Card,AR00005304,2026-03-14,11
5305,CR-2026-005305,2026-03-17,31,,13965.91,Wire Transfer,AR00005305,2026-03-17,115
5306,CR-2026-005306,2026-03-13,32,,10764.14,Wire Transfer,AR00005306,2026-03-15,11
5307,CR-2026-005307,2026-03-06,33,,2639.48,Check,AR00005307,2026-03-07,115
5308,CR-2026-005308,2026-03-12,34,,35572.81,Credit Card,AR00005308,2026-03-14,98
5309,CR-2026-005309,2026-03-20,35,,3123.31,Wire Transfer,AR00005309,2026-03-22,115
5310,CR-2026-005310,2026-03-18,36,,5096.42,Check,AR00005310,2026-03-19,11
5311,CR-2026-005311,2026-03-19,37,,9348.94,Credit Card,AR00005311,2026-03-21,11
5312,CR-2026-005312,2026-03-18,38,,17237.24,Wire Transfer,AR00005312,2026-03-20,11
5313,CR-2026-005313,2026-03-17,39,,14011.35,ACH,AR00005313,2026-03-17,98
5314,CR-2026-005314,2026-03-08,40,,13.04,Wire Transfer,AR00005314,2026-03-09,98
5315,CR-2026-005315,2026-03-12,41,,5699.12,Credit Card,AR00005315,2026-03-14,98
5316,CR-2026-005316,2026-03-20,42,,11712.75,Check,AR00005316,2026-03-20,98
5317,CR-2026-005317,2026-03-20,43,,13716.19,Check,AR00005317,2026-03-20,98
5318,CR-2026-005318,2026-03-12,44,,15541.53,Check,AR00005318,2026-03-14,11
5319,CR-2026-005319,2026-03-20,46,,17580.08,Check,AR00005319,2026-03-20,98
5320,CR-2026-005320,2026-03-10,47,,565.19,Check,AR00005320,2026-03-10,98
5321,CR-2026-005321,2026-03-20,48,,7768.58,Check,AR00005321,2026-03-20,115
5322,CR-2026-005322,2026-03-11,49,,3947.6,Credit Card,AR00005322,2026-03-13,115
5323,CR-2026-005323,2026-03-13,50,,643.16,Credit Card,AR00005323,2026-03-13,98
5324,CR-2026-005324,2026-03-14,51,,22453.6,Credit Card,AR00005324,2026-03-14,115
5325,CR-2026-005325,2026-03-16,52,,6377.99,ACH,AR00005325,2026-03-18,11
5326,CR-2026-005326,2026-03-14,53,,3667.57,Wire Transfer,AR00005326,2026-03-16,11
5327,CR-2026-005327,2026-03-11,54,,2107.55,Wire Transfer,AR00005327,2026-03-12,98
5328,CR-2026-005328,2026-03-10,55,,14516.62,ACH,AR00005328,2026-03-10,98
5329,CR-2026-005329,2026-03-20,56,,8640.57,Credit Card,AR00005329,2026-03-21,98
5330,CR-2026-005330,2026-03-23,57,,340.51,Credit Card,AR00005330,2026-03-24,11
5331,CR-2026-005331,2026-03-08,58,13213.0,145.88,Check,AR00005331,2026-03-10,98
5332,CR-2026-005332,2026-03-17,59,,4350.76,Credit Card,AR00005332,2026-03-19,115
5333,CR-2026-005333,2026-03-12,60,,22517.81,Credit Card,AR00005333,2026-03-12,11
5334,CR-2026-005334,2026-03-17,61,,7313.94,Check,AR00005334,2026-03-19,11
5335,CR-2026-005335,2026-03-11,62,,10496.58,ACH,AR00005335,2026-03-13,11
5336,CR-2026-005336,2026-03-13,63,,1405.89,Wire Transfer,AR00005336,2026-03-15,98
5337,CR-2026-005337,2026-03-10,64,13974.0,320.24,Credit Card,AR00005337,2026-03-11,115
5338,CR-2026-005338,2026-03-12,65,,15068.63,Wire Transfer,AR00005338,2026-03-13,11
5339,CR-2026-005339,2026-03-16,66,,3310.32,Check,AR00005339,2026-03-18,98
5340,CR-2026-005340,2026-03-17,67,,14875.61,Wire Transfer,AR00005340,2026-03-18,115
5341,CR-2026-005341,2026-03-12,68,,24497.67,ACH,AR00005341,2026-03-12,11
5342,CR-2026-005342,2026-03-10,69,,9328.95,Wire Transfer,AR00005342,2026-03-11,98
5343,CR-2026-005343,2026-03-08,70,,997.03,Wire Transfer,AR00005343,2026-03-10,11
5344,CR-2026-005344,2026-03-14,71,,24963.82,ACH,AR00005344,2026-03-14,98
5345,CR-2026-005345,2026-03-17,72,,6737.63,ACH,AR00005345,2026-03-19,115
5346,CR-2026-005346,2026-03-11,73,,26354.53,ACH,AR00005346,2026-03-12,11
5347,CR-2026-005347,2026-03-11,74,,5201.29,Credit Card,AR00005347,2026-03-12,115
5348,CR-2026-005348,2026-03-11,75,,2855.23,Check,AR00005348,2026-03-12,115
5349,CR-2026-005349,2026-03-16,76,,2525.09,ACH,AR00005349,2026-03-16,115
5350,CR-2026-005350,2026-03-06,77,,20.46,Credit Card,AR00005350,2026-03-08,98
5351,CR-2026-005351,2026-03-10,78,,25662.92,Check,AR00005351,2026-03-11,115
5352,CR-2026-005352,2026-03-08,79,,2012.53,Credit Card,AR00005352,2026-03-09,115
5353,CR-2026-005353,2026-03-14,80,,3677.32,Check,AR00005353,2026-03-15,115
5354,CR-2026-005354,2026-03-10,81,,7490.87,ACH,AR00005354,2026-03-11,11
5355,CR-2026-005355,2026-03-18,82,,15324.89,Credit Card,AR00005355,2026-03-18,98
5356,CR-2026-005356,2026-03-17,83,,21209.07,Check,AR00005356,2026-03-17,11
5357,CR-2026-005357,2026-03-07,84,,5162.04,Wire Transfer,AR00005357,2026-03-07,11
5358,CR-2026-005358,2026-03-09,85,,1308.73,Credit Card,AR00005358,2026-03-11,11
5359,CR-2026-005359,2026-03-13,86,,23894.45,Credit Card,AR00005359,2026-03-15,11
5360,CR-2026-005360,2026-03-13,87,,53882.18,Credit Card,AR00005360,2026-03-13,11
5361,CR-2026-005361,2026-03-11,88,14067.0,6535.57,ACH,AR00005361,2026-03-13,11
5362,CR-2026-005362,2026-03-06,89,,407.15,Wire Transfer,AR00005362,2026-03-08,11
5363,CR-2026-005363,2026-03-13,90,,6965.66,ACH,AR00005363,2026-03-15,11
5364,CR-2026-005364,2026-03-21,91,,481.0,Check,AR00005364,2026-03-23,98
5365,CR-2026-005365,2026-03-21,92,,208.41,Credit Card,AR00005365,2026-03-21,11
5366,CR-2026-005366,2026-03-12,93,,521.09,Check,AR00005366,2026-03-14,115
5367,CR-2026-005367,2026-03-06,94,,8.12,Wire Transfer,AR00005367,2026-03-07,115
5368,CR-2026-005368,2026-03-11,95,,18552.02,Wire Transfer,AR00005368,2026-03-12,115
5369,CR-2026-005369,2026-03-18,96,,9545.18,ACH,AR00005369,2026-03-18,115
5370,CR-2026-005370,2026-03-08,97,,50.6,Check,AR00005370,2026-03-10,11
5371,CR-2026-005371,2026-03-17,98,,49974.57,Wire Transfer,AR00005371,2026-03-17,11
5372,CR-2026-005372,2026-03-13,99,,6776.21,Check,AR00005372,2026-03-14,11
5373,CR-2026-005373,2026-03-16,100,,6566.9,Wire Transfer,AR00005373,2026-03-18,115
5374,CR-2026-005374,2026-03-11,101,,6041.74,Credit Card,AR00005374,2026-03-12,115
5375,CR-2026-005375,2026-03-11,102,,4224.81,Wire Transfer,AR00005375,2026-03-13,11
5376,CR-2026-005376,2026-03-06,103,,14.48,ACH,AR00005376,2026-03-07,115
5377,CR-2026-005377,2026-03-18,104,,16963.08,ACH,AR00005377,2026-03-20,98
5378,CR-2026-005378,2026-03-10,105,,21817.71,Check,AR00005378,2026-03-11,11
5379,CR-2026-005379,2026-03-18,106,,28599.25,Check,AR00005379,2026-03-20,115
5380,CR-2026-005380,2026-03-23,106,,53159.5,ACH,AR00005380,2026-03-25,98
5381,CR-2026-005381,2026-03-07,107,,1419.13,Wire Transfer,AR00005381,2026-03-08,98
5382,CR-2026-005382,2026-03-20,108,,12711.99,Credit Card,AR00005382,2026-03-20,115
5383,CR-2026-005383,2026-03-19,109,,32137.19,Credit Card,AR00005383,2026-03-20,98
5384,CR-2026-005384,2026-03-20,110,,36834.79,Check,AR00005384,2026-03-20,11
5385,CR-2026-005385,2026-03-11,112,,663.54,ACH,AR00005385,2026-03-12,11
5386,CR-2026-005386,2026-03-17,113,,10897.48,Credit Card,AR00005386,2026-03-19,11
5387,CR-2026-005387,2026-03-18,114,,5186.66,Credit Card,AR00005387,2026-03-18,115
5388,CR-2026-005388,2026-03-14,115,,29548.57,Wire Transfer,AR00005388,2026-03-14,11
5389,CR-2026-005389,2026-03-10,116,,13223.88,Check,AR00005389,2026-03-11,115
5390,CR-2026-005390,2026-03-04,117,,778.1,Check,AR00005390,2026-03-05,98
5391,CR-2026-005391,2026-03-10,118,14191.0,10262.51,Check,AR00005391,2026-03-10,115
5392,CR-2026-005392,2026-03-12,119,,8962.65,Check,AR00005392,2026-03-14,115
5393,CR-2026-005393,2026-03-19,120,,4841.34,Check,AR00005393,2026-03-20,98
5394,CR-2026-005394,2026-03-11,121,,9434.61,Check,AR00005394,2026-03-13,11
5395,CR-2026-005395,2026-03-19,122,,4329.46,Wire Transfer,AR00005395,2026-03-19,98
5396,CR-2026-005396,2026-03-14,123,,1103.83,ACH,AR00005396,2026-03-14,98
5397,CR-2026-005397,2026-03-11,124,,13765.29,Credit Card,AR00005397,2026-03-13,115
5398,CR-2026-005398,2026-03-12,125,,23944.91,Credit Card,AR00005398,2026-03-14,115
5399,CR-2026-005399,2026-03-14,126,,5798.08,Credit Card,AR00005399,2026-03-15,11
5400,CR-2026-005400,2026-03-03,127,13064.0,124.18,ACH,AR00005400,2026-03-04,115
5401,CR-2026-005401,2026-03-16,128,,41325.72,ACH,AR00005401,2026-03-16,11
5402,CR-2026-005402,2026-03-11,129,,30202.74,Credit Card,AR00005402,2026-03-13,98
5403,CR-2026-005403,2026-03-18,130,,9999.17,Wire Transfer,AR00005403,2026-03-18,11
5404,CR-2026-005404,2026-03-08,131,,2670.03,Check,AR00005404,2026-03-10,11
5405,CR-2026-005405,2026-03-19,132,13182.0,780.91,Wire Transfer,AR00005405,2026-03-20,11
5406,CR-2026-005406,2026-03-19,133,,35933.07,Check,AR00005406,2026-03-20,115
5407,CR-2026-005407,2026-03-23,134,14808.0,2328.22,Check,AR00005407,2026-03-24,11
5408,CR-2026-005408,2026-03-12,135,,13100.84,Wire Transfer,AR00005408,2026-03-13,11
5409,CR-2026-005409,2026-03-11,136,,40777.62,Check,AR00005409,2026-03-12,11
5410,CR-2026-005410,2026-03-11,137,,9464.36,ACH,AR00005410,2026-03-11,98
5411,CR-2026-005411,2026-03-11,138,,50267.67,Credit Card,AR00005411,2026-03-12,11
5412,CR-2026-005412,2026-03-12,139,,35249.45,ACH,AR00005412,2026-03-14,115
5413,CR-2026-005413,2026-03-19,140,,13560.27,Check,AR00005413,2026-03-21,11
5414,CR-2026-005414,2026-03-13,141,,29053.62,ACH,AR00005414,2026-03-15,11
5415,CR-2026-005415,2026-03-17,142,,6275.95,ACH,AR00005415,2026-03-19,98
5416,CR-2026-005416,2026-03-16,143,,10217.35,Credit Card,AR00005416,2026-03-18,115
5417,CR-2026-005417,2026-03-20,144,,11318.37,Credit Card,AR00005417,2026-03-21,115
5418,CR-2026-005418,2026-03-10,145,13664.0,3975.77,ACH,AR00005418,2026-03-12,98
5419,CR-2026-005419,2026-03-17,146,,12185.01,Check,AR00005419,2026-03-19,115
5420,CR-2026-005420,2026-03-19,147,,6754.24,Credit Card,AR00005420,2026-03-19,98
5421,CR-2026-005421,2026-03-19,148,,5978.3,ACH,AR00005421,2026-03-20,11
5422,CR-2026-005422,2026-03-06,149,,132.35,Wire Transfer,AR00005422,2026-03-07,11
5423,CR-2026-005423,2026-03-18,150,,5925.4,Check,AR00005423,2026-03-19,115
5424,CR-2026-005424,2026-03-17,151,,11357.71,Wire Transfer,AR00005424,2026-03-17,11
5425,CR-2026-005425,2026-03-10,152,,20823.66,Credit Card,AR00005425,2026-03-12,11
5426,CR-2026-005426,2026-03-14,153,,337.27,Credit Card,AR00005426,2026-03-16,115
5427,CR-2026-005427,2026-03-03,154,12866.0,8.15,Credit Card,AR00005427,2026-03-04,98
5428,CR-2026-005428,2026-03-16,155,,2094.71,Wire Transfer,AR00005428,2026-03-16,98
5429,CR-2026-005429,2026-03-14,156,,12730.42,Check,AR00005429,2026-03-16,98
5430,CR-2026-005430,2026-03-12,157,,3812.12,Credit Card,AR00005430,2026-03-12,11
5431,CR-2026-005431,2026-03-17,158,,7672.55,ACH,AR00005431,2026-03-19,115
5432,CR-2026-005432,2026-03-10,159,,34874.73,Credit Card,AR00005432,2026-03-12,11
5433,CR-2026-005433,2026-03-10,160,,64.86,Wire Transfer,AR00005433,2026-03-10,115
5434,CR-2026-005434,2026-03-12,161,,27689.55,Credit Card,AR00005434,2026-03-12,98
5435,CR-2026-005435,2026-03-13,162,,29238.77,ACH,AR00005435,2026-03-13,11
5436,CR-2026-005436,2026-03-19,163,,3326.89,ACH,AR00005436,2026-03-20,11
5437,CR-2026-005437,2026-03-11,164,,5616.12,ACH,AR00005437,2026-03-12,98
5438,CR-2026-005438,2026-03-08,165,12548.0,461.26,ACH,AR00005438,2026-03-09,115
5439,CR-2026-005439,2026-03-19,166,,17907.1,Credit Card,AR00005439,2026-03-20,98
5440,CR-2026-005440,2026-03-04,167,,730.42,Credit Card,AR00005440,2026-03-05,11
5441,CR-2026-005441,2026-03-12,169,,45966.84,Credit Card,AR00005441,2026-03-12,98
5442,CR-2026-005442,2026-03-12,170,,1078.58,Wire Transfer,AR00005442,2026-03-13,98
5443,CR-2026-005443,2026-03-14,171,,6065.98,Wire Transfer,AR00005443,2026-03-14,11
5444,CR-2026-005444,2026-03-11,172,,41652.55,ACH,AR00005444,2026-03-11,11
5445,CR-2026-005445,2026-03-20,173,,29925.25,Credit Card,AR00005445,2026-03-20,11
5446,CR-2026-005446,2026-03-09,174,,10420.57,Wire Transfer,AR00005446,2026-03-09,98
5447,CR-2026-005447,2026-03-19,175,,5629.35,Wire Transfer,AR00005447,2026-03-20,11
5448,CR-2026-005448,2026-03-07,176,,2966.73,Check,AR00005448,2026-03-08,98
5449,CR-2026-005449,2026-03-14,177,,23228.29,Credit Card,AR00005449,2026-03-16,98
5450,CR-2026-005450,2026-03-10,178,,1152.88,Wire Transfer,AR00005450,2026-03-11,98
5451,CR-2026-005451,2026-03-13,179,,48533.83,Wire Transfer,AR00005451,2026-03-13,115
5452,CR-2026-005452,2026-03-12,180,,50725.91,Credit Card,AR00005452,2026-03-12,11
5453,CR-2026-005453,2026-03-14,181,,12804.76,Wire Transfer,AR00005453,2026-03-15,115
5454,CR-2026-005454,2026-03-14,182,,3680.63,Wire Transfer,AR00005454,2026-03-14,11
5455,CR-2026-005455,2026-03-10,183,,5986.43,Wire Transfer,AR00005455,2026-03-11,11
5456,CR-2026-005456,2026-03-16,184,,15126.01,Wire Transfer,AR00005456,2026-03-17,98
5457,CR-2026-005457,2026-03-10,185,,3641.81,Check,AR00005457,2026-03-12,98
5458,CR-2026-005458,2026-03-07,186,,5635.3,ACH,AR00005458,2026-03-08,11
5459,CR-2026-005459,2026-03-20,187,,23119.62,Check,AR00005459,2026-03-20,98
5460,CR-2026-005460,2026-03-17,188,,15080.64,Credit Card,AR00005460,2026-03-18,98
5461,CR-2026-005461,2026-03-12,189,,12410.2,Wire Transfer,AR00005461,2026-03-12,98
5462,CR-2026-005462,2026-03-20,190,,15673.69,ACH,AR00005462,2026-03-22,115
5463,CR-2026-005463,2026-03-19,191,,16798.81,Credit Card,AR00005463,2026-03-21,115
5464,CR-2026-005464,2026-03-11,192,,11635.13,Check,AR00005464,2026-03-13,115
5465,CR-2026-005465,2026-03-20,193,,14416.88,ACH,AR00005465,2026-03-20,115
5466,CR-2026-005466,2026-03-12,194,,12127.48,Wire Transfer,AR00005466,2026-03-12,115
5467,CR-2026-005467,2026-03-14,195,,35283.57,Wire Transfer,AR00005467,2026-03-15,98
5468,CR-2026-005468,2026-03-10,196,,1257.59,Check,AR00005468,2026-03-12,11
5469,CR-2026-005469,2026-03-13,197,,6068.01,ACH,AR00005469,2026-03-13,98
5470,CR-2026-005470,2026-03-18,198,,15331.84,ACH,AR00005470,2026-03-20,11
5471,CR-2026-005471,2026-03-07,199,,1043.69,Check,AR00005471,2026-03-08,98
5472,CR-2026-005472,2026-03-10,200,,14622.1,Wire Transfer,AR00005472,2026-03-11,115
5473,CR-2026-005473,2026-03-14,201,,143.53,Wire Transfer,AR00005473,2026-03-16,98
5474,CR-2026-005474,2026-03-13,202,,30939.7,Check,AR00005474,2026-03-14,115
5475,CR-2026-005475,2026-03-11,203,,7116.59,Credit Card,AR00005475,2026-03-13,115
5476,CR-2026-005476,2026-03-06,204,,1476.26,Check,AR00005476,2026-03-07,98
5477,CR-2026-005477,2026-03-10,205,,50221.82,Credit Card,AR00005477,2026-03-11,98
5478,CR-2026-005478,2026-03-11,206,,12599.33,Wire Transfer,AR00005478,2026-03-12,98
5479,CR-2026-005479,2026-03-10,207,,6619.38,Credit Card,AR00005479,2026-03-10,98
5480,CR-2026-005480,2026-03-11,208,,25614.6,Check,AR00005480,2026-03-13,98
5481,CR-2026-005481,2026-03-12,209,,18157.77,Wire Transfer,AR00005481,2026-03-12,98
5482,CR-2026-005482,2026-03-10,210,,1802.34,Wire Transfer,AR00005482,2026-03-10,11
5483,CR-2026-005483,2026-03-13,211,,29621.51,Credit Card,AR00005483,2026-03-15,115
5484,CR-2026-005484,2026-04-26,87,,2689.36,Check,DEP00005484,2026-04-26,115
5485,CR-2026-005485,2026-04-18,106,,1622.8,Wire Transfer,DEP00005485,2026-04-18,98
5486,CR-2026-005486,2026-04-15,177,,1439.18,Wire Transfer,DEP00005486,2026-04-15,98
5487,CR-2026-005487,2026-04-14,1,,34019.51,ACH,AR00005487,2026-04-16,11
5488,CR-2026-005488,2026-04-10,2,13824.0,655.18,Credit Card,AR00005488,2026-04-10,115
5489,CR-2026-005489,2026-04-04,3,,0.01,Check,AR00005489,2026-04-04,11
5490,CR-2026-005490,2026-04-14,4,,27386.23,ACH,AR00005490,2026-04-16,115
5491,CR-2026-005491,2026-04-20,5,,27506.34,Wire Transfer,AR00005491,2026-04-20,11
5492,CR-2026-005492,2026-04-19,6,,10249.19,Wire Transfer,AR00005492,2026-04-20,115
5493,CR-2026-005493,2026-04-10,7,,35475.38,ACH,AR00005493,2026-04-11,115
5494,CR-2026-005494,2026-04-10,8,,799.21,Wire Transfer,AR00005494,2026-04-10,98
5495,CR-2026-005495,2026-04-13,9,,9945.67,Check,AR00005495,2026-04-14,11
5496,CR-2026-005496,2026-04-12,10,,11304.34,Credit Card,AR00005496,2026-04-12,98
5497,CR-2026-005497,2026-04-23,11,,976.22,Check,AR00005497,2026-04-25,115
5498,CR-2026-005498,2026-04-10,12,,10594.67,Credit Card,AR00005498,2026-04-12,98
5499,CR-2026-005499,2026-04-16,13,,6502.18,Credit Card,AR00005499,2026-04-17,115
5500,CR-2026-005500,2026-04-09,14,13821.0,12.75,Wire Transfer,AR00005500,2026-04-11,115
5501,CR-2026-005501,2026-04-06,15,,4600.86,ACH,AR00005501,2026-04-06,11
5502,CR-2026-005502,2026-04-12,16,,267.19,Wire Transfer,AR00005502,2026-04-14,115
5503,CR-2026-005503,2026-04-13,17,,8044.48,Check,AR00005503,2026-04-13,115
5504,CR-2026-005504,2026-04-07,18,,5433.38,Wire Transfer,AR00005504,2026-04-09,11
5505,CR-2026-005505,2026-04-24,19,15413.0,1728.31,ACH,AR00005505,2026-04-24,11
5506,CR-2026-005506,2026-04-10,20,,44004.01,Wire Transfer,AR00005506,2026-04-11,11
5507,CR-2026-005507,2026-04-19,21,,16786.13,Credit Card,AR00005507,2026-04-21,98
5508,CR-2026-005508,2026-04-13,22,,18776.56,Wire Transfer,AR00005508,2026-04-14,11
5509,CR-2026-005509,2026-04-10,23,,14524.58,Check,AR00005509,2026-04-11,98
5510,CR-2026-005510,2026-04-14,24,,15994.66,Wire Transfer,AR00005510,2026-04-15,98
5511,CR-2026-005511,2026-04-07,25,,1389.87,ACH,AR00005511,2026-04-09,11
5512,CR-2026-005512,2026-04-14,26,,36000.71,ACH,AR00005512,2026-04-14,98
5513,CR-2026-005513,2026-04-18,27,,1340.98,Credit Card,AR00005513,2026-04-19,11
5514,CR-2026-005514,2026-04-16,28,,5108.09,Credit Card,AR00005514,2026-04-18,115
5515,CR-2026-005515,2026-04-18,29,,10828.94,Credit Card,AR00005515,2026-04-18,98
5516,CR-2026-005516,2026-04-13,30,,9179.51,Check,AR00005516,2026-04-14,115
5517,CR-2026-005517,2026-04-10,31,,5356.18,Credit Card,AR00005517,2026-04-12,98
5518,CR-2026-005518,2026-04-06,32,,7397.57,ACH,AR00005518,2026-04-06,11
5519,CR-2026-005519,2026-04-17,33,,10968.8,Wire Transfer,AR00005519,2026-04-18,98
5520,CR-2026-005520,2026-04-19,34,,36595.55,Credit Card,AR00005520,2026-04-20,115
5521,CR-2026-005521,2026-04-25,34,,27175.03,Wire Transfer,AR00005521,2026-04-27,115
5522,CR-2026-005522,2026-04-12,35,,1911.55,Credit Card,AR00005522,2026-04-13,11
5523,CR-2026-005523,2026-04-13,36,,11704.89,Credit Card,AR00005523,2026-04-14,115
5524,CR-2026-005524,2026-04-14,37,,4467.85,Check,AR00005524,2026-04-14,11
5525,CR-2026-005525,2026-04-18,38,,24307.07,Credit Card,AR00005525,2026-04-19,11
5526,CR-2026-005526,2026-04-10,39,,4833.54,Wire Transfer,AR00005526,2026-04-10,98
5527,CR-2026-005527,2026-04-04,40,,966.43,Check,AR00005527,2026-04-04,115
5528,CR-2026-005528,2026-04-12,41,,3097.72,Credit Card,AR00005528,2026-04-12,11
5529,CR-2026-005529,2026-04-12,42,,10645.58,Credit Card,AR00005529,2026-04-14,98
5530,CR-2026-005530,2026-04-13,43,,9599.17,ACH,AR00005530,2026-04-13,98
5531,CR-2026-005531,2026-04-08,44,,8895.97,ACH,AR00005531,2026-04-10,98
5532,CR-2026-005532,2026-04-05,45,,1420.27,ACH,AR00005532,2026-04-06,115
5533,CR-2026-005533,2026-04-11,46,,5346.98,Check,AR00005533,2026-04-11,98
5534,CR-2026-005534,2026-04-10,47,,191.05,Credit Card,AR00005534,2026-04-10,11
5535,CR-2026-005535,2026-04-13,48,,9360.25,Credit Card,AR00005535,2026-04-13,115
5536,CR-2026-005536,2026-04-08,49,,2762.45,Credit Card,AR00005536,2026-04-08,11
5537,CR-2026-005537,2026-04-17,50,,2197.44,Wire Transfer,AR00005537,2026-04-17,98
5538,CR-2026-005538,2026-04-07,51,,12922.81,Credit Card,AR00005538,2026-04-09,11
5539,CR-2026-005539,2026-04-14,52,,5920.1,Credit Card,AR00005539,2026-04-15,115
5540,CR-2026-005540,2026-04-14,53,,692.41,Check,AR00005540,2026-04-16,98
5541,CR-2026-005541,2026-04-12,54,,649.77,Check,AR00005541,2026-04-12,11
5542,CR-2026-005542,2026-04-11,55,,13326.68,Check,AR00005542,2026-04-12,115
5543,CR-2026-005543,2026-04-12,56,,8770.35,Credit Card,AR00005543,2026-04-13,115
5544,CR-2026-005544,2026-04-18,57,14886.0,2267.41,ACH,AR00005544,2026-04-18,11
5545,CR-2026-005545,2026-04-05,58,,7.73,Credit Card,AR00005545,2026-04-05,11
5546,CR-2026-005546,2026-04-16,59,,9077.76,ACH,AR00005546,2026-04-16,98
5547,CR-2026-005547,2026-04-12,60,,10936.2,Check,AR00005547,2026-04-14,11
5548,CR-2026-005548,2026-04-10,61,,2153.12,Wire Transfer,AR00005548,2026-04-11,98
5549,CR-2026-005549,2026-04-20,62,,23776.3,ACH,AR00005549,2026-04-21,11
5550,CR-2026-005550,2026-04-20,63,,2770.89,Wire Transfer,AR00005550,2026-04-21,115
5551,CR-2026-005551,2026-04-06,64,,44.58,Check,AR00005551,2026-04-08,115
5552,CR-2026-005552,2026-04-06,65,,4424.01,ACH,AR00005552,2026-04-06,115
5553,CR-2026-005553,2026-04-19,66,15223.0,5309.33,Credit Card,AR00005553,2026-04-19,11
5554,CR-2026-005554,2026-04-13,67,,16040.12,Wire Transfer,AR00005554,2026-04-14,115
5555,CR-2026-005555,2026-04-10,68,,7017.01,ACH,AR00005555,2026-04-12,115
5556,CR-2026-005556,2026-04-18,69,14246.0,3091.29,Wire Transfer,AR00005556,2026-04-18,98
5557,CR-2026-005557,2026-04-16,70,,9297.67,ACH,AR00005557,2026-04-18,98
5558,CR-2026-005558,2026-04-14,71,,25935.88,Credit Card,AR00005558,2026-04-15,98
5559,CR-2026-005559,2026-04-14,72,,15785.46,ACH,AR00005559,2026-04-15,115
5560,CR-2026-005560,2026-04-12,73,,35075.41,Wire Transfer,AR00005560,2026-04-14,11
5561,CR-2026-005561,2026-04-20,74,,6960.67,Wire Transfer,AR00005561,2026-04-22,98
5562,CR-2026-005562,2026-04-19,75,,13401.35,Wire Transfer,AR00005562,2026-04-20,98
5563,CR-2026-005563,2026-04-13,76,14469.0,813.8,Check,AR00005563,2026-04-14,98
5564,CR-2026-005564,2026-04-04,77,,2.3,Credit Card,AR00005564,2026-04-06,115
5565,CR-2026-005565,2026-04-10,78,,38125.76,Wire Transfer,AR00005565,2026-04-10,98
5566,CR-2026-005566,2026-04-20,79,,15852.38,Check,AR00005566,2026-04-20,11
5567,CR-2026-005567,2026-04-16,80,,13000.49,Check,AR00005567,2026-04-16,115
5568,CR-2026-005568,2026-04-13,81,,2630.37,ACH,AR00005568,2026-04-13,115
5569,CR-2026-005569,2026-04-13,82,,7904.44,Credit Card,AR00005569,2026-04-15,98
5570,CR-2026-005570,2026-04-13,83,,24742.97,ACH,AR00005570,2026-04-14,11
5571,CR-2026-005571,2026-04-20,84,,16177.4,ACH,AR00005571,2026-04-20,11
5572,CR-2026-005572,2026-04-16,85,14883.0,4691.08,Check,AR00005572,2026-04-16,11
5573,CR-2026-005573,2026-04-19,86,,25969.12,Credit Card,AR00005573,2026-04-21,11
5574,CR-2026-005574,2026-04-13,87,,42942.66,Credit Card,AR00005574,2026-04-15,115
5575,CR-2026-005575,2026-04-06,88,,1458.49,Wire Transfer,AR00005575,2026-04-07,11
5576,CR-2026-005576,2026-04-19,89,,3295.84,ACH,AR00005576,2026-04-21,11
5577,CR-2026-005577,2026-04-10,90,,6260.58,Credit Card,AR00005577,2026-04-12,98
5578,CR-2026-005578,2026-04-16,91,,4211.28,Check,AR00005578,2026-04-17,98
5579,CR-2026-005579,2026-04-22,92,,1683.44,ACH,AR00005579,2026-04-22,115
5580,CR-2026-005580,2026-04-11,93,,128.91,ACH,AR00005580,2026-04-11,115
5581,CR-2026-005581,2026-04-04,94,,0.04,Wire Transfer,AR00005581,2026-04-05,98
5582,CR-2026-005582,2026-04-09,95,,5291.06,Wire Transfer,AR00005582,2026-04-10,98
5583,CR-2026-005583,2026-04-14,96,,21363.54,ACH,AR00005583,2026-04-15,115
5584,CR-2026-005584,2026-04-06,97,,392.96,ACH,AR00005584,2026-04-06,98
5585,CR-2026-005585,2026-04-13,98,,26832.36,Check,AR00005585,2026-04-15,98
5586,CR-2026-005586,2026-04-13,99,,2757.55,ACH,AR00005586,2026-04-15,115
5587,CR-2026-005587,2026-04-12,100,,4245.0,ACH,AR00005587,2026-04-12,11
5588,CR-2026-005588,2026-04-18,101,,6786.14,Wire Transfer,AR00005588,2026-04-18,11
5589,CR-2026-005589,2026-04-20,102,,5601.77,Credit Card,AR00005589,2026-04-20,11
5590,CR-2026-005590,2026-04-05,103,,0.07,ACH,AR00005590,2026-04-07,11
5591,CR-2026-005591,2026-04-11,104,,12184.81,Check,AR00005591,2026-04-12,115
5592,CR-2026-005592,2026-04-13,105,,23703.51,Check,AR00005592,2026-04-13,115
5593,CR-2026-005593,2026-04-13,106,,33631.92,ACH,AR00005593,2026-04-13,98
5594,CR-2026-005594,2026-04-22,106,,66374.55,Check,AR00005594,2026-04-22,11
5595,CR-2026-005595,2026-04-18,107,,8500.33,Credit Card,AR00005595,2026-04-19,115
5596,CR-2026-005596,2026-04-12,108,,4529.0,Credit Card,AR00005596,2026-04-14,98
5597,CR-2026-005597,2026-04-11,109,,29500.17,Credit Card,AR00005597,2026-04-13,11
5598,CR-2026-005598,2026-04-14,110,,23046.97,Check,AR00005598,2026-04-14,115
5599,CR-2026-005599,2026-04-11,112,14542.0,110.82,Credit Card,AR00005599,2026-04-11,115
5600,CR-2026-005600,2026-04-13,113,,7742.18,Wire Transfer,AR00005600,2026-04-15,115
5601,CR-2026-005601,2026-04-10,114,,2831.79,Check,AR00005601,2026-04-11,98
5602,CR-2026-005602,2026-04-10,115,14865.0,12226.21,ACH,AR00005602,2026-04-11,98
5603,CR-2026-005603,2026-04-13,116,,17707.24,Wire Transfer,AR00005603,2026-04-14,11
5604,CR-2026-005604,2026-04-16,117,,2887.56,Check,AR00005604,2026-04-16,115
5605,CR-2026-005605,2026-04-10,118,,10501.84,ACH,AR00005605,2026-04-10,11
5606,CR-2026-005606,2026-04-12,119,,4756.47,Wire Transfer,AR00005606,2026-04-13,98
5607,CR-2026-005607,2026-04-11,120,,3549.52,Check,AR00005607,2026-04-11,115
5608,CR-2026-005608,2026-04-17,121,,13001.47,Check,AR00005608,2026-04-17,98
5609,CR-2026-005609,2026-04-14,122,,3099.59,Credit Card,AR00005609,2026-04-14,98
5610,CR-2026-005610,2026-04-11,124,,12260.35,ACH,AR00005610,2026-04-11,98
5611,CR-2026-005611,2026-04-14,125,,12012.58,Check,AR00005611,2026-04-14,98
5612,CR-2026-005612,2026-04-11,126,,3844.94,Check,AR00005612,2026-04-12,98
5613,CR-2026-005613,2026-04-04,127,,494.96,Check,AR00005613,2026-04-05,98
5614,CR-2026-005614,2026-04-14,128,,32785.69,Check,AR00005614,2026-04-15,11
5615,CR-2026-005615,2026-04-13,129,,34290.86,ACH,AR00005615,2026-04-15,115
5616,CR-2026-005616,2026-04-20,130,,29178.87,Credit Card,AR00005616,2026-04-22,11
5617,CR-2026-005617,2026-04-11,131,,3461.14,Wire Transfer,AR00005617,2026-04-11,115
5618,CR-2026-005618,2026-04-13,132,,2580.29,Credit Card,AR00005618,2026-04-13,98
5619,CR-2026-005619,2026-04-10,133,,16235.14,ACH,AR00005619,2026-04-11,115
5620,CR-2026-005620,2026-04-20,134,,8769.51,Credit Card,AR00005620,2026-04-22,98
5621,CR-2026-005621,2026-04-13,135,,23681.17,Credit Card,AR00005621,2026-04-15,98
5622,CR-2026-005622,2026-04-13,136,,20571.13,Wire Transfer,AR00005622,2026-04-14,115
5623,CR-2026-005623,2026-04-19,136,,45106.71,ACH,AR00005623,2026-04-21,115
5624,CR-2026-005624,2026-04-18,137,,24018.4,Wire Transfer,AR00005624,2026-04-18,11
5625,CR-2026-005625,2026-04-12,138,,67437.58,Credit Card,AR00005625,2026-04-12,11
5626,CR-2026-005626,2026-04-22,138,,3086.75,Check,AR00005626,2026-04-22,11
5627,CR-2026-005627,2026-04-07,139,,12585.17,Credit Card,AR00005627,2026-04-07,98
5628,CR-2026-005628,2026-04-14,140,,22802.03,Credit Card,AR00005628,2026-04-16,11
5629,CR-2026-005629,2026-04-16,141,,44151.43,Credit Card,AR00005629,2026-04-16,11
5630,CR-2026-005630,2026-04-11,142,,4423.93,Check,AR00005630,2026-04-11,98
5631,CR-2026-005631,2026-04-10,143,,4676.61,Credit Card,AR00005631,2026-04-12,115
5632,CR-2026-005632,2026-04-10,144,,4313.2,Check,AR00005632,2026-04-12,11
5633,CR-2026-005633,2026-04-08,145,,4939.12,ACH,AR00005633,2026-04-08,11
5634,CR-2026-005634,2026-04-12,146,,5616.14,Credit Card,AR00005634,2026-04-14,11
5635,CR-2026-005635,2026-04-20,147,,8110.43,Credit Card,AR00005635,2026-04-22,11
5636,CR-2026-005636,2026-04-12,148,,3786.98,Credit Card,AR00005636,2026-04-14,98
5637,CR-2026-005637,2026-04-14,149,,244.56,ACH,AR00005637,2026-04-16,11
5638,CR-2026-005638,2026-04-18,150,,6545.42,Check,AR00005638,2026-04-20,115
5639,CR-2026-005639,2026-04-20,151,,25417.68,Wire Transfer,AR00005639,2026-04-20,98
5640,CR-2026-005640,2026-04-13,152,,23640.2,Wire Transfer,AR00005640,2026-04-15,98
5641,CR-2026-005641,2026-04-20,153,,617.78,Credit Card,AR00005641,2026-04-22,115
5642,CR-2026-005642,2026-04-06,154,,0.48,Check,AR00005642,2026-04-06,98
5643,CR-2026-005643,2026-04-16,155,,4822.56,Credit Card,AR00005643,2026-04-16,98
5644,CR-2026-005644,2026-04-14,156,,20732.55,Wire Transfer,AR00005644,2026-04-14,11
5645,CR-2026-005645,2026-04-17,157,,3870.69,Wire Transfer,AR00005645,2026-04-19,98
5646,CR-2026-005646,2026-04-19,158,,14895.32,Credit Card,AR00005646,2026-04-19,115
5647,CR-2026-005647,2026-04-14,159,,14714.02,Wire Transfer,AR00005647,2026-04-16,98
5648,CR-2026-005648,2026-04-05,160,,0.32,Credit Card,AR00005648,2026-04-05,11
5649,CR-2026-005649,2026-04-10,161,,21206.9,ACH,AR00005649,2026-04-11,115
5650,CR-2026-005650,2026-04-10,162,,30136.62,ACH,AR00005650,2026-04-11,115
5651,CR-2026-005651,2026-04-14,163,,786.65,Check,AR00005651,2026-04-15,98
5652,CR-2026-005652,2026-04-11,164,,2039.21,Credit Card,AR00005652,2026-04-11,98
5653,CR-2026-005653,2026-04-04,165,,83.25,Credit Card,AR00005653,2026-04-04,115
5654,CR-2026-005654,2026-04-14,166,,14753.99,Check,AR00005654,2026-04-14,11
5655,CR-2026-005655,2026-04-16,167,,6481.26,Credit Card,AR00005655,2026-04-16,115
5656,CR-2026-005656,2026-04-06,168,,301.87,Check,AR00005656,2026-04-08,98
5657,CR-2026-005657,2026-04-11,169,,29447.27,Wire Transfer,AR00005657,2026-04-11,98
5658,CR-2026-005658,2026-04-09,170,13734.0,115.67,Credit Card,AR00005658,2026-04-10,98
5659,CR-2026-005659,2026-04-16,171,,9420.25,ACH,AR00005659,2026-04-17,11
5660,CR-2026-005660,2026-04-14,172,,35208.23,Wire Transfer,AR00005660,2026-04-16,11
5661,CR-2026-005661,2026-04-11,173,,54053.73,Credit Card,AR00005661,2026-04-12,98
5662,CR-2026-005662,2026-04-10,174,,10604.31,ACH,AR00005662,2026-04-10,115
5663,CR-2026-005663,2026-04-11,175,,6406.87,Credit Card,AR00005663,2026-04-12,11
5664,CR-2026-005664,2026-04-20,176,,27388.88,Wire Transfer,AR00005664,2026-04-20,11
5665,CR-2026-005665,2026-04-11,177,,11895.06,Credit Card,AR00005665,2026-04-12,11
5666,CR-2026-005666,2026-04-13,178,,853.39,Check,AR00005666,2026-04-15,115
5667,CR-2026-005667,2026-04-12,179,,25806.36,Check,AR00005667,2026-04-12,98
5668,CR-2026-005668,2026-04-10,180,,26708.01,Wire Transfer,AR00005668,2026-04-10,11
5669,CR-2026-005669,2026-04-16,181,,12609.96,ACH,AR00005669,2026-04-18,115
5670,CR-2026-005670,2026-04-09,182,,1396.66,Credit Card,AR00005670,2026-04-10,115
5671,CR-2026-005671,2026-04-10,183,,4597.49,Wire Transfer,AR00005671,2026-04-11,11
5672,CR-2026-005672,2026-04-10,184,,38080.72,Check,AR00005672,2026-04-11,115
5673,CR-2026-005673,2026-04-06,185,,2706.06,Credit Card,AR00005673,2026-04-07,98
5674,CR-2026-005674,2026-04-17,186,,23448.91,Check,AR00005674,2026-04-17,98
5675,CR-2026-005675,2026-04-11,187,,21495.71,ACH,AR00005675,2026-04-11,98
5676,CR-2026-005676,2026-04-19,188,,35505.13,Wire Transfer,AR00005676,2026-04-21,115
5677,CR-2026-005677,2026-04-20,189,,23537.01,Check,AR00005677,2026-04-22,98
5678,CR-2026-005678,2026-04-13,190,,8702.09,Wire Transfer,AR00005678,2026-04-14,115
5679,CR-2026-005679,2026-04-14,191,,26031.35,ACH,AR00005679,2026-04-15,115
5680,CR-2026-005680,2026-04-19,192,,22358.41,Wire Transfer,AR00005680,2026-04-20,115
5681,CR-2026-005681,2026-04-10,193,,25595.46,Credit Card,AR00005681,2026-04-12,11
5682,CR-2026-005682,2026-04-14,194,,13031.4,Credit Card,AR00005682,2026-04-15,98
5683,CR-2026-005683,2026-04-14,195,,26376.56,ACH,AR00005683,2026-04-15,115
5684,CR-2026-005684,2026-04-12,196,14486.0,418.75,Check,AR00005684,2026-04-14,115
5685,CR-2026-005685,2026-04-11,197,,2068.63,Credit Card,AR00005685,2026-04-11,11
5686,CR-2026-005686,2026-04-14,198,,12947.94,Check,AR00005686,2026-04-16,11
5687,CR-2026-005687,2026-04-04,199,,3039.02,Wire Transfer,AR00005687,2026-04-05,98
5688,CR-2026-005688,2026-04-16,200,,25772.24,Check,AR00005688,2026-04-18,98
5689,CR-2026-005689,2026-04-22,200,,35780.86,Credit Card,AR00005689,2026-04-22,98
5690,CR-2026-005690,2026-04-09,201,,13.93,ACH,AR00005690,2026-04-09,115
5691,CR-2026-005691,2026-04-12,202,,35452.42,Credit Card,AR00005691,2026-04-12,98
5692,CR-2026-005692,2026-04-11,203,,10686.59,Check,AR00005692,2026-04-11,98
5693,CR-2026-005693,2026-04-12,204,,1420.29,ACH,AR00005693,2026-04-12,98
5694,CR-2026-005694,2026-04-10,205,,43697.97,ACH,AR00005694,2026-04-11,11
5695,CR-2026-005695,2026-04-14,206,,5000.9,ACH,AR00005695,2026-04-15,11
5696,CR-2026-005696,2026-04-11,207,,2197.71,Wire Transfer,AR00005696,2026-04-13,98
5697,CR-2026-005697,2026-04-12,208,,43437.19,Credit Card,AR00005697,2026-04-13,115
5698,CR-2026-005698,2026-04-14,209,,7002.55,Check,AR00005698,2026-04-15,11
5699,CR-2026-005699,2026-04-10,210,13794.0,392.4,ACH,AR00005699,2026-04-12,115
5700,CR-2026-005700,2026-04-10,211,,28219.27,Check,AR00005700,2026-04-10,11
5701,CR-2026-005701,2026-05-20,95,,2247.99,Wire Transfer,DEP00005701,2026-05-20,11
5702,CR-2026-005702,2026-05-16,182,,2139.05,ACH,DEP00005702,2026-05-16,98
5703,CR-2026-005703,2026-05-10,125,,1146.25,Credit Card,DEP00005703,2026-05-10,115
5704,CR-2026-005704,2026-05-12,19,15413.0,2057.35,Wire Transfer,DEP00005704,2026-05-12,11
5705,CR-2026-005705,2026-05-25,189,,1327.54,ACH,DEP00005705,2026-05-25,98
5706,CR-2026-005706,2026-05-11,1,,48160.81,Wire Transfer,AR00005706,2026-05-11,11
5707,CR-2026-005707,2026-05-06,2,13824.0,107.35,Wire Transfer,AR00005707,2026-05-07,98
5708,CR-2026-005708,2026-05-23,3,,996.85,Credit Card,AR00005708,2026-05-25,115
5709,CR-2026-005709,2026-05-18,4,,53352.71,Wire Transfer,AR00005709,2026-05-20,115
5710,CR-2026-005710,2026-05-11,5,,9297.48,Check,AR00005710,2026-05-11,115
5711,CR-2026-005711,2026-05-19,6,,13895.15,Credit Card,AR00005711,2026-05-19,115
5712,CR-2026-005712,2026-05-11,7,,17245.62,ACH,AR00005712,2026-05-12,115
5713,CR-2026-005713,2026-05-19,8,,1704.06,Wire Transfer,AR00005713,2026-05-19,115
5714,CR-2026-005714,2026-05-06,9,,10686.48,Wire Transfer,AR00005714,2026-05-07,11
5715,CR-2026-005715,2026-05-11,10,,7463.67,Check,AR00005715,2026-05-13,115
5716,CR-2026-005716,2026-05-19,11,15910.0,3816.37,Check,AR00005716,2026-05-21,115
5717,CR-2026-005717,2026-05-10,12,,4620.81,ACH,AR00005717,2026-05-10,98
5718,CR-2026-005718,2026-05-14,13,,6120.58,Credit Card,AR00005718,2026-05-16,115
5719,CR-2026-005719,2026-05-04,14,13821.0,0.37,Check,AR00005719,2026-05-05,115
5720,CR-2026-005720,2026-05-10,15,,5395.17,Credit Card,AR00005720,2026-05-12,11
5721,CR-2026-005721,2026-05-12,16,,1250.74,Check,AR00005721,2026-05-13,11
5722,CR-2026-005722,2026-05-12,17,,12941.75,Credit Card,AR00005722,2026-05-12,115
5723,CR-2026-005723,2026-05-20,18,,14126.61,Wire Transfer,AR00005723,2026-05-22,98
5724,CR-2026-005724,2026-05-19,19,,6599.02,ACH,AR00005724,2026-05-20,98
5725,CR-2026-005725,2026-05-11,20,,54110.68,Credit Card,AR00005725,2026-05-11,11
5726,CR-2026-005726,2026-05-10,21,,39325.04,ACH,AR00005726,2026-05-12,98
5727,CR-2026-005727,2026-05-11,22,,7619.0,Credit Card,AR00005727,2026-05-13,98
5728,CR-2026-005728,2026-05-12,23,,8956.95,Wire Transfer,AR00005728,2026-05-12,11
5729,CR-2026-005729,2026-05-10,24,,14418.65,Check,AR00005729,2026-05-10,11
5730,CR-2026-005730,2026-05-19,25,,6577.75,Wire Transfer,AR00005730,2026-05-20,11
5731,CR-2026-005731,2026-05-10,26,,41680.97,Wire Transfer,AR00005731,2026-05-10,11
5732,CR-2026-005732,2026-05-11,27,,2447.46,ACH,AR00005732,2026-05-12,115
5733,CR-2026-005733,2026-05-13,28,,1944.39,Credit Card,AR00005733,2026-05-14,115
5734,CR-2026-005734,2026-05-13,29,,9147.01,Wire Transfer,AR00005734,2026-05-15,115
5735,CR-2026-005735,2026-05-13,30,15494.0,3880.0,Credit Card,AR00005735,2026-05-13,98
5736,CR-2026-005736,2026-05-10,31,,7528.69,ACH,AR00005736,2026-05-11,11
5737,CR-2026-005737,2026-05-16,32,,28034.08,Wire Transfer,AR00005737,2026-05-18,11
5738,CR-2026-005738,2026-05-12,33,,18058.13,Check,AR00005738,2026-05-14,115
5739,CR-2026-005739,2026-05-12,34,,45491.39,ACH,AR00005739,2026-05-13,115
5740,CR-2026-005740,2026-05-13,35,,635.06,ACH,AR00005740,2026-05-13,11
5741,CR-2026-005741,2026-05-14,36,,10768.66,Credit Card,AR00005741,2026-05-14,115
5742,CR-2026-005742,2026-05-09,37,14205.0,1246.88,ACH,AR00005742,2026-05-10,11
5743,CR-2026-005743,2026-05-11,38,,12496.09,ACH,AR00005743,2026-05-13,115
5744,CR-2026-005744,2026-05-10,39,,1463.18,Credit Card,AR00005744,2026-05-11,115
5745,CR-2026-005745,2026-05-18,40,,6707.65,ACH,AR00005745,2026-05-20,115
5746,CR-2026-005746,2026-05-20,41,,6140.37,Wire Transfer,AR00005746,2026-05-21,115
5747,CR-2026-005747,2026-05-12,42,,11544.48,Wire Transfer,AR00005747,2026-05-14,11
5748,CR-2026-005748,2026-05-10,43,,3187.91,Credit Card,AR00005748,2026-05-10,115
5749,CR-2026-005749,2026-05-12,44,,4562.69,Check,AR00005749,2026-05-13,11
5750,CR-2026-005750,2026-05-18,45,,3392.56,Wire Transfer,AR00005750,2026-05-20,98
5751,CR-2026-005751,2026-05-14,46,,5654.11,Wire Transfer,AR00005751,2026-05-15,98
5752,CR-2026-005752,2026-05-10,47,,166.98,ACH,AR00005752,2026-05-12,11
5753,CR-2026-005753,2026-05-11,48,,7574.0,ACH,AR00005753,2026-05-11,115
5754,CR-2026-005754,2026-05-18,49,,11726.04,Wire Transfer,AR00005754,2026-05-20,115
5755,CR-2026-005755,2026-05-14,50,,1356.4,Credit Card,AR00005755,2026-05-15,11
5756,CR-2026-005756,2026-05-10,51,,28393.11,ACH,AR00005756,2026-05-11,11
5757,CR-2026-005757,2026-05-13,52,,6361.9,ACH,AR00005757,2026-05-15,98
5758,CR-2026-005758,2026-05-17,53,,1122.24,Credit Card,AR00005758,2026-05-17,98
5759,CR-2026-005759,2026-05-06,54,,119.11,Check,AR00005759,2026-05-08,115
5760,CR-2026-005760,2026-05-11,55,,25467.85,ACH,AR00005760,2026-05-11,115
5761,CR-2026-005761,2026-05-11,56,,3620.39,Credit Card,AR00005761,2026-05-11,98
5762,CR-2026-005762,2026-05-14,57,,5075.84,Credit Card,AR00005762,2026-05-16,115
5763,CR-2026-005763,2026-05-07,58,,0.04,Credit Card,AR00005763,2026-05-08,98
5764,CR-2026-005764,2026-05-12,59,,4201.66,Credit Card,AR00005764,2026-05-12,11
5765,CR-2026-005765,2026-05-13,60,,4503.71,Wire Transfer,AR00005765,2026-05-14,98
5766,CR-2026-005766,2026-05-10,61,,392.63,Credit Card,AR00005766,2026-05-12,11
5767,CR-2026-005767,2026-05-12,62,,15573.28,Wire Transfer,AR00005767,2026-05-12,98
5768,CR-2026-005768,2026-05-14,63,,964.15,ACH,AR00005768,2026-05-14,98
5769,CR-2026-005769,2026-05-06,64,13974.0,0.21,Check,AR00005769,2026-05-07,11
5770,CR-2026-005770,2026-05-06,65,,3189.74,Wire Transfer,AR00005770,2026-05-06,11
5771,CR-2026-005771,2026-05-14,66,,1620.04,ACH,AR00005771,2026-05-15,11
5772,CR-2026-005772,2026-05-13,67,,7394.87,ACH,AR00005772,2026-05-15,98
5773,CR-2026-005773,2026-05-06,68,,7883.68,ACH,AR00005773,2026-05-06,11
5774,CR-2026-005774,2026-05-07,69,14246.0,1296.54,Wire Transfer,AR00005774,2026-05-07,11
5775,CR-2026-005775,2026-05-13,70,,12020.73,Wire Transfer,AR00005775,2026-05-14,115
5776,CR-2026-005776,2026-05-20,71,,52426.23,Credit Card,AR00005776,2026-05-22,11
5777,CR-2026-005777,2026-05-10,72,,13871.72,Credit Card,AR00005777,2026-05-12,98
5778,CR-2026-005778,2026-05-13,73,,16218.99,Check,AR00005778,2026-05-15,98
5779,CR-2026-005779,2026-05-14,74,,10658.98,Credit Card,AR00005779,2026-05-16,11
5780,CR-2026-005780,2026-05-13,75,,6855.64,Wire Transfer,AR00005780,2026-05-13,11
5781,CR-2026-005781,2026-05-10,76,,108.55,Check,AR00005781,2026-05-11,115
5782,CR-2026-005782,2026-05-07,77,,0.18,Wire Transfer,AR00005782,2026-05-08,11
5783,CR-2026-005783,2026-05-11,78,,38526.79,ACH,AR00005783,2026-05-13,98
5784,CR-2026-005784,2026-05-10,79,14860.0,6289.54,Wire Transfer,AR00005784,2026-05-11,98
5785,CR-2026-005785,2026-05-16,80,,17649.96,Credit Card,AR00005785,2026-05-16,11
5786,CR-2026-005786,2026-05-06,81,,1366.61,Credit Card,AR00005786,2026-05-08,115
5787,CR-2026-005787,2026-05-20,82,,14617.05,ACH,AR00005787,2026-05-20,11
5788,CR-2026-005788,2026-05-14,83,,18253.04,ACH,AR00005788,2026-05-16,98
5789,CR-2026-005789,2026-05-11,84,,25933.14,Check,AR00005789,2026-05-12,115
5790,CR-2026-005790,2026-05-11,85,,5776.9,Credit Card,AR00005790,2026-05-11,11
5791,CR-2026-005791,2026-05-12,86,,24609.51,Wire Transfer,AR00005791,2026-05-13,11
5792,CR-2026-005792,2026-05-13,87,,41360.07,ACH,AR00005792,2026-05-15,115
5793,CR-2026-005793,2026-05-11,88,14988.0,229.24,Credit Card,AR00005793,2026-05-13,98
5794,CR-2026-005794,2026-05-10,89,,1526.48,ACH,AR00005794,2026-05-11,98
5795,CR-2026-005795,2026-05-18,90,15470.0,22634.91,Credit Card,AR00005795,2026-05-18,11
5796,CR-2026-005796,2026-05-14,91,,2121.58,Check,AR00005796,2026-05-14,98
5797,CR-2026-005797,2026-05-19,92,,6244.29,Credit Card,AR00005797,2026-05-19,98
5798,CR-2026-005798,2026-05-08,93,14432.0,12.64,Wire Transfer,AR00005798,2026-05-08,11
5799,CR-2026-005799,2026-05-24,95,,812.31,ACH,AR00005799,2026-05-26,115
5800,CR-2026-005800,2026-05-18,96,,29840.25,Check,AR00005800,2026-05-19,98
5801,CR-2026-005801,2026-05-18,97,,3122.21,Check,AR00005801,2026-05-18,115
5802,CR-2026-005802,2026-05-10,98,,25982.38,Wire Transfer,AR00005802,2026-05-10,11
5803,CR-2026-005803,2026-05-17,99,,3454.99,Credit Card,AR00005803,2026-05-19,115
5804,CR-2026-005804,2026-05-10,100,,5890.78,Check,AR00005804,2026-05-10,115
5805,CR-2026-005805,2026-05-11,101,,4121.04,Check,AR00005805,2026-05-11,98
5806,CR-2026-005806,2026-05-14,102,,3260.35,Check,AR00005806,2026-05-16,98
5807,CR-2026-005807,2026-05-11,104,,4593.27,Credit Card,AR00005807,2026-05-12,11
5808,CR-2026-005808,2026-05-13,105,,31203.79,Credit Card,AR00005808,2026-05-15,11
5809,CR-2026-005809,2026-05-11,106,,74068.01,Check,AR00005809,2026-05-12,115
5810,CR-2026-005810,2026-05-22,106,15855.0,4075.5,Check,AR00005810,2026-05-22,115
5811,CR-2026-005811,2026-05-11,107,,13251.89,Credit Card,AR00005811,2026-05-13,115
5812,CR-2026-005812,2026-05-06,108,,4713.67,ACH,AR00005812,2026-05-06,11
5813,CR-2026-005813,2026-05-11,109,,16519.94,ACH,AR00005813,2026-05-13,115
5814,CR-2026-005814,2026-05-10,110,,18284.55,Check,AR00005814,2026-05-10,11
5815,CR-2026-005815,2026-05-10,113,,5228.74,Check,AR00005815,2026-05-10,11
5816,CR-2026-005816,2026-05-10,114,,1369.72,Check,AR00005816,2026-05-11,11
5817,CR-2026-005817,2026-05-08,115,,3185.96,Check,AR00005817,2026-05-09,11
5818,CR-2026-005818,2026-05-12,116,,17757.48,Check,AR00005818,2026-05-12,98
5819,CR-2026-005819,2026-05-14,117,,1264.8,Credit Card,AR00005819,2026-05-14,11
5820,CR-2026-005820,2026-05-10,118,,5691.75,Check,AR00005820,2026-05-11,115
5821,CR-2026-005821,2026-05-06,119,,4791.84,Check,AR00005821,2026-05-06,115
5822,CR-2026-005822,2026-05-17,120,,8504.7,ACH,AR00005822,2026-05-17,115
5823,CR-2026-005823,2026-05-11,121,,13427.27,Wire Transfer,AR00005823,2026-05-12,115
5824,CR-2026-005824,2026-05-14,122,,1265.25,Wire Transfer,AR00005824,2026-05-16,115
5825,CR-2026-005825,2026-05-22,123,,495.88,ACH,AR00005825,2026-05-23,115
5826,CR-2026-005826,2026-05-10,124,,12517.49,ACH,AR00005826,2026-05-11,98
5827,CR-2026-005827,2026-05-20,125,,21514.25,Credit Card,AR00005827,2026-05-21,11
5828,CR-2026-005828,2026-05-16,126,,10831.62,ACH,AR00005828,2026-05-16,115
5829,CR-2026-005829,2026-05-17,127,16096.0,4001.12,Check,AR00005829,2026-05-18,115
5830,CR-2026-005830,2026-05-12,128,,23620.5,Credit Card,AR00005830,2026-05-13,11
5831,CR-2026-005831,2026-05-11,129,,44705.32,Wire Transfer,AR00005831,2026-05-13,11
5832,CR-2026-005832,2026-05-11,130,,17105.62,Check,AR00005832,2026-05-13,115
5833,CR-2026-005833,2026-05-11,131,,2782.63,Credit Card,AR00005833,2026-05-13,11
5834,CR-2026-005834,2026-05-17,132,,5611.75,ACH,AR00005834,2026-05-19,115
5835,CR-2026-005835,2026-05-09,133,,5887.68,Check,AR00005835,2026-05-10,115
5836,CR-2026-005836,2026-05-14,134,,6573.33,Credit Card,AR00005836,2026-05-16,98
5837,CR-2026-005837,2026-05-13,135,,31383.3,ACH,AR00005837,2026-05-14,11
5838,CR-2026-005838,2026-05-12,136,,74477.86,Credit Card,AR00005838,2026-05-14,98
5839,CR-2026-005839,2026-05-20,136,,9387.49,Credit Card,AR00005839,2026-05-22,98
5840,CR-2026-005840,2026-05-10,137,,27664.28,Wire Transfer,AR00005840,2026-05-12,98
5841,CR-2026-005841,2026-05-11,138,,44233.68,Wire Transfer,AR00005841,2026-05-13,98
5842,CR-2026-005842,2026-05-19,139,,10525.21,Wire Transfer,AR00005842,2026-05-19,11
5843,CR-2026-005843,2026-05-12,140,,20656.17,Credit Card,AR00005843,2026-05-14,115
5844,CR-2026-005844,2026-05-11,141,,44708.54,Wire Transfer,AR00005844,2026-05-12,98
5845,CR-2026-005845,2026-05-20,142,,3669.87,ACH,AR00005845,2026-05-22,115
5846,CR-2026-005846,2026-05-06,143,,1120.77,Credit Card,AR00005846,2026-05-08,11
5847,CR-2026-005847,2026-05-09,144,,2574.78,Wire Transfer,AR00005847,2026-05-09,98
5848,CR-2026-005848,2026-05-11,145,,3218.39,Wire Transfer,AR00005848,2026-05-12,98
5849,CR-2026-005849,2026-05-13,146,,11590.68,Check,AR00005849,2026-05-14,98
5850,CR-2026-005850,2026-05-12,147,,3353.05,Credit Card,AR00005850,2026-05-14,115
5851,CR-2026-005851,2026-05-10,148,14264.0,1325.37,Check,AR00005851,2026-05-10,115
5852,CR-2026-005852,2026-05-18,149,,4362.04,Wire Transfer,AR00005852,2026-05-19,11
5853,CR-2026-005853,2026-05-14,150,,3114.78,ACH,AR00005853,2026-05-14,115
5854,CR-2026-005854,2026-05-12,151,,18208.24,ACH,AR00005854,2026-05-12,11
5855,CR-2026-005855,2026-05-11,152,,30912.61,Check,AR00005855,2026-05-12,98
5856,CR-2026-005856,2026-05-18,153,15487.0,5457.76,Wire Transfer,AR00005856,2026-05-20,98
5857,CR-2026-005857,2026-05-07,154,,1462.17,Check,AR00005857,2026-05-09,115
5858,CR-2026-005858,2026-05-12,155,,2420.36,Wire Transfer,AR00005858,2026-05-13,11
5859,CR-2026-005859,2026-05-10,156,,12845.99,Credit Card,AR00005859,2026-05-11,98
5860,CR-2026-005860,2026-05-12,157,,1025.66,Credit Card,AR00005860,2026-05-13,98
5861,CR-2026-005861,2026-05-11,158,,12231.79,Credit Card,AR00005861,2026-05-12,98
5862,CR-2026-005862,2026-05-06,159,,15519.93,Credit Card,AR00005862,2026-05-07,115
5863,CR-2026-005863,2026-05-03,160,,0.01,Wire Transfer,AR00005863,2026-05-05,98
5864,CR-2026-005864,2026-05-14,161,,26565.78,Check,AR00005864,2026-05-16,98
5865,CR-2026-005865,2026-05-12,162,,24373.65,Check,AR00005865,2026-05-12,11
5866,CR-2026-005866,2026-05-08,163,14532.0,121.49,Wire Transfer,AR00005866,2026-05-09,115
5867,CR-2026-005867,2026-05-19,164,15713.0,1224.77,Wire Transfer,AR00005867,2026-05-20,11
5868,CR-2026-005868,2026-05-06,165,12548.0,4.81,Wire Transfer,AR00005868,2026-05-08,98
5869,CR-2026-005869,2026-05-12,166,,6445.3,Wire Transfer,AR00005869,2026-05-12,115
5870,CR-2026-005870,2026-05-13,167,,7996.1,Check,AR00005870,2026-05-14,11
5871,CR-2026-005871,2026-05-20,168,,1959.53,Check,AR00005871,2026-05-21,115
5872,CR-2026-005872,2026-05-14,169,,21695.35,ACH,AR00005872,2026-05-15,115
5873,CR-2026-005873,2026-05-06,170,,11.66,Wire Transfer,AR00005873,2026-05-07,98
5874,CR-2026-005874,2026-05-14,171,,7388.88,Credit Card,AR00005874,2026-05-15,98
5875,CR-2026-005875,2026-05-12,172,,27623.82,Check,AR00005875,2026-05-12,11
5876,CR-2026-005876,2026-05-13,173,,58597.68,Wire Transfer,AR00005876,2026-05-15,11
5877,CR-2026-005877,2026-05-14,174,,12867.88,Credit Card,AR00005877,2026-05-14,98
5878,CR-2026-005878,2026-05-10,175,,5301.02,Credit Card,AR00005878,2026-05-12,11
5879,CR-2026-005879,2026-05-12,176,,21704.98,Check,AR00005879,2026-05-12,11
5880,CR-2026-005880,2026-05-08,177,,10058.96,Check,AR00005880,2026-05-10,98
5881,CR-2026-005881,2026-05-18,178,,5036.04,Credit Card,AR00005881,2026-05-19,11
5882,CR-2026-005882,2026-05-14,179,,34016.09,ACH,AR00005882,2026-05-15,115
5883,CR-2026-005883,2026-05-10,180,,13180.56,ACH,AR00005883,2026-05-12,115
5884,CR-2026-005884,2026-05-18,181,,27399.35,Check,AR00005884,2026-05-20,98
5885,CR-2026-005885,2026-05-21,182,,3426.31,ACH,AR00005885,2026-05-22,11
5886,CR-2026-005886,2026-05-11,183,,10075.89,Credit Card,AR00005886,2026-05-13,115
5887,CR-2026-005887,2026-05-14,184,,21328.06,ACH,AR00005887,2026-05-14,98
5888,CR-2026-005888,2026-05-17,185,,10914.27,Credit Card,AR00005888,2026-05-18,115
5889,CR-2026-005889,2026-05-10,186,,20453.75,Check,AR00005889,2026-05-11,11
5890,CR-2026-005890,2026-05-12,187,,19657.88,Check,AR00005890,2026-05-12,98
5891,CR-2026-005891,2026-05-12,188,,29835.82,ACH,AR00005891,2026-05-14,11
5892,CR-2026-005892,2026-05-13,189,,15499.58,Credit Card,AR00005892,2026-05-15,98
5893,CR-2026-005893,2026-05-12,190,,17482.12,ACH,AR00005893,2026-05-13,98
5894,CR-2026-005894,2026-05-10,191,,20070.8,Wire Transfer,AR00005894,2026-05-12,115
5895,CR-2026-005895,2026-05-10,192,,25630.98,Wire Transfer,AR00005895,2026-05-11,11
5896,CR-2026-005896,2026-05-13,193,,31186.89,Check,AR00005896,2026-05-15,11
5897,CR-2026-005897,2026-05-14,194,,13730.4,Credit Card,AR00005897,2026-05-15,98
5898,CR-2026-005898,2026-05-12,195,,10159.51,ACH,AR00005898,2026-05-13,115
5899,CR-2026-005899,2026-05-08,196,,123.4,Credit Card,AR00005899,2026-05-09,98
5900,CR-2026-005900,2026-05-07,197,,185.12,Wire Transfer,AR00005900,2026-05-07,98
5901,CR-2026-005901,2026-05-11,198,,15718.82,Wire Transfer,AR00005901,2026-05-12,115
5902,CR-2026-005902,2026-05-17,199,,35707.16,Credit Card,AR00005902,2026-05-18,11
5903,CR-2026-005903,2026-05-12,200,,36069.08,Wire Transfer,AR00005903,2026-05-12,11
5904,CR-2026-005904,2026-05-03,201,,2119.69,Credit Card,AR00005904,2026-05-03,115
5905,CR-2026-005905,2026-05-10,202,,31078.59,Credit Card,AR00005905,2026-05-11,98
5906,CR-2026-005906,2026-05-14,203,,16255.94,ACH,AR00005906,2026-05-14,11
5907,CR-2026-005907,2026-05-20,204,,6610.45,ACH,AR00005907,2026-05-21,11
5908,CR-2026-005908,2026-05-11,205,,51245.82,ACH,AR00005908,2026-05-11,11
5909,CR-2026-005909,2026-05-09,206,,4906.16,ACH,AR00005909,2026-05-11,115
5910,CR-2026-005910,2026-05-10,207,,108.19,ACH,AR00005910,2026-05-10,11
5911,CR-2026-005911,2026-05-17,208,,15392.04,Check,AR00005911,2026-05-18,98
5912,CR-2026-005912,2026-05-24,208,,64528.32,Wire Transfer,AR00005912,2026-05-25,115
5913,CR-2026-005913,2026-05-14,209,,14742.48,Credit Card,AR00005913,2026-05-15,98
5914,CR-2026-005914,2026-05-06,210,,227.66,Check,AR00005914,2026-05-06,115
5915,CR-2026-005915,2026-05-14,211,,36528.48,Credit Card,AR00005915,2026-05-15,98
5916,CR-2026-005916,2026-06-28,87,16193.0,1998.47,ACH,DEP00005916,2026-06-28,115
5917,CR-2026-005917,2026-06-13,19,,3545.46,Check,DEP00005917,2026-06-13,115
5918,CR-2026-005918,2026-06-30,141,15661.0,1534.5,Check,DEP00005918,2026-06-30,98
5919,CR-2026-005919,2026-06-17,205,,6641.51,Wire Transfer,DEP00005919,2026-06-17,115
5920,CR-2026-005920,2026-06-13,110,16050.0,3538.47,Credit Card,DEP00005920,2026-06-13,98
5921,CR-2026-005921,2026-06-08,204,,2697.47,Credit Card,DEP00005921,2026-06-08,115
5922,CR-2026-005922,2026-06-15,81,,3547.21,Credit Card,DEP00005922,2026-06-15,115
5923,CR-2026-005923,2026-06-13,1,,22429.03,Credit Card,AR00005923,2026-06-13,11
5924,CR-2026-005924,2026-06-03,2,,11.84,ACH,AR00005924,2026-06-05,11
5925,CR-2026-005925,2026-06-17,3,,8665.63,Credit Card,AR00005925,2026-06-19,115
5926,CR-2026-005926,2026-06-11,4,,28403.66,ACH,AR00005926,2026-06-11,115
5927,CR-2026-005927,2026-06-10,5,,1079.85,Wire Transfer,AR00005927,2026-06-11,115
5928,CR-2026-005928,2026-06-12,6,,8230.4,Wire Transfer,AR00005928,2026-06-12,98
5929,CR-2026-005929,2026-06-13,7,,6302.0,Wire Transfer,AR00005929,2026-06-14,11
5930,CR-2026-005930,2026-06-10,8,,2058.56,ACH,AR00005930,2026-06-10,115
5931,CR-2026-005931,2026-06-14,9,,11388.14,Wire Transfer,AR00005931,2026-06-16,98
5932,CR-2026-005932,2026-06-12,10,,2568.99,Credit Card,AR00005932,2026-06-14,98
5933,CR-2026-005933,2026-06-10,11,,1249.05,Check,AR00005933,2026-06-10,115
5934,CR-2026-005934,2026-06-18,12,,7853.57,Check,AR00005934,2026-06-18,98
5935,CR-2026-005935,2026-06-14,13,,6510.91,Check,AR00005935,2026-06-15,115
5936,CR-2026-005936,2026-06-17,15,,21453.86,Wire Transfer,AR00005936,2026-06-19,11
5937,CR-2026-005937,2026-06-17,16,,9911.87,Wire Transfer,AR00005937,2026-06-19,98
5938,CR-2026-005938,2026-06-10,17,,11872.26,Wire Transfer,AR00005938,2026-06-12,98
5939,CR-2026-005939,2026-06-12,18,,5564.15,ACH,AR00005939,2026-06-13,115
5940,CR-2026-005940,2026-06-20,19,,10584.98,Wire Transfer,AR00005940,2026-06-22,115
5941,CR-2026-005941,2026-06-14,20,,39017.77,Credit Card,AR00005941,2026-06-15,11
5942,CR-2026-005942,2026-06-13,21,,18381.83,ACH,AR00005942,2026-06-14,98
5943,CR-2026-005943,2026-06-09,22,,7340.73,Credit Card,AR00005943,2026-06-11,115
5944,CR-2026-005944,2026-06-10,23,,9387.66,Check,AR00005944,2026-06-10,115
5945,CR-2026-005945,2026-06-10,24,,17665.94,Wire Transfer,AR00005945,2026-06-12,115
5946,CR-2026-005946,2026-06-14,25,,2978.72,ACH,AR00005946,2026-06-14,11
5947,CR-2026-005947,2026-06-16,26,,25143.85,Wire Transfer,AR00005947,2026-06-16,98
5948,CR-2026-005948,2026-06-19,27,,10918.07,ACH,AR00005948,2026-06-19,115
5949,CR-2026-005949,2026-06-18,28,16326.0,929.05,ACH,AR00005949,2026-06-19,11
5950,CR-2026-005950,2026-06-10,29,,7182.5,Credit Card,AR00005950,2026-06-10,115
5951,CR-2026-005951,2026-06-10,30,,6858.56,Check,AR00005951,2026-06-10,98
5952,CR-2026-005952,2026-06-14,31,,8617.15,Wire Transfer,AR00005952,2026-06-14,11
5953,CR-2026-005953,2026-06-13,32,,26886.75,ACH,AR00005953,2026-06-15,11
5954,CR-2026-005954,2026-06-20,33,,18241.41,ACH,AR00005954,2026-06-20,115
5955,CR-2026-005955,2026-06-14,34,,16268.27,Check,AR00005955,2026-06-16,98
5956,CR-2026-005956,2026-06-14,35,15721.0,142.15,Wire Transfer,AR00005956,2026-06-15,98
5957,CR-2026-005957,2026-06-12,36,,4325.25,Wire Transfer,AR00005957,2026-06-14,98
5958,CR-2026-005958,2026-06-07,37,,374.26,Check,AR00005958,2026-06-08,98
5959,CR-2026-005959,2026-06-09,38,,7036.76,Check,AR00005959,2026-06-10,98
5960,CR-2026-005960,2026-06-16,39,16694.0,5448.66,Check,AR00005960,2026-06-17,115
5961,CR-2026-005961,2026-06-10,40,,3924.02,Wire Transfer,AR00005961,2026-06-12,98
5962,CR-2026-005962,2026-06-13,41,,3371.44,Credit Card,AR00005962,2026-06-13,11
5963,CR-2026-005963,2026-06-12,42,,7700.46,Wire Transfer,AR00005963,2026-06-12,11
5964,CR-2026-005964,2026-06-06,43,,3511.63,ACH,AR00005964,2026-06-07,98
5965,CR-2026-005965,2026-06-14,44,,5587.04,Wire Transfer,AR00005965,2026-06-14,115
5966,CR-2026-005966,2026-06-13,45,,2333.18,Credit Card,AR00005966,2026-06-14,98
5967,CR-2026-005967,2026-06-11,46,,2495.34,Credit Card,AR00005967,2026-06-13,98
5968,CR-2026-005968,2026-06-12,48,,3156.99,ACH,AR00005968,2026-06-14,98
5969,CR-2026-005969,2026-06-14,49,,16965.65,Credit Card,AR00005969,2026-06-14,98
5970,CR-2026-005970,2026-06-20,50,,2923.36,Credit Card,AR00005970,2026-06-20,98
5971,CR-2026-005971,2026-06-14,51,,50166.65,Wire Transfer,AR00005971,2026-06-16,98
5972,CR-2026-005972,2026-06-14,52,,4509.26,ACH,AR00005972,2026-06-15,115
5973,CR-2026-005973,2026-06-19,53,,4201.45,Wire Transfer,AR00005973,2026-06-21,115
5974,CR-2026-005974,2026-06-07,54,,12.72,Wire Transfer,AR00005974,2026-06-09,115
5975,CR-2026-005975,2026-06-11,55,,21348.09,Check,AR00005975,2026-06-11,11
5976,CR-2026-005976,2026-06-11,56,,495.08,Credit Card,AR00005976,2026-06-12,11
5977,CR-2026-005977,2026-06-12,57,,5383.43,Check,AR00005977,2026-06-13,11
5978,CR-2026-005978,2026-06-24,58,,993.06,Credit Card,AR00005978,2026-06-25,11
5979,CR-2026-005979,2026-06-14,59,,967.28,Credit Card,AR00005979,2026-06-15,98
5980,CR-2026-005980,2026-06-09,60,,8068.9,Credit Card,AR00005980,2026-06-11,115
5981,CR-2026-005981,2026-06-07,61,,29.75,Check,AR00005981,2026-06-08,98
5982,CR-2026-005982,2026-06-13,62,,5945.9,Credit Card,AR00005982,2026-06-13,11
5983,CR-2026-005983,2026-06-10,63,,2109.55,Wire Transfer,AR00005983,2026-06-10,11
5984,CR-2026-005984,2026-06-03,64,,2169.52,Credit Card,AR00005984,2026-06-03,115
5985,CR-2026-005985,2026-06-18,65,,12046.16,Credit Card,AR00005985,2026-06-19,98
5986,CR-2026-005986,2026-06-09,66,15283.0,207.84,Wire Transfer,AR00005986,2026-06-09,115
5987,CR-2026-005987,2026-06-12,67,,2205.3,Wire Transfer,AR00005987,2026-06-13,115
5988,CR-2026-005988,2026-06-17,68,,28583.7,Wire Transfer,AR00005988,2026-06-19,11
5989,CR-2026-005989,2026-06-04,69,,949.77,ACH,AR00005989,2026-06-06,115
5990,CR-2026-005990,2026-06-10,70,,5002.41,ACH,AR00005990,2026-06-11,98
5991,CR-2026-005991,2026-06-12,71,,23016.35,Wire Transfer,AR00005991,2026-06-12,115
5992,CR-2026-005992,2026-06-11,72,,7875.3,ACH,AR00005992,2026-06-13,98
5993,CR-2026-005993,2026-06-09,73,,4692.64,Check,AR00005993,2026-06-10,115
5994,CR-2026-005994,2026-06-12,74,,9504.89,Credit Card,AR00005994,2026-06-12,98
5995,CR-2026-005995,2026-06-13,75,,1999.2,Check,AR00005995,2026-06-14,115
5996,CR-2026-005996,2026-06-05,76,,0.55,Credit Card,AR00005996,2026-06-05,98
5997,CR-2026-005997,2026-06-07,77,12491.0,0.01,Wire Transfer,AR00005997,2026-06-07,115
5998,CR-2026-005998,2026-06-12,78,,53778.72,Credit Card,AR00005998,2026-06-12,115
5999,CR-2026-005999,2026-06-07,79,,7621.79,Wire Transfer,AR00005999,2026-06-08,98
6000,CR-2026-006000,2026-06-10,80,,12192.07,Check,AR00006000,2026-06-10,115
6001,CR-2026-006001,2026-06-23,81,,4080.03,Wire Transfer,AR00006001,2026-06-24,98
6002,CR-2026-006002,2026-06-11,82,,5377.56,ACH,AR00006002,2026-06-11,11
6003,CR-2026-006003,2026-06-14,83,,10324.88,Wire Transfer,AR00006003,2026-06-16,115
6004,CR-2026-006004,2026-06-10,84,,12374.62,Check,AR00006004,2026-06-12,115
6005,CR-2026-006005,2026-06-10,85,,2149.13,Check,AR00006005,2026-06-10,11
6006,CR-2026-006006,2026-06-11,86,,12340.06,Wire Transfer,AR00006006,2026-06-12,98
6007,CR-2026-006007,2026-06-18,87,,58977.37,Wire Transfer,AR00006007,2026-06-19,115
6008,CR-2026-006008,2026-06-07,88,,36.36,Check,AR00006008,2026-06-07,11
6009,CR-2026-006009,2026-06-19,89,,2868.39,Credit Card,AR00006009,2026-06-21,98
6010,CR-2026-006010,2026-06-12,90,,20905.93,ACH,AR00006010,2026-06-12,98
6011,CR-2026-006011,2026-06-16,91,,2571.9,Check,AR00006011,2026-06-18,11
6012,CR-2026-006012,2026-06-14,92,,3076.25,Check,AR00006012,2026-06-16,98
6013,CR-2026-006013,2026-06-04,93,,844.79,ACH,AR00006013,2026-06-06,115
6014,CR-2026-006014,2026-06-23,95,,11343.51,ACH,AR00006014,2026-06-24,115
6015,CR-2026-006015,2026-06-10,96,,38420.13,Check,AR00006015,2026-06-10,115
6016,CR-2026-006016,2026-06-12,97,,1508.53,Check,AR00006016,2026-06-14,98
6017,CR-2026-006017,2026-06-12,98,,46214.52,Check,AR00006017,2026-06-14,11
6018,CR-2026-006018,2026-06-12,99,,7046.5,Wire Transfer,AR00006018,2026-06-13,115
6019,CR-2026-006019,2026-06-12,100,15318.0,2414.85,Check,AR00006019,2026-06-14,115
6020,CR-2026-006020,2026-06-18,101,,12294.24,ACH,AR00006020,2026-06-18,98
6021,CR-2026-006021,2026-06-17,102,,9829.03,Check,AR00006021,2026-06-18,115
6022,CR-2026-006022,2026-06-24,103,,330.67,Credit Card,AR00006022,2026-06-25,98
6023,CR-2026-006023,2026-06-10,104,,1212.16,Check,AR00006023,2026-06-10,11
6024,CR-2026-006024,2026-06-10,105,,35912.86,Credit Card,AR00006024,2026-06-12,115
6025,CR-2026-006025,2026-06-13,106,,52293.28,ACH,AR00006025,2026-06-13,98
6026,CR-2026-006026,2026-06-12,107,,5262.14,Wire Transfer,AR00006026,2026-06-13,98
6027,CR-2026-006027,2026-06-11,108,,5593.95,Wire Transfer,AR00006027,2026-06-13,98
6028,CR-2026-006028,2026-06-13,109,,5457.61,Credit Card,AR00006028,2026-06-14,115
6029,CR-2026-006029,2026-06-11,110,,22956.6,Check,AR00006029,2026-06-11,115
6030,CR-2026-006030,2026-06-06,112,,805.73,Wire Transfer,AR00006030,2026-06-08,98
6031,CR-2026-006031,2026-06-18,113,,18536.76,ACH,AR00006031,2026-06-18,115
6032,CR-2026-006032,2026-06-16,114,,6065.07,Credit Card,AR00006032,2026-06-16,11
6033,CR-2026-006033,2026-06-10,115,,2028.32,ACH,AR00006033,2026-06-12,98
6034,CR-2026-006034,2026-06-12,116,,6259.66,Check,AR00006034,2026-06-12,11
6035,CR-2026-006035,2026-06-06,117,,494.73,ACH,AR00006035,2026-06-07,115
6036,CR-2026-006036,2026-06-11,118,,13014.15,ACH,AR00006036,2026-06-13,11
6037,CR-2026-006037,2026-06-12,119,,4908.11,Check,AR00006037,2026-06-12,98
6038,CR-2026-006038,2026-06-13,120,,3662.2,Credit Card,AR00006038,2026-06-13,98
6039,CR-2026-006039,2026-06-10,121,,6051.87,Credit Card,AR00006039,2026-06-11,11
6040,CR-2026-006040,2026-06-13,122,16110.0,207.18,Wire Transfer,AR00006040,2026-06-13,11
6041,CR-2026-006041,2026-06-18,123,,4849.98,Wire Transfer,AR00006041,2026-06-19,98
6042,CR-2026-006042,2026-06-13,124,,5749.89,Credit Card,AR00006042,2026-06-14,98
6043,CR-2026-006043,2026-06-11,125,,14674.77,Credit Card,AR00006043,2026-06-11,115
6044,CR-2026-006044,2026-06-11,126,,4307.93,Check,AR00006044,2026-06-11,98
6045,CR-2026-006045,2026-06-11,127,,1603.01,Credit Card,AR00006045,2026-06-12,11
6046,CR-2026-006046,2026-06-19,128,,24095.32,ACH,AR00006046,2026-06-19,98
6047,CR-2026-006047,2026-06-12,129,,29878.62,Wire Transfer,AR00006047,2026-06-13,98
6048,CR-2026-006048,2026-06-22,129,,34534.94,Credit Card,AR00006048,2026-06-24,115
6049,CR-2026-006049,2026-06-11,130,,6871.9,Credit Card,AR00006049,2026-06-11,115
6050,CR-2026-006050,2026-06-10,131,,5380.12,Credit Card,AR00006050,2026-06-11,98
6051,CR-2026-006051,2026-06-13,132,,3547.37,Credit Card,AR00006051,2026-06-14,11
6052,CR-2026-006052,2026-06-24,133,,11834.99,ACH,AR00006052,2026-06-24,11
6053,CR-2026-006053,2026-06-10,134,,2273.97,Check,AR00006053,2026-06-11,11
6054,CR-2026-006054,2026-06-14,135,,17569.92,Wire Transfer,AR00006054,2026-06-15,98
6055,CR-2026-006055,2026-06-10,136,,88473.33,ACH,AR00006055,2026-06-10,11
6056,CR-2026-006056,2026-06-20,136,,8103.92,Credit Card,AR00006056,2026-06-20,115
6057,CR-2026-006057,2026-06-12,137,,22802.58,Wire Transfer,AR00006057,2026-06-14,98
6058,CR-2026-006058,2026-06-09,138,,34988.04,ACH,AR00006058,2026-06-10,11
6059,CR-2026-006059,2026-06-12,139,,5998.75,Credit Card,AR00006059,2026-06-13,98
6060,CR-2026-006060,2026-06-10,140,,7998.13,Credit Card,AR00006060,2026-06-10,98
6061,CR-2026-006061,2026-06-10,141,,55222.53,Credit Card,AR00006061,2026-06-10,11
6062,CR-2026-006062,2026-06-11,142,,1277.04,ACH,AR00006062,2026-06-12,98
6063,CR-2026-006063,2026-06-04,143,,157.67,Check,AR00006063,2026-06-06,115
6064,CR-2026-006064,2026-06-20,144,,12530.55,Check,AR00006064,2026-06-20,98
6065,CR-2026-006065,2026-06-19,145,,5281.87,Wire Transfer,AR00006065,2026-06-21,115
6066,CR-2026-006066,2026-06-10,146,,15323.03,Credit Card,AR00006066,2026-06-10,11
6067,CR-2026-006067,2026-06-14,147,,2480.17,Check,AR00006067,2026-06-16,11
6068,CR-2026-006068,2026-06-06,148,,768.13,Check,AR00006068,2026-06-06,115
6069,CR-2026-006069,2026-06-16,149,,8728.92,Credit Card,AR00006069,2026-06-18,115
6070,CR-2026-006070,2026-06-14,150,,562.7,Wire Transfer,AR00006070,2026-06-16,11
6071,CR-2026-006071,2026-06-13,151,,5236.61,Wire Transfer,AR00006071,2026-06-14,98
6072,CR-2026-006072,2026-06-13,152,,36958.0,Check,AR00006072,2026-06-14,98
6073,CR-2026-006073,2026-06-13,153,,4456.83,ACH,AR00006073,2026-06-15,115
6074,CR-2026-006074,2026-06-16,154,,5467.21,Wire Transfer,AR00006074,2026-06-18,98
6075,CR-2026-006075,2026-06-16,155,,7250.9,Credit Card,AR00006075,2026-06-18,98
6076,CR-2026-006076,2026-06-10,156,,24610.69,ACH,AR00006076,2026-06-12,98
6077,CR-2026-006077,2026-06-06,157,,168.2,Credit Card,AR00006077,2026-06-06,98
6078,CR-2026-006078,2026-06-11,158,,15724.15,Credit Card,AR00006078,2026-06-11,98
6079,CR-2026-006079,2026-06-14,159,,20773.3,Credit Card,AR00006079,2026-06-15,115
6080,CR-2026-006080,2026-06-11,161,,39622.04,Wire Transfer,AR00006080,2026-06-12,98
6081,CR-2026-006081,2026-06-14,162,,10451.88,Wire Transfer,AR00006081,2026-06-14,11
6082,CR-2026-006082,2026-06-06,163,14532.0,0.61,Check,AR00006082,2026-06-07,98
6083,CR-2026-006083,2026-06-11,164,15713.0,328.11,Wire Transfer,AR00006083,2026-06-13,115
6084,CR-2026-006084,2026-06-06,165,,0.67,ACH,AR00006084,2026-06-08,115
6085,CR-2026-006085,2026-06-18,166,,13616.56,Credit Card,AR00006085,2026-06-18,98
6086,CR-2026-006086,2026-06-10,167,,3200.84,Wire Transfer,AR00006086,2026-06-12,98
6087,CR-2026-006087,2026-06-17,168,,4935.64,Credit Card,AR00006087,2026-06-19,115
6088,CR-2026-006088,2026-06-10,169,,43395.79,Check,AR00006088,2026-06-12,98
6089,CR-2026-006089,2026-06-05,170,,0.06,Wire Transfer,AR00006089,2026-06-05,98
6090,CR-2026-006090,2026-06-11,171,,2442.57,ACH,AR00006090,2026-06-13,11
6091,CR-2026-006091,2026-06-13,172,,16577.84,Check,AR00006091,2026-06-14,11
6092,CR-2026-006092,2026-06-12,173,,55808.94,Credit Card,AR00006092,2026-06-13,11
6093,CR-2026-006093,2026-06-12,174,,13853.74,Wire Transfer,AR00006093,2026-06-13,115
6094,CR-2026-006094,2026-06-10,175,,2296.97,Check,AR00006094,2026-06-11,98
6095,CR-2026-006095,2026-06-19,176,,21494.2,Wire Transfer,AR00006095,2026-06-21,11
6096,CR-2026-006096,2026-06-10,177,,24360.39,Check,AR00006096,2026-06-11,11
6097,CR-2026-006097,2026-06-12,178,16162.0,1557.25,Check,AR00006097,2026-06-12,98
6098,CR-2026-006098,2026-06-12,179,,23614.94,Wire Transfer,AR00006098,2026-06-14,11
6099,CR-2026-006099,2026-06-10,180,,15726.56,Credit Card,AR00006099,2026-06-12,11
6100,CR-2026-006100,2026-06-11,181,,12167.1,Credit Card,AR00006100,2026-06-13,115
6101,CR-2026-006101,2026-06-17,182,,14616.66,Credit Card,AR00006101,2026-06-18,98
6102,CR-2026-006102,2026-06-13,183,,12460.82,ACH,AR00006102,2026-06-13,11
6103,CR-2026-006103,2026-06-10,184,,10714.76,Wire Transfer,AR00006103,2026-06-12,11
6104,CR-2026-006104,2026-06-14,185,,20520.26,ACH,AR00006104,2026-06-15,11
6105,CR-2026-006105,2026-06-10,186,,15784.92,Credit Card,AR00006105,2026-06-10,115
6106,CR-2026-006106,2026-06-10,187,,15504.45,Wire Transfer,AR00006106,2026-06-12,115
6107,CR-2026-006107,2026-06-14,188,,17760.49,Wire Transfer,AR00006107,2026-06-14,11
6108,CR-2026-006108,2026-06-20,189,,39161.11,Check,AR00006108,2026-06-22,115
6109,CR-2026-006109,2026-06-11,190,,9678.02,Check,AR00006109,2026-06-12,98
6110,CR-2026-006110,2026-06-12,191,,20391.53,Check,AR00006110,2026-06-14,11
6111,CR-2026-006111,2026-06-13,192,,26988.78,ACH,AR00006111,2026-06-13,11
6112,CR-2026-006112,2026-06-14,193,,14537.2,ACH,AR00006112,2026-06-16,115
6113,CR-2026-006113,2026-06-13,194,,9284.47,Wire Transfer,AR00006113,2026-06-14,115
6114,CR-2026-006114,2026-06-10,195,,3234.65,Wire Transfer,AR00006114,2026-06-11,11
6115,CR-2026-006115,2026-06-07,196,,4215.85,Credit Card,AR00006115,2026-06-09,98
6116,CR-2026-006116,2026-06-07,197,,9.87,ACH,AR00006116,2026-06-07,98
6117,CR-2026-006117,2026-06-11,198,,22322.35,ACH,AR00006117,2026-06-11,115
6118,CR-2026-006118,2026-06-19,199,,29606.14,Check,AR00006118,2026-06-20,98
6119,CR-2026-006119,2026-06-10,200,,33417.5,ACH,AR00006119,2026-06-10,115
6120,CR-2026-006120,2026-06-19,201,,5248.12,ACH,AR00006120,2026-06-21,11
6121,CR-2026-006121,2026-06-14,202,,37781.44,Check,AR00006121,2026-06-14,11
6122,CR-2026-006122,2026-06-14,203,,12762.33,Credit Card,AR00006122,2026-06-15,11
6123,CR-2026-006123,2026-06-17,204,,16132.65,Wire Transfer,AR00006123,2026-06-17,98
6124,CR-2026-006124,2026-06-13,205,,27640.36,Wire Transfer,AR00006124,2026-06-14,11
6125,CR-2026-006125,2026-06-19,206,,5288.48,Wire Transfer,AR00006125,2026-06-19,98
6126,CR-2026-006126,2026-06-03,207,,0.54,ACH,AR00006126,2026-06-03,115
6127,CR-2026-006127,2026-06-14,208,,41933.87,Credit Card,AR00006127,2026-06-14,98
6128,CR-2026-006128,2026-06-16,209,,37375.58,ACH,AR00006128,2026-06-17,115
6129,CR-2026-006129,2026-06-20,210,,1062.03,Credit Card,AR00006129,2026-06-21,98
6130,CR-2026-006130,2026-06-12,211,,18969.36,Credit Card,AR00006130,2026-06-12,98
6131,CR-2026-006131,2026-07-27,202,,2300.78,Wire Transfer,DEP00006131,2026-07-27,98
6132,CR-2026-006132,2026-07-19,185,16443.0,2975.81,Credit Card,DEP00006132,2026-07-19,98
6133,CR-2026-006133,2026-07-08,177,,1828.63,Check,DEP00006133,2026-07-08,98
6134,CR-2026-006134,2026-07-09,31,,3474.1,Credit Card,DEP00006134,2026-07-09,115
6135,CR-2026-006135,2026-07-11,1,,9228.57,Credit Card,AR00006135,2026-07-12,11
6136,CR-2026-006136,2026-07-04,2,,1.15,ACH,AR00006136,2026-07-05,11
6137,CR-2026-006137,2026-07-10,3,,3150.8,Wire Transfer,AR00006137,2026-07-12,98
6138,CR-2026-006138,2026-07-08,4,,12704.56,Check,AR00006138,2026-07-08,11
6139,CR-2026-006139,2026-07-05,5,,15.21,Wire Transfer,AR00006139,2026-07-05,115
6140,CR-2026-006140,2026-07-08,6,,14795.76,ACH,AR00006140,2026-07-10,11
6141,CR-2026-006141,2026-07-14,7,,12474.84,Credit Card,AR00006141,2026-07-14,115
6142,CR-2026-006142,2026-07-17,8,,4693.84,Credit Card,AR00006142,2026-07-19,11
6143,CR-2026-006143,2026-07-16,9,,35134.07,Credit Card,AR00006143,2026-07-16,98
6144,CR-2026-006144,2026-07-09,10,,1752.42,ACH,AR00006144,2026-07-10,98
6145,CR-2026-006145,2026-07-20,11,,370.99,Credit Card,AR00006145,2026-07-22,115
6146,CR-2026-006146,2026-07-14,12,,9650.48,Credit Card,AR00006146,2026-07-14,98
6147,CR-2026-006147,2026-07-14,13,,3185.89,Check,AR00006147,2026-07-14,98
6148,CR-2026-006148,2026-07-21,14,,122.71,Check,AR00006148,2026-07-21,98
6149,CR-2026-006149,2026-07-14,15,,23193.63,Credit Card,AR00006149,2026-07-14,115
6150,CR-2026-006150,2026-07-10,16,,9063.51,Check,AR00006150,2026-07-12,115
6151,CR-2026-006151,2026-07-10,17,,15793.8,Check,AR00006151,2026-07-10,98
6152,CR-2026-006152,2026-07-07,18,,1699.49,Check,AR00006152,2026-07-07,98
6153,CR-2026-006153,2026-07-18,19,,31257.95,Wire Transfer,AR00006153,2026-07-18,115
6154,CR-2026-006154,2026-07-17,20,,4166.96,Credit Card,AR00006154,2026-07-19,11
6155,CR-2026-006155,2026-07-22,20,,65704.63,Check,AR00006155,2026-07-23,115
6156,CR-2026-006156,2026-07-08,21,,6744.59,ACH,AR00006156,2026-07-09,98
6157,CR-2026-006157,2026-07-16,22,,8007.38,Credit Card,AR00006157,2026-07-16,11
6158,CR-2026-006158,2026-07-13,23,,9910.01,Check,AR00006158,2026-07-15,115
6159,CR-2026-006159,2026-07-11,24,,12604.51,Check,AR00006159,2026-07-11,115
6160,CR-2026-006160,2026-07-11,25,,700.05,ACH,AR00006160,2026-07-12,115
6161,CR-2026-006161,2026-07-11,26,,12436.74,Wire Transfer,AR00006161,2026-07-12,115
6162,CR-2026-006162,2026-07-11,27,,3636.34,Credit Card,AR00006162,2026-07-13,11
6163,CR-2026-006163,2026-07-13,28,,273.86,Check,AR00006163,2026-07-15,11
6164,CR-2026-006164,2026-07-11,29,,6536.97,Check,AR00006164,2026-07-12,115
6165,CR-2026-006165,2026-07-11,30,,2176.68,Credit Card,AR00006165,2026-07-12,98
6166,CR-2026-006166,2026-07-24,31,,505.29,Check,AR00006166,2026-07-25,115
6167,CR-2026-006167,2026-07-10,32,,22533.6,Credit Card,AR00006167,2026-07-10,11
6168,CR-2026-006168,2026-07-11,33,,9351.5,Wire Transfer,AR00006168,2026-07-12,98
6169,CR-2026-006169,2026-07-10,34,,8986.11,Wire Transfer,AR00006169,2026-07-11,11
6170,CR-2026-006170,2026-07-07,35,,11.69,ACH,AR00006170,2026-07-08,11
6171,CR-2026-006171,2026-07-12,36,,8830.1,Check,AR00006171,2026-07-13,98
6172,CR-2026-006172,2026-07-22,37,17248.0,1582.61,Check,AR00006172,2026-07-24,11
6173,CR-2026-006173,2026-07-18,38,,11095.24,Credit Card,AR00006173,2026-07-19,11
6174,CR-2026-006174,2026-07-13,39,,7515.49,ACH,AR00006174,2026-07-13,98
6175,CR-2026-006175,2026-07-20,40,,6616.76,ACH,AR00006175,2026-07-20,11
6176,CR-2026-006176,2026-07-18,41,,12161.76,Check,AR00006176,2026-07-18,115
6177,CR-2026-006177,2026-07-14,42,,2194.48,ACH,AR00006177,2026-07-16,115
6178,CR-2026-006178,2026-07-19,43,,14830.21,Wire Transfer,AR00006178,2026-07-19,115
6179,CR-2026-006179,2026-07-16,44,,29774.02,ACH,AR00006179,2026-07-18,11
6180,CR-2026-006180,2026-07-16,45,,7977.19,Check,AR00006180,2026-07-18,115
6181,CR-2026-006181,2026-07-14,46,,509.93,ACH,AR00006181,2026-07-14,11
6182,CR-2026-006182,2026-07-22,47,,1025.19,Wire Transfer,AR00006182,2026-07-22,11
6183,CR-2026-006183,2026-07-16,48,,7392.97,Wire Transfer,AR00006183,2026-07-17,115
6184,CR-2026-006184,2026-07-10,49,,6212.91,ACH,AR00006184,2026-07-10,98
6185,CR-2026-006185,2026-07-11,50,,994.91,Check,AR00006185,2026-07-11,11
6186,CR-2026-006186,2026-07-18,51,,14483.84,Credit Card,AR00006186,2026-07-20,115
6187,CR-2026-006187,2026-07-26,51,,63869.8,Check,AR00006187,2026-07-26,11
6188,CR-2026-006188,2026-07-19,52,,6255.65,ACH,AR00006188,2026-07-19,98
6189,CR-2026-006189,2026-07-16,53,,9647.05,Wire Transfer,AR00006189,2026-07-18,98
6190,CR-2026-006190,2026-07-06,54,,0.06,Credit Card,AR00006190,2026-07-06,11
6191,CR-2026-006191,2026-07-10,55,,10446.14,Credit Card,AR00006191,2026-07-11,98
6192,CR-2026-006192,2026-07-10,56,,33.8,Credit Card,AR00006192,2026-07-12,11
6193,CR-2026-006193,2026-07-13,57,16086.0,1889.83,Check,AR00006193,2026-07-13,11
6194,CR-2026-006194,2026-07-16,58,,5649.74,Credit Card,AR00006194,2026-07-16,11
6195,CR-2026-006195,2026-07-13,59,,233.07,Credit Card,AR00006195,2026-07-15,115
6196,CR-2026-006196,2026-07-19,60,,38376.44,Check,AR00006196,2026-07-20,98
6197,CR-2026-006197,2026-07-06,61,,462.66,ACH,AR00006197,2026-07-06,11
6198,CR-2026-006198,2026-07-11,62,,1742.8,Wire Transfer,AR00006198,2026-07-11,11
6199,CR-2026-006199,2026-07-18,63,,9220.79,ACH,AR00006199,2026-07-18,98
6200,CR-2026-006200,2026-07-19,64,,6154.94,ACH,AR00006200,2026-07-19,11
6201,CR-2026-006201,2026-07-14,65,,16299.27,Credit Card,AR00006201,2026-07-16,11
6202,CR-2026-006202,2026-07-07,66,15283.0,1.33,Check,AR00006202,2026-07-09,11
6203,CR-2026-006203,2026-07-16,67,,3267.7,Check,AR00006203,2026-07-18,11
6204,CR-2026-006204,2026-07-13,68,,42099.39,Check,AR00006204,2026-07-14,11
6205,CR-2026-006205,2026-07-17,69,,3689.86,Credit Card,AR00006205,2026-07-17,98
6206,CR-2026-006206,2026-07-10,70,,864.35,Wire Transfer,AR00006206,2026-07-10,98
6207,CR-2026-006207,2026-07-10,71,,16212.39,Wire Transfer,AR00006207,2026-07-10,11
6208,CR-2026-006208,2026-07-17,72,,29984.79,ACH,AR00006208,2026-07-17,98
6209,CR-2026-006209,2026-07-05,73,,1805.57,Credit Card,AR00006209,2026-07-06,98
6210,CR-2026-006210,2026-07-20,74,,17135.47,Credit Card,AR00006210,2026-07-22,98
6211,CR-2026-006211,2026-07-07,75,,2376.74,Wire Transfer,AR00006211,2026-07-09,98
6212,CR-2026-006212,2026-07-12,78,,47523.41,ACH,AR00006212,2026-07-14,115
6213,CR-2026-006213,2026-07-13,79,16000.0,2821.58,Check,AR00006213,2026-07-13,98
6214,CR-2026-006214,2026-07-17,80,,17477.25,Credit Card,AR00006214,2026-07-19,98
6215,CR-2026-006215,2026-07-20,81,,19957.99,Wire Transfer,AR00006215,2026-07-22,98
6216,CR-2026-006216,2026-07-07,82,,5980.66,ACH,AR00006216,2026-07-08,98
6217,CR-2026-006217,2026-07-13,83,,10055.23,Credit Card,AR00006217,2026-07-14,115
6218,CR-2026-006218,2026-07-11,84,,9435.2,Credit Card,AR00006218,2026-07-11,11
6219,CR-2026-006219,2026-07-09,85,,421.93,Credit Card,AR00006219,2026-07-10,98
6220,CR-2026-006220,2026-07-11,86,,4684.78,Check,AR00006220,2026-07-11,115
6221,CR-2026-006221,2026-07-11,87,,33549.06,Check,AR00006221,2026-07-12,98
6222,CR-2026-006222,2026-07-22,87,,51407.3,ACH,AR00006222,2026-07-23,115
6223,CR-2026-006223,2026-07-07,88,,887.73,ACH,AR00006223,2026-07-08,98
6224,CR-2026-006224,2026-07-16,89,,5010.57,Wire Transfer,AR00006224,2026-07-18,11
6225,CR-2026-006225,2026-07-10,90,,8599.83,ACH,AR00006225,2026-07-10,98
6226,CR-2026-006226,2026-07-10,91,,2105.26,Credit Card,AR00006226,2026-07-11,11
6227,CR-2026-006227,2026-07-10,92,,1128.09,Check,AR00006227,2026-07-12,11
6228,CR-2026-006228,2026-07-19,93,,4307.79,Wire Transfer,AR00006228,2026-07-20,11
6229,CR-2026-006229,2026-07-21,94,,879.95,Credit Card,AR00006229,2026-07-23,115
6230,CR-2026-006230,2026-07-17,95,,49336.52,Wire Transfer,AR00006230,2026-07-19,98
6231,CR-2026-006231,2026-07-12,96,,36955.91,Wire Transfer,AR00006231,2026-07-13,11
6232,CR-2026-006232,2026-07-17,97,,3439.16,ACH,AR00006232,2026-07-19,115
6233,CR-2026-006233,2026-07-12,98,,36208.24,Wire Transfer,AR00006233,2026-07-13,98
6234,CR-2026-006234,2026-07-10,99,,5389.79,ACH,AR00006234,2026-07-11,115
6235,CR-2026-006235,2026-07-07,100,,2824.59,Credit Card,AR00006235,2026-07-07,11
6236,CR-2026-006236,2026-07-18,101,,14090.9,Wire Transfer,AR00006236,2026-07-18,115
6237,CR-2026-006237,2026-07-12,102,,7943.88,Credit Card,AR00006237,2026-07-14,11
6238,CR-2026-006238,2026-07-19,103,,835.2,Wire Transfer,AR00006238,2026-07-21,98
6239,CR-2026-006239,2026-07-09,104,,6545.09,ACH,AR00006239,2026-07-11,115
6240,CR-2026-006240,2026-07-12,105,,18730.64,Check,AR00006240,2026-07-12,98
6241,CR-2026-006241,2026-07-12,106,,23103.75,Credit Card,AR00006241,2026-07-14,115
6242,CR-2026-006242,2026-07-10,107,,3387.6,Wire Transfer,AR00006242,2026-07-12,115
6243,CR-2026-006243,2026-07-14,108,,8477.24,ACH,AR00006243,2026-07-16,11
6244,CR-2026-006244,2026-07-06,109,,8611.33,Credit Card,AR00006244,2026-07-08,98
6245,CR-2026-006245,2026-07-19,110,,14338.56,Credit Card,AR00006245,2026-07-20,11
6246,CR-2026-006246,2026-07-22,110,,50045.37,ACH,AR00006246,2026-07-22,11
6247,CR-2026-006247,2026-07-20,112,,2170.98,Check,AR00006247,2026-07-22,11
6248,CR-2026-006248,2026-07-14,113,,27496.24,Wire Transfer,AR00006248,2026-07-16,98
6249,CR-2026-006249,2026-07-10,114,,1908.22,ACH,AR00006249,2026-07-11,98
6250,CR-2026-006250,2026-07-16,115,,13116.27,Check,AR00006250,2026-07-18,115
6251,CR-2026-006251,2026-07-08,116,,1397.71,Wire Transfer,AR00006251,2026-07-09,115
6252,CR-2026-006252,2026-07-23,117,,3175.56,Credit Card,AR00006252,2026-07-23,11
6253,CR-2026-006253,2026-07-10,118,,11472.37,Credit Card,AR00006253,2026-07-11,11
6254,CR-2026-006254,2026-07-11,119,,10094.22,Credit Card,AR00006254,2026-07-11,115
6255,CR-2026-006255,2026-07-10,120,,770.44,ACH,AR00006255,2026-07-10,11
6256,CR-2026-006256,2026-07-13,121,16323.0,1285.95,Wire Transfer,AR00006256,2026-07-13,98
6257,CR-2026-006257,2026-07-06,122,,20.66,Credit Card,AR00006257,2026-07-08,11
6258,CR-2026-006258,2026-07-10,123,,6637.82,Wire Transfer,AR00006258,2026-07-12,115
6259,CR-2026-006259,2026-07-07,124,,8207.47,Check,AR00006259,2026-07-08,11
6260,CR-2026-006260,2026-07-10,125,,4935.86,ACH,AR00006260,2026-07-12,98
6261,CR-2026-006261,2026-07-08,126,,1278.74,ACH,AR00006261,2026-07-08,115
6262,CR-2026-006262,2026-07-09,127,,361.43,Check,AR00006262,2026-07-10,98
6263,CR-2026-006263,2026-07-11,128,,17850.07,Credit Card,AR00006263,2026-07-13,98
6264,CR-2026-006264,2026-07-10,129,,41601.81,Check,AR00006264,2026-07-10,115
6265,CR-2026-006265,2026-07-16,130,,13052.15,Check,AR00006265,2026-07-16,98
6266,CR-2026-006266,2026-07-16,131,,30108.11,Wire Transfer,AR00006266,2026-07-17,11
6267,CR-2026-006267,2026-07-14,132,15298.0,1270.15,Check,AR00006267,2026-07-14,115
6268,CR-2026-006268,2026-07-17,133,,30767.12,Wire Transfer,AR00006268,2026-07-19,11
6269,CR-2026-006269,2026-07-18,134,,3985.35,Credit Card,AR00006269,2026-07-20,11
6270,CR-2026-006270,2026-07-10,135,,24059.81,Check,AR00006270,2026-07-11,11
6271,CR-2026-006271,2026-07-14,136,,52718.18,Check,AR00006271,2026-07-14,115
6272,CR-2026-006272,2026-07-10,137,,15364.5,Credit Card,AR00006272,2026-07-11,98
6273,CR-2026-006273,2026-07-12,138,,42195.97,Check,AR00006273,2026-07-13,115
6274,CR-2026-006274,2026-07-14,139,,1895.89,Check,AR00006274,2026-07-16,11
6275,CR-2026-006275,2026-07-10,140,,4421.85,ACH,AR00006275,2026-07-11,98
6276,CR-2026-006276,2026-07-10,141,,41670.82,Credit Card,AR00006276,2026-07-10,11
6277,CR-2026-006277,2026-07-08,142,,676.34,Wire Transfer,AR00006277,2026-07-10,11
6278,CR-2026-006278,2026-07-05,143,,17.54,Check,AR00006278,2026-07-07,115
6279,CR-2026-006279,2026-07-14,144,,7948.26,ACH,AR00006279,2026-07-16,11
6280,CR-2026-006280,2026-07-17,145,,15033.98,Wire Transfer,AR00006280,2026-07-18,98
6281,CR-2026-006281,2026-07-13,146,,10758.07,ACH,AR00006281,2026-07-14,98
6282,CR-2026-006282,2026-07-20,147,,14600.92,ACH,AR00006282,2026-07-20,115
6283,CR-2026-006283,2026-07-18,148,,2440.22,Wire Transfer,AR00006283,2026-07-19,115
6284,CR-2026-006284,2026-07-10,149,,14002.02,Credit Card,AR00006284,2026-07-12,11
6285,CR-2026-006285,2026-07-06,150,16182.0,62.46,Check,AR00006285,2026-07-06,11
6286,CR-2026-006286,2026-07-08,151,,4037.4,ACH,AR00006286,2026-07-10,11
6287,CR-2026-006287,2026-07-14,152,,25905.28,Credit Card,AR00006287,2026-07-15,11
6288,CR-2026-006288,2026-07-10,153,,3345.61,Credit Card,AR00006288,2026-07-10,11
6289,CR-2026-006289,2026-07-14,154,,2456.85,ACH,AR00006289,2026-07-16,98
6290,CR-2026-006290,2026-07-19,155,,9558.01,ACH,AR00006290,2026-07-20,115
6291,CR-2026-006291,2026-07-13,156,,52452.92,Wire Transfer,AR00006291,2026-07-13,115
6292,CR-2026-006292,2026-07-19,157,,437.14,Credit Card,AR00006292,2026-07-19,115
6293,CR-2026-006293,2026-07-13,158,,11470.02,Check,AR00006293,2026-07-13,11
6294,CR-2026-006294,2026-07-14,159,,14078.55,Wire Transfer,AR00006294,2026-07-14,11
6295,CR-2026-006295,2026-07-14,161,,22019.17,Wire Transfer,AR00006295,2026-07-15,115
6296,CR-2026-006296,2026-07-08,162,,10604.82,Credit Card,AR00006296,2026-07-09,115
6297,CR-2026-006297,2026-07-07,164,,471.13,Check,AR00006297,2026-07-08,115
6298,CR-2026-006298,2026-07-04,165,,0.09,Check,AR00006298,2026-07-04,115
6299,CR-2026-006299,2026-07-10,166,,8894.38,Check,AR00006299,2026-07-12,11
6300,CR-2026-006300,2026-07-10,167,,1257.05,Credit Card,AR00006300,2026-07-12,115
6301,CR-2026-006301,2026-07-12,168,,2810.27,Check,AR00006301,2026-07-12,98
6302,CR-2026-006302,2026-07-14,169,,23835.45,ACH,AR00006302,2026-07-14,98
6303,CR-2026-006303,2026-07-06,171,,1156.18,Check,AR00006303,2026-07-07,115
6304,CR-2026-006304,2026-07-14,172,,18112.78,ACH,AR00006304,2026-07-15,98
6305,CR-2026-006305,2026-07-11,173,,40464.28,Check,AR00006305,2026-07-11,98
6306,CR-2026-006306,2026-07-13,174,,39914.68,Check,AR00006306,2026-07-13,115
6307,CR-2026-006307,2026-07-14,175,,1094.11,Wire Transfer,AR00006307,2026-07-14,115
6308,CR-2026-006308,2026-07-13,176,,17710.47,ACH,AR00006308,2026-07-13,11
6309,CR-2026-006309,2026-07-10,177,,12931.87,Credit Card,AR00006309,2026-07-10,115
6310,CR-2026-006310,2026-07-09,178,,1703.19,ACH,AR00006310,2026-07-11,98
6311,CR-2026-006311,2026-07-10,179,,12858.46,Credit Card,AR00006311,2026-07-10,98
6312,CR-2026-006312,2026-07-11,180,,27915.01,Wire Transfer,AR00006312,2026-07-13,98
6313,CR-2026-006313,2026-07-08,181,,2310.1,ACH,AR00006313,2026-07-08,11
6314,CR-2026-006314,2026-07-11,182,,21076.72,Check,AR00006314,2026-07-13,115
6315,CR-2026-006315,2026-07-14,183,,6686.54,ACH,AR00006315,2026-07-16,98
6316,CR-2026-006316,2026-07-12,184,,20328.2,Credit Card,AR00006316,2026-07-13,98
6317,CR-2026-006317,2026-07-10,185,,7371.11,Check,AR00006317,2026-07-11,11
6318,CR-2026-006318,2026-07-14,186,,33270.15,Credit Card,AR00006318,2026-07-15,98
6319,CR-2026-006319,2026-07-14,187,,34134.92,Credit Card,AR00006319,2026-07-16,115
6320,CR-2026-006320,2026-07-11,188,,10815.25,Credit Card,AR00006320,2026-07-11,98
6321,CR-2026-006321,2026-07-12,189,,36448.39,Wire Transfer,AR00006321,2026-07-13,98
6322,CR-2026-006322,2026-07-07,190,,14475.44,Check,AR00006322,2026-07-07,11
6323,CR-2026-006323,2026-07-14,191,,19771.26,ACH,AR00006323,2026-07-15,115
6324,CR-2026-006324,2026-07-13,192,,20894.69,ACH,AR00006324,2026-07-13,115
6325,CR-2026-006325,2026-07-06,193,,14313.22,Check,AR00006325,2026-07-07,11
6326,CR-2026-006326,2026-07-11,194,,10159.7,ACH,AR00006326,2026-07-12,11
6327,CR-2026-006327,2026-07-19,195,,5365.55,Check,AR00006327,2026-07-19,115
6328,CR-2026-006328,2026-07-17,196,,18496.84,Credit Card,AR00006328,2026-07-18,115
6329,CR-2026-006329,2026-07-06,197,,1981.4,Wire Transfer,AR00006329,2026-07-08,115
6330,CR-2026-006330,2026-07-12,198,,37175.85,Wire Transfer,AR00006330,2026-07-13,11
6331,CR-2026-006331,2026-07-10,199,,29219.46,ACH,AR00006331,2026-07-12,98
6332,CR-2026-006332,2026-07-20,200,,51582.0,Check,AR00006332,2026-07-22,98
6333,CR-2026-006333,2026-07-10,201,,3915.2,Wire Transfer,AR00006333,2026-07-12,98
6334,CR-2026-006334,2026-07-12,202,,23014.01,Credit Card,AR00006334,2026-07-13,115
6335,CR-2026-006335,2026-07-11,203,,3122.44,Check,AR00006335,2026-07-12,11
6336,CR-2026-006336,2026-07-14,204,,20370.46,ACH,AR00006336,2026-07-16,115
6337,CR-2026-006337,2026-07-11,205,,37301.87,Wire Transfer,AR00006337,2026-07-13,11
6338,CR-2026-006338,2026-07-10,206,,3872.23,Credit Card,AR00006338,2026-07-11,11
6339,CR-2026-006339,2026-07-14,208,,27394.64,Check,AR00006339,2026-07-16,115
6340,CR-2026-006340,2026-07-11,209,16678.0,17747.57,Check,AR00006340,2026-07-11,115
6341,CR-2026-006341,2026-07-19,210,,4354.56,ACH,AR00006341,2026-07-19,98
6342,CR-2026-006342,2026-07-17,211,,38869.61,Wire Transfer,AR00006342,2026-07-17,98
6343,CR-2026-006343,2026-08-12,185,17227.0,1830.21,ACH,DEP00006343,2026-08-12,115
6344,CR-2026-006344,2026-08-18,109,,707.01,Check,DEP00006344,2026-08-18,115
6345,CR-2026-006345,2026-08-22,179,,4228.13,ACH,DEP00006345,2026-08-22,115
6346,CR-2026-006346,2026-08-29,139,,5251.94,Credit Card,DEP00006346,2026-08-29,11
6347,CR-2026-006347,2026-08-16,186,,4133.83,ACH,DEP00006347,2026-08-16,115
6348,CR-2026-006348,2026-08-14,1,17797.0,2490.29,ACH,DEP00006348,2026-08-14,115
6349,CR-2026-006349,2026-08-22,195,,3668.69,Wire Transfer,DEP00006349,2026-08-22,98
6350,CR-2026-006350,2026-08-31,20,17201.0,4580.91,Credit Card,DEP00006350,2026-08-31,98
6351,CR-2026-006351,2026-08-28,185,,3366.19,Check,DEP00006351,2026-08-28,98
6352,CR-2026-006352,2026-08-23,12,,4045.05,ACH,DEP00006352,2026-08-23,115
6353,CR-2026-006353,2026-08-18,1,,39273.81,Credit Card,AR00006353,2026-08-19,98
6354,CR-2026-006354,2026-08-04,2,,0.04,Check,AR00006354,2026-08-06,11
6355,CR-2026-006355,2026-08-19,3,,6194.94,Credit Card,AR00006355,2026-08-19,115
6356,CR-2026-006356,2026-08-11,4,,9680.13,Check,AR00006356,2026-08-13,98
6357,CR-2026-006357,2026-08-03,5,15581.0,0.83,Check,AR00006357,2026-08-05,115
6358,CR-2026-006358,2026-08-12,6,,9684.31,ACH,AR00006358,2026-08-12,115
6359,CR-2026-006359,2026-08-16,7,,22269.47,Check,AR00006359,2026-08-18,98
6360,CR-2026-006360,2026-08-10,8,,1362.27,Check,AR00006360,2026-08-12,98
6361,CR-2026-006361,2026-08-10,9,,47126.77,Wire Transfer,AR00006361,2026-08-11,98
6362,CR-2026-006362,2026-08-19,10,,4792.19,Credit Card,AR00006362,2026-08-19,11
6363,CR-2026-006363,2026-08-12,11,,1213.25,Credit Card,AR00006363,2026-08-13,11
6364,CR-2026-006364,2026-08-21,12,,474.68,Wire Transfer,AR00006364,2026-08-21,98
6365,CR-2026-006365,2026-08-17,13,,12480.99,Credit Card,AR00006365,2026-08-19,98
6366,CR-2026-006366,2026-08-17,14,17832.0,1364.89,Credit Card,AR00006366,2026-08-18,115
6367,CR-2026-006367,2026-08-11,15,,9388.12,Wire Transfer,AR00006367,2026-08-11,11
6368,CR-2026-006368,2026-08-19,16,,16437.08,ACH,AR00006368,2026-08-19,11
6369,CR-2026-006369,2026-08-12,17,,13282.56,ACH,AR00006369,2026-08-12,115
6370,CR-2026-006370,2026-08-03,18,,1731.1,Wire Transfer,AR00006370,2026-08-03,11
6371,CR-2026-006371,2026-08-11,19,,28457.7,Credit Card,AR00006371,2026-08-12,98
6372,CR-2026-006372,2026-08-14,20,,49532.61,Check,AR00006372,2026-08-16,98
6373,CR-2026-006373,2026-08-16,21,,22127.49,Wire Transfer,AR00006373,2026-08-16,115
6374,CR-2026-006374,2026-08-10,22,,15570.08,Check,AR00006374,2026-08-10,115
6375,CR-2026-006375,2026-08-13,23,,11397.84,ACH,AR00006375,2026-08-13,11
6376,CR-2026-006376,2026-08-13,24,16759.0,4039.43,Wire Transfer,AR00006376,2026-08-15,98
6377,CR-2026-006377,2026-08-10,25,16433.0,120.09,Wire Transfer,AR00006377,2026-08-11,11
6378,CR-2026-006378,2026-08-09,26,,17778.73,Credit Card,AR00006378,2026-08-09,11
6379,CR-2026-006379,2026-08-09,27,16480.0,373.98,Credit Card,AR00006379,2026-08-11,115
6380,CR-2026-006380,2026-08-06,28,,90.33,ACH,AR00006380,2026-08-07,115
6381,CR-2026-006381,2026-08-11,29,,2784.88,ACH,AR00006381,2026-08-13,11
6382,CR-2026-006382,2026-08-07,30,16696.0,348.62,Check,AR00006382,2026-08-07,115
6383,CR-2026-006383,2026-08-20,31,,5760.04,Wire Transfer,AR00006383,2026-08-22,98
6384,CR-2026-006384,2026-08-19,32,,40197.19,Check,AR00006384,2026-08-21,115
6385,CR-2026-006385,2026-08-18,33,,18090.63,Credit Card,AR00006385,2026-08-19,11
6386,CR-2026-006386,2026-08-19,34,,13987.47,Check,AR00006386,2026-08-19,115
6387,CR-2026-006387,2026-08-03,35,,427.24,Wire Transfer,AR00006387,2026-08-05,115
6388,CR-2026-006388,2026-08-13,36,,3251.42,Check,AR00006388,2026-08-15,98
6389,CR-2026-006389,2026-08-18,37,,8857.18,ACH,AR00006389,2026-08-18,11
6390,CR-2026-006390,2026-08-10,38,,15114.68,ACH,AR00006390,2026-08-11,11
6391,CR-2026-006391,2026-08-11,39,,3093.6,Check,AR00006391,2026-08-11,11
6392,CR-2026-006392,2026-08-13,40,,2080.14,Wire Transfer,AR00006392,2026-08-15,98
6393,CR-2026-006393,2026-08-13,41,,5756.46,Check,AR00006393,2026-08-15,98
6394,CR-2026-006394,2026-08-08,42,,513.91,ACH,AR00006394,2026-08-10,11
6395,CR-2026-006395,2026-08-14,43,,9480.82,ACH,AR00006395,2026-08-15,98
6396,CR-2026-006396,2026-08-14,44,,30994.08,Wire Transfer,AR00006396,2026-08-14,98
6397,CR-2026-006397,2026-08-10,45,,11597.97,Wire Transfer,AR00006397,2026-08-10,115
6398,CR-2026-006398,2026-08-07,46,,1852.48,Check,AR00006398,2026-08-07,11
6399,CR-2026-006399,2026-08-16,47,,3538.62,Credit Card,AR00006399,2026-08-17,115
6400,CR-2026-006400,2026-08-13,48,,8688.29,Check,AR00006400,2026-08-15,115
6401,CR-2026-006401,2026-08-09,49,,1190.13,Wire Transfer,AR00006401,2026-08-11,11
6402,CR-2026-006402,2026-08-09,50,,67.46,Credit Card,AR00006402,2026-08-11,98
6403,CR-2026-006403,2026-08-13,51,,10966.42,ACH,AR00006403,2026-08-13,11
6404,CR-2026-006404,2026-08-20,51,,66399.25,Check,AR00006404,2026-08-21,98
6405,CR-2026-006405,2026-08-11,52,,3396.18,Credit Card,AR00006405,2026-08-11,115
6406,CR-2026-006406,2026-08-13,53,,6760.62,Wire Transfer,AR00006406,2026-08-13,98
6407,CR-2026-006407,2026-08-10,55,,13098.94,Wire Transfer,AR00006407,2026-08-11,98
6408,CR-2026-006408,2026-08-04,56,,0.17,Check,AR00006408,2026-08-06,115
6409,CR-2026-006409,2026-08-06,57,,681.87,ACH,AR00006409,2026-08-06,115
6410,CR-2026-006410,2026-08-18,58,,10260.83,Wire Transfer,AR00006410,2026-08-20,115
6411,CR-2026-006411,2026-08-10,59,,256.93,Credit Card,AR00006411,2026-08-12,11
6412,CR-2026-006412,2026-08-14,60,,18567.18,ACH,AR00006412,2026-08-15,11
6413,CR-2026-006413,2026-08-16,61,17849.0,4463.0,Wire Transfer,AR00006413,2026-08-17,115
6414,CR-2026-006414,2026-08-09,62,,2042.12,ACH,AR00006414,2026-08-11,115
6415,CR-2026-006415,2026-08-10,63,,14082.24,ACH,AR00006415,2026-08-10,115
6416,CR-2026-006416,2026-08-13,64,,1684.87,ACH,AR00006416,2026-08-14,11
6417,CR-2026-006417,2026-08-10,65,,11173.39,ACH,AR00006417,2026-08-12,11
6418,CR-2026-006418,2026-08-05,66,15283.0,0.01,ACH,AR00006418,2026-08-05,11
6419,CR-2026-006419,2026-08-14,67,,4314.97,Wire Transfer,AR00006419,2026-08-15,11
6420,CR-2026-006420,2026-08-13,68,,38884.18,Wire Transfer,AR00006420,2026-08-14,115
6421,CR-2026-006421,2026-08-12,69,16461.0,1639.84,ACH,AR00006421,2026-08-14,98
6422,CR-2026-006422,2026-08-10,70,16212.0,128.38,Check,AR00006422,2026-08-10,115
6423,CR-2026-006423,2026-08-19,71,17387.0,16642.85,Credit Card,AR00006423,2026-08-20,11
6424,CR-2026-006424,2026-08-11,72,,23735.92,Wire Transfer,AR00006424,2026-08-11,11
6425,CR-2026-006425,2026-08-23,73,,2630.68,ACH,AR00006425,2026-08-25,115
6426,CR-2026-006426,2026-08-10,74,,14157.7,Wire Transfer,AR00006426,2026-08-10,11
6427,CR-2026-006427,2026-08-18,75,,9903.57,Credit Card,AR00006427,2026-08-20,11
6428,CR-2026-006428,2026-08-24,76,,1252.54,Wire Transfer,AR00006428,2026-08-24,11
6429,CR-2026-006429,2026-08-11,78,,25681.25,Wire Transfer,AR00006429,2026-08-12,115
6430,CR-2026-006430,2026-08-08,79,,598.82,Wire Transfer,AR00006430,2026-08-10,11
6431,CR-2026-006431,2026-08-20,80,,30478.75,ACH,AR00006431,2026-08-22,115
6432,CR-2026-006432,2026-08-13,81,,27300.65,Wire Transfer,AR00006432,2026-08-13,11
6433,CR-2026-006433,2026-08-17,82,,18297.32,Credit Card,AR00006433,2026-08-17,11
6434,CR-2026-006434,2026-08-18,83,,28915.33,Credit Card,AR00006434,2026-08-18,11
6435,CR-2026-006435,2026-08-11,84,,4159.84,ACH,AR00006435,2026-08-12,98
6436,CR-2026-006436,2026-08-03,85,,44.02,Credit Card,AR00006436,2026-08-05,115
6437,CR-2026-006437,2026-08-07,86,,8105.5,Credit Card,AR00006437,2026-08-09,98
6438,CR-2026-006438,2026-08-10,87,17268.0,20122.33,Credit Card,AR00006438,2026-08-10,11
6439,CR-2026-006439,2026-08-20,87,,52832.3,Credit Card,AR00006439,2026-08-20,11
6440,CR-2026-006440,2026-08-18,88,,7939.85,ACH,AR00006440,2026-08-20,98
6441,CR-2026-006441,2026-08-14,89,,1107.72,ACH,AR00006441,2026-08-14,115
6442,CR-2026-006442,2026-08-08,90,,5060.31,Check,AR00006442,2026-08-08,11
6443,CR-2026-006443,2026-08-19,91,,3764.0,ACH,AR00006443,2026-08-21,98
6444,CR-2026-006444,2026-08-06,92,14877.0,205.06,Credit Card,AR00006444,2026-08-07,11
6445,CR-2026-006445,2026-08-11,93,,6666.62,Wire Transfer,AR00006445,2026-08-11,98
6446,CR-2026-006446,2026-08-18,94,,10884.11,ACH,AR00006446,2026-08-20,98
6447,CR-2026-006447,2026-08-12,95,,28107.62,Check,AR00006447,2026-08-14,11
6448,CR-2026-006448,2026-08-13,96,,13983.09,ACH,AR00006448,2026-08-14,11
6449,CR-2026-006449,2026-08-14,97,,1845.43,Check,AR00006449,2026-08-14,98
6450,CR-2026-006450,2026-08-11,98,,49787.29,Wire Transfer,AR00006450,2026-08-13,98
6451,CR-2026-006451,2026-08-20,99,,5462.88,ACH,AR00006451,2026-08-22,98
6452,CR-2026-006452,2026-08-14,100,,4125.48,Credit Card,AR00006452,2026-08-15,98
6453,CR-2026-006453,2026-08-13,101,,10840.94,ACH,AR00006453,2026-08-15,115
6454,CR-2026-006454,2026-08-12,102,,3850.76,Wire Transfer,AR00006454,2026-08-13,115
6455,CR-2026-006455,2026-08-13,103,16992.0,246.86,ACH,AR00006455,2026-08-13,98
6456,CR-2026-006456,2026-08-16,104,,26561.31,Check,AR00006456,2026-08-16,115
6457,CR-2026-006457,2026-08-14,105,,17208.09,Wire Transfer,AR00006457,2026-08-16,11
6458,CR-2026-006458,2026-08-10,106,,41948.04,Check,AR00006458,2026-08-10,98
6459,CR-2026-006459,2026-08-12,107,,1372.5,Credit Card,AR00006459,2026-08-12,11
6460,CR-2026-006460,2026-08-13,108,,8095.64,ACH,AR00006460,2026-08-15,98
6461,CR-2026-006461,2026-08-13,109,,12687.14,Check,AR00006461,2026-08-15,98
6462,CR-2026-006462,2026-08-12,110,,27634.25,Wire Transfer,AR00006462,2026-08-13,115
6463,CR-2026-006463,2026-08-13,112,,662.93,Wire Transfer,AR00006463,2026-08-15,98
6464,CR-2026-006464,2026-08-10,113,,53652.81,Wire Transfer,AR00006464,2026-08-12,98
6465,CR-2026-006465,2026-08-09,114,,240.92,Credit Card,AR00006465,2026-08-10,115
6466,CR-2026-006466,2026-08-10,115,,18373.51,Wire Transfer,AR00006466,2026-08-10,98
6467,CR-2026-006467,2026-08-07,116,,3151.1,Wire Transfer,AR00006467,2026-08-09,115
6468,CR-2026-006468,2026-08-16,117,17249.0,14064.25,Wire Transfer,AR00006468,2026-08-18,115
6469,CR-2026-006469,2026-08-14,118,,4189.29,Check,AR00006469,2026-08-15,98
6470,CR-2026-006470,2026-08-13,119,,5067.0,Check,AR00006470,2026-08-14,98
6471,CR-2026-006471,2026-08-07,120,,1544.54,Check,AR00006471,2026-08-07,98
6472,CR-2026-006472,2026-08-07,121,16323.0,222.19,Wire Transfer,AR00006472,2026-08-07,115
6473,CR-2026-006473,2026-08-05,122,,208.82,Wire Transfer,AR00006473,2026-08-05,11
6474,CR-2026-006474,2026-08-11,123,,4748.98,Wire Transfer,AR00006474,2026-08-12,115
6475,CR-2026-006475,2026-08-17,124,,23772.17,ACH,AR00006475,2026-08-19,11
6476,CR-2026-006476,2026-08-07,125,,2285.34,ACH,AR00006476,2026-08-07,115
6477,CR-2026-006477,2026-08-09,126,,242.38,Wire Transfer,AR00006477,2026-08-10,98
6478,CR-2026-006478,2026-08-04,127,,23.09,ACH,AR00006478,2026-08-04,115
6479,CR-2026-006479,2026-08-16,128,17252.0,40023.79,Credit Card,AR00006479,2026-08-17,115
6480,CR-2026-006480,2026-08-12,129,,53437.4,Wire Transfer,AR00006480,2026-08-13,115
6481,CR-2026-006481,2026-08-21,129,,11340.85,Credit Card,AR00006481,2026-08-23,11
6482,CR-2026-006482,2026-08-10,130,,8498.74,ACH,AR00006482,2026-08-12,115
6483,CR-2026-006483,2026-08-12,131,,30520.15,ACH,AR00006483,2026-08-14,11
6484,CR-2026-006484,2026-08-10,132,,313.65,Credit Card,AR00006484,2026-08-12,98
6485,CR-2026-006485,2026-08-10,133,,15815.78,Wire Transfer,AR00006485,2026-08-10,11
6486,CR-2026-006486,2026-08-10,134,,2801.1,Wire Transfer,AR00006486,2026-08-11,115
6487,CR-2026-006487,2026-08-10,135,,10067.71,Credit Card,AR00006487,2026-08-10,11
6488,CR-2026-006488,2026-08-12,136,,30482.51,Check,AR00006488,2026-08-14,11
6489,CR-2026-006489,2026-08-11,137,,8910.86,Credit Card,AR00006489,2026-08-11,115
6490,CR-2026-006490,2026-08-12,138,,37232.09,Wire Transfer,AR00006490,2026-08-14,115
6491,CR-2026-006491,2026-08-23,139,,5748.33,ACH,AR00006491,2026-08-25,11
6492,CR-2026-006492,2026-08-18,140,,10823.38,Credit Card,AR00006492,2026-08-18,98
6493,CR-2026-006493,2026-08-13,141,,41274.49,ACH,AR00006493,2026-08-15,98
6494,CR-2026-006494,2026-08-14,142,,178.12,Credit Card,AR00006494,2026-08-14,98
6495,CR-2026-006495,2026-08-04,143,,1.74,Wire Transfer,AR00006495,2026-08-05,11
6496,CR-2026-006496,2026-08-10,144,,12716.45,Credit Card,AR00006496,2026-08-11,11
6497,CR-2026-006497,2026-08-14,145,,11444.46,Wire Transfer,AR00006497,2026-08-16,98
6498,CR-2026-006498,2026-08-11,146,,5404.35,Credit Card,AR00006498,2026-08-12,98
6499,CR-2026-006499,2026-08-10,147,,5082.02,Credit Card,AR00006499,2026-08-12,11
6500,CR-2026-006500,2026-08-20,148,,7858.22,Credit Card,AR00006500,2026-08-20,11
6501,CR-2026-006501,2026-08-10,149,,11817.81,Credit Card,AR00006501,2026-08-10,115
6502,CR-2026-006502,2026-08-07,150,,1015.84,ACH,AR00006502,2026-08-07,11
6503,CR-2026-006503,2026-08-18,151,,18236.12,ACH,AR00006503,2026-08-19,115
6504,CR-2026-006504,2026-08-12,152,,9097.88,Credit Card,AR00006504,2026-08-12,98
6505,CR-2026-006505,2026-08-12,153,,2352.08,Check,AR00006505,2026-08-12,11
6506,CR-2026-006506,2026-08-17,154,,3528.36,Credit Card,AR00006506,2026-08-19,98
6507,CR-2026-006507,2026-08-12,155,,7115.89,Credit Card,AR00006507,2026-08-12,115
6508,CR-2026-006508,2026-08-12,156,,29871.18,ACH,AR00006508,2026-08-13,11
6509,CR-2026-006509,2026-08-14,157,,144.04,Credit Card,AR00006509,2026-08-16,11
6510,CR-2026-006510,2026-08-14,158,,10146.1,Wire Transfer,AR00006510,2026-08-14,11
6511,CR-2026-006511,2026-08-14,159,,5847.8,Wire Transfer,AR00006511,2026-08-14,11
6512,CR-2026-006512,2026-08-14,161,,18332.96,Wire Transfer,AR00006512,2026-08-14,115
6513,CR-2026-006513,2026-08-19,162,,21009.26,Check,AR00006513,2026-08-20,11
6514,CR-2026-006514,2026-08-21,163,,1769.41,Credit Card,AR00006514,2026-08-21,11
6515,CR-2026-006515,2026-08-17,164,,3573.51,Check,AR00006515,2026-08-19,11
6516,CR-2026-006516,2026-08-03,165,,0.02,ACH,AR00006516,2026-08-04,98
6517,CR-2026-006517,2026-08-16,166,,24049.92,Check,AR00006517,2026-08-18,115
6518,CR-2026-006518,2026-08-18,167,,2884.1,Credit Card,AR00006518,2026-08-20,115
6519,CR-2026-006519,2026-08-10,168,,2528.77,Credit Card,AR00006519,2026-08-10,11
6520,CR-2026-006520,2026-08-09,169,,16971.94,ACH,AR00006520,2026-08-09,98
6521,CR-2026-006521,2026-08-21,170,,180.22,Check,AR00006521,2026-08-21,11
6522,CR-2026-006522,2026-08-18,171,,9160.08,ACH,AR00006522,2026-08-20,115
6523,CR-2026-006523,2026-08-10,172,,8475.61,Check,AR00006523,2026-08-10,11
6524,CR-2026-006524,2026-08-14,173,,17646.29,Wire Transfer,AR00006524,2026-08-14,115
6525,CR-2026-006525,2026-08-10,174,,43981.24,ACH,AR00006525,2026-08-10,115
6526,CR-2026-006526,2026-08-19,175,,4992.5,Check,AR00006526,2026-08-21,98
6527,CR-2026-006527,2026-08-11,176,,7706.16,Wire Transfer,AR00006527,2026-08-11,98
6528,CR-2026-006528,2026-08-10,177,,11874.43,Credit Card,AR00006528,2026-08-10,98
6529,CR-2026-006529,2026-08-17,178,,10159.14,Check,AR00006529,2026-08-18,11
6530,CR-2026-006530,2026-08-19,179,,11098.16,Credit Card,AR00006530,2026-08-20,11
6531,CR-2026-006531,2026-08-10,180,,13254.5,ACH,AR00006531,2026-08-11,115
6532,CR-2026-006532,2026-08-07,181,16222.0,345.7,Check,AR00006532,2026-08-07,98
6533,CR-2026-006533,2026-08-11,182,,11838.65,ACH,AR00006533,2026-08-13,98
6534,CR-2026-006534,2026-08-06,183,,6208.83,Credit Card,AR00006534,2026-08-06,115
6535,CR-2026-006535,2026-08-13,184,,42745.31,ACH,AR00006535,2026-08-13,98
6536,CR-2026-006536,2026-08-19,185,,15420.82,ACH,AR00006536,2026-08-19,11
6537,CR-2026-006537,2026-08-13,186,,33433.35,ACH,AR00006537,2026-08-15,98
6538,CR-2026-006538,2026-08-13,187,,24027.3,Credit Card,AR00006538,2026-08-15,115
6539,CR-2026-006539,2026-08-19,188,17471.0,9750.9,ACH,AR00006539,2026-08-20,11
6540,CR-2026-006540,2026-08-12,189,,22192.96,Credit Card,AR00006540,2026-08-14,11
6541,CR-2026-006541,2026-08-12,190,,15248.75,Credit Card,AR00006541,2026-08-13,98
6542,CR-2026-006542,2026-08-10,191,,7558.09,Check,AR00006542,2026-08-10,115
6543,CR-2026-006543,2026-08-10,192,,10581.4,Check,AR00006543,2026-08-12,11
6544,CR-2026-006544,2026-08-17,193,,29086.54,Wire Transfer,AR00006544,2026-08-17,11
6545,CR-2026-006545,2026-08-13,194,,9791.87,Credit Card,AR00006545,2026-08-13,115
6546,CR-2026-006546,2026-08-19,195,17128.0,2993.21,Wire Transfer,AR00006546,2026-08-19,98
6547,CR-2026-006547,2026-08-20,196,,19851.14,Wire Transfer,AR00006547,2026-08-22,115
6548,CR-2026-006548,2026-08-20,197,,16286.04,Credit Card,AR00006548,2026-08-20,11
6549,CR-2026-006549,2026-08-14,198,,17487.1,ACH,AR00006549,2026-08-14,11
6550,CR-2026-006550,2026-08-10,199,,29097.25,Check,AR00006550,2026-08-11,98
6551,CR-2026-006551,2026-08-11,200,,30599.7,Credit Card,AR00006551,2026-08-12,115
6552,CR-2026-006552,2026-08-10,201,,1396.35,Check,AR00006552,2026-08-11,98
6553,CR-2026-006553,2026-08-12,202,,12878.45,Credit Card,AR00006553,2026-08-12,115
6554,CR-2026-006554,2026-08-10,203,,465.89,Wire Transfer,AR00006554,2026-08-12,98
6555,CR-2026-006555,2026-08-11,204,,19501.82,ACH,AR00006555,2026-08-11,98
6556,CR-2026-006556,2026-08-10,205,,56311.5,Wire Transfer,AR00006556,2026-08-12,98
6557,CR-2026-006557,2026-08-20,205,,10107.5,Credit Card,AR00006557,2026-08-22,11
6558,CR-2026-006558,2026-08-16,206,,5031.4,Wire Transfer,AR00006558,2026-08-16,98
6559,CR-2026-006559,2026-08-17,208,,36703.35,ACH,AR00006559,2026-08-18,11
6560,CR-2026-006560,2026-08-06,209,,10806.59,Check,AR00006560,2026-08-07,98
6561,CR-2026-006561,2026-08-13,210,16500.0,1683.59,ACH,AR00006561,2026-08-13,11
6562,CR-2026-006562,2026-08-10,211,,20540.7,Check,AR00006562,2026-08-10,11
6563,CR-2026-006563,2026-09-25,81,,3055.62,Wire Transfer,DEP00006563,2026-09-25,98
6564,CR-2026-006564,2026-09-17,202,,1560.55,Wire Transfer,DEP00006564,2026-09-17,11
6565,CR-2026-006565,2026-09-10,87,,3447.9,Credit Card,DEP00006565,2026-09-10,115
6566,CR-2026-006566,2026-09-12,173,,4264.57,Wire Transfer,DEP00006566,2026-09-12,11
6567,CR-2026-006567,2026-09-15,138,,2800.98,Wire Transfer,DEP00006567,2026-09-15,115
6568,CR-2026-006568,2026-09-10,55,,1612.67,Wire Transfer,DEP00006568,2026-09-10,11
6569,CR-2026-006569,2026-09-17,176,,1172.54,Wire Transfer,DEP00006569,2026-09-17,11
6570,CR-2026-006570,2026-09-14,1,,38079.5,Check,AR00006570,2026-09-16,98
6571,CR-2026-006571,2026-09-19,1,,30140.21,Credit Card,AR00006571,2026-09-20,98
6572,CR-2026-006572,2026-09-11,3,,2433.52,ACH,AR00006572,2026-09-13,11
6573,CR-2026-006573,2026-09-11,4,,4225.45,Wire Transfer,AR00006573,2026-09-12,11
6574,CR-2026-006574,2026-09-23,5,18796.0,1620.04,Credit Card,AR00006574,2026-09-24,115
6575,CR-2026-006575,2026-09-12,6,,3319.63,Wire Transfer,AR00006575,2026-09-12,98
6576,CR-2026-006576,2026-09-13,7,,21993.2,Wire Transfer,AR00006576,2026-09-13,115
6577,CR-2026-006577,2026-09-06,8,,361.58,Wire Transfer,AR00006577,2026-09-08,98
6578,CR-2026-006578,2026-09-11,9,,25157.85,ACH,AR00006578,2026-09-12,98
6579,CR-2026-006579,2026-09-12,10,,2233.2,Credit Card,AR00006579,2026-09-12,115
6580,CR-2026-006580,2026-09-20,11,17975.0,972.84,Wire Transfer,AR00006580,2026-09-22,11
6581,CR-2026-006581,2026-09-19,12,,5066.09,Wire Transfer,AR00006581,2026-09-21,115
6582,CR-2026-006582,2026-09-11,13,,10146.89,Credit Card,AR00006582,2026-09-12,11
6583,CR-2026-006583,2026-09-12,14,,1093.34,Credit Card,AR00006583,2026-09-14,11
6584,CR-2026-006584,2026-09-10,15,,4440.65,Check,AR00006584,2026-09-12,98
6585,CR-2026-006585,2026-09-10,16,,16707.76,Wire Transfer,AR00006585,2026-09-12,11
6586,CR-2026-006586,2026-09-13,17,,15955.18,Wire Transfer,AR00006586,2026-09-15,115
6587,CR-2026-006587,2026-09-11,18,,3658.67,Check,AR00006587,2026-09-11,98
6588,CR-2026-006588,2026-09-11,19,,40505.46,Wire Transfer,AR00006588,2026-09-13,98
6589,CR-2026-006589,2026-09-13,20,,30564.91,Check,AR00006589,2026-09-15,98
6590,CR-2026-006590,2026-09-12,21,,20011.09,Check,AR00006590,2026-09-13,98
6591,CR-2026-006591,2026-09-19,22,,9644.87,Check,AR00006591,2026-09-21,98
6592,CR-2026-006592,2026-09-19,23,,20367.98,Check,AR00006592,2026-09-20,115
6593,CR-2026-006593,2026-09-06,24,16759.0,1191.94,Credit Card,AR00006593,2026-09-08,98
6594,CR-2026-006594,2026-09-09,25,,31.24,Credit Card,AR00006594,2026-09-09,98
6595,CR-2026-006595,2026-09-17,26,,32542.85,Credit Card,AR00006595,2026-09-17,11
6596,CR-2026-006596,2026-09-07,27,,32.43,Check,AR00006596,2026-09-08,115
6597,CR-2026-006597,2026-09-18,28,,1459.56,Credit Card,AR00006597,2026-09-19,115
6598,CR-2026-006598,2026-09-16,29,,7237.74,Credit Card,AR00006598,2026-09-18,11
6599,CR-2026-006599,2026-09-07,30,,43.32,ACH,AR00006599,2026-09-09,115
6600,CR-2026-006600,2026-09-10,31,,14547.22,Wire Transfer,AR00006600,2026-09-11,11
6601,CR-2026-006601,2026-09-13,32,,20973.54,Wire Transfer,AR00006601,2026-09-15,115
6602,CR-2026-006602,2026-09-13,33,,17535.72,Wire Transfer,AR00006602,2026-09-14,115
6603,CR-2026-006603,2026-09-14,34,,24766.27,Check,AR00006603,2026-09-15,11
6604,CR-2026-006604,2026-09-17,35,,3882.44,ACH,AR00006604,2026-09-19,11
6605,CR-2026-006605,2026-09-09,36,,1010.41,Credit Card,AR00006605,2026-09-11,98
6606,CR-2026-006606,2026-09-16,37,,21862.93,ACH,AR00006606,2026-09-18,115
6607,CR-2026-006607,2026-09-11,38,,15685.16,Credit Card,AR00006607,2026-09-11,115
6608,CR-2026-006608,2026-09-19,39,,6723.94,Wire Transfer,AR00006608,2026-09-20,98
6609,CR-2026-006609,2026-09-18,40,,1394.02,ACH,AR00006609,2026-09-18,11
6610,CR-2026-006610,2026-09-11,41,,1937.1,Wire Transfer,AR00006610,2026-09-13,98
6611,CR-2026-006611,2026-09-03,42,,573.24,Wire Transfer,AR00006611,2026-09-05,11
6612,CR-2026-006612,2026-09-12,43,,5184.43,ACH,AR00006612,2026-09-13,11
6613,CR-2026-006613,2026-09-13,44,,17566.08,ACH,AR00006613,2026-09-13,115
6614,CR-2026-006614,2026-09-14,45,,14260.52,ACH,AR00006614,2026-09-14,115
6615,CR-2026-006615,2026-09-19,46,,16354.09,Check,AR00006615,2026-09-20,98
6616,CR-2026-006616,2026-09-13,47,,2680.18,Check,AR00006616,2026-09-15,98
6617,CR-2026-006617,2026-09-12,48,17844.0,2737.64,ACH,AR00006617,2026-09-13,115
6618,CR-2026-006618,2026-09-10,49,,99.05,Credit Card,AR00006618,2026-09-11,98
6619,CR-2026-006619,2026-09-04,50,,3.87,ACH,AR00006619,2026-09-05,11
6620,CR-2026-006620,2026-09-12,51,,59357.33,Wire Transfer,AR00006620,2026-09-12,115
6621,CR-2026-006621,2026-09-10,52,,3159.09,Wire Transfer,AR00006621,2026-09-12,115
6622,CR-2026-006622,2026-09-13,53,,10478.84,ACH,AR00006622,2026-09-14,11
6623,CR-2026-006623,2026-09-12,55,,15809.67,Credit Card,AR00006623,2026-09-14,115
6624,CR-2026-006624,2026-09-21,56,,706.38,Wire Transfer,AR00006624,2026-09-23,115
6625,CR-2026-006625,2026-09-03,57,,556.53,Check,AR00006625,2026-09-04,11
6626,CR-2026-006626,2026-09-12,58,,5141.32,Check,AR00006626,2026-09-13,115
6627,CR-2026-006627,2026-09-23,59,,1720.88,Check,AR00006627,2026-09-24,11
6628,CR-2026-006628,2026-09-10,60,,7236.74,ACH,AR00006628,2026-09-11,11
6629,CR-2026-006629,2026-09-13,61,,5864.64,Check,AR00006629,2026-09-14,11
6630,CR-2026-006630,2026-09-17,62,18187.0,6513.21,ACH,AR00006630,2026-09-18,98
6631,CR-2026-006631,2026-09-10,63,,10953.84,Credit Card,AR00006631,2026-09-12,115
6632,CR-2026-006632,2026-09-09,64,,135.89,Credit Card,AR00006632,2026-09-10,11
6633,CR-2026-006633,2026-09-11,65,,7376.74,ACH,AR00006633,2026-09-13,11
6634,CR-2026-006634,2026-09-17,67,,25534.45,Check,AR00006634,2026-09-17,115
6635,CR-2026-006635,2026-09-10,68,,32302.07,ACH,AR00006635,2026-09-12,98
6636,CR-2026-006636,2026-09-06,69,,3501.41,Credit Card,AR00006636,2026-09-06,11
6637,CR-2026-006637,2026-09-05,70,,610.73,ACH,AR00006637,2026-09-06,11
6638,CR-2026-006638,2026-09-12,71,,12237.66,Credit Card,AR00006638,2026-09-13,115
6639,CR-2026-006639,2026-09-16,72,,19027.23,Check,AR00006639,2026-09-17,115
6640,CR-2026-006640,2026-09-17,73,,12381.23,Wire Transfer,AR00006640,2026-09-18,98
6641,CR-2026-006641,2026-09-17,74,,11316.29,ACH,AR00006641,2026-09-18,98
6642,CR-2026-006642,2026-09-12,75,,7919.35,Credit Card,AR00006642,2026-09-14,98
6643,CR-2026-006643,2026-09-18,76,,11167.23,ACH,AR00006643,2026-09-20,11
6644,CR-2026-006644,2026-09-13,78,,38165.14,Wire Transfer,AR00006644,2026-09-15,98
6645,CR-2026-006645,2026-09-22,79,,1342.64,Wire Transfer,AR00006645,2026-09-24,115
6646,CR-2026-006646,2026-09-11,80,,14812.6,Wire Transfer,AR00006646,2026-09-11,115
6647,CR-2026-006647,2026-09-19,81,,29888.45,Credit Card,AR00006647,2026-09-20,98
6648,CR-2026-006648,2026-09-13,82,,11019.97,Wire Transfer,AR00006648,2026-09-15,98
6649,CR-2026-006649,2026-09-10,83,,21088.19,Check,AR00006649,2026-09-10,11
6650,CR-2026-006650,2026-09-12,84,,1676.16,Wire Transfer,AR00006650,2026-09-14,11
6651,CR-2026-006651,2026-09-06,85,,289.62,Credit Card,AR00006651,2026-09-07,98
6652,CR-2026-006652,2026-09-20,86,,12055.86,Wire Transfer,AR00006652,2026-09-22,115
6653,CR-2026-006653,2026-09-12,87,,19811.06,Check,AR00006653,2026-09-12,115
6654,CR-2026-006654,2026-09-19,87,,41249.25,Check,AR00006654,2026-09-21,11
6655,CR-2026-006655,2026-09-11,88,,3588.3,Credit Card,AR00006655,2026-09-11,115
6656,CR-2026-006656,2026-09-07,89,,436.7,Check,AR00006656,2026-09-09,98
6657,CR-2026-006657,2026-09-20,90,17828.0,15203.38,Wire Transfer,AR00006657,2026-09-22,115
6658,CR-2026-006658,2026-09-12,91,,1260.19,ACH,AR00006658,2026-09-13,98
6659,CR-2026-006659,2026-09-07,92,14877.0,31.17,ACH,AR00006659,2026-09-08,98
6660,CR-2026-006660,2026-09-11,93,,4024.55,Credit Card,AR00006660,2026-09-12,11
6661,CR-2026-006661,2026-09-19,94,,4552.09,Check,AR00006661,2026-09-19,11
6662,CR-2026-006662,2026-09-11,95,,11457.91,Wire Transfer,AR00006662,2026-09-11,98
6663,CR-2026-006663,2026-09-11,96,,5031.36,Wire Transfer,AR00006663,2026-09-11,11
6664,CR-2026-006664,2026-09-20,97,,5170.96,ACH,AR00006664,2026-09-22,11
6665,CR-2026-006665,2026-09-14,98,,33267.84,Check,AR00006665,2026-09-15,98
6666,CR-2026-006666,2026-09-10,99,,3200.36,Check,AR00006666,2026-09-10,11
6667,CR-2026-006667,2026-09-17,100,,11597.41,Credit Card,AR00006667,2026-09-18,11
6668,CR-2026-006668,2026-09-10,101,,10117.3,ACH,AR00006668,2026-09-10,98
6669,CR-2026-006669,2026-09-11,102,,2143.92,ACH,AR00006669,2026-09-13,98
6670,CR-2026-006670,2026-09-09,103,,18.88,Check,AR00006670,2026-09-09,98
6671,CR-2026-006671,2026-09-14,104,,11205.31,Wire Transfer,AR00006671,2026-09-14,115
6672,CR-2026-006672,2026-09-13,105,,10998.06,Credit Card,AR00006672,2026-09-15,115
6673,CR-2026-006673,2026-09-20,106,,59544.71,Wire Transfer,AR00006673,2026-09-21,98
6674,CR-2026-006674,2026-09-23,106,,1851.46,Check,AR00006674,2026-09-23,98
6675,CR-2026-006675,2026-09-18,107,18274.0,1963.0,Credit Card,AR00006675,2026-09-18,98
6676,CR-2026-006676,2026-09-14,108,,12972.64,ACH,AR00006676,2026-09-16,115
6677,CR-2026-006677,2026-09-17,109,,20644.61,Wire Transfer,AR00006677,2026-09-18,98
6678,CR-2026-006678,2026-09-09,110,,9183.28,Check,AR00006678,2026-09-09,115
6679,CR-2026-006679,2026-09-10,112,,101.41,Check,AR00006679,2026-09-11,115
6680,CR-2026-006680,2026-09-10,113,,39568.55,ACH,AR00006680,2026-09-11,115
6681,CR-2026-006681,2026-09-07,114,16931.0,16.25,Wire Transfer,AR00006681,2026-09-08,98
6682,CR-2026-006682,2026-09-10,115,,11316.86,Check,AR00006682,2026-09-12,11
6683,CR-2026-006683,2026-09-18,116,,19351.58,Wire Transfer,AR00006683,2026-09-20,115
6684,CR-2026-006684,2026-09-14,117,,10386.03,Wire Transfer,AR00006684,2026-09-14,98
6685,CR-2026-006685,2026-09-07,118,,3049.9,ACH,AR00006685,2026-09-07,11
6686,CR-2026-006686,2026-09-07,119,,2251.93,ACH,AR00006686,2026-09-09,98
6687,CR-2026-006687,2026-09-19,120,,16196.36,Wire Transfer,AR00006687,2026-09-19,115
6688,CR-2026-006688,2026-09-04,121,,1.07,ACH,AR00006688,2026-09-05,98
6689,CR-2026-006689,2026-09-16,122,18045.0,430.52,ACH,AR00006689,2026-09-18,98
6690,CR-2026-006690,2026-09-17,123,,6119.94,Check,AR00006690,2026-09-17,115
6691,CR-2026-006691,2026-09-10,124,,17404.18,Credit Card,AR00006691,2026-09-12,98
6692,CR-2026-006692,2026-09-18,125,,7809.36,ACH,AR00006692,2026-09-20,115
6693,CR-2026-006693,2026-09-03,127,,0.27,Check,AR00006693,2026-09-05,98
6694,CR-2026-006694,2026-09-10,128,,33776.81,Credit Card,AR00006694,2026-09-11,115
6695,CR-2026-006695,2026-09-13,129,,50637.59,ACH,AR00006695,2026-09-15,11
6696,CR-2026-006696,2026-09-16,130,,18390.18,Check,AR00006696,2026-09-16,11
6697,CR-2026-006697,2026-09-14,131,,18289.91,Credit Card,AR00006697,2026-09-16,11
6698,CR-2026-006698,2026-09-22,132,,1018.27,Check,AR00006698,2026-09-24,98
6699,CR-2026-006699,2026-09-09,133,,23295.51,Wire Transfer,AR00006699,2026-09-09,11
6700,CR-2026-006700,2026-09-13,134,,779.02,Check,AR00006700,2026-09-14,11
6701,CR-2026-006701,2026-09-06,135,,5841.06,Check,AR00006701,2026-09-06,115
6702,CR-2026-006702,2026-09-13,136,,13501.17,ACH,AR00006702,2026-09-13,115
6703,CR-2026-006703,2026-09-14,137,,12186.06,Credit Card,AR00006703,2026-09-14,11
6704,CR-2026-006704,2026-09-10,138,,56299.16,Check,AR00006704,2026-09-11,11
6705,CR-2026-006705,2026-09-20,139,,33425.16,ACH,AR00006705,2026-09-22,11
6706,CR-2026-006706,2026-09-14,140,,4237.77,ACH,AR00006706,2026-09-14,115
6707,CR-2026-006707,2026-09-14,141,,25234.19,Check,AR00006707,2026-09-15,98
6708,CR-2026-006708,2026-09-08,142,,211.28,ACH,AR00006708,2026-09-10,98
6709,CR-2026-006709,2026-09-04,143,13636.0,0.21,Check,AR00006709,2026-09-05,115
6710,CR-2026-006710,2026-09-12,144,,5925.97,Wire Transfer,AR00006710,2026-09-13,115
6711,CR-2026-006711,2026-09-19,145,,15074.64,ACH,AR00006711,2026-09-19,11
6712,CR-2026-006712,2026-09-17,146,,18321.29,Wire Transfer,AR00006712,2026-09-18,11
6713,CR-2026-006713,2026-09-12,147,,2196.47,Check,AR00006713,2026-09-14,11
6714,CR-2026-006714,2026-09-10,148,,2988.94,Check,AR00006714,2026-09-11,98
6715,CR-2026-006715,2026-09-12,149,,4181.32,ACH,AR00006715,2026-09-14,11
6716,CR-2026-006716,2026-09-16,150,,6272.18,ACH,AR00006716,2026-09-18,11
6717,CR-2026-006717,2026-09-12,151,,8074.89,Credit Card,AR00006717,2026-09-12,115
6718,CR-2026-006718,2026-09-10,152,,2294.61,Check,AR00006718,2026-09-10,115
6719,CR-2026-006719,2026-09-10,153,,1303.03,Credit Card,AR00006719,2026-09-10,11
6720,CR-2026-006720,2026-09-19,154,,10330.97,Wire Transfer,AR00006720,2026-09-21,98
6721,CR-2026-006721,2026-09-18,155,,8740.67,Check,AR00006721,2026-09-18,98
6722,CR-2026-006722,2026-09-12,156,,32978.35,ACH,AR00006722,2026-09-12,98
6723,CR-2026-006723,2026-09-08,157,,24.85,Credit Card,AR00006723,2026-09-10,11
6724,CR-2026-006724,2026-09-11,158,,9533.91,Wire Transfer,AR00006724,2026-09-12,115
6725,CR-2026-006725,2026-09-06,159,,5510.69,Check,AR00006725,2026-09-06,11
6726,CR-2026-006726,2026-09-22,160,,771.95,Credit Card,AR00006726,2026-09-22,115
6727,CR-2026-006727,2026-09-14,161,,14632.63,Credit Card,AR00006727,2026-09-16,115
6728,CR-2026-006728,2026-09-12,162,,16900.82,Wire Transfer,AR00006728,2026-09-12,115
6729,CR-2026-006729,2026-09-18,163,,3708.57,Wire Transfer,AR00006729,2026-09-20,115
6730,CR-2026-006730,2026-09-14,164,,1927.13,Check,AR00006730,2026-09-14,115
6731,CR-2026-006731,2026-09-13,166,,15878.5,Wire Transfer,AR00006731,2026-09-13,115
6732,CR-2026-006732,2026-09-13,167,,4065.55,Wire Transfer,AR00006732,2026-09-13,115
6733,CR-2026-006733,2026-09-17,168,,7461.56,Credit Card,AR00006733,2026-09-18,98
6734,CR-2026-006734,2026-09-19,169,,39642.34,Check,AR00006734,2026-09-20,98
6735,CR-2026-006735,2026-09-21,170,18362.0,1501.46,ACH,AR00006735,2026-09-22,11
6736,CR-2026-006736,2026-09-14,171,,3476.78,Wire Transfer,AR00006736,2026-09-15,98
6737,CR-2026-006737,2026-09-08,172,,6204.32,Wire Transfer,AR00006737,2026-09-08,98
6738,CR-2026-006738,2026-09-11,173,,8750.27,Credit Card,AR00006738,2026-09-13,98
6739,CR-2026-006739,2026-09-10,174,,32901.31,Wire Transfer,AR00006739,2026-09-12,115
6740,CR-2026-006740,2026-09-11,175,,1799.39,Check,AR00006740,2026-09-12,11
6741,CR-2026-006741,2026-09-19,176,,8699.69,Wire Transfer,AR00006741,2026-09-21,115
6742,CR-2026-006742,2026-09-12,177,,7729.1,Check,AR00006742,2026-09-13,98
6743,CR-2026-006743,2026-09-12,178,,8983.93,ACH,AR00006743,2026-09-14,11
6744,CR-2026-006744,2026-09-20,179,,35280.73,Wire Transfer,AR00006744,2026-09-21,98
6745,CR-2026-006745,2026-09-07,180,,6447.03,Wire Transfer,AR00006745,2026-09-07,115
6746,CR-2026-006746,2026-09-07,181,,9790.0,ACH,AR00006746,2026-09-09,98
6747,CR-2026-006747,2026-09-08,182,,4225.05,Check,AR00006747,2026-09-10,115
6748,CR-2026-006748,2026-09-13,183,,5804.28,ACH,AR00006748,2026-09-13,115
6749,CR-2026-006749,2026-09-10,184,,20994.07,Wire Transfer,AR00006749,2026-09-11,98
6750,CR-2026-006750,2026-09-10,185,,40984.41,Check,AR00006750,2026-09-10,11
6751,CR-2026-006751,2026-09-10,186,,30355.28,Wire Transfer,AR00006751,2026-09-10,115
6752,CR-2026-006752,2026-09-12,187,,30977.61,ACH,AR00006752,2026-09-14,11
6753,CR-2026-006753,2026-09-14,188,,4986.13,Check,AR00006753,2026-09-15,11
6754,CR-2026-006754,2026-09-10,189,,10459.51,Check,AR00006754,2026-09-11,98
6755,CR-2026-006755,2026-09-20,190,,21336.98,ACH,AR00006755,2026-09-20,11
6756,CR-2026-006756,2026-09-10,191,,7669.32,Check,AR00006756,2026-09-10,11
6757,CR-2026-006757,2026-09-16,192,,17480.51,Wire Transfer,AR00006757,2026-09-17,98
6758,CR-2026-006758,2026-09-13,193,,40214.28,Credit Card,AR00006758,2026-09-14,11
6759,CR-2026-006759,2026-09-14,194,,5957.97,ACH,AR00006759,2026-09-15,11
6760,CR-2026-006760,2026-09-12,195,,6734.99,Credit Card,AR00006760,2026-09-13,98
6761,CR-2026-006761,2026-09-10,196,,10928.99,ACH,AR00006761,2026-09-11,11
6762,CR-2026-006762,2026-09-13,197,,5354.82,Credit Card,AR00006762,2026-09-13,98
6763,CR-2026-006763,2026-09-07,198,,11816.75,Wire Transfer,AR00006763,2026-09-08,115
6764,CR-2026-006764,2026-09-14,199,,14044.69,Check,AR00006764,2026-09-16,115
6765,CR-2026-006765,2026-09-14,200,,22748.48,Check,AR00006765,2026-09-14,115
6766,CR-2026-006766,2026-09-18,201,,3016.95,ACH,AR00006766,2026-09-18,98
6767,CR-2026-006767,2026-09-19,202,,34059.5,ACH,AR00006767,2026-09-20,11
6768,CR-2026-006768,2026-09-04,203,,61.85,Check,AR00006768,2026-09-04,115
6769,CR-2026-006769,2026-09-11,204,,9990.0,Credit Card,AR00006769,2026-09-13,98
6770,CR-2026-006770,2026-09-14,205,,45833.48,Wire Transfer,AR00006770,2026-09-16,11
6771,CR-2026-006771,2026-09-19,205,,19785.01,ACH,AR00006771,2026-09-21,115
6772,CR-2026-006772,2026-09-17,206,,24734.81,Check,AR00006772,2026-09-17,115
6773,CR-2026-006773,2026-09-13,208,,21819.43,ACH,AR00006773,2026-09-14,11
6774,CR-2026-006774,2026-09-20,209,,44733.36,Wire Transfer,AR00006774,2026-09-21,11
6775,CR-2026-006775,2026-09-06,210,,424.47,Credit Card,AR00006775,2026-09-07,98
6776,CR-2026-006776,2026-09-11,211,,16292.65,Check,AR00006776,2026-09-11,115
6777,CR-2026-006777,2026-10-31,24,,2874.82,ACH,DEP00006777,2026-10-31,11
6778,CR-2026-006778,2026-10-31,199,,1829.91,Credit Card,DEP00006778,2026-10-31,11
6779,CR-2026-006779,2026-10-23,116,,1648.47,Check,DEP00006779,2026-10-23,98
6780,CR-2026-006780,2026-10-13,1,,33508.33,Wire Transfer,AR00006780,2026-10-15,11
6781,CR-2026-006781,2026-10-22,1,,43994.98,ACH,AR00006781,2026-10-23,11
6782,CR-2026-006782,2026-10-17,3,,4747.92,Credit Card,AR00006782,2026-10-18,98
6783,CR-2026-006783,2026-10-07,4,,2125.77,Credit Card,AR00006783,2026-10-07,98
6784,CR-2026-006784,2026-10-16,5,,8529.59,Credit Card,AR00006784,2026-10-18,11
6785,CR-2026-006785,2026-10-06,6,,1742.65,Wire Transfer,AR00006785,2026-10-06,11
6786,CR-2026-006786,2026-10-12,7,,23113.49,Credit Card,AR00006786,2026-10-12,98
6787,CR-2026-006787,2026-10-20,8,,1441.26,Check,AR00006787,2026-10-20,11
6788,CR-2026-006788,2026-10-07,9,,15487.26,ACH,AR00006788,2026-10-07,98
6789,CR-2026-006789,2026-10-07,10,,1827.88,Credit Card,AR00006789,2026-10-09,11
6790,CR-2026-006790,2026-10-13,11,,334.95,Check,AR00006790,2026-10-13,11
6791,CR-2026-006791,2026-10-14,12,,12397.96,ACH,AR00006791,2026-10-15,115
6792,CR-2026-006792,2026-10-13,13,,5131.91,Check,AR00006792,2026-10-13,98
6793,CR-2026-006793,2026-10-12,14,,1977.67,Credit Card,AR00006793,2026-10-14,98
6794,CR-2026-006794,2026-10-20,15,,14110.63,ACH,AR00006794,2026-10-20,11
6795,CR-2026-006795,2026-10-18,16,,16241.34,Check,AR00006795,2026-10-18,98
6796,CR-2026-006796,2026-10-10,17,,12950.02,Credit Card,AR00006796,2026-10-10,98
6797,CR-2026-006797,2026-10-20,18,,6671.97,Wire Transfer,AR00006797,2026-10-20,11
6798,CR-2026-006798,2026-10-10,19,,38316.3,Credit Card,AR00006798,2026-10-11,98
6799,CR-2026-006799,2026-10-10,20,,21884.62,Credit Card,AR00006799,2026-10-10,11
6800,CR-2026-006800,2026-10-10,21,,19545.35,Credit Card,AR00006800,2026-10-10,98
6801,CR-2026-006801,2026-10-13,22,17954.0,4330.97,ACH,AR00006801,2026-10-14,98
6802,CR-2026-006802,2026-10-11,23,,18651.32,Credit Card,AR00006802,2026-10-11,115
6803,CR-2026-006803,2026-10-23,24,18979.0,1865.33,Check,AR00006803,2026-10-25,98
6804,CR-2026-006804,2026-10-11,26,,17368.23,ACH,AR00006804,2026-10-11,11
6805,CR-2026-006805,2026-10-07,27,,0.15,Check,AR00006805,2026-10-08,98
6806,CR-2026-006806,2026-10-16,28,,11210.44,Credit Card,AR00006806,2026-10-18,11
6807,CR-2026-006807,2026-10-10,29,,8533.65,ACH,AR00006807,2026-10-12,98
6808,CR-2026-006808,2026-10-06,30,,0.26,ACH,AR00006808,2026-10-08,115
6809,CR-2026-006809,2026-10-11,31,,8953.24,Check,AR00006809,2026-10-11,11
6810,CR-2026-006810,2026-10-13,32,,6644.1,Wire Transfer,AR00006810,2026-10-15,11
6811,CR-2026-006811,2026-10-10,33,,5492.06,Wire Transfer,AR00006811,2026-10-10,115
6812,CR-2026-006812,2026-10-12,34,,13144.58,ACH,AR00006812,2026-10-14,11
6813,CR-2026-006813,2026-10-11,35,,2349.99,Check,AR00006813,2026-10-13,98
6814,CR-2026-006814,2026-10-17,36,,1946.81,Credit Card,AR00006814,2026-10-17,115
6815,CR-2026-006815,2026-10-17,37,,43796.75,Credit Card,AR00006815,2026-10-17,115
6816,CR-2026-006816,2026-10-13,38,,20662.27,ACH,AR00006816,2026-10-13,11
6817,CR-2026-006817,2026-10-12,39,,7994.13,Wire Transfer,AR00006817,2026-10-12,11
6818,CR-2026-006818,2026-10-16,40,,1622.28,Check,AR00006818,2026-10-18,115
6819,CR-2026-006819,2026-10-17,41,,3111.43,Wire Transfer,AR00006819,2026-10-17,98
6820,CR-2026-006820,2026-10-19,42,19040.0,4724.6,Wire Transfer,AR00006820,2026-10-20,11
6821,CR-2026-006821,2026-10-18,43,,11007.33,Wire Transfer,AR00006821,2026-10-19,98
6822,CR-2026-006822,2026-10-16,44,,29793.7,ACH,AR00006822,2026-10-16,98
6823,CR-2026-006823,2026-10-19,45,,26356.6,Check,AR00006823,2026-10-21,11
6824,CR-2026-006824,2026-10-11,46,,9465.98,ACH,AR00006824,2026-10-13,98
6825,CR-2026-006825,2026-10-18,47,,5848.02,Credit Card,AR00006825,2026-10-18,98
6826,CR-2026-006826,2026-10-08,48,,1066.95,ACH,AR00006826,2026-10-10,11
6827,CR-2026-006827,2026-10-04,49,,1113.58,Check,AR00006827,2026-10-05,11
6828,CR-2026-006828,2026-10-07,50,,0.02,Wire Transfer,AR00006828,2026-10-09,98
6829,CR-2026-006829,2026-10-10,51,,34313.09,Wire Transfer,AR00006829,2026-10-11,11
6830,CR-2026-006830,2026-10-19,52,,7613.49,Wire Transfer,AR00006830,2026-10-21,11
6831,CR-2026-006831,2026-10-14,53,18222.0,3921.31,Credit Card,AR00006831,2026-10-16,115
6832,CR-2026-006832,2026-10-21,54,,129.28,Credit Card,AR00006832,2026-10-23,98
6833,CR-2026-006833,2026-10-14,55,,21709.66,Credit Card,AR00006833,2026-10-15,98
6834,CR-2026-006834,2026-10-17,56,,5375.72,Wire Transfer,AR00006834,2026-10-18,11
6835,CR-2026-006835,2026-10-17,57,18427.0,4403.01,Credit Card,AR00006835,2026-10-19,98
6836,CR-2026-006836,2026-10-14,58,,1161.72,Wire Transfer,AR00006836,2026-10-15,98
6837,CR-2026-006837,2026-10-17,59,,6764.97,ACH,AR00006837,2026-10-19,98
6838,CR-2026-006838,2026-10-16,60,,24527.99,Wire Transfer,AR00006838,2026-10-18,11
6839,CR-2026-006839,2026-10-12,61,,6929.61,Check,AR00006839,2026-10-14,11
6840,CR-2026-006840,2026-10-11,62,,5415.09,Wire Transfer,AR00006840,2026-10-12,11
6841,CR-2026-006841,2026-10-14,63,,7316.44,Credit Card,AR00006841,2026-10-14,11
6842,CR-2026-006842,2026-10-07,64,,3.22,Credit Card,AR00006842,2026-10-08,115
6843,CR-2026-006843,2026-10-20,65,,32615.92,Credit Card,AR00006843,2026-10-20,115
6844,CR-2026-006844,2026-10-11,67,,16881.14,ACH,AR00006844,2026-10-13,98
6845,CR-2026-006845,2026-10-13,68,,40240.26,Wire Transfer,AR00006845,2026-10-14,11
6846,CR-2026-006846,2026-10-20,69,,10931.96,Wire Transfer,AR00006846,2026-10-22,115
6847,CR-2026-006847,2026-10-17,70,,1252.28,Wire Transfer,AR00006847,2026-10-19,11
6848,CR-2026-006848,2026-10-20,71,,21843.04,Credit Card,AR00006848,2026-10-21,11
6849,CR-2026-006849,2026-10-11,72,,9247.73,Wire Transfer,AR00006849,2026-10-12,11
6850,CR-2026-006850,2026-10-14,73,,7528.93,Wire Transfer,AR00006850,2026-10-14,11
6851,CR-2026-006851,2026-10-13,74,,4968.46,Wire Transfer,AR00006851,2026-10-14,11
6852,CR-2026-006852,2026-10-10,75,,2694.84,Check,AR00006852,2026-10-11,98
6853,CR-2026-006853,2026-10-13,76,,4529.61,Credit Card,AR00006853,2026-10-13,11
6854,CR-2026-006854,2026-10-18,78,,106868.74,ACH,AR00006854,2026-10-19,98
6855,CR-2026-006855,2026-10-24,78,,4331.5,Credit Card,AR00006855,2026-10-26,11
6856,CR-2026-006856,2026-10-17,79,,5932.12,Wire Transfer,AR00006856,2026-10-19,115
6857,CR-2026-006857,2026-10-12,80,,14688.31,Credit Card,AR00006857,2026-10-12,11
6858,CR-2026-006858,2026-10-11,81,,35076.31,Check,AR00006858,2026-10-11,11
6859,CR-2026-006859,2026-10-11,82,,3103.01,ACH,AR00006859,2026-10-12,115
6860,CR-2026-006860,2026-10-14,83,,34297.62,ACH,AR00006860,2026-10-16,11
6861,CR-2026-006861,2026-10-16,84,,2463.41,Check,AR00006861,2026-10-18,98
6862,CR-2026-006862,2026-10-20,85,19039.0,2209.64,Wire Transfer,AR00006862,2026-10-20,11
6863,CR-2026-006863,2026-10-13,86,17817.0,5531.23,Check,AR00006863,2026-10-13,98
6864,CR-2026-006864,2026-10-10,87,,36345.0,Credit Card,AR00006864,2026-10-12,11
6865,CR-2026-006865,2026-10-13,88,,6463.42,Wire Transfer,AR00006865,2026-10-13,98
6866,CR-2026-006866,2026-10-20,89,,3374.2,Credit Card,AR00006866,2026-10-22,115
6867,CR-2026-006867,2026-10-12,90,,16772.98,Credit Card,AR00006867,2026-10-13,98
6868,CR-2026-006868,2026-10-07,91,,218.28,Credit Card,AR00006868,2026-10-08,115
6869,CR-2026-006869,2026-10-17,93,,5550.84,Check,AR00006869,2026-10-18,115
6870,CR-2026-006870,2026-10-11,94,,1094.25,Check,AR00006870,2026-10-11,115
6871,CR-2026-006871,2026-10-14,95,,25250.42,Wire Transfer,AR00006871,2026-10-14,115
6872,CR-2026-006872,2026-10-19,96,,10437.57,Credit Card,AR00006872,2026-10-19,11
6873,CR-2026-006873,2026-10-13,97,,2376.52,Check,AR00006873,2026-10-13,11
6874,CR-2026-006874,2026-10-14,98,,18407.72,ACH,AR00006874,2026-10-14,98
6875,CR-2026-006875,2026-10-11,99,,997.45,Wire Transfer,AR00006875,2026-10-11,115
6876,CR-2026-006876,2026-10-11,100,,16088.19,Wire Transfer,AR00006876,2026-10-11,98
6877,CR-2026-006877,2026-10-10,101,,3387.55,Check,AR00006877,2026-10-12,115
6878,CR-2026-006878,2026-10-11,102,,1201.45,Credit Card,AR00006878,2026-10-11,98
6879,CR-2026-006879,2026-10-03,103,,225.09,Credit Card,AR00006879,2026-10-03,115
6880,CR-2026-006880,2026-10-06,104,,4495.84,Credit Card,AR00006880,2026-10-06,11
6881,CR-2026-006881,2026-10-12,105,,10855.1,Check,AR00006881,2026-10-14,98
6882,CR-2026-006882,2026-10-13,106,,50826.62,ACH,AR00006882,2026-10-14,98
6883,CR-2026-006883,2026-10-14,107,,3196.14,ACH,AR00006883,2026-10-14,115
6884,CR-2026-006884,2026-10-12,108,,10055.59,ACH,AR00006884,2026-10-14,115
6885,CR-2026-006885,2026-10-13,109,,11557.53,Check,AR00006885,2026-10-15,98
6886,CR-2026-006886,2026-10-18,110,,11407.87,Check,AR00006886,2026-10-20,115
6887,CR-2026-006887,2026-10-06,112,,10.57,Credit Card,AR00006887,2026-10-06,115
6888,CR-2026-006888,2026-10-10,113,,50196.67,ACH,AR00006888,2026-10-12,115
6889,CR-2026-006889,2026-10-04,114,,516.46,Wire Transfer,AR00006889,2026-10-05,115
6890,CR-2026-006890,2026-10-14,115,,4341.83,Wire Transfer,AR00006890,2026-10-14,98
6891,CR-2026-006891,2026-10-13,116,,15697.52,ACH,AR00006891,2026-10-15,98
6892,CR-2026-006892,2026-10-13,117,,5878.83,Credit Card,AR00006892,2026-10-14,115
6893,CR-2026-006893,2026-10-19,118,,9172.67,Wire Transfer,AR00006893,2026-10-20,98
6894,CR-2026-006894,2026-10-19,119,,7553.13,Wire Transfer,AR00006894,2026-10-19,98
6895,CR-2026-006895,2026-10-11,120,,10433.57,Credit Card,AR00006895,2026-10-12,98
6896,CR-2026-006896,2026-10-05,121,,0.05,ACH,AR00006896,2026-10-05,98
6897,CR-2026-006897,2026-10-11,122,,100.94,Check,AR00006897,2026-10-11,11
6898,CR-2026-006898,2026-10-12,123,,2190.9,ACH,AR00006898,2026-10-12,115
6899,CR-2026-006899,2026-10-12,124,,10516.05,Credit Card,AR00006899,2026-10-12,115
6900,CR-2026-006900,2026-10-20,125,,29271.7,Check,AR00006900,2026-10-20,98
6901,CR-2026-006901,2026-10-23,126,,723.09,ACH,AR00006901,2026-10-23,11
6902,CR-2026-006902,2026-10-07,127,,0.01,Check,AR00006902,2026-10-08,11
6903,CR-2026-006903,2026-10-10,128,,29389.73,Wire Transfer,AR00006903,2026-10-12,98
6904,CR-2026-006904,2026-10-12,129,,33312.17,Wire Transfer,AR00006904,2026-10-12,98
6905,CR-2026-006905,2026-10-10,130,,8192.96,ACH,AR00006905,2026-10-11,11
6906,CR-2026-006906,2026-10-10,131,,8370.35,Check,AR00006906,2026-10-12,115
6907,CR-2026-006907,2026-10-20,132,,4046.41,Check,AR00006907,2026-10-22,115
6908,CR-2026-006908,2026-10-11,133,,11881.3,Credit Card,AR00006908,2026-10-12,11
6909,CR-2026-006909,2026-10-10,134,18104.0,148.98,ACH,AR00006909,2026-10-12,115
6910,CR-2026-006910,2026-10-16,135,,19279.13,Check,AR00006910,2026-10-17,115
6911,CR-2026-006911,2026-10-18,136,,45436.06,Credit Card,AR00006911,2026-10-18,11
6912,CR-2026-006912,2026-10-14,137,,8567.31,Wire Transfer,AR00006912,2026-10-16,115
6913,CR-2026-006913,2026-10-13,138,,32508.68,Wire Transfer,AR00006913,2026-10-14,98
6914,CR-2026-006914,2026-10-13,139,,17413.21,Check,AR00006914,2026-10-14,11
6915,CR-2026-006915,2026-10-07,140,,2377.99,Credit Card,AR00006915,2026-10-09,11
6916,CR-2026-006916,2026-10-20,141,,37994.88,Wire Transfer,AR00006916,2026-10-21,115
6917,CR-2026-006917,2026-10-23,142,,1357.9,ACH,AR00006917,2026-10-25,11
6918,CR-2026-006918,2026-10-06,143,,0.04,Check,AR00006918,2026-10-06,98
6919,CR-2026-006919,2026-10-13,144,,11468.09,ACH,AR00006919,2026-10-15,98
6920,CR-2026-006920,2026-10-10,145,,10239.14,Check,AR00006920,2026-10-11,11
6921,CR-2026-006921,2026-10-13,146,,16431.82,ACH,AR00006921,2026-10-14,98
6922,CR-2026-006922,2026-10-18,147,,13379.99,Wire Transfer,AR00006922,2026-10-19,115
6923,CR-2026-006923,2026-10-06,148,,1310.22,Wire Transfer,AR00006923,2026-10-06,98
6924,CR-2026-006924,2026-10-20,149,,3595.2,Credit Card,AR00006924,2026-10-20,115
6925,CR-2026-006925,2026-10-20,150,,8418.89,Check,AR00006925,2026-10-22,115
6926,CR-2026-006926,2026-10-13,151,,1771.03,Credit Card,AR00006926,2026-10-14,98
6927,CR-2026-006927,2026-10-06,152,,975.22,Wire Transfer,AR00006927,2026-10-07,98
6928,CR-2026-006928,2026-10-10,153,,336.9,Wire Transfer,AR00006928,2026-10-10,98
6929,CR-2026-006929,2026-10-12,154,,3175.95,Credit Card,AR00006929,2026-10-13,115
6930,CR-2026-006930,2026-10-14,155,,6411.32,Wire Transfer,AR00006930,2026-10-14,11
6931,CR-2026-006931,2026-10-13,156,,47962.14,Credit Card,AR00006931,2026-10-13,98
6932,CR-2026-006932,2026-10-07,157,,733.29,Check,AR00006932,2026-10-09,98
6933,CR-2026-006933,2026-10-14,158,,11195.39,ACH,AR00006933,2026-10-16,11
6934,CR-2026-006934,2026-10-16,159,,30025.99,Credit Card,AR00006934,2026-10-17,115
6935,CR-2026-006935,2026-10-20,160,,7246.38,Wire Transfer,AR00006935,2026-10-22,11
6936,CR-2026-006936,2026-10-20,161,,49608.45,ACH,AR00006936,2026-10-20,11
6937,CR-2026-006937,2026-10-14,162,,9751.48,ACH,AR00006937,2026-10-15,11
6938,CR-2026-006938,2026-10-14,163,,3388.24,ACH,AR00006938,2026-10-15,115
6939,CR-2026-006939,2026-10-11,164,,586.07,ACH,AR00006939,2026-10-12,98
6940,CR-2026-006940,2026-10-10,166,,16352.68,ACH,AR00006940,2026-10-11,98
6941,CR-2026-006941,2026-10-13,167,,2181.01,Credit Card,AR00006941,2026-10-14,98
6942,CR-2026-006942,2026-10-14,168,,2896.98,ACH,AR00006942,2026-10-16,115
6943,CR-2026-006943,2026-10-10,169,,23590.68,ACH,AR00006943,2026-10-10,115
6944,CR-2026-006944,2026-10-17,170,,6493.03,Check,AR00006944,2026-10-18,11
6945,CR-2026-006945,2026-10-09,171,,711.96,Credit Card,AR00006945,2026-10-11,115
6946,CR-2026-006946,2026-10-18,172,,23718.77,Wire Transfer,AR00006946,2026-10-20,11
6947,CR-2026-006947,2026-10-11,173,,18239.76,Check,AR00006947,2026-10-13,115
6948,CR-2026-006948,2026-10-11,174,,33353.91,Credit Card,AR00006948,2026-10-13,11
6949,CR-2026-006949,2026-10-06,175,,262.3,ACH,AR00006949,2026-10-07,98
6950,CR-2026-006950,2026-10-13,176,,17583.56,ACH,AR00006950,2026-10-13,98
6951,CR-2026-006951,2026-10-12,177,,8978.69,Check,AR00006951,2026-10-12,11
6952,CR-2026-006952,2026-10-14,178,18233.0,2478.33,Credit Card,AR00006952,2026-10-16,98
6953,CR-2026-006953,2026-10-12,179,,33207.8,Wire Transfer,AR00006953,2026-10-12,11
6954,CR-2026-006954,2026-10-17,180,,12963.12,Credit Card,AR00006954,2026-10-17,115
6955,CR-2026-006955,2026-10-19,181,,22529.05,Credit Card,AR00006955,2026-10-21,98
6956,CR-2026-006956,2026-10-08,182,,2931.11,Credit Card,AR00006956,2026-10-09,11
6957,CR-2026-006957,2026-10-10,183,,2905.65,Wire Transfer,AR00006957,2026-10-10,11
6958,CR-2026-006958,2026-10-06,184,,34791.15,Credit Card,AR00006958,2026-10-07,11
6959,CR-2026-006959,2026-10-14,185,,58565.65,Credit Card,AR00006959,2026-10-14,11
6960,CR-2026-006960,2026-10-12,186,,23895.94,Wire Transfer,AR00006960,2026-10-14,115
6961,CR-2026-006961,2026-10-13,187,,14772.96,Wire Transfer,AR00006961,2026-10-15,98
6962,CR-2026-006962,2026-10-09,188,,1280.18,Credit Card,AR00006962,2026-10-09,115
6963,CR-2026-006963,2026-10-11,189,,6399.63,ACH,AR00006963,2026-10-13,115
6964,CR-2026-006964,2026-10-10,190,,19187.8,Wire Transfer,AR00006964,2026-10-11,11
6965,CR-2026-006965,2026-10-14,191,,6828.71,ACH,AR00006965,2026-10-15,115
6966,CR-2026-006966,2026-10-10,192,,13789.91,Check,AR00006966,2026-10-10,115
6967,CR-2026-006967,2026-10-10,193,,38572.79,ACH,AR00006967,2026-10-12,98
6968,CR-2026-006968,2026-10-11,194,,3815.71,Check,AR00006968,2026-10-12,115
6969,CR-2026-006969,2026-10-20,195,,13934.91,Credit Card,AR00006969,2026-10-20,115
6970,CR-2026-006970,2026-10-12,196,,13108.03,Wire Transfer,AR00006970,2026-10-14,98
6971,CR-2026-006971,2026-10-10,197,,520.3,Credit Card,AR00006971,2026-10-11,11
6972,CR-2026-006972,2026-10-13,198,,4492.83,Credit Card,AR00006972,2026-10-15,98
6973,CR-2026-006973,2026-10-14,199,,9872.53,Check,AR00006973,2026-10-16,98
6974,CR-2026-006974,2026-10-10,200,,17866.33,Check,AR00006974,2026-10-10,115
6975,CR-2026-006975,2026-10-12,201,,2091.41,Wire Transfer,AR00006975,2026-10-13,115
6976,CR-2026-006976,2026-10-11,202,,37483.05,Wire Transfer,AR00006976,2026-10-13,98
6977,CR-2026-006977,2026-10-04,203,,6.68,Credit Card,AR00006977,2026-10-05,115
6978,CR-2026-006978,2026-10-12,204,,5806.59,Wire Transfer,AR00006978,2026-10-13,115
6979,CR-2026-006979,2026-10-11,205,,16913.05,Credit Card,AR00006979,2026-10-12,11
6980,CR-2026-006980,2026-10-20,205,,45674.88,Credit Card,AR00006980,2026-10-22,115
6981,CR-2026-006981,2026-10-13,206,,15842.61,ACH,AR00006981,2026-10-15,11
6982,CR-2026-006982,2026-10-14,208,,24659.83,ACH,AR00006982,2026-10-16,98
6983,CR-2026-006983,2026-10-13,209,,24680.93,ACH,AR00006983,2026-10-13,115
6984,CR-2026-006984,2026-10-08,210,,315.43,ACH,AR00006984,2026-10-09,115
6985,CR-2026-006985,2026-10-17,211,,49127.52,Credit Card,AR00006985,2026-10-17,11
6986,CR-2026-006986,2026-11-21,121,,2315.87,Credit Card,DEP00006986,2026-11-21,98
6987,CR-2026-006987,2026-11-20,138,,3503.39,Credit Card,DEP00006987,2026-11-20,11
6988,CR-2026-006988,2026-11-24,38,,3059.86,Credit Card,DEP00006988,2026-11-24,98
6989,CR-2026-006989,2026-11-23,209,,5121.05,ACH,DEP00006989,2026-11-23,11
6990,CR-2026-006990,2026-11-21,105,,2880.23,Credit Card,DEP00006990,2026-11-21,115
6991,CR-2026-006991,2026-11-12,177,,2232.84,Wire Transfer,DEP00006991,2026-11-12,98
6992,CR-2026-006992,2026-11-26,34,,5644.49,Credit Card,DEP00006992,2026-11-26,115
6993,CR-2026-006993,2026-11-12,1,,56572.51,ACH,AR00006993,2026-11-13,98
6994,CR-2026-006994,2026-11-22,2,,570.39,ACH,AR00006994,2026-11-24,98
6995,CR-2026-006995,2026-11-16,3,19636.0,4158.53,Check,AR00006995,2026-11-17,115
6996,CR-2026-006996,2026-11-18,4,,10306.9,Wire Transfer,AR00006996,2026-11-20,98
6997,CR-2026-006997,2026-11-16,5,,7139.2,Check,AR00006997,2026-11-16,11
6998,CR-2026-006998,2026-11-19,6,,10505.86,Check,AR00006998,2026-11-21,98
6999,CR-2026-006999,2026-11-10,7,,9273.29,Credit Card,AR00006999,2026-11-12,115
7000,CR-2026-007000,2026-11-18,8,,4766.59,Check,AR00007000,2026-11-20,98
7001,CR-2026-007001,2026-11-10,9,,7902.33,ACH,AR00007001,2026-11-12,115
7002,CR-2026-007002,2026-11-16,10,,7103.99,Credit Card,AR00007002,2026-11-17,98
7003,CR-2026-007003,2026-11-07,11,,41.51,Check,AR00007003,2026-11-07,11
7004,CR-2026-007004,2026-11-10,12,,14389.8,ACH,AR00007004,2026-11-11,115
7005,CR-2026-007005,2026-11-10,13,,2755.77,ACH,AR00007005,2026-11-12,98
7006,CR-2026-007006,2026-11-11,14,,1066.55,Credit Card,AR00007006,2026-11-13,98
7007,CR-2026-007007,2026-11-16,15,,20620.43,ACH,AR00007007,2026-11-17,115
7008,CR-2026-007008,2026-11-13,16,,10305.51,ACH,AR00007008,2026-11-13,115
7009,CR-2026-007009,2026-11-10,17,,15202.37,Check,AR00007009,2026-11-12,11
7010,CR-2026-007010,2026-11-12,18,,4783.06,Credit Card,AR00007010,2026-11-13,115
7011,CR-2026-007011,2026-11-13,19,,15900.45,Credit Card,AR00007011,2026-11-15,98
7012,CR-2026-007012,2026-11-18,20,,48899.14,Credit Card,AR00007012,2026-11-18,115
7013,CR-2026-007013,2026-11-19,21,,13990.77,ACH,AR00007013,2026-11-21,115
7014,CR-2026-007014,2026-11-10,22,,1202.01,Check,AR00007014,2026-11-10,98
7015,CR-2026-007015,2026-11-12,23,,8372.31,Credit Card,AR00007015,2026-11-13,115
7016,CR-2026-007016,2026-11-20,24,,12229.38,Wire Transfer,AR00007016,2026-11-22,11
7017,CR-2026-007017,2026-11-03,25,,1160.17,ACH,AR00007017,2026-11-04,115
7018,CR-2026-007018,2026-11-13,26,,22900.19,ACH,AR00007018,2026-11-13,115
7019,CR-2026-007019,2026-11-04,27,16480.0,0.01,ACH,AR00007019,2026-11-06,115
7020,CR-2026-007020,2026-11-12,28,,4587.95,Check,AR00007020,2026-11-12,11
7021,CR-2026-007021,2026-11-13,29,,6755.19,ACH,AR00007021,2026-11-14,115
7022,CR-2026-007022,2026-11-10,31,,2673.2,Credit Card,AR00007022,2026-11-11,11
7023,CR-2026-007023,2026-11-07,32,,8706.73,ACH,AR00007023,2026-11-08,115
7024,CR-2026-007024,2026-11-12,33,,3547.78,Check,AR00007024,2026-11-13,11
7025,CR-2026-007025,2026-11-19,34,,11865.76,Check,AR00007025,2026-11-19,98
7026,CR-2026-007026,2026-11-11,35,19007.0,611.41,ACH,AR00007026,2026-11-11,11
7027,CR-2026-007027,2026-11-20,36,,2916.55,ACH,AR00007027,2026-11-20,98
7028,CR-2026-007028,2026-11-13,37,,35624.07,ACH,AR00007028,2026-11-13,11
7029,CR-2026-007029,2026-11-20,38,,35801.15,ACH,AR00007029,2026-11-22,98
7030,CR-2026-007030,2026-11-10,39,,3185.6,Check,AR00007030,2026-11-10,98
7031,CR-2026-007031,2026-11-12,40,,552.57,ACH,AR00007031,2026-11-14,115
7032,CR-2026-007032,2026-11-10,41,,2211.83,Wire Transfer,AR00007032,2026-11-12,11
7033,CR-2026-007033,2026-11-12,42,,6975.21,ACH,AR00007033,2026-11-13,98
7034,CR-2026-007034,2026-11-13,43,,7734.19,Check,AR00007034,2026-11-15,98
7035,CR-2026-007035,2026-11-11,44,,15881.61,Check,AR00007035,2026-11-11,11
7036,CR-2026-007036,2026-11-11,45,,22176.72,ACH,AR00007036,2026-11-12,11
7037,CR-2026-007037,2026-11-10,46,,3347.53,ACH,AR00007037,2026-11-12,11
7038,CR-2026-007038,2026-11-14,47,,3356.9,ACH,AR00007038,2026-11-15,98
7039,CR-2026-007039,2026-11-16,48,19625.0,6374.99,Credit Card,AR00007039,2026-11-17,98
7040,CR-2026-007040,2026-11-20,49,,9524.02,Check,AR00007040,2026-11-22,115
7041,CR-2026-007041,2026-11-24,50,,1543.03,ACH,AR00007041,2026-11-26,98
7042,CR-2026-007042,2026-11-12,51,,17844.17,Credit Card,AR00007042,2026-11-13,115
7043,CR-2026-007043,2026-11-13,52,,5408.66,Credit Card,AR00007043,2026-11-13,98
7044,CR-2026-007044,2026-11-08,53,,436.96,Check,AR00007044,2026-11-09,11
7045,CR-2026-007045,2026-11-17,54,,1766.84,ACH,AR00007045,2026-11-17,98
7046,CR-2026-007046,2026-11-14,55,,20916.34,Credit Card,AR00007046,2026-11-16,11
7047,CR-2026-007047,2026-11-13,56,19120.0,1903.0,ACH,AR00007047,2026-11-13,115
7048,CR-2026-007048,2026-11-10,57,,5515.91,Credit Card,AR00007048,2026-11-11,98
7049,CR-2026-007049,2026-11-13,58,18529.0,261.99,ACH,AR00007049,2026-11-15,98
7050,CR-2026-007050,2026-11-10,59,,3719.35,Check,AR00007050,2026-11-10,98
7051,CR-2026-007051,2026-11-11,60,,9949.94,Credit Card,AR00007051,2026-11-12,11
7052,CR-2026-007052,2026-11-14,61,,9115.46,Wire Transfer,AR00007052,2026-11-15,11
7053,CR-2026-007053,2026-11-16,62,,12868.24,Credit Card,AR00007053,2026-11-16,115
7054,CR-2026-007054,2026-11-11,63,,1679.39,Credit Card,AR00007054,2026-11-12,98
7055,CR-2026-007055,2026-11-07,64,,685.3,ACH,AR00007055,2026-11-09,115
7056,CR-2026-007056,2026-11-14,65,,37065.72,Wire Transfer,AR00007056,2026-11-14,98
7057,CR-2026-007057,2026-11-12,67,,5657.26,Credit Card,AR00007057,2026-11-14,11
7058,CR-2026-007058,2026-11-12,68,,57355.44,Credit Card,AR00007058,2026-11-14,98
7059,CR-2026-007059,2026-11-16,69,,16622.84,Credit Card,AR00007059,2026-11-16,115
7060,CR-2026-007060,2026-11-13,70,,1173.2,Wire Transfer,AR00007060,2026-11-14,98
7061,CR-2026-007061,2026-11-13,71,,22581.59,Wire Transfer,AR00007061,2026-11-14,11
7062,CR-2026-007062,2026-11-09,72,,11055.5,Wire Transfer,AR00007062,2026-11-09,98
7063,CR-2026-007063,2026-11-12,73,,2550.89,ACH,AR00007063,2026-11-12,98
7064,CR-2026-007064,2026-11-16,74,,6909.32,ACH,AR00007064,2026-11-16,115
7065,CR-2026-007065,2026-11-06,75,,607.54,ACH,AR00007065,2026-11-06,115
7066,CR-2026-007066,2026-11-13,76,,952.54,Check,AR00007066,2026-11-14,98
7067,CR-2026-007067,2026-11-21,77,,180.48,Check,AR00007067,2026-11-22,98
7068,CR-2026-007068,2026-11-10,78,,40363.81,Credit Card,AR00007068,2026-11-12,11
7069,CR-2026-007069,2026-11-20,78,,56015.36,Wire Transfer,AR00007069,2026-11-21,98
7070,CR-2026-007070,2026-11-10,79,,4211.67,Check,AR00007070,2026-11-11,11
7071,CR-2026-007071,2026-11-14,80,,10236.6,Wire Transfer,AR00007071,2026-11-16,115
7072,CR-2026-007072,2026-11-12,81,,36023.82,Credit Card,AR00007072,2026-11-12,11
7073,CR-2026-007073,2026-11-09,82,,532.56,ACH,AR00007073,2026-11-11,11
7074,CR-2026-007074,2026-11-11,83,,20202.1,Check,AR00007074,2026-11-13,11
7075,CR-2026-007075,2026-11-10,84,,2512.46,Check,AR00007075,2026-11-11,98
7076,CR-2026-007076,2026-11-18,85,19039.0,9201.93,Check,AR00007076,2026-11-18,98
7077,CR-2026-007077,2026-11-06,86,,1346.32,Credit Card,AR00007077,2026-11-07,98
7078,CR-2026-007078,2026-11-11,87,,18287.63,Credit Card,AR00007078,2026-11-13,98
7079,CR-2026-007079,2026-11-16,88,,14477.26,Wire Transfer,AR00007079,2026-11-17,11
7080,CR-2026-007080,2026-11-10,89,,4969.13,Wire Transfer,AR00007080,2026-11-11,11
7081,CR-2026-007081,2026-11-11,90,,6395.25,Credit Card,AR00007081,2026-11-11,115
7082,CR-2026-007082,2026-11-03,91,,433.76,ACH,AR00007082,2026-11-03,98
7083,CR-2026-007083,2026-11-04,92,,412.83,Wire Transfer,AR00007083,2026-11-04,98
7084,CR-2026-007084,2026-11-11,93,,3746.36,Check,AR00007084,2026-11-11,115
7085,CR-2026-007085,2026-11-07,94,,174.47,Wire Transfer,AR00007085,2026-11-08,98
7086,CR-2026-007086,2026-11-12,95,,15108.07,Credit Card,AR00007086,2026-11-12,115
7087,CR-2026-007087,2026-11-10,96,,7083.04,Check,AR00007087,2026-11-11,115
7088,CR-2026-007088,2026-11-20,97,,2997.36,Wire Transfer,AR00007088,2026-11-20,11
7089,CR-2026-007089,2026-11-11,98,,7925.49,Wire Transfer,AR00007089,2026-11-11,98
7090,CR-2026-007090,2026-11-07,99,,458.31,ACH,AR00007090,2026-11-07,115
7091,CR-2026-007091,2026-11-13,100,,10518.93,Wire Transfer,AR00007091,2026-11-13,115
7092,CR-2026-007092,2026-11-10,101,,3191.54,ACH,AR00007092,2026-11-12,115
7093,CR-2026-007093,2026-11-13,102,,1077.14,Check,AR00007093,2026-11-13,98
7094,CR-2026-007094,2026-11-17,103,,1947.7,ACH,AR00007094,2026-11-17,115
7095,CR-2026-007095,2026-11-19,104,,5527.97,Credit Card,AR00007095,2026-11-19,11
7096,CR-2026-007096,2026-11-16,105,,21819.89,Credit Card,AR00007096,2026-11-17,98
7097,CR-2026-007097,2026-11-10,106,,40308.47,Check,AR00007097,2026-11-12,115
7098,CR-2026-007098,2026-11-13,107,,797.9,Check,AR00007098,2026-11-13,115
7099,CR-2026-007099,2026-11-10,108,,11986.69,Wire Transfer,AR00007099,2026-11-11,98
7100,CR-2026-007100,2026-11-10,109,,10572.06,Check,AR00007100,2026-11-12,98
7101,CR-2026-007101,2026-11-12,110,,7879.34,Wire Transfer,AR00007101,2026-11-12,98
7102,CR-2026-007102,2026-11-06,112,,152.71,ACH,AR00007102,2026-11-06,115
7103,CR-2026-007103,2026-11-11,113,,40386.91,Credit Card,AR00007103,2026-11-13,11
7104,CR-2026-007104,2026-11-19,114,,4263.75,Wire Transfer,AR00007104,2026-11-21,11
7105,CR-2026-007105,2026-11-12,115,,8217.21,ACH,AR00007105,2026-11-12,11
7106,CR-2026-007106,2026-11-10,116,,9554.14,Check,AR00007106,2026-11-11,11
7107,CR-2026-007107,2026-11-18,117,,9950.14,Check,AR00007107,2026-11-19,11
7108,CR-2026-007108,2026-11-10,118,,5787.07,Check,AR00007108,2026-11-10,98
7109,CR-2026-007109,2026-11-12,119,,6106.64,Credit Card,AR00007109,2026-11-14,98
7110,CR-2026-007110,2026-11-11,120,,4605.71,ACH,AR00007110,2026-11-11,98
7111,CR-2026-007111,2026-11-23,121,,2933.45,Wire Transfer,AR00007111,2026-11-25,11
7112,CR-2026-007112,2026-11-09,122,18045.0,13.8,Check,AR00007112,2026-11-09,11
7113,CR-2026-007113,2026-11-12,123,18570.0,325.17,Wire Transfer,AR00007113,2026-11-14,98
7114,CR-2026-007114,2026-11-10,124,,5296.93,Check,AR00007114,2026-11-12,115
7115,CR-2026-007115,2026-11-10,125,,50786.49,Credit Card,AR00007115,2026-11-10,115
7116,CR-2026-007116,2026-11-17,126,,1612.68,Credit Card,AR00007116,2026-11-17,98
7117,CR-2026-007117,2026-11-11,128,,11551.07,Credit Card,AR00007117,2026-11-12,115
7118,CR-2026-007118,2026-11-13,129,,13929.49,Wire Transfer,AR00007118,2026-11-15,115
7119,CR-2026-007119,2026-11-10,130,,3452.26,Wire Transfer,AR00007119,2026-11-11,11
7120,CR-2026-007120,2026-11-06,131,,4273.02,Credit Card,AR00007120,2026-11-08,115
7121,CR-2026-007121,2026-11-14,132,17886.0,1619.75,Check,AR00007121,2026-11-15,98
7122,CR-2026-007122,2026-11-08,133,,9661.28,Check,AR00007122,2026-11-10,11
7123,CR-2026-007123,2026-11-08,134,,683.16,Wire Transfer,AR00007123,2026-11-10,98
7124,CR-2026-007124,2026-11-18,135,,29798.16,Credit Card,AR00007124,2026-11-18,98
7125,CR-2026-007125,2026-11-20,136,,10582.46,Credit Card,AR00007125,2026-11-22,98
7126,CR-2026-007126,2026-11-26,136,,74604.22,Wire Transfer,AR00007126,2026-11-26,115
7127,CR-2026-007127,2026-11-18,137,,18018.22,Credit Card,AR00007127,2026-11-18,115
7128,CR-2026-007128,2026-11-12,138,,25590.97,Credit Card,AR00007128,2026-11-12,11
7129,CR-2026-007129,2026-11-12,139,,3186.16,Credit Card,AR00007129,2026-11-14,115
7130,CR-2026-007130,2026-11-18,140,,7230.88,Credit Card,AR00007130,2026-11-19,11
7131,CR-2026-007131,2026-11-10,141,,30933.92,ACH,AR00007131,2026-11-10,115
7132,CR-2026-007132,2026-11-20,142,,6641.61,Check,AR00007132,2026-11-20,11
7133,CR-2026-007133,2026-11-17,144,,22547.06,ACH,AR00007133,2026-11-17,98
7134,CR-2026-007134,2026-11-17,145,,15086.6,Wire Transfer,AR00007134,2026-11-18,11
7135,CR-2026-007135,2026-11-12,146,,11326.79,Wire Transfer,AR00007135,2026-11-14,98
7136,CR-2026-007136,2026-11-12,147,,11017.55,Wire Transfer,AR00007136,2026-11-13,115
7137,CR-2026-007137,2026-11-13,148,,615.81,ACH,AR00007137,2026-11-14,98
7138,CR-2026-007138,2026-11-12,149,,5074.43,ACH,AR00007138,2026-11-14,98
7139,CR-2026-007139,2026-11-12,150,,3831.97,ACH,AR00007139,2026-11-14,115
7140,CR-2026-007140,2026-11-07,151,,997.88,Wire Transfer,AR00007140,2026-11-09,98
7141,CR-2026-007141,2026-11-20,152,,7461.65,Credit Card,AR00007141,2026-11-22,115
7142,CR-2026-007142,2026-11-08,153,,81.87,ACH,AR00007142,2026-11-10,115
7143,CR-2026-007143,2026-11-09,154,,454.99,Credit Card,AR00007143,2026-11-11,115
7144,CR-2026-007144,2026-11-14,155,,2806.5,Wire Transfer,AR00007144,2026-11-15,11
7145,CR-2026-007145,2026-11-10,156,,41462.49,Credit Card,AR00007145,2026-11-10,11
7146,CR-2026-007146,2026-11-20,157,,6952.56,Wire Transfer,AR00007146,2026-11-20,98
7147,CR-2026-007147,2026-11-14,158,,13745.91,Check,AR00007147,2026-11-16,11
7148,CR-2026-007148,2026-11-11,159,,16553.79,Credit Card,AR00007148,2026-11-11,115
7149,CR-2026-007149,2026-11-13,160,,9107.33,Credit Card,AR00007149,2026-11-15,98
7150,CR-2026-007150,2026-11-14,161,,25370.55,Check,AR00007150,2026-11-16,115
7151,CR-2026-007151,2026-11-20,162,,20499.12,Check,AR00007151,2026-11-21,11
7152,CR-2026-007152,2026-11-12,163,,777.53,Wire Transfer,AR00007152,2026-11-14,115
7153,CR-2026-007153,2026-11-10,164,,389.72,ACH,AR00007153,2026-11-10,11
7154,CR-2026-007154,2026-11-11,166,,7716.07,Check,AR00007154,2026-11-13,98
7155,CR-2026-007155,2026-11-13,167,,942.26,Wire Transfer,AR00007155,2026-11-14,11
7156,CR-2026-007156,2026-11-10,168,,483.7,ACH,AR00007156,2026-11-12,98
7157,CR-2026-007157,2026-11-10,169,,43579.28,Check,AR00007157,2026-11-11,11
7158,CR-2026-007158,2026-11-10,170,,4547.69,ACH,AR00007158,2026-11-11,98
7159,CR-2026-007159,2026-11-24,171,,1661.79,Credit Card,AR00007159,2026-11-24,115
7160,CR-2026-007160,2026-11-10,172,,18919.91,Credit Card,AR00007160,2026-11-10,98
7161,CR-2026-007161,2026-11-14,173,,20270.9,Wire Transfer,AR00007161,2026-11-15,11
7162,CR-2026-007162,2026-11-13,174,,16744.71,Wire Transfer,AR00007162,2026-11-14,115
7163,CR-2026-007163,2026-11-05,175,,25.32,ACH,AR00007163,2026-11-06,98
7164,CR-2026-007164,2026-11-10,176,,9442.86,Credit Card,AR00007164,2026-11-10,11
7165,CR-2026-007165,2026-11-14,177,,7936.79,Wire Transfer,AR00007165,2026-11-16,98
7166,CR-2026-007166,2026-11-10,178,,1840.35,Wire Transfer,AR00007166,2026-11-10,115
7167,CR-2026-007167,2026-11-14,179,,11757.49,Wire Transfer,AR00007167,2026-11-15,115
7168,CR-2026-007168,2026-11-16,180,,18934.93,Credit Card,AR00007168,2026-11-18,11
7169,CR-2026-007169,2026-11-10,181,,21771.61,Wire Transfer,AR00007169,2026-11-12,115
7170,CR-2026-007170,2026-11-19,182,,11165.99,Wire Transfer,AR00007170,2026-11-19,98
7171,CR-2026-007171,2026-11-10,183,,1061.68,Credit Card,AR00007171,2026-11-10,98
7172,CR-2026-007172,2026-11-17,184,,29705.75,ACH,AR00007172,2026-11-19,98
7173,CR-2026-007173,2026-11-13,185,,35337.32,Credit Card,AR00007173,2026-11-14,98
7174,CR-2026-007174,2026-11-20,186,,27906.99,ACH,AR00007174,2026-11-22,11
7175,CR-2026-007175,2026-11-10,187,,8117.1,Credit Card,AR00007175,2026-11-11,11
7176,CR-2026-007176,2026-11-09,188,18209.0,236.99,Check,AR00007176,2026-11-09,115
7177,CR-2026-007177,2026-11-14,189,,3928.79,Wire Transfer,AR00007177,2026-11-15,115
7178,CR-2026-007178,2026-11-14,190,,26621.84,Check,AR00007178,2026-11-16,98
7179,CR-2026-007179,2026-11-11,191,,6293.15,ACH,AR00007179,2026-11-11,115
7180,CR-2026-007180,2026-11-13,192,,21149.47,Check,AR00007180,2026-11-14,115
7181,CR-2026-007181,2026-11-14,193,,32565.49,Wire Transfer,AR00007181,2026-11-15,98
7182,CR-2026-007182,2026-11-18,194,,18610.07,Check,AR00007182,2026-11-18,11
7183,CR-2026-007183,2026-11-13,195,,17103.66,ACH,AR00007183,2026-11-14,11
7184,CR-2026-007184,2026-11-18,196,,28902.41,Check,AR00007184,2026-11-20,98
7185,CR-2026-007185,2026-11-08,197,,5991.98,Credit Card,AR00007185,2026-11-08,98
7186,CR-2026-007186,2026-11-09,198,,8498.93,Credit Card,AR00007186,2026-11-10,98
7187,CR-2026-007187,2026-11-18,199,,30257.43,ACH,AR00007187,2026-11-19,11
7188,CR-2026-007188,2026-11-19,200,,44692.93,ACH,AR00007188,2026-11-20,98
7189,CR-2026-007189,2026-11-10,201,,462.96,Credit Card,AR00007189,2026-11-11,115
7190,CR-2026-007190,2026-11-13,202,,28688.3,Credit Card,AR00007190,2026-11-15,115
7191,CR-2026-007191,2026-11-06,203,,0.14,ACH,AR00007191,2026-11-08,98
7192,CR-2026-007192,2026-11-12,204,,6313.14,Wire Transfer,AR00007192,2026-11-12,98
7193,CR-2026-007193,2026-11-13,205,,24569.97,Wire Transfer,AR00007193,2026-11-14,98
7194,CR-2026-007194,2026-11-20,206,,20165.82,Wire Transfer,AR00007194,2026-11-21,98
7195,CR-2026-007195,2026-11-12,208,,12539.24,Credit Card,AR00007195,2026-11-12,115
7196,CR-2026-007196,2026-11-18,209,,39003.25,Check,AR00007196,2026-11-20,98
7197,CR-2026-007197,2026-11-24,210,,2014.48,Credit Card,AR00007197,2026-11-25,11
7198,CR-2026-007198,2026-11-12,211,,37809.63,Credit Card,AR00007198,2026-11-12,11
7199,CR-2026-007199,2026-12-24,188,,2169.11,ACH,DEP00007199,2026-12-24,115
7200,CR-2026-007200,2026-12-07,9,,1376.28,Credit Card,DEP00007200,2026-12-07,115
7201,CR-2026-007201,2026-12-31,186,18521.0,2917.13,Wire Transfer,DEP00007201,2026-12-31,115
7202,CR-2026-007202,2026-12-23,188,,2478.58,ACH,DEP00007202,2026-12-23,115
7203,CR-2026-007203,2026-12-13,1,,23434.88,ACH,AR00007203,2026-12-14,98
7204,CR-2026-007204,2026-12-20,2,,2204.13,Check,AR00007204,2026-12-22,11
7205,CR-2026-007205,2026-12-14,3,,1326.08,Credit Card,AR00007205,2026-12-15,98
7206,CR-2026-007206,2026-12-14,4,,10467.37,Check,AR00007206,2026-12-16,11
7207,CR-2026-007207,2026-12-13,5,,8039.11,ACH,AR00007207,2026-12-14,115
7208,CR-2026-007208,2026-12-16,6,,21441.04,Credit Card,AR00007208,2026-12-16,115
7209,CR-2026-007209,2026-12-10,7,,6101.42,Check,AR00007209,2026-12-12,11
7210,CR-2026-007210,2026-12-20,8,,6249.93,Credit Card,AR00007210,2026-12-21,98
7211,CR-2026-007211,2026-12-13,9,,11153.7,Credit Card,AR00007211,2026-12-14,11
7212,CR-2026-007212,2026-12-18,10,,12445.54,Wire Transfer,AR00007212,2026-12-19,11
7213,CR-2026-007213,2026-12-07,11,,142.09,Check,AR00007213,2026-12-07,98
7214,CR-2026-007214,2026-12-10,12,,10134.42,Credit Card,AR00007214,2026-12-11,11
7215,CR-2026-007215,2026-12-18,13,,11869.64,ACH,AR00007215,2026-12-20,115
7216,CR-2026-007216,2026-12-11,14,,284.38,ACH,AR00007216,2026-12-11,115
7217,CR-2026-007217,2026-12-11,15,,15409.34,Credit Card,AR00007217,2026-12-13,11
7218,CR-2026-007218,2026-12-10,16,,4666.69,Credit Card,AR00007218,2026-12-12,11
7219,CR-2026-007219,2026-12-12,17,,6231.65,ACH,AR00007219,2026-12-13,115
7220,CR-2026-007220,2026-12-19,18,,15428.37,ACH,AR00007220,2026-12-21,11
7221,CR-2026-007221,2026-12-07,19,,15664.6,Wire Transfer,AR00007221,2026-12-08,115
7222,CR-2026-007222,2026-12-13,20,,37241.91,Credit Card,AR00007222,2026-12-15,115
7223,CR-2026-007223,2026-12-11,21,,22859.38,Credit Card,AR00007223,2026-12-13,98
7224,CR-2026-007224,2026-12-03,22,,225.04,ACH,AR00007224,2026-12-04,98
7225,CR-2026-007225,2026-12-10,23,,5535.02,Check,AR00007225,2026-12-12,115
7226,CR-2026-007226,2026-12-13,24,,24741.27,Wire Transfer,AR00007226,2026-12-14,11
7227,CR-2026-007227,2026-12-18,25,,3100.76,Credit Card,AR00007227,2026-12-18,115
7228,CR-2026-007228,2026-12-10,26,,38668.94,Wire Transfer,AR00007228,2026-12-12,115
7229,CR-2026-007229,2026-12-18,28,,8539.59,Credit Card,AR00007229,2026-12-19,11
7230,CR-2026-007230,2026-12-14,29,,6671.73,Credit Card,AR00007230,2026-12-14,115
7231,CR-2026-007231,2026-12-09,31,,384.41,Wire Transfer,AR00007231,2026-12-10,98
7232,CR-2026-007232,2026-12-19,32,,15440.09,Wire Transfer,AR00007232,2026-12-20,98
7233,CR-2026-007233,2026-12-14,33,,2439.71,ACH,AR00007233,2026-12-14,98
7234,CR-2026-007234,2026-12-11,34,,15319.29,ACH,AR00007234,2026-12-11,115
7235,CR-2026-007235,2026-12-09,35,,495.89,Credit Card,AR00007235,2026-12-10,115
7236,CR-2026-007236,2026-12-13,36,18733.0,1159.55,Credit Card,AR00007236,2026-12-14,98
7237,CR-2026-007237,2026-12-14,37,,17208.57,ACH,AR00007237,2026-12-14,115
7238,CR-2026-007238,2026-12-14,38,,24306.82,Credit Card,AR00007238,2026-12-15,115
7239,CR-2026-007239,2026-12-07,39,,7830.52,ACH,AR00007239,2026-12-07,98
7240,CR-2026-007240,2026-12-10,40,18659.0,57.45,Check,AR00007240,2026-12-11,115
7241,CR-2026-007241,2026-12-16,41,,3070.19,Check,AR00007241,2026-12-18,115
7242,CR-2026-007242,2026-12-11,42,,10925.13,Credit Card,AR00007242,2026-12-11,11
7243,CR-2026-007243,2026-12-14,43,,15631.6,ACH,AR00007243,2026-12-15,11
7244,CR-2026-007244,2026-12-10,44,,3668.33,Check,AR00007244,2026-12-10,11
7245,CR-2026-007245,2026-12-14,45,,13379.17,Check,AR00007245,2026-12-14,98
7246,CR-2026-007246,2026-12-13,46,,3759.06,Credit Card,AR00007246,2026-12-13,98
7247,CR-2026-007247,2026-12-12,47,,4013.23,Credit Card,AR00007247,2026-12-14,11
7248,CR-2026-007248,2026-12-13,48,,8581.45,Check,AR00007248,2026-12-13,115
7249,CR-2026-007249,2026-12-12,49,,4199.56,ACH,AR00007249,2026-12-13,115
7250,CR-2026-007250,2026-12-19,50,,6210.35,Check,AR00007250,2026-12-20,11
7251,CR-2026-007251,2026-12-13,51,,44672.65,Credit Card,AR00007251,2026-12-13,11
7252,CR-2026-007252,2026-12-14,52,,5989.71,Credit Card,AR00007252,2026-12-16,11
7253,CR-2026-007253,2026-12-06,53,,18.09,Wire Transfer,AR00007253,2026-12-07,11
7254,CR-2026-007254,2026-12-16,54,,4736.28,Wire Transfer,AR00007254,2026-12-17,98
7255,CR-2026-007255,2026-12-14,55,,31176.59,Check,AR00007255,2026-12-14,115
7256,CR-2026-007256,2026-12-07,56,,121.24,Wire Transfer,AR00007256,2026-12-08,11
7257,CR-2026-007257,2026-12-12,57,,6502.72,Credit Card,AR00007257,2026-12-13,98
7258,CR-2026-007258,2026-12-07,58,,33.74,ACH,AR00007258,2026-12-08,11
7259,CR-2026-007259,2026-12-10,59,,1377.69,Credit Card,AR00007259,2026-12-12,115
7260,CR-2026-007260,2026-12-08,60,,6113.1,ACH,AR00007260,2026-12-10,115
7261,CR-2026-007261,2026-12-14,61,,11581.62,Wire Transfer,AR00007261,2026-12-16,98
7262,CR-2026-007262,2026-12-10,62,,16458.91,Check,AR00007262,2026-12-12,115
7263,CR-2026-007263,2026-12-06,63,,1579.2,Credit Card,AR00007263,2026-12-07,11
7264,CR-2026-007264,2026-12-17,64,,2993.91,Check,AR00007264,2026-12-18,11
7265,CR-2026-007265,2026-12-10,65,,32533.82,Check,AR00007265,2026-12-11,98
7266,CR-2026-007266,2026-12-21,66,,3276.21,Wire Transfer,AR00007266,2026-12-23,115
7267,CR-2026-007267,2026-12-06,67,18054.0,1397.54,Wire Transfer,AR00007267,2026-12-08,115
7268,CR-2026-007268,2026-12-13,68,,19974.91,ACH,AR00007268,2026-12-13,98
7269,CR-2026-007269,2026-12-20,68,,45584.39,Check,AR00007269,2026-12-22,98
7270,CR-2026-007270,2026-12-12,69,,7624.65,ACH,AR00007270,2026-12-14,98
7271,CR-2026-007271,2026-12-19,70,,2632.6,Credit Card,AR00007271,2026-12-19,98
7272,CR-2026-007272,2026-12-10,71,,11552.77,Wire Transfer,AR00007272,2026-12-12,98
7273,CR-2026-007273,2026-12-10,72,,8460.51,Check,AR00007273,2026-12-10,98
7274,CR-2026-007274,2026-12-06,73,,719.48,Wire Transfer,AR00007274,2026-12-08,11
7275,CR-2026-007275,2026-12-12,74,,2236.85,Credit Card,AR00007275,2026-12-14,98
7276,CR-2026-007276,2026-12-06,75,,142.63,Credit Card,AR00007276,2026-12-08,11
7277,CR-2026-007277,2026-12-10,76,,482.85,Check,AR00007277,2026-12-12,98
7278,CR-2026-007278,2026-12-24,77,,1667.0,Wire Transfer,AR00007278,2026-12-25,98
7279,CR-2026-007279,2026-12-12,78,,45216.91,Wire Transfer,AR00007279,2026-12-13,98
7280,CR-2026-007280,2026-12-17,79,,10715.12,ACH,AR00007280,2026-12-17,98
7281,CR-2026-007281,2026-12-17,80,,31647.39,Check,AR00007281,2026-12-19,11
7282,CR-2026-007282,2026-12-14,81,,26062.06,Credit Card,AR00007282,2026-12-15,115
7283,CR-2026-007283,2026-12-09,82,,115.88,Credit Card,AR00007283,2026-12-11,11
7284,CR-2026-007284,2026-12-14,83,,10493.14,Check,AR00007284,2026-12-14,98
7285,CR-2026-007285,2026-12-16,84,,12283.77,ACH,AR00007285,2026-12-16,115
7286,CR-2026-007286,2026-12-13,85,,3299.26,ACH,AR00007286,2026-12-14,98
7287,CR-2026-007287,2026-12-06,86,,563.72,Check,AR00007287,2026-12-08,11
7288,CR-2026-007288,2026-12-13,87,,9988.45,Check,AR00007288,2026-12-15,98
7289,CR-2026-007289,2026-12-13,88,,13880.11,ACH,AR00007289,2026-12-13,98
7290,CR-2026-007290,2026-12-10,89,,4548.6,Wire Transfer,AR00007290,2026-12-12,115
7291,CR-2026-007291,2026-12-06,90,,12972.19,Check,AR00007291,2026-12-08,98
7292,CR-2026-007292,2026-12-17,91,,3973.34,ACH,AR00007292,2026-12-19,11
7293,CR-2026-007293,2026-12-22,92,19629.0,941.45,Credit Card,AR00007293,2026-12-24,98
7294,CR-2026-007294,2026-12-12,93,,3903.77,Check,AR00007294,2026-12-14,11
7295,CR-2026-007295,2026-12-06,94,,0.88,Check,AR00007295,2026-12-08,98
7296,CR-2026-007296,2026-12-12,95,,13003.5,Wire Transfer,AR00007296,2026-12-14,98
7297,CR-2026-007297,2026-12-20,96,,9620.1,Wire Transfer,AR00007297,2026-12-22,115
7298,CR-2026-007298,2026-12-14,97,19418.0,959.39,Check,AR00007298,2026-12-16,98
7299,CR-2026-007299,2026-12-13,98,,2695.92,ACH,AR00007299,2026-12-13,11
7300,CR-2026-007300,2026-12-24,99,20127.0,1246.66,ACH,AR00007300,2026-12-24,11
7301,CR-2026-007301,2026-12-14,100,,4305.64,ACH,AR00007301,2026-12-14,11
7302,CR-2026-007302,2026-12-11,101,,2405.75,ACH,AR00007302,2026-12-11,115
7303,CR-2026-007303,2026-12-17,102,,6681.32,Wire Transfer,AR00007303,2026-12-19,98
7304,CR-2026-007304,2026-12-12,103,,1065.02,Wire Transfer,AR00007304,2026-12-13,98
7305,CR-2026-007305,2026-12-14,104,,1990.65,Wire Transfer,AR00007305,2026-12-15,98
7306,CR-2026-007306,2026-12-13,105,,25094.9,ACH,AR00007306,2026-12-14,98
7307,CR-2026-007307,2026-12-12,106,,37123.1,Wire Transfer,AR00007307,2026-12-13,115
7308,CR-2026-007308,2026-12-09,107,,937.65,Check,AR00007308,2026-12-10,98
7309,CR-2026-007309,2026-12-11,108,,8941.45,Wire Transfer,AR00007309,2026-12-11,11
7310,CR-2026-007310,2026-12-18,109,,19980.35,Check,AR00007310,2026-12-19,11
7311,CR-2026-007311,2026-12-20,110,,29092.09,Wire Transfer,AR00007311,2026-12-20,98
7312,CR-2026-007312,2026-12-24,112,,1444.55,Check,AR00007312,2026-12-26,98
7313,CR-2026-007313,2026-12-14,113,,47673.05,Wire Transfer,AR00007313,2026-12-16,11
7314,CR-2026-007314,2026-12-14,114,,2178.21,Credit Card,AR00007314,2026-12-16,98
7315,CR-2026-007315,2026-12-12,115,,19412.1,Check,AR00007315,2026-12-14,11
7316,CR-2026-007316,2026-12-20,116,,19749.39,Credit Card,AR00007316,2026-12-21,11
7317,CR-2026-007317,2026-12-10,117,,6107.71,ACH,AR00007317,2026-12-11,98
7318,CR-2026-007318,2026-12-10,118,,5806.5,Wire Transfer,AR00007318,2026-12-10,11
7319,CR-2026-007319,2026-12-12,119,,11352.33,Check,AR00007319,2026-12-14,115
7320,CR-2026-007320,2026-12-19,120,,7518.66,Wire Transfer,AR00007320,2026-12-20,98
7321,CR-2026-007321,2026-12-17,121,,19187.61,ACH,AR00007321,2026-12-19,11
7322,CR-2026-007322,2026-12-04,122,,0.3,Wire Transfer,AR00007322,2026-12-04,11
7323,CR-2026-007323,2026-12-08,123,,2366.48,ACH,AR00007323,2026-12-10,98
7324,CR-2026-007324,2026-12-20,124,,14616.47,Wire Transfer,AR00007324,2026-12-21,11
7325,CR-2026-007325,2026-12-14,125,,37592.24,Check,AR00007325,2026-12-14,115
7326,CR-2026-007326,2026-12-14,126,,667.8,Wire Transfer,AR00007326,2026-12-16,98
7327,CR-2026-007327,2026-12-16,128,,27499.0,Check,AR00007327,2026-12-16,11
7328,CR-2026-007328,2026-12-10,129,,4720.19,ACH,AR00007328,2026-12-12,115
7329,CR-2026-007329,2026-12-18,130,,13350.67,ACH,AR00007329,2026-12-20,11
7330,CR-2026-007330,2026-12-16,131,,5005.37,Credit Card,AR00007330,2026-12-16,11
7331,CR-2026-007331,2026-12-08,132,,460.14,Credit Card,AR00007331,2026-12-09,98
7332,CR-2026-007332,2026-12-12,133,,11190.29,ACH,AR00007332,2026-12-13,115
7333,CR-2026-007333,2026-12-19,134,,6258.76,Check,AR00007333,2026-12-21,98
7334,CR-2026-007334,2026-12-13,135,19168.0,14512.41,Credit Card,AR00007334,2026-12-15,11
7335,CR-2026-007335,2026-12-10,136,,18862.77,Credit Card,AR00007335,2026-12-11,11
7336,CR-2026-007336,2026-12-23,136,,74183.86,Wire Transfer,AR00007336,2026-12-23,98
7337,CR-2026-007337,2026-12-11,137,,7195.68,Credit Card,AR00007337,2026-12-11,11
7338,CR-2026-007338,2026-12-14,138,,42456.67,ACH,AR00007338,2026-12-16,11
7339,CR-2026-007339,2026-12-13,139,,6305.37,Check,AR00007339,2026-12-15,115
7340,CR-2026-007340,2026-12-14,140,,8187.57,Check,AR00007340,2026-12-15,98
7341,CR-2026-007341,2026-12-19,141,,41476.08,Credit Card,AR00007341,2026-12-21,98
7342,CR-2026-007342,2026-12-10,142,,6070.82,Wire Transfer,AR00007342,2026-12-11,115
7343,CR-2026-007343,2026-12-23,143,,369.96,ACH,AR00007343,2026-12-24,115
7344,CR-2026-007344,2026-12-11,144,,9442.93,Credit Card,AR00007344,2026-12-13,11
7345,CR-2026-007345,2026-12-13,145,,14057.15,ACH,AR00007345,2026-12-15,115
7346,CR-2026-007346,2026-12-10,146,,12885.42,Check,AR00007346,2026-12-12,115
7347,CR-2026-007347,2026-12-10,147,,13571.67,Credit Card,AR00007347,2026-12-11,98
7348,CR-2026-007348,2026-12-17,148,,805.16,Wire Transfer,AR00007348,2026-12-17,98
7349,CR-2026-007349,2026-12-12,149,,6113.91,ACH,AR00007349,2026-12-14,11
7350,CR-2026-007350,2026-12-14,150,,930.49,Credit Card,AR00007350,2026-12-14,11
7351,CR-2026-007351,2026-12-19,151,,5450.13,ACH,AR00007351,2026-12-19,115
7352,CR-2026-007352,2026-12-16,152,,31379.28,ACH,AR00007352,2026-12-18,11
7353,CR-2026-007353,2026-12-07,153,,6.69,Wire Transfer,AR00007353,2026-12-09,115
7354,CR-2026-007354,2026-12-07,154,,66.02,ACH,AR00007354,2026-12-07,115
7355,CR-2026-007355,2026-12-10,155,,2500.48,Wire Transfer,AR00007355,2026-12-12,115
7356,CR-2026-007356,2026-12-10,156,,47861.97,Credit Card,AR00007356,2026-12-11,98
7357,CR-2026-007357,2026-12-12,157,,6063.74,ACH,AR00007357,2026-12-14,11
7358,CR-2026-007358,2026-12-11,158,,15620.39,Wire Transfer,AR00007358,2026-12-11,98
7359,CR-2026-007359,2026-12-10,159,,26168.51,Check,AR00007359,2026-12-12,115
7360,CR-2026-007360,2026-12-11,160,,4989.66,Check,AR00007360,2026-12-13,11
7361,CR-2026-007361,2026-12-07,161,,33235.84,Wire Transfer,AR00007361,2026-12-07,115
7362,CR-2026-007362,2026-12-10,162,,34214.04,Wire Transfer,AR00007362,2026-12-11,11
7363,CR-2026-007363,2026-12-08,163,,83.0,ACH,AR00007363,2026-12-09,11
7364,CR-2026-007364,2026-12-19,164,,2254.85,Wire Transfer,AR00007364,2026-12-19,98
7365,CR-2026-007365,2026-12-08,166,,6983.89,Check,AR00007365,2026-12-09,98
7366,CR-2026-007366,2026-12-19,167,,3678.32,Wire Transfer,AR00007366,2026-12-20,115
7367,CR-2026-007367,2026-12-08,168,,367.24,Wire Transfer,AR00007367,2026-12-10,115
7368,CR-2026-007368,2026-12-12,169,,30955.41,Wire Transfer,AR00007368,2026-12-14,98
7369,CR-2026-007369,2026-12-12,170,,1198.91,Wire Transfer,AR00007369,2026-12-12,115
7370,CR-2026-007370,2026-12-17,171,,5450.41,Check,AR00007370,2026-12-18,98
7371,CR-2026-007371,2026-12-11,172,,18147.58,Credit Card,AR00007371,2026-12-11,115
7372,CR-2026-007372,2026-12-19,173,,42236.36,Credit Card,AR00007372,2026-12-21,11
7373,CR-2026-007373,2026-12-07,174,,8892.63,Wire Transfer,AR00007373,2026-12-07,115
7374,CR-2026-007374,2026-12-20,176,,12439.06,ACH,AR00007374,2026-12-22,115
7375,CR-2026-007375,2026-12-18,177,,16189.25,Wire Transfer,AR00007375,2026-12-18,98
7376,CR-2026-007376,2026-12-16,178,,7366.55,Credit Card,AR00007376,2026-12-18,11
7377,CR-2026-007377,2026-12-08,179,,3344.91,Credit Card,AR00007377,2026-12-10,115
7378,CR-2026-007378,2026-12-14,180,,25316.5,ACH,AR00007378,2026-12-16,115
7379,CR-2026-007379,2026-12-20,181,,31655.26,Check,AR00007379,2026-12-21,11
7380,CR-2026-007380,2026-12-12,182,,9404.15,Check,AR00007380,2026-12-12,115
7381,CR-2026-007381,2026-12-06,183,,322.57,ACH,AR00007381,2026-12-08,11
7382,CR-2026-007382,2026-12-14,184,,15011.64,Credit Card,AR00007382,2026-12-15,11
7383,CR-2026-007383,2026-12-13,185,,26797.65,Wire Transfer,AR00007383,2026-12-15,11
7384,CR-2026-007384,2026-12-13,186,,13190.45,ACH,AR00007384,2026-12-14,115
7385,CR-2026-007385,2026-12-10,187,19364.0,2746.22,Credit Card,AR00007385,2026-12-11,115
7386,CR-2026-007386,2026-12-20,188,,1060.72,Credit Card,AR00007386,2026-12-22,115
7387,CR-2026-007387,2026-12-16,189,,9402.78,Check,AR00007387,2026-12-16,115
7388,CR-2026-007388,2026-12-11,190,,15737.83,ACH,AR00007388,2026-12-13,98
7389,CR-2026-007389,2026-12-14,191,19602.0,1930.51,Credit Card,AR00007389,2026-12-15,11
7390,CR-2026-007390,2026-12-14,192,,29062.61,Wire Transfer,AR00007390,2026-12-16,115
7391,CR-2026-007391,2026-12-13,193,,17838.8,ACH,AR00007391,2026-12-14,11
7392,CR-2026-007392,2026-12-11,194,,10374.93,Credit Card,AR00007392,2026-12-12,98
7393,CR-2026-007393,2026-12-10,195,,17827.48,Check,AR00007393,2026-12-10,11
7394,CR-2026-007394,2026-12-12,196,,35619.9,Wire Transfer,AR00007394,2026-12-13,115
7395,CR-2026-007395,2026-12-18,197,,17786.56,Check,AR00007395,2026-12-20,11
7396,CR-2026-007396,2026-12-16,198,,38318.83,Credit Card,AR00007396,2026-12-18,98
7397,CR-2026-007397,2026-12-14,199,,32071.2,Check,AR00007397,2026-12-14,115
7398,CR-2026-007398,2026-12-12,200,,41785.24,Wire Transfer,AR00007398,2026-12-12,11
7399,CR-2026-007399,2026-12-19,201,,2139.81,Credit Card,AR00007399,2026-12-21,11
7400,CR-2026-007400,2026-12-12,202,,47838.58,Credit Card,AR00007400,2026-12-12,11
7401,CR-2026-007401,2026-12-05,203,,0.01,Credit Card,AR00007401,2026-12-07,11
7402,CR-2026-007402,2026-12-17,204,,31993.52,Check,AR00007402,2026-12-18,115
7403,CR-2026-007403,2026-12-07,205,,17740.26,Check,AR00007403,2026-12-08,98
7404,CR-2026-007404,2026-12-12,206,,20134.27,Credit Card,AR00007404,2026-12-13,98
7405,CR-2026-007405,2026-12-21,207,,40.76,Check,AR00007405,2026-12-22,11
7406,CR-2026-007406,2026-12-13,208,,3047.65,Credit Card,AR00007406,2026-12-15,98
7407,CR-2026-007407,2026-12-11,209,,34642.59,ACH,AR00007407,2026-12-11,115
7408,CR-2026-007408,2026-12-17,210,,6608.93,ACH,AR00007408,2026-12-19,98
7409,CR-2026-007409,2026-12-11,211,,37160.77,Credit Card,AR00007409,2026-12-13,98
