GLEntryID,PostingDate,AccountID,Debit,Credit,VoucherType,VoucherNumber,SourceDocumentType,SourceDocumentID,SourceLineID,CostCenterID,Description,CreatedByEmployeeID,CreatedDate,FiscalYear,FiscalPeriod
1824,2026-05-29,2,0.0,9860.58,JournalEntry,JE-2026-000091,JournalEntry,535,,,Utilities cash payment,5,2026-05-29 08:00:00,2026,5
1826,2026-05-29,2,0.0,101954.69,JournalEntry,JE-2026-000092,JournalEntry,536,,,Factory overhead cash payment,4,2026-05-29 08:00:00,2026,5
1884,2026-06-01,2,0.0,7414.75,JournalEntry,JE-2026-000105,JournalEntry,549,,,Cash payment of note principal,5,2026-06-01 08:00:00,2026,6
1886,2026-06-01,2,0.0,1164.2,JournalEntry,JE-2026-000106,JournalEntry,550,,,Cash payment of note interest,5,2026-06-01 08:00:00,2026,6
1888,2026-06-02,2,0.0,4057.5,JournalEntry,JE-2026-000107,JournalEntry,551,,,Cash payment of note principal,5,2026-06-02 08:00:00,2026,6
1890,2026-06-02,2,0.0,1407.92,JournalEntry,JE-2026-000108,JournalEntry,552,,,Cash payment of note interest,5,2026-06-02 08:00:00,2026,6
1892,2026-06-01,2,0.0,17899.53,JournalEntry,JE-2026-000109,JournalEntry,553,,,Office rent cash payment,5,2026-06-01 08:00:00,2026,6
1894,2026-06-01,2,0.0,24151.43,JournalEntry,JE-2026-000110,JournalEntry,554,,,Warehouse rent cash payment,5,2026-06-01 08:00:00,2026,6
1896,2026-06-01,2,0.0,45451.42,JournalEntry,JE-2026-000111,JournalEntry,555,,,Cash settlement of accrued outbound freight,5,2026-06-01 08:00:00,2026,6
1898,2026-06-30,2,0.0,10390.26,JournalEntry,JE-2026-000112,JournalEntry,556,,,Utilities cash payment,5,2026-06-30 08:00:00,2026,6
1900,2026-06-30,2,0.0,133175.68,JournalEntry,JE-2026-000113,JournalEntry,557,,,Factory overhead cash payment,4,2026-06-30 08:00:00,2026,6
183896,2026-05-25,2,1327.54,0.0,CashReceipt,CR-2026-005705,CashReceipt,5705,,,Record cash receipt,98,2026-05-25 12:00:00,2026,5
184318,2026-06-28,2,1998.47,0.0,CashReceipt,CR-2026-005916,CashReceipt,5916,,,Record cash receipt,115,2026-06-28 12:00:00,2026,6
184320,2026-06-13,2,3545.46,0.0,CashReceipt,CR-2026-005917,CashReceipt,5917,,,Record cash receipt,115,2026-06-13 12:00:00,2026,6
184322,2026-06-30,2,1534.5,0.0,CashReceipt,CR-2026-005918,CashReceipt,5918,,,Record cash receipt,98,2026-06-30 12:00:00,2026,6
184324,2026-06-17,2,6641.51,0.0,CashReceipt,CR-2026-005919,CashReceipt,5919,,,Record cash receipt,115,2026-06-17 12:00:00,2026,6
184326,2026-06-13,2,3538.47,0.0,CashReceipt,CR-2026-005920,CashReceipt,5920,,,Record cash receipt,98,2026-06-13 12:00:00,2026,6
184328,2026-06-08,2,2697.47,0.0,CashReceipt,CR-2026-005921,CashReceipt,5921,,,Record cash receipt,115,2026-06-08 12:00:00,2026,6
184330,2026-06-15,2,3547.21,0.0,CashReceipt,CR-2026-005922,CashReceipt,5922,,,Record cash receipt,115,2026-06-15 12:00:00,2026,6
184332,2026-06-13,2,22429.03,0.0,CashReceipt,CR-2026-005923,CashReceipt,5923,,,Record cash receipt,11,2026-06-13 12:00:00,2026,6
184334,2026-06-03,2,11.84,0.0,CashReceipt,CR-2026-005924,CashReceipt,5924,,,Record cash receipt,11,2026-06-03 12:00:00,2026,6
184336,2026-06-17,2,8665.63,0.0,CashReceipt,CR-2026-005925,CashReceipt,5925,,,Record cash receipt,115,2026-06-17 12:00:00,2026,6
184338,2026-06-11,2,28403.66,0.0,CashReceipt,CR-2026-005926,CashReceipt,5926,,,Record cash receipt,115,2026-06-11 12:00:00,2026,6
184340,2026-06-10,2,1079.85,0.0,CashReceipt,CR-2026-005927,CashReceipt,5927,,,Record cash receipt,115,2026-06-10 12:00:00,2026,6
184342,2026-06-12,2,8230.4,0.0,CashReceipt,CR-2026-005928,CashReceipt,5928,,,Record cash receipt,98,2026-06-12 12:00:00,2026,6
184344,2026-06-13,2,6302.0,0.0,CashReceipt,CR-2026-005929,CashReceipt,5929,,,Record cash receipt,11,2026-06-13 12:00:00,2026,6
184346,2026-06-10,2,2058.56,0.0,CashReceipt,CR-2026-005930,CashReceipt,5930,,,Record cash receipt,115,2026-06-10 12:00:00,2026,6
184348,2026-06-14,2,11388.14,0.0,CashReceipt,CR-2026-005931,CashReceipt,5931,,,Record cash receipt,98,2026-06-14 12:00:00,2026,6
184350,2026-06-12,2,2568.99,0.0,CashReceipt,CR-2026-005932,CashReceipt,5932,,,Record cash receipt,98,2026-06-12 12:00:00,2026,6
184352,2026-06-10,2,1249.05,0.0,CashReceipt,CR-2026-005933,CashReceipt,5933,,,Record cash receipt,115,2026-06-10 12:00:00,2026,6
184354,2026-06-18,2,7853.57,0.0,CashReceipt,CR-2026-005934,CashReceipt,5934,,,Record cash receipt,98,2026-06-18 12:00:00,2026,6
184356,2026-06-14,2,6510.91,0.0,CashReceipt,CR-2026-005935,CashReceipt,5935,,,Record cash receipt,115,2026-06-14 12:00:00,2026,6
184358,2026-06-17,2,21453.86,0.0,CashReceipt,CR-2026-005936,CashReceipt,5936,,,Record cash receipt,11,2026-06-17 12:00:00,2026,6
184360,2026-06-17,2,9911.87,0.0,CashReceipt,CR-2026-005937,CashReceipt,5937,,,Record cash receipt,98,2026-06-17 12:00:00,2026,6
184362,2026-06-10,2,11872.26,0.0,CashReceipt,CR-2026-005938,CashReceipt,5938,,,Record cash receipt,98,2026-06-10 12:00:00,2026,6
184364,2026-06-12,2,5564.15,0.0,CashReceipt,CR-2026-005939,CashReceipt,5939,,,Record cash receipt,115,2026-06-12 12:00:00,2026,6
184366,2026-06-20,2,10584.98,0.0,CashReceipt,CR-2026-005940,CashReceipt,5940,,,Record cash receipt,115,2026-06-20 12:00:00,2026,6
184368,2026-06-14,2,39017.77,0.0,CashReceipt,CR-2026-005941,CashReceipt,5941,,,Record cash receipt,11,2026-06-14 12:00:00,2026,6
184370,2026-06-13,2,18381.83,0.0,CashReceipt,CR-2026-005942,CashReceipt,5942,,,Record cash receipt,98,2026-06-13 12:00:00,2026,6
184372,2026-06-09,2,7340.73,0.0,CashReceipt,CR-2026-005943,CashReceipt,5943,,,Record cash receipt,115,2026-06-09 12:00:00,2026,6
184374,2026-06-10,2,9387.66,0.0,CashReceipt,CR-2026-005944,CashReceipt,5944,,,Record cash receipt,115,2026-06-10 12:00:00,2026,6
184376,2026-06-10,2,17665.94,0.0,CashReceipt,CR-2026-005945,CashReceipt,5945,,,Record cash receipt,115,2026-06-10 12:00:00,2026,6
184378,2026-06-14,2,2978.72,0.0,CashReceipt,CR-2026-005946,CashReceipt,5946,,,Record cash receipt,11,2026-06-14 12:00:00,2026,6
184380,2026-06-16,2,25143.85,0.0,CashReceipt,CR-2026-005947,CashReceipt,5947,,,Record cash receipt,98,2026-06-16 12:00:00,2026,6
184382,2026-06-19,2,10918.07,0.0,CashReceipt,CR-2026-005948,CashReceipt,5948,,,Record cash receipt,115,2026-06-19 12:00:00,2026,6
184384,2026-06-18,2,929.05,0.0,CashReceipt,CR-2026-005949,CashReceipt,5949,,,Record cash receipt,11,2026-06-18 12:00:00,2026,6
184386,2026-06-10,2,7182.5,0.0,CashReceipt,CR-2026-005950,CashReceipt,5950,,,Record cash receipt,115,2026-06-10 12:00:00,2026,6
184388,2026-06-10,2,6858.56,0.0,CashReceipt,CR-2026-005951,CashReceipt,5951,,,Record cash receipt,98,2026-06-10 12:00:00,2026,6
184390,2026-06-14,2,8617.15,0.0,CashReceipt,CR-2026-005952,CashReceipt,5952,,,Record cash receipt,11,2026-06-14 12:00:00,2026,6
184392,2026-06-13,2,26886.75,0.0,CashReceipt,CR-2026-005953,CashReceipt,5953,,,Record cash receipt,11,2026-06-13 12:00:00,2026,6
184394,2026-06-20,2,18241.41,0.0,CashReceipt,CR-2026-005954,CashReceipt,5954,,,Record cash receipt,115,2026-06-20 12:00:00,2026,6
184396,2026-06-14,2,16268.27,0.0,CashReceipt,CR-2026-005955,CashReceipt,5955,,,Record cash receipt,98,2026-06-14 12:00:00,2026,6
184398,2026-06-14,2,142.15,0.0,CashReceipt,CR-2026-005956,CashReceipt,5956,,,Record cash receipt,98,2026-06-14 12:00:00,2026,6
184400,2026-06-12,2,4325.25,0.0,CashReceipt,CR-2026-005957,CashReceipt,5957,,,Record cash receipt,98,2026-06-12 12:00:00,2026,6
184402,2026-06-07,2,374.26,0.0,CashReceipt,CR-2026-005958,CashReceipt,5958,,,Record cash receipt,98,2026-06-07 12:00:00,2026,6
184404,2026-06-09,2,7036.76,0.0,CashReceipt,CR-2026-005959,CashReceipt,5959,,,Record cash receipt,98,2026-06-09 12:00:00,2026,6
184406,2026-06-16,2,5448.66,0.0,CashReceipt,CR-2026-005960,CashReceipt,5960,,,Record cash receipt,115,2026-06-16 12:00:00,2026,6
184408,2026-06-10,2,3924.02,0.0,CashReceipt,CR-2026-005961,CashReceipt,5961,,,Record cash receipt,98,2026-06-10 12:00:00,2026,6
184410,2026-06-13,2,3371.44,0.0,CashReceipt,CR-2026-005962,CashReceipt,5962,,,Record cash receipt,11,2026-06-13 12:00:00,2026,6
184412,2026-06-12,2,7700.46,0.0,CashReceipt,CR-2026-005963,CashReceipt,5963,,,Record cash receipt,11,2026-06-12 12:00:00,2026,6
184414,2026-06-06,2,3511.63,0.0,CashReceipt,CR-2026-005964,CashReceipt,5964,,,Record cash receipt,98,2026-06-06 12:00:00,2026,6
184416,2026-06-14,2,5587.04,0.0,CashReceipt,CR-2026-005965,CashReceipt,5965,,,Record cash receipt,115,2026-06-14 12:00:00,2026,6
184418,2026-06-13,2,2333.18,0.0,CashReceipt,CR-2026-005966,CashReceipt,5966,,,Record cash receipt,98,2026-06-13 12:00:00,2026,6
184420,2026-06-11,2,2495.34,0.0,CashReceipt,CR-2026-005967,CashReceipt,5967,,,Record cash receipt,98,2026-06-11 12:00:00,2026,6
184422,2026-06-12,2,3156.99,0.0,CashReceipt,CR-2026-005968,CashReceipt,5968,,,Record cash receipt,98,2026-06-12 12:00:00,2026,6
184424,2026-06-14,2,16965.65,0.0,CashReceipt,CR-2026-005969,CashReceipt,5969,,,Record cash receipt,98,2026-06-14 12:00:00,2026,6
184426,2026-06-20,2,2923.36,0.0,CashReceipt,CR-2026-005970,CashReceipt,5970,,,Record cash receipt,98,2026-06-20 12:00:00,2026,6
184428,2026-06-14,2,50166.65,0.0,CashReceipt,CR-2026-005971,CashReceipt,5971,,,Record cash receipt,98,2026-06-14 12:00:00,2026,6
184430,2026-06-14,2,4509.26,0.0,CashReceipt,CR-2026-005972,CashReceipt,5972,,,Record cash receipt,115,2026-06-14 12:00:00,2026,6
184432,2026-06-19,2,4201.45,0.0,CashReceipt,CR-2026-005973,CashReceipt,5973,,,Record cash receipt,115,2026-06-19 12:00:00,2026,6
184434,2026-06-07,2,12.72,0.0,CashReceipt,CR-2026-005974,CashReceipt,5974,,,Record cash receipt,115,2026-06-07 12:00:00,2026,6
184436,2026-06-11,2,21348.09,0.0,CashReceipt,CR-2026-005975,CashReceipt,5975,,,Record cash receipt,11,2026-06-11 12:00:00,2026,6
184438,2026-06-11,2,495.08,0.0,CashReceipt,CR-2026-005976,CashReceipt,5976,,,Record cash receipt,11,2026-06-11 12:00:00,2026,6
184440,2026-06-12,2,5383.43,0.0,CashReceipt,CR-2026-005977,CashReceipt,5977,,,Record cash receipt,11,2026-06-12 12:00:00,2026,6
184442,2026-06-24,2,993.06,0.0,CashReceipt,CR-2026-005978,CashReceipt,5978,,,Record cash receipt,11,2026-06-24 12:00:00,2026,6
184444,2026-06-14,2,967.28,0.0,CashReceipt,CR-2026-005979,CashReceipt,5979,,,Record cash receipt,98,2026-06-14 12:00:00,2026,6
184446,2026-06-09,2,8068.9,0.0,CashReceipt,CR-2026-005980,CashReceipt,5980,,,Record cash receipt,115,2026-06-09 12:00:00,2026,6
184448,2026-06-07,2,29.75,0.0,CashReceipt,CR-2026-005981,CashReceipt,5981,,,Record cash receipt,98,2026-06-07 12:00:00,2026,6
184450,2026-06-13,2,5945.9,0.0,CashReceipt,CR-2026-005982,CashReceipt,5982,,,Record cash receipt,11,2026-06-13 12:00:00,2026,6
184452,2026-06-10,2,2109.55,0.0,CashReceipt,CR-2026-005983,CashReceipt,5983,,,Record cash receipt,11,2026-06-10 12:00:00,2026,6
184454,2026-06-03,2,2169.52,0.0,CashReceipt,CR-2026-005984,CashReceipt,5984,,,Record cash receipt,115,2026-06-03 12:00:00,2026,6
184456,2026-06-18,2,12046.16,0.0,CashReceipt,CR-2026-005985,CashReceipt,5985,,,Record cash receipt,98,2026-06-18 12:00:00,2026,6
184458,2026-06-09,2,207.84,0.0,CashReceipt,CR-2026-005986,CashReceipt,5986,,,Record cash receipt,115,2026-06-09 12:00:00,2026,6
184460,2026-06-12,2,2205.3,0.0,CashReceipt,CR-2026-005987,CashReceipt,5987,,,Record cash receipt,115,2026-06-12 12:00:00,2026,6
184462,2026-06-17,2,28583.7,0.0,CashReceipt,CR-2026-005988,CashReceipt,5988,,,Record cash receipt,11,2026-06-17 12:00:00,2026,6
184464,2026-06-04,2,949.77,0.0,CashReceipt,CR-2026-005989,CashReceipt,5989,,,Record cash receipt,115,2026-06-04 12:00:00,2026,6
184466,2026-06-10,2,5002.41,0.0,CashReceipt,CR-2026-005990,CashReceipt,5990,,,Record cash receipt,98,2026-06-10 12:00:00,2026,6
184468,2026-06-12,2,23016.35,0.0,CashReceipt,CR-2026-005991,CashReceipt,5991,,,Record cash receipt,115,2026-06-12 12:00:00,2026,6
184470,2026-06-11,2,7875.3,0.0,CashReceipt,CR-2026-005992,CashReceipt,5992,,,Record cash receipt,98,2026-06-11 12:00:00,2026,6
184472,2026-06-09,2,4692.64,0.0,CashReceipt,CR-2026-005993,CashReceipt,5993,,,Record cash receipt,115,2026-06-09 12:00:00,2026,6
184474,2026-06-12,2,9504.89,0.0,CashReceipt,CR-2026-005994,CashReceipt,5994,,,Record cash receipt,98,2026-06-12 12:00:00,2026,6
184476,2026-06-13,2,1999.2,0.0,CashReceipt,CR-2026-005995,CashReceipt,5995,,,Record cash receipt,115,2026-06-13 12:00:00,2026,6
184478,2026-06-05,2,0.55,0.0,CashReceipt,CR-2026-005996,CashReceipt,5996,,,Record cash receipt,98,2026-06-05 12:00:00,2026,6
184480,2026-06-07,2,0.01,0.0,CashReceipt,CR-2026-005997,CashReceipt,5997,,,Record cash receipt,115,2026-06-07 12:00:00,2026,6
184482,2026-06-12,2,53778.72,0.0,CashReceipt,CR-2026-005998,CashReceipt,5998,,,Record cash receipt,115,2026-06-12 12:00:00,2026,6
184484,2026-06-07,2,7621.79,0.0,CashReceipt,CR-2026-005999,CashReceipt,5999,,,Record cash receipt,98,2026-06-07 12:00:00,2026,6
184486,2026-06-10,2,12192.07,0.0,CashReceipt,CR-2026-006000,CashReceipt,6000,,,Record cash receipt,115,2026-06-10 12:00:00,2026,6
184488,2026-06-23,2,4080.03,0.0,CashReceipt,CR-2026-006001,CashReceipt,6001,,,Record cash receipt,98,2026-06-23 12:00:00,2026,6
184490,2026-06-11,2,5377.56,0.0,CashReceipt,CR-2026-006002,CashReceipt,6002,,,Record cash receipt,11,2026-06-11 12:00:00,2026,6
184492,2026-06-14,2,10324.88,0.0,CashReceipt,CR-2026-006003,CashReceipt,6003,,,Record cash receipt,115,2026-06-14 12:00:00,2026,6
184494,2026-06-10,2,12374.62,0.0,CashReceipt,CR-2026-006004,CashReceipt,6004,,,Record cash receipt,115,2026-06-10 12:00:00,2026,6
184496,2026-06-10,2,2149.13,0.0,CashReceipt,CR-2026-006005,CashReceipt,6005,,,Record cash receipt,11,2026-06-10 12:00:00,2026,6
184498,2026-06-11,2,12340.06,0.0,CashReceipt,CR-2026-006006,CashReceipt,6006,,,Record cash receipt,98,2026-06-11 12:00:00,2026,6
184500,2026-06-18,2,58977.37,0.0,CashReceipt,CR-2026-006007,CashReceipt,6007,,,Record cash receipt,115,2026-06-18 12:00:00,2026,6
184502,2026-06-07,2,36.36,0.0,CashReceipt,CR-2026-006008,CashReceipt,6008,,,Record cash receipt,11,2026-06-07 12:00:00,2026,6
184504,2026-06-19,2,2868.39,0.0,CashReceipt,CR-2026-006009,CashReceipt,6009,,,Record cash receipt,98,2026-06-19 12:00:00,2026,6
184506,2026-06-12,2,20905.93,0.0,CashReceipt,CR-2026-006010,CashReceipt,6010,,,Record cash receipt,98,2026-06-12 12:00:00,2026,6
184508,2026-06-16,2,2571.9,0.0,CashReceipt,CR-2026-006011,CashReceipt,6011,,,Record cash receipt,11,2026-06-16 12:00:00,2026,6
184510,2026-06-14,2,3076.25,0.0,CashReceipt,CR-2026-006012,CashReceipt,6012,,,Record cash receipt,98,2026-06-14 12:00:00,2026,6
184512,2026-06-04,2,844.79,0.0,CashReceipt,CR-2026-006013,CashReceipt,6013,,,Record cash receipt,115,2026-06-04 12:00:00,2026,6
184514,2026-06-23,2,11343.51,0.0,CashReceipt,CR-2026-006014,CashReceipt,6014,,,Record cash receipt,115,2026-06-23 12:00:00,2026,6
184516,2026-06-10,2,38420.13,0.0,CashReceipt,CR-2026-006015,CashReceipt,6015,,,Record cash receipt,115,2026-06-10 12:00:00,2026,6
184518,2026-06-12,2,1508.53,0.0,CashReceipt,CR-2026-006016,CashReceipt,6016,,,Record cash receipt,98,2026-06-12 12:00:00,2026,6
184520,2026-06-12,2,46214.52,0.0,CashReceipt,CR-2026-006017,CashReceipt,6017,,,Record cash receipt,11,2026-06-12 12:00:00,2026,6
184522,2026-06-12,2,7046.5,0.0,CashReceipt,CR-2026-006018,CashReceipt,6018,,,Record cash receipt,115,2026-06-12 12:00:00,2026,6
184524,2026-06-12,2,2414.85,0.0,CashReceipt,CR-2026-006019,CashReceipt,6019,,,Record cash receipt,115,2026-06-12 12:00:00,2026,6
184526,2026-06-18,2,12294.24,0.0,CashReceipt,CR-2026-006020,CashReceipt,6020,,,Record cash receipt,98,2026-06-18 12:00:00,2026,6
184528,2026-06-17,2,9829.03,0.0,CashReceipt,CR-2026-006021,CashReceipt,6021,,,Record cash receipt,115,2026-06-17 12:00:00,2026,6
184530,2026-06-24,2,330.67,0.0,CashReceipt,CR-2026-006022,CashReceipt,6022,,,Record cash receipt,98,2026-06-24 12:00:00,2026,6
184532,2026-06-10,2,1212.16,0.0,CashReceipt,CR-2026-006023,CashReceipt,6023,,,Record cash receipt,11,2026-06-10 12:00:00,2026,6
184534,2026-06-10,2,35912.86,0.0,CashReceipt,CR-2026-006024,CashReceipt,6024,,,Record cash receipt,115,2026-06-10 12:00:00,2026,6
184536,2026-06-13,2,52293.28,0.0,CashReceipt,CR-2026-006025,CashReceipt,6025,,,Record cash receipt,98,2026-06-13 12:00:00,2026,6
184538,2026-06-12,2,5262.14,0.0,CashReceipt,CR-2026-006026,CashReceipt,6026,,,Record cash receipt,98,2026-06-12 12:00:00,2026,6
184540,2026-06-11,2,5593.95,0.0,CashReceipt,CR-2026-006027,CashReceipt,6027,,,Record cash receipt,98,2026-06-11 12:00:00,2026,6
184542,2026-06-13,2,5457.61,0.0,CashReceipt,CR-2026-006028,CashReceipt,6028,,,Record cash receipt,115,2026-06-13 12:00:00,2026,6
184544,2026-06-11,2,22956.6,0.0,CashReceipt,CR-2026-006029,CashReceipt,6029,,,Record cash receipt,115,2026-06-11 12:00:00,2026,6
184546,2026-06-06,2,805.73,0.0,CashReceipt,CR-2026-006030,CashReceipt,6030,,,Record cash receipt,98,2026-06-06 12:00:00,2026,6
184548,2026-06-18,2,18536.76,0.0,CashReceipt,CR-2026-006031,CashReceipt,6031,,,Record cash receipt,115,2026-06-18 12:00:00,2026,6
184550,2026-06-16,2,6065.07,0.0,CashReceipt,CR-2026-006032,CashReceipt,6032,,,Record cash receipt,11,2026-06-16 12:00:00,2026,6
184552,2026-06-10,2,2028.32,0.0,CashReceipt,CR-2026-006033,CashReceipt,6033,,,Record cash receipt,98,2026-06-10 12:00:00,2026,6
184554,2026-06-12,2,6259.66,0.0,CashReceipt,CR-2026-006034,CashReceipt,6034,,,Record cash receipt,11,2026-06-12 12:00:00,2026,6
184556,2026-06-06,2,494.73,0.0,CashReceipt,CR-2026-006035,CashReceipt,6035,,,Record cash receipt,115,2026-06-06 12:00:00,2026,6
184558,2026-06-11,2,13014.15,0.0,CashReceipt,CR-2026-006036,CashReceipt,6036,,,Record cash receipt,11,2026-06-11 12:00:00,2026,6
184560,2026-06-12,2,4908.11,0.0,CashReceipt,CR-2026-006037,CashReceipt,6037,,,Record cash receipt,98,2026-06-12 12:00:00,2026,6
184562,2026-06-13,2,3662.2,0.0,CashReceipt,CR-2026-006038,CashReceipt,6038,,,Record cash receipt,98,2026-06-13 12:00:00,2026,6
184564,2026-06-10,2,6051.87,0.0,CashReceipt,CR-2026-006039,CashReceipt,6039,,,Record cash receipt,11,2026-06-10 12:00:00,2026,6
184566,2026-06-13,2,207.18,0.0,CashReceipt,CR-2026-006040,CashReceipt,6040,,,Record cash receipt,11,2026-06-13 12:00:00,2026,6
184568,2026-06-18,2,4849.98,0.0,CashReceipt,CR-2026-006041,CashReceipt,6041,,,Record cash receipt,98,2026-06-18 12:00:00,2026,6
184570,2026-06-13,2,5749.89,0.0,CashReceipt,CR-2026-006042,CashReceipt,6042,,,Record cash receipt,98,2026-06-13 12:00:00,2026,6
184572,2026-06-11,2,14674.77,0.0,CashReceipt,CR-2026-006043,CashReceipt,6043,,,Record cash receipt,115,2026-06-11 12:00:00,2026,6
184574,2026-06-11,2,4307.93,0.0,CashReceipt,CR-2026-006044,CashReceipt,6044,,,Record cash receipt,98,2026-06-11 12:00:00,2026,6
184576,2026-06-11,2,1603.01,0.0,CashReceipt,CR-2026-006045,CashReceipt,6045,,,Record cash receipt,11,2026-06-11 12:00:00,2026,6
184578,2026-06-19,2,24095.32,0.0,CashReceipt,CR-2026-006046,CashReceipt,6046,,,Record cash receipt,98,2026-06-19 12:00:00,2026,6
184580,2026-06-12,2,29878.62,0.0,CashReceipt,CR-2026-006047,CashReceipt,6047,,,Record cash receipt,98,2026-06-12 12:00:00,2026,6
184582,2026-06-22,2,34534.94,0.0,CashReceipt,CR-2026-006048,CashReceipt,6048,,,Record cash receipt,115,2026-06-22 12:00:00,2026,6
184584,2026-06-11,2,6871.9,0.0,CashReceipt,CR-2026-006049,CashReceipt,6049,,,Record cash receipt,115,2026-06-11 12:00:00,2026,6
184586,2026-06-10,2,5380.12,0.0,CashReceipt,CR-2026-006050,CashReceipt,6050,,,Record cash receipt,98,2026-06-10 12:00:00,2026,6
184588,2026-06-13,2,3547.37,0.0,CashReceipt,CR-2026-006051,CashReceipt,6051,,,Record cash receipt,11,2026-06-13 12:00:00,2026,6
184590,2026-06-24,2,11834.99,0.0,CashReceipt,CR-2026-006052,CashReceipt,6052,,,Record cash receipt,11,2026-06-24 12:00:00,2026,6
184592,2026-06-10,2,2273.97,0.0,CashReceipt,CR-2026-006053,CashReceipt,6053,,,Record cash receipt,11,2026-06-10 12:00:00,2026,6
184594,2026-06-14,2,17569.92,0.0,CashReceipt,CR-2026-006054,CashReceipt,6054,,,Record cash receipt,98,2026-06-14 12:00:00,2026,6
184596,2026-06-10,2,88473.33,0.0,CashReceipt,CR-2026-006055,CashReceipt,6055,,,Record cash receipt,11,2026-06-10 12:00:00,2026,6
184598,2026-06-20,2,8103.92,0.0,CashReceipt,CR-2026-006056,CashReceipt,6056,,,Record cash receipt,115,2026-06-20 12:00:00,2026,6
184600,2026-06-12,2,22802.58,0.0,CashReceipt,CR-2026-006057,CashReceipt,6057,,,Record cash receipt,98,2026-06-12 12:00:00,2026,6
184602,2026-06-09,2,34988.04,0.0,CashReceipt,CR-2026-006058,CashReceipt,6058,,,Record cash receipt,11,2026-06-09 12:00:00,2026,6
184604,2026-06-12,2,5998.75,0.0,CashReceipt,CR-2026-006059,CashReceipt,6059,,,Record cash receipt,98,2026-06-12 12:00:00,2026,6
184606,2026-06-10,2,7998.13,0.0,CashReceipt,CR-2026-006060,CashReceipt,6060,,,Record cash receipt,98,2026-06-10 12:00:00,2026,6
184608,2026-06-10,2,55222.53,0.0,CashReceipt,CR-2026-006061,CashReceipt,6061,,,Record cash receipt,11,2026-06-10 12:00:00,2026,6
184610,2026-06-11,2,1277.04,0.0,CashReceipt,CR-2026-006062,CashReceipt,6062,,,Record cash receipt,98,2026-06-11 12:00:00,2026,6
184612,2026-06-04,2,157.67,0.0,CashReceipt,CR-2026-006063,CashReceipt,6063,,,Record cash receipt,115,2026-06-04 12:00:00,2026,6
184614,2026-06-20,2,12530.55,0.0,CashReceipt,CR-2026-006064,CashReceipt,6064,,,Record cash receipt,98,2026-06-20 12:00:00,2026,6
184616,2026-06-19,2,5281.87,0.0,CashReceipt,CR-2026-006065,CashReceipt,6065,,,Record cash receipt,115,2026-06-19 12:00:00,2026,6
184618,2026-06-10,2,15323.03,0.0,CashReceipt,CR-2026-006066,CashReceipt,6066,,,Record cash receipt,11,2026-06-10 12:00:00,2026,6
184620,2026-06-14,2,2480.17,0.0,CashReceipt,CR-2026-006067,CashReceipt,6067,,,Record cash receipt,11,2026-06-14 12:00:00,2026,6
184622,2026-06-06,2,768.13,0.0,CashReceipt,CR-2026-006068,CashReceipt,6068,,,Record cash receipt,115,2026-06-06 12:00:00,2026,6
184624,2026-06-16,2,8728.92,0.0,CashReceipt,CR-2026-006069,CashReceipt,6069,,,Record cash receipt,115,2026-06-16 12:00:00,2026,6
184626,2026-06-14,2,562.7,0.0,CashReceipt,CR-2026-006070,CashReceipt,6070,,,Record cash receipt,11,2026-06-14 12:00:00,2026,6
184628,2026-06-13,2,5236.61,0.0,CashReceipt,CR-2026-006071,CashReceipt,6071,,,Record cash receipt,98,2026-06-13 12:00:00,2026,6
184630,2026-06-13,2,36958.0,0.0,CashReceipt,CR-2026-006072,CashReceipt,6072,,,Record cash receipt,98,2026-06-13 12:00:00,2026,6
184632,2026-06-13,2,4456.83,0.0,CashReceipt,CR-2026-006073,CashReceipt,6073,,,Record cash receipt,115,2026-06-13 12:00:00,2026,6
184634,2026-06-16,2,5467.21,0.0,CashReceipt,CR-2026-006074,CashReceipt,6074,,,Record cash receipt,98,2026-06-16 12:00:00,2026,6
184636,2026-06-16,2,7250.9,0.0,CashReceipt,CR-2026-006075,CashReceipt,6075,,,Record cash receipt,98,2026-06-16 12:00:00,2026,6
184638,2026-06-10,2,24610.69,0.0,CashReceipt,CR-2026-006076,CashReceipt,6076,,,Record cash receipt,98,2026-06-10 12:00:00,2026,6
184640,2026-06-06,2,168.2,0.0,CashReceipt,CR-2026-006077,CashReceipt,6077,,,Record cash receipt,98,2026-06-06 12:00:00,2026,6
184642,2026-06-11,2,15724.15,0.0,CashReceipt,CR-2026-006078,CashReceipt,6078,,,Record cash receipt,98,2026-06-11 12:00:00,2026,6
184644,2026-06-14,2,20773.3,0.0,CashReceipt,CR-2026-006079,CashReceipt,6079,,,Record cash receipt,115,2026-06-14 12:00:00,2026,6
184646,2026-06-11,2,39622.04,0.0,CashReceipt,CR-2026-006080,CashReceipt,6080,,,Record cash receipt,98,2026-06-11 12:00:00,2026,6
184648,2026-06-14,2,10451.88,0.0,CashReceipt,CR-2026-006081,CashReceipt,6081,,,Record cash receipt,11,2026-06-14 12:00:00,2026,6
184650,2026-06-06,2,0.61,0.0,CashReceipt,CR-2026-006082,CashReceipt,6082,,,Record cash receipt,98,2026-06-06 12:00:00,2026,6
184652,2026-06-11,2,328.11,0.0,CashReceipt,CR-2026-006083,CashReceipt,6083,,,Record cash receipt,115,2026-06-11 12:00:00,2026,6
184654,2026-06-06,2,0.67,0.0,CashReceipt,CR-2026-006084,CashReceipt,6084,,,Record cash receipt,115,2026-06-06 12:00:00,2026,6
184656,2026-06-18,2,13616.56,0.0,CashReceipt,CR-2026-006085,CashReceipt,6085,,,Record cash receipt,98,2026-06-18 12:00:00,2026,6
184658,2026-06-10,2,3200.84,0.0,CashReceipt,CR-2026-006086,CashReceipt,6086,,,Record cash receipt,98,2026-06-10 12:00:00,2026,6
184660,2026-06-17,2,4935.64,0.0,CashReceipt,CR-2026-006087,CashReceipt,6087,,,Record cash receipt,115,2026-06-17 12:00:00,2026,6
184662,2026-06-10,2,43395.79,0.0,CashReceipt,CR-2026-006088,CashReceipt,6088,,,Record cash receipt,98,2026-06-10 12:00:00,2026,6
184664,2026-06-05,2,0.06,0.0,CashReceipt,CR-2026-006089,CashReceipt,6089,,,Record cash receipt,98,2026-06-05 12:00:00,2026,6
184666,2026-06-11,2,2442.57,0.0,CashReceipt,CR-2026-006090,CashReceipt,6090,,,Record cash receipt,11,2026-06-11 12:00:00,2026,6
184668,2026-06-13,2,16577.84,0.0,CashReceipt,CR-2026-006091,CashReceipt,6091,,,Record cash receipt,11,2026-06-13 12:00:00,2026,6
184670,2026-06-12,2,55808.94,0.0,CashReceipt,CR-2026-006092,CashReceipt,6092,,,Record cash receipt,11,2026-06-12 12:00:00,2026,6
184672,2026-06-12,2,13853.74,0.0,CashReceipt,CR-2026-006093,CashReceipt,6093,,,Record cash receipt,115,2026-06-12 12:00:00,2026,6
184674,2026-06-10,2,2296.97,0.0,CashReceipt,CR-2026-006094,CashReceipt,6094,,,Record cash receipt,98,2026-06-10 12:00:00,2026,6
184676,2026-06-19,2,21494.2,0.0,CashReceipt,CR-2026-006095,CashReceipt,6095,,,Record cash receipt,11,2026-06-19 12:00:00,2026,6
184678,2026-06-10,2,24360.39,0.0,CashReceipt,CR-2026-006096,CashReceipt,6096,,,Record cash receipt,11,2026-06-10 12:00:00,2026,6
184680,2026-06-12,2,1557.25,0.0,CashReceipt,CR-2026-006097,CashReceipt,6097,,,Record cash receipt,98,2026-06-12 12:00:00,2026,6
184682,2026-06-12,2,23614.94,0.0,CashReceipt,CR-2026-006098,CashReceipt,6098,,,Record cash receipt,11,2026-06-12 12:00:00,2026,6
184684,2026-06-10,2,15726.56,0.0,CashReceipt,CR-2026-006099,CashReceipt,6099,,,Record cash receipt,11,2026-06-10 12:00:00,2026,6
184686,2026-06-11,2,12167.1,0.0,CashReceipt,CR-2026-006100,CashReceipt,6100,,,Record cash receipt,115,2026-06-11 12:00:00,2026,6
184688,2026-06-17,2,14616.66,0.0,CashReceipt,CR-2026-006101,CashReceipt,6101,,,Record cash receipt,98,2026-06-17 12:00:00,2026,6
184690,2026-06-13,2,12460.82,0.0,CashReceipt,CR-2026-006102,CashReceipt,6102,,,Record cash receipt,11,2026-06-13 12:00:00,2026,6
184692,2026-06-10,2,10714.76,0.0,CashReceipt,CR-2026-006103,CashReceipt,6103,,,Record cash receipt,11,2026-06-10 12:00:00,2026,6
184694,2026-06-14,2,20520.26,0.0,CashReceipt,CR-2026-006104,CashReceipt,6104,,,Record cash receipt,11,2026-06-14 12:00:00,2026,6
184696,2026-06-10,2,15784.92,0.0,CashReceipt,CR-2026-006105,CashReceipt,6105,,,Record cash receipt,115,2026-06-10 12:00:00,2026,6
184698,2026-06-10,2,15504.45,0.0,CashReceipt,CR-2026-006106,CashReceipt,6106,,,Record cash receipt,115,2026-06-10 12:00:00,2026,6
184700,2026-06-14,2,17760.49,0.0,CashReceipt,CR-2026-006107,CashReceipt,6107,,,Record cash receipt,11,2026-06-14 12:00:00,2026,6
184702,2026-06-20,2,39161.11,0.0,CashReceipt,CR-2026-006108,CashReceipt,6108,,,Record cash receipt,115,2026-06-20 12:00:00,2026,6
184704,2026-06-11,2,9678.02,0.0,CashReceipt,CR-2026-006109,CashReceipt,6109,,,Record cash receipt,98,2026-06-11 12:00:00,2026,6
184706,2026-06-12,2,20391.53,0.0,CashReceipt,CR-2026-006110,CashReceipt,6110,,,Record cash receipt,11,2026-06-12 12:00:00,2026,6
184708,2026-06-13,2,26988.78,0.0,CashReceipt,CR-2026-006111,CashReceipt,6111,,,Record cash receipt,11,2026-06-13 12:00:00,2026,6
184710,2026-06-14,2,14537.2,0.0,CashReceipt,CR-2026-006112,CashReceipt,6112,,,Record cash receipt,115,2026-06-14 12:00:00,2026,6
184712,2026-06-13,2,9284.47,0.0,CashReceipt,CR-2026-006113,CashReceipt,6113,,,Record cash receipt,115,2026-06-13 12:00:00,2026,6
184714,2026-06-10,2,3234.65,0.0,CashReceipt,CR-2026-006114,CashReceipt,6114,,,Record cash receipt,11,2026-06-10 12:00:00,2026,6
184716,2026-06-07,2,4215.85,0.0,CashReceipt,CR-2026-006115,CashReceipt,6115,,,Record cash receipt,98,2026-06-07 12:00:00,2026,6
184718,2026-06-07,2,9.87,0.0,CashReceipt,CR-2026-006116,CashReceipt,6116,,,Record cash receipt,98,2026-06-07 12:00:00,2026,6
184720,2026-06-11,2,22322.35,0.0,CashReceipt,CR-2026-006117,CashReceipt,6117,,,Record cash receipt,115,2026-06-11 12:00:00,2026,6
184722,2026-06-19,2,29606.14,0.0,CashReceipt,CR-2026-006118,CashReceipt,6118,,,Record cash receipt,98,2026-06-19 12:00:00,2026,6
184724,2026-06-10,2,33417.5,0.0,CashReceipt,CR-2026-006119,CashReceipt,6119,,,Record cash receipt,115,2026-06-10 12:00:00,2026,6
184726,2026-06-19,2,5248.12,0.0,CashReceipt,CR-2026-006120,CashReceipt,6120,,,Record cash receipt,11,2026-06-19 12:00:00,2026,6
184728,2026-06-14,2,37781.44,0.0,CashReceipt,CR-2026-006121,CashReceipt,6121,,,Record cash receipt,11,2026-06-14 12:00:00,2026,6
184730,2026-06-14,2,12762.33,0.0,CashReceipt,CR-2026-006122,CashReceipt,6122,,,Record cash receipt,11,2026-06-14 12:00:00,2026,6
184732,2026-06-17,2,16132.65,0.0,CashReceipt,CR-2026-006123,CashReceipt,6123,,,Record cash receipt,98,2026-06-17 12:00:00,2026,6
184734,2026-06-13,2,27640.36,0.0,CashReceipt,CR-2026-006124,CashReceipt,6124,,,Record cash receipt,11,2026-06-13 12:00:00,2026,6
184736,2026-06-19,2,5288.48,0.0,CashReceipt,CR-2026-006125,CashReceipt,6125,,,Record cash receipt,98,2026-06-19 12:00:00,2026,6
184738,2026-06-03,2,0.54,0.0,CashReceipt,CR-2026-006126,CashReceipt,6126,,,Record cash receipt,115,2026-06-03 12:00:00,2026,6
184740,2026-06-14,2,41933.87,0.0,CashReceipt,CR-2026-006127,CashReceipt,6127,,,Record cash receipt,98,2026-06-14 12:00:00,2026,6
184742,2026-06-16,2,37375.58,0.0,CashReceipt,CR-2026-006128,CashReceipt,6128,,,Record cash receipt,115,2026-06-16 12:00:00,2026,6
184744,2026-06-20,2,1062.03,0.0,CashReceipt,CR-2026-006129,CashReceipt,6129,,,Record cash receipt,98,2026-06-20 12:00:00,2026,6
184746,2026-06-12,2,18969.36,0.0,CashReceipt,CR-2026-006130,CashReceipt,6130,,,Record cash receipt,98,2026-06-12 12:00:00,2026,6
245145,2026-05-25,2,0.0,513.63,CustomerRefund,RF-2026-000172,CustomerRefund,172,,,Issue customer refund,94,2026-05-25 12:00:00,2026,5
245149,2026-05-28,2,0.0,520.1,CustomerRefund,RF-2026-000174,CustomerRefund,174,,,Issue customer refund,94,2026-05-28 12:00:00,2026,5
245151,2026-06-04,2,0.0,69.19,CustomerRefund,RF-2026-000175,CustomerRefund,175,,,Issue customer refund,94,2026-06-04 12:00:00,2026,6
245153,2026-06-01,2,0.0,697.69,CustomerRefund,RF-2026-000176,CustomerRefund,176,,,Issue customer refund,94,2026-06-01 12:00:00,2026,6
245155,2026-06-10,2,0.0,390.02,CustomerRefund,RF-2026-000177,CustomerRefund,177,,,Issue customer refund,94,2026-06-10 12:00:00,2026,6
245157,2026-06-27,2,0.0,482.98,CustomerRefund,RF-2026-000178,CustomerRefund,178,,,Issue customer refund,96,2026-06-27 12:00:00,2026,6
245159,2026-06-22,2,0.0,441.46,CustomerRefund,RF-2026-000179,CustomerRefund,179,,,Issue customer refund,5,2026-06-22 12:00:00,2026,6
302695,2026-06-12,2,0.0,8505.64,SalesCommissionPayment,SCPAY-2026-000155,SalesCommissionPayment,155,,2.0,Pay sales commissions,5,2026-06-12 12:00:00,2026,6
302697,2026-06-12,2,0.0,9353.58,SalesCommissionPayment,SCPAY-2026-000156,SalesCommissionPayment,156,,2.0,Pay sales commissions,5,2026-06-12 12:00:00,2026,6
302699,2026-06-12,2,0.0,8320.39,SalesCommissionPayment,SCPAY-2026-000157,SalesCommissionPayment,157,,2.0,Pay sales commissions,5,2026-06-12 12:00:00,2026,6
302701,2026-06-12,2,0.0,10150.18,SalesCommissionPayment,SCPAY-2026-000158,SalesCommissionPayment,158,,2.0,Pay sales commissions,5,2026-06-12 12:00:00,2026,6
302703,2026-06-12,2,0.0,6933.61,SalesCommissionPayment,SCPAY-2026-000159,SalesCommissionPayment,159,,2.0,Pay sales commissions,5,2026-06-12 12:00:00,2026,6
302705,2026-06-12,2,0.0,6346.06,SalesCommissionPayment,SCPAY-2026-000160,SalesCommissionPayment,160,,2.0,Pay sales commissions,5,2026-06-12 12:00:00,2026,6
303145,2026-05-29,2,0.0,30306.19,PayrollLiabilityRemittance,PLR-2026-000062,PayrollLiabilityRemittance,184,,,Pay payroll liability,5,2026-05-29 12:00:00,2026,5
303147,2026-06-01,2,0.0,17137.93,PayrollLiabilityRemittance,PLR-2026-000063,PayrollLiabilityRemittance,185,,,Pay payroll liability,5,2026-06-01 12:00:00,2026,6
303149,2026-06-03,2,0.0,21619.78,PayrollLiabilityRemittance,PLR-2026-000064,PayrollLiabilityRemittance,186,,,Pay payroll liability,5,2026-06-03 12:00:00,2026,6
303151,2026-06-12,2,0.0,31194.91,PayrollLiabilityRemittance,PLR-2026-000063,PayrollLiabilityRemittance,187,,,Pay payroll liability,5,2026-06-12 12:00:00,2026,6
303153,2026-06-15,2,0.0,17646.58,PayrollLiabilityRemittance,PLR-2026-000064,PayrollLiabilityRemittance,188,,,Pay payroll liability,5,2026-06-15 12:00:00,2026,6
303155,2026-06-17,2,0.0,22133.46,PayrollLiabilityRemittance,PLR-2026-000065,PayrollLiabilityRemittance,189,,,Pay payroll liability,5,2026-06-17 12:00:00,2026,6
303157,2026-06-26,2,0.0,37784.75,PayrollLiabilityRemittance,PLR-2026-000064,PayrollLiabilityRemittance,190,,,Pay payroll liability,5,2026-06-26 12:00:00,2026,6
303159,2026-06-29,2,0.0,21339.55,PayrollLiabilityRemittance,PLR-2026-000065,PayrollLiabilityRemittance,191,,,Pay payroll liability,5,2026-06-29 12:00:00,2026,6
783521,2026-05-25,2,0.0,241.6,DisbursementPayment,DP-2026-023994,DisbursementPayment,23994,,4.0,Record vendor payment,2,2026-05-25 12:00:00,2026,5
783523,2026-05-25,2,0.0,1689.22,DisbursementPayment,DP-2026-023995,DisbursementPayment,23995,,4.0,Record vendor payment,2,2026-05-25 12:00:00,2026,5
783525,2026-05-25,2,0.0,2020.3,DisbursementPayment,DP-2026-023996,DisbursementPayment,23996,,4.0,Record vendor payment,2,2026-05-25 12:00:00,2026,5
783527,2026-05-25,2,0.0,1951.63,DisbursementPayment,DP-2026-023997,DisbursementPayment,23997,,4.0,Record vendor payment,2,2026-05-25 12:00:00,2026,5
783529,2026-05-25,2,0.0,239.57,DisbursementPayment,DP-2026-023998,DisbursementPayment,23998,,4.0,Record vendor payment,2,2026-05-25 12:00:00,2026,5
786667,2026-05-25,2,0.0,509.31,DisbursementPayment,DP-2026-025567,DisbursementPayment,25567,,4.0,Record vendor payment,2,2026-05-25 12:00:00,2026,5
786669,2026-05-25,2,0.0,1245.44,DisbursementPayment,DP-2026-025568,DisbursementPayment,25568,,4.0,Record vendor payment,2,2026-05-25 12:00:00,2026,5
786671,2026-05-25,2,0.0,202.6,DisbursementPayment,DP-2026-025569,DisbursementPayment,25569,,4.0,Record vendor payment,2,2026-05-25 12:00:00,2026,5
786673,2026-05-25,2,0.0,1152.8,DisbursementPayment,DP-2026-025570,DisbursementPayment,25570,,4.0,Record vendor payment,2,2026-05-25 12:00:00,2026,5
786675,2026-05-25,2,0.0,610.71,DisbursementPayment,DP-2026-025571,DisbursementPayment,25571,,4.0,Record vendor payment,2,2026-05-25 12:00:00,2026,5
786677,2026-05-25,2,0.0,149.17,DisbursementPayment,DP-2026-025572,DisbursementPayment,25572,,4.0,Record vendor payment,2,2026-05-25 12:00:00,2026,5
786679,2026-05-25,2,0.0,776.5,DisbursementPayment,DP-2026-025573,DisbursementPayment,25573,,4.0,Record vendor payment,2,2026-05-25 12:00:00,2026,5
786681,2026-05-25,2,0.0,1065.59,DisbursementPayment,DP-2026-025574,DisbursementPayment,25574,,4.0,Record vendor payment,2,2026-05-25 12:00:00,2026,5
786683,2026-05-27,2,0.0,195.13,DisbursementPayment,DP-2026-025575,DisbursementPayment,25575,,4.0,Record vendor payment,2,2026-05-27 12:00:00,2026,5
786685,2026-05-28,2,0.0,181.23,DisbursementPayment,DP-2026-025576,DisbursementPayment,25576,,4.0,Record vendor payment,2,2026-05-28 12:00:00,2026,5
786687,2026-05-28,2,0.0,2570.37,DisbursementPayment,DP-2026-025577,DisbursementPayment,25577,,4.0,Record vendor payment,2,2026-05-28 12:00:00,2026,5
786689,2026-05-29,2,0.0,563.07,DisbursementPayment,DP-2026-025578,DisbursementPayment,25578,,4.0,Record vendor payment,2,2026-05-29 12:00:00,2026,5
786691,2026-05-29,2,0.0,165.36,DisbursementPayment,DP-2026-025579,DisbursementPayment,25579,,4.0,Record vendor payment,2,2026-05-29 12:00:00,2026,5
786693,2026-05-29,2,0.0,735.32,DisbursementPayment,DP-2026-025580,DisbursementPayment,25580,,4.0,Record vendor payment,2,2026-05-29 12:00:00,2026,5
786695,2026-05-30,2,0.0,650.37,DisbursementPayment,DP-2026-025581,DisbursementPayment,25581,,4.0,Record vendor payment,2,2026-05-30 12:00:00,2026,5
786697,2026-05-30,2,0.0,331.08,DisbursementPayment,DP-2026-025582,DisbursementPayment,25582,,4.0,Record vendor payment,2,2026-05-30 12:00:00,2026,5
786699,2026-05-30,2,0.0,1394.64,DisbursementPayment,DP-2026-025583,DisbursementPayment,25583,,4.0,Record vendor payment,2,2026-05-30 12:00:00,2026,5
786701,2026-05-30,2,0.0,497.29,DisbursementPayment,DP-2026-025584,DisbursementPayment,25584,,4.0,Record vendor payment,2,2026-05-30 12:00:00,2026,5
786703,2026-05-31,2,0.0,91.44,DisbursementPayment,DP-2026-025585,DisbursementPayment,25585,,4.0,Record vendor payment,2,2026-05-31 12:00:00,2026,5
786705,2026-05-31,2,0.0,244.18,DisbursementPayment,DP-2026-025586,DisbursementPayment,25586,,4.0,Record vendor payment,2,2026-05-31 12:00:00,2026,5
786707,2026-06-01,2,0.0,542.07,DisbursementPayment,DP-2026-025587,DisbursementPayment,25587,,4.0,Record vendor payment,2,2026-06-01 12:00:00,2026,6
786709,2026-06-01,2,0.0,152.21,DisbursementPayment,DP-2026-025588,DisbursementPayment,25588,,4.0,Record vendor payment,2,2026-06-01 12:00:00,2026,6
786711,2026-06-01,2,0.0,349.92,DisbursementPayment,DP-2026-025589,DisbursementPayment,25589,,4.0,Record vendor payment,2,2026-06-01 12:00:00,2026,6
786713,2026-06-01,2,0.0,578.14,DisbursementPayment,DP-2026-025590,DisbursementPayment,25590,,4.0,Record vendor payment,2,2026-06-01 12:00:00,2026,6
786715,2026-06-01,2,0.0,277.4,DisbursementPayment,DP-2026-025591,DisbursementPayment,25591,,4.0,Record vendor payment,2,2026-06-01 12:00:00,2026,6
786717,2026-06-01,2,0.0,1005.62,DisbursementPayment,DP-2026-025592,DisbursementPayment,25592,,4.0,Record vendor payment,2,2026-06-01 12:00:00,2026,6
786719,2026-06-02,2,0.0,1432.16,DisbursementPayment,DP-2026-025593,DisbursementPayment,25593,,4.0,Record vendor payment,2,2026-06-02 12:00:00,2026,6
786721,2026-06-02,2,0.0,48.74,DisbursementPayment,DP-2026-025594,DisbursementPayment,25594,,4.0,Record vendor payment,2,2026-06-02 12:00:00,2026,6
786723,2026-06-03,2,0.0,329.74,DisbursementPayment,DP-2026-025595,DisbursementPayment,25595,,4.0,Record vendor payment,2,2026-06-03 12:00:00,2026,6
786725,2026-06-04,2,0.0,25.02,DisbursementPayment,DP-2026-025596,DisbursementPayment,25596,,4.0,Record vendor payment,2,2026-06-04 12:00:00,2026,6
786727,2026-06-04,2,0.0,746.95,DisbursementPayment,DP-2026-025597,DisbursementPayment,25597,,4.0,Record vendor payment,2,2026-06-04 12:00:00,2026,6
786729,2026-06-05,2,0.0,241.37,DisbursementPayment,DP-2026-025598,DisbursementPayment,25598,,4.0,Record vendor payment,2,2026-06-05 12:00:00,2026,6
786731,2026-06-05,2,0.0,26.56,DisbursementPayment,DP-2026-025599,DisbursementPayment,25599,,4.0,Record vendor payment,2,2026-06-05 12:00:00,2026,6
786733,2026-06-06,2,0.0,535.81,DisbursementPayment,DP-2026-025600,DisbursementPayment,25600,,4.0,Record vendor payment,2,2026-06-06 12:00:00,2026,6
786735,2026-06-06,2,0.0,720.07,DisbursementPayment,DP-2026-025601,DisbursementPayment,25601,,4.0,Record vendor payment,2,2026-06-06 12:00:00,2026,6
786737,2026-06-06,2,0.0,467.44,DisbursementPayment,DP-2026-025602,DisbursementPayment,25602,,4.0,Record vendor payment,2,2026-06-06 12:00:00,2026,6
786739,2026-06-06,2,0.0,253.41,DisbursementPayment,DP-2026-025603,DisbursementPayment,25603,,4.0,Record vendor payment,2,2026-06-06 12:00:00,2026,6
786741,2026-06-07,2,0.0,6150.24,DisbursementPayment,DP-2026-025604,DisbursementPayment,25604,,5.0,Record vendor payment,2,2026-06-07 12:00:00,2026,6
786743,2026-06-07,2,0.0,1112.15,DisbursementPayment,DP-2026-025605,DisbursementPayment,25605,,4.0,Record vendor payment,2,2026-06-07 12:00:00,2026,6
786745,2026-06-07,2,0.0,77.73,DisbursementPayment,DP-2026-025606,DisbursementPayment,25606,,4.0,Record vendor payment,2,2026-06-07 12:00:00,2026,6
786747,2026-06-08,2,0.0,403.23,DisbursementPayment,DP-2026-025607,DisbursementPayment,25607,,4.0,Record vendor payment,2,2026-06-08 12:00:00,2026,6
786749,2026-06-08,2,0.0,93.9,DisbursementPayment,DP-2026-025608,DisbursementPayment,25608,,4.0,Record vendor payment,2,2026-06-08 12:00:00,2026,6
786751,2026-06-08,2,0.0,488.61,DisbursementPayment,DP-2026-025609,DisbursementPayment,25609,,4.0,Record vendor payment,2,2026-06-08 12:00:00,2026,6
786753,2026-06-08,2,0.0,34572.78,DisbursementPayment,DP-2026-025610,DisbursementPayment,25610,,4.0,Record vendor payment,2,2026-06-08 12:00:00,2026,6
786755,2026-06-08,2,0.0,209.07,DisbursementPayment,DP-2026-025611,DisbursementPayment,25611,,4.0,Record vendor payment,2,2026-06-08 12:00:00,2026,6
786757,2026-06-08,2,0.0,666.93,DisbursementPayment,DP-2026-025612,DisbursementPayment,25612,,5.0,Record vendor payment,2,2026-06-08 12:00:00,2026,6
786759,2026-06-09,2,0.0,256.07,DisbursementPayment,DP-2026-025613,DisbursementPayment,25613,,4.0,Record vendor payment,2,2026-06-09 12:00:00,2026,6
786761,2026-06-09,2,0.0,200.53,DisbursementPayment,DP-2026-025614,DisbursementPayment,25614,,4.0,Record vendor payment,2,2026-06-09 12:00:00,2026,6
786763,2026-06-09,2,0.0,1305.65,DisbursementPayment,DP-2026-025615,DisbursementPayment,25615,,4.0,Record vendor payment,2,2026-06-09 12:00:00,2026,6
786765,2026-06-09,2,0.0,230.46,DisbursementPayment,DP-2026-025616,DisbursementPayment,25616,,4.0,Record vendor payment,2,2026-06-09 12:00:00,2026,6
786767,2026-06-09,2,0.0,2647.59,DisbursementPayment,DP-2026-025617,DisbursementPayment,25617,,4.0,Record vendor payment,2,2026-06-09 12:00:00,2026,6
786769,2026-06-12,2,0.0,102.85,DisbursementPayment,DP-2026-025618,DisbursementPayment,25618,,4.0,Record vendor payment,2,2026-06-12 12:00:00,2026,6
786771,2026-06-14,2,0.0,1265.26,DisbursementPayment,DP-2026-025619,DisbursementPayment,25619,,4.0,Record vendor payment,2,2026-06-14 12:00:00,2026,6
786773,2026-06-19,2,0.0,1124.46,DisbursementPayment,DP-2026-025620,DisbursementPayment,25620,,4.0,Record vendor payment,2,2026-06-19 12:00:00,2026,6
786775,2026-06-22,2,0.0,5650.92,DisbursementPayment,DP-2026-025621,DisbursementPayment,25621,,5.0,Record vendor payment,2,2026-06-22 12:00:00,2026,6
786777,2026-06-24,2,0.0,1046.47,DisbursementPayment,DP-2026-025622,DisbursementPayment,25622,,4.0,Record vendor payment,2,2026-06-24 12:00:00,2026,6
786779,2026-06-24,2,0.0,715.34,DisbursementPayment,DP-2026-025623,DisbursementPayment,25623,,4.0,Record vendor payment,2,2026-06-24 12:00:00,2026,6
788873,2026-05-25,2,0.0,1910.9,DisbursementPayment,DP-2026-026670,DisbursementPayment,26670,,4.0,Record vendor payment,2,2026-05-25 12:00:00,2026,5
788899,2026-05-26,2,0.0,734.37,DisbursementPayment,DP-2026-026683,DisbursementPayment,26683,,4.0,Record vendor payment,2,2026-05-26 12:00:00,2026,5
788901,2026-05-26,2,0.0,577.23,DisbursementPayment,DP-2026-026684,DisbursementPayment,26684,,4.0,Record vendor payment,2,2026-05-26 12:00:00,2026,5
788919,2026-05-25,2,0.0,214.18,DisbursementPayment,DP-2026-026693,DisbursementPayment,26693,,4.0,Record vendor payment,2,2026-05-25 12:00:00,2026,5
788927,2026-05-26,2,0.0,1015.74,DisbursementPayment,DP-2026-026697,DisbursementPayment,26697,,4.0,Record vendor payment,2,2026-05-26 12:00:00,2026,5
788935,2026-05-26,2,0.0,640.48,DisbursementPayment,DP-2026-026701,DisbursementPayment,26701,,4.0,Record vendor payment,2,2026-05-26 12:00:00,2026,5
788943,2026-05-27,2,0.0,510.06,DisbursementPayment,DP-2026-026705,DisbursementPayment,26705,,4.0,Record vendor payment,2,2026-05-27 12:00:00,2026,5
788969,2026-05-26,2,0.0,137.86,DisbursementPayment,DP-2026-026718,DisbursementPayment,26718,,4.0,Record vendor payment,2,2026-05-26 12:00:00,2026,5
788979,2026-05-25,2,0.0,719.67,DisbursementPayment,DP-2026-026723,DisbursementPayment,26723,,4.0,Record vendor payment,2,2026-05-25 12:00:00,2026,5
789007,2026-05-29,2,0.0,64.1,DisbursementPayment,DP-2026-026737,DisbursementPayment,26737,,4.0,Record vendor payment,2,2026-05-29 12:00:00,2026,5
789017,2026-05-28,2,0.0,894.18,DisbursementPayment,DP-2026-026742,DisbursementPayment,26742,,5.0,Record vendor payment,2,2026-05-28 12:00:00,2026,5
789019,2026-05-29,2,0.0,363.91,DisbursementPayment,DP-2026-026743,DisbursementPayment,26743,,5.0,Record vendor payment,2,2026-05-29 12:00:00,2026,5
789021,2026-05-28,2,0.0,354.33,DisbursementPayment,DP-2026-026744,DisbursementPayment,26744,,4.0,Record vendor payment,2,2026-05-28 12:00:00,2026,5
789023,2026-05-28,2,0.0,718.04,DisbursementPayment,DP-2026-026745,DisbursementPayment,26745,,4.0,Record vendor payment,2,2026-05-28 12:00:00,2026,5
789031,2026-05-29,2,0.0,215.28,DisbursementPayment,DP-2026-026749,DisbursementPayment,26749,,4.0,Record vendor payment,2,2026-05-29 12:00:00,2026,5
789035,2026-05-26,2,0.0,3496.11,DisbursementPayment,DP-2026-026751,DisbursementPayment,26751,,5.0,Record vendor payment,2,2026-05-26 12:00:00,2026,5
789037,2026-05-29,2,0.0,217.04,DisbursementPayment,DP-2026-026752,DisbursementPayment,26752,,4.0,Record vendor payment,2,2026-05-29 12:00:00,2026,5
789041,2026-05-28,2,0.0,853.48,DisbursementPayment,DP-2026-026754,DisbursementPayment,26754,,5.0,Record vendor payment,2,2026-05-28 12:00:00,2026,5
789043,2026-05-27,2,0.0,2923.92,DisbursementPayment,DP-2026-026755,DisbursementPayment,26755,,4.0,Record vendor payment,2,2026-05-27 12:00:00,2026,5
789047,2026-05-25,2,0.0,225.65,DisbursementPayment,DP-2026-026757,DisbursementPayment,26757,,4.0,Record vendor payment,2,2026-05-25 12:00:00,2026,5
789055,2026-05-28,2,0.0,40.95,DisbursementPayment,DP-2026-026761,DisbursementPayment,26761,,4.0,Record vendor payment,2,2026-05-28 12:00:00,2026,5
789057,2026-05-28,2,0.0,2759.35,DisbursementPayment,DP-2026-026762,DisbursementPayment,26762,,4.0,Record vendor payment,2,2026-05-28 12:00:00,2026,5
789065,2026-05-26,2,0.0,705.01,DisbursementPayment,DP-2026-026766,DisbursementPayment,26766,,4.0,Record vendor payment,2,2026-05-26 12:00:00,2026,5
789067,2026-05-30,2,0.0,228.11,DisbursementPayment,DP-2026-026767,DisbursementPayment,26767,,4.0,Record vendor payment,2,2026-05-30 12:00:00,2026,5
789073,2026-05-26,2,0.0,36.23,DisbursementPayment,DP-2026-026770,DisbursementPayment,26770,,4.0,Record vendor payment,2,2026-05-26 12:00:00,2026,5
789085,2026-05-29,2,0.0,1030.12,DisbursementPayment,DP-2026-026776,DisbursementPayment,26776,,4.0,Record vendor payment,2,2026-05-29 12:00:00,2026,5
789091,2026-05-28,2,0.0,877.77,DisbursementPayment,DP-2026-026779,DisbursementPayment,26779,,4.0,Record vendor payment,2,2026-05-28 12:00:00,2026,5
789095,2026-05-28,2,0.0,204.49,DisbursementPayment,DP-2026-026781,DisbursementPayment,26781,,4.0,Record vendor payment,2,2026-05-28 12:00:00,2026,5
789097,2026-05-29,2,0.0,825.34,DisbursementPayment,DP-2026-026782,DisbursementPayment,26782,,4.0,Record vendor payment,2,2026-05-29 12:00:00,2026,5
789103,2026-05-28,2,0.0,587.3,DisbursementPayment,DP-2026-026785,DisbursementPayment,26785,,4.0,Record vendor payment,2,2026-05-28 12:00:00,2026,5
789111,2026-05-27,2,0.0,2551.4,DisbursementPayment,DP-2026-026789,DisbursementPayment,26789,,5.0,Record vendor payment,2,2026-05-27 12:00:00,2026,5
789115,2026-05-25,2,0.0,436.53,DisbursementPayment,DP-2026-026791,DisbursementPayment,26791,,4.0,Record vendor payment,2,2026-05-25 12:00:00,2026,5
789125,2026-05-28,2,0.0,91.21,DisbursementPayment,DP-2026-026796,DisbursementPayment,26796,,4.0,Record vendor payment,2,2026-05-28 12:00:00,2026,5
789127,2026-05-28,2,0.0,620.76,DisbursementPayment,DP-2026-026797,DisbursementPayment,26797,,4.0,Record vendor payment,2,2026-05-28 12:00:00,2026,5
789129,2026-05-28,2,0.0,1202.95,DisbursementPayment,DP-2026-026798,DisbursementPayment,26798,,4.0,Record vendor payment,2,2026-05-28 12:00:00,2026,5
789131,2026-05-28,2,0.0,1075.44,DisbursementPayment,DP-2026-026799,DisbursementPayment,26799,,4.0,Record vendor payment,2,2026-05-28 12:00:00,2026,5
789133,2026-05-27,2,0.0,417.48,DisbursementPayment,DP-2026-026800,DisbursementPayment,26800,,4.0,Record vendor payment,2,2026-05-27 12:00:00,2026,5
789135,2026-05-26,2,0.0,1076.56,DisbursementPayment,DP-2026-026801,DisbursementPayment,26801,,4.0,Record vendor payment,2,2026-05-26 12:00:00,2026,5
789145,2026-05-31,2,0.0,646.58,DisbursementPayment,DP-2026-026806,DisbursementPayment,26806,,4.0,Record vendor payment,2,2026-05-31 12:00:00,2026,5
789149,2026-05-31,2,0.0,86.57,DisbursementPayment,DP-2026-026808,DisbursementPayment,26808,,4.0,Record vendor payment,2,2026-05-31 12:00:00,2026,5
789155,2026-05-27,2,0.0,313.67,DisbursementPayment,DP-2026-026811,DisbursementPayment,26811,,4.0,Record vendor payment,2,2026-05-27 12:00:00,2026,5
789165,2026-05-25,2,0.0,514.63,DisbursementPayment,DP-2026-026816,DisbursementPayment,26816,,4.0,Record vendor payment,2,2026-05-25 12:00:00,2026,5
789169,2026-05-27,2,0.0,1488.07,DisbursementPayment,DP-2026-026818,DisbursementPayment,26818,,4.0,Record vendor payment,2,2026-05-27 12:00:00,2026,5
789171,2026-05-29,2,0.0,676.46,DisbursementPayment,DP-2026-026819,DisbursementPayment,26819,,4.0,Record vendor payment,2,2026-05-29 12:00:00,2026,5
789177,2026-05-30,2,0.0,262.46,DisbursementPayment,DP-2026-026822,DisbursementPayment,26822,,4.0,Record vendor payment,2,2026-05-30 12:00:00,2026,5
789179,2026-05-29,2,0.0,277.83,DisbursementPayment,DP-2026-026823,DisbursementPayment,26823,,4.0,Record vendor payment,2,2026-05-29 12:00:00,2026,5
789185,2026-05-31,2,0.0,423.97,DisbursementPayment,DP-2026-026826,DisbursementPayment,26826,,4.0,Record vendor payment,2,2026-05-31 12:00:00,2026,5
789187,2026-05-29,2,0.0,208.56,DisbursementPayment,DP-2026-026827,DisbursementPayment,26827,,4.0,Record vendor payment,2,2026-05-29 12:00:00,2026,5
789191,2026-05-26,2,0.0,507.22,DisbursementPayment,DP-2026-026829,DisbursementPayment,26829,,4.0,Record vendor payment,2,2026-05-26 12:00:00,2026,5
789193,2026-05-26,2,0.0,96.29,DisbursementPayment,DP-2026-026830,DisbursementPayment,26830,,5.0,Record vendor payment,2,2026-05-26 12:00:00,2026,5
789195,2026-05-30,2,0.0,1514.18,DisbursementPayment,DP-2026-026831,DisbursementPayment,26831,,4.0,Record vendor payment,2,2026-05-30 12:00:00,2026,5
789199,2026-05-31,2,0.0,66.27,DisbursementPayment,DP-2026-026833,DisbursementPayment,26833,,4.0,Record vendor payment,2,2026-05-31 12:00:00,2026,5
789201,2026-05-28,2,0.0,1783.22,DisbursementPayment,DP-2026-026834,DisbursementPayment,26834,,4.0,Record vendor payment,2,2026-05-28 12:00:00,2026,5
789211,2026-05-25,2,0.0,264.06,DisbursementPayment,DP-2026-026839,DisbursementPayment,26839,,4.0,Record vendor payment,2,2026-05-25 12:00:00,2026,5
789213,2026-05-26,2,0.0,440.46,DisbursementPayment,DP-2026-026840,DisbursementPayment,26840,,4.0,Record vendor payment,2,2026-05-26 12:00:00,2026,5
789217,2026-05-26,2,0.0,233.55,DisbursementPayment,DP-2026-026842,DisbursementPayment,26842,,4.0,Record vendor payment,2,2026-05-26 12:00:00,2026,5
789219,2026-05-25,2,0.0,36.65,DisbursementPayment,DP-2026-026843,DisbursementPayment,26843,,4.0,Record vendor payment,2,2026-05-25 12:00:00,2026,5
789221,2026-05-29,2,0.0,227.23,DisbursementPayment,DP-2026-026844,DisbursementPayment,26844,,4.0,Record vendor payment,2,2026-05-29 12:00:00,2026,5
789225,2026-05-30,2,0.0,574.51,DisbursementPayment,DP-2026-026846,DisbursementPayment,26846,,4.0,Record vendor payment,2,2026-05-30 12:00:00,2026,5
789227,2026-05-31,2,0.0,50.71,DisbursementPayment,DP-2026-026847,DisbursementPayment,26847,,4.0,Record vendor payment,2,2026-05-31 12:00:00,2026,5
789231,2026-05-31,2,0.0,357.37,DisbursementPayment,DP-2026-026849,DisbursementPayment,26849,,5.0,Record vendor payment,2,2026-05-31 12:00:00,2026,5
789237,2026-05-26,2,0.0,3573.88,DisbursementPayment,DP-2026-026852,DisbursementPayment,26852,,4.0,Record vendor payment,2,2026-05-26 12:00:00,2026,5
789239,2026-05-27,2,0.0,850.5,DisbursementPayment,DP-2026-026853,DisbursementPayment,26853,,4.0,Record vendor payment,2,2026-05-27 12:00:00,2026,5
789245,2026-05-29,2,0.0,705.62,DisbursementPayment,DP-2026-026856,DisbursementPayment,26856,,4.0,Record vendor payment,2,2026-05-29 12:00:00,2026,5
789247,2026-05-26,2,0.0,2476.37,DisbursementPayment,DP-2026-026857,DisbursementPayment,26857,,4.0,Record vendor payment,2,2026-05-26 12:00:00,2026,5
789251,2026-05-29,2,0.0,1466.25,DisbursementPayment,DP-2026-026859,DisbursementPayment,26859,,4.0,Record vendor payment,2,2026-05-29 12:00:00,2026,5
789253,2026-05-25,2,0.0,36.9,DisbursementPayment,DP-2026-026860,DisbursementPayment,26860,,4.0,Record vendor payment,2,2026-05-25 12:00:00,2026,5
789255,2026-05-29,2,0.0,544.97,DisbursementPayment,DP-2026-026861,DisbursementPayment,26861,,4.0,Record vendor payment,2,2026-05-29 12:00:00,2026,5
789257,2026-05-27,2,0.0,131.31,DisbursementPayment,DP-2026-026862,DisbursementPayment,26862,,4.0,Record vendor payment,2,2026-05-27 12:00:00,2026,5
789259,2026-05-28,2,0.0,501.79,DisbursementPayment,DP-2026-026863,DisbursementPayment,26863,,5.0,Record vendor payment,2,2026-05-28 12:00:00,2026,5
789267,2026-05-28,2,0.0,712.11,DisbursementPayment,DP-2026-026867,DisbursementPayment,26867,,4.0,Record vendor payment,2,2026-05-28 12:00:00,2026,5
789269,2026-05-26,2,0.0,194.67,DisbursementPayment,DP-2026-026868,DisbursementPayment,26868,,4.0,Record vendor payment,2,2026-05-26 12:00:00,2026,5
789271,2026-05-29,2,0.0,964.13,DisbursementPayment,DP-2026-026869,DisbursementPayment,26869,,4.0,Record vendor payment,2,2026-05-29 12:00:00,2026,5
789273,2026-05-29,2,0.0,0.15,DisbursementPayment,DP-2026-026870,DisbursementPayment,26870,,4.0,Record vendor payment,2,2026-05-29 12:00:00,2026,5
789275,2026-05-25,2,0.0,335.32,DisbursementPayment,DP-2026-026871,DisbursementPayment,26871,,4.0,Record vendor payment,2,2026-05-25 12:00:00,2026,5
789277,2026-05-28,2,0.0,513.1,DisbursementPayment,DP-2026-026872,DisbursementPayment,26872,,4.0,Record vendor payment,2,2026-05-28 12:00:00,2026,5
789279,2026-05-31,2,0.0,566.43,DisbursementPayment,DP-2026-026873,DisbursementPayment,26873,,4.0,Record vendor payment,2,2026-05-31 12:00:00,2026,5
789281,2026-05-31,2,0.0,31.32,DisbursementPayment,DP-2026-026874,DisbursementPayment,26874,,4.0,Record vendor payment,2,2026-05-31 12:00:00,2026,5
789291,2026-05-25,2,0.0,37.16,DisbursementPayment,DP-2026-026879,DisbursementPayment,26879,,4.0,Record vendor payment,2,2026-05-25 12:00:00,2026,5
789295,2026-05-28,2,0.0,1242.5,DisbursementPayment,DP-2026-026881,DisbursementPayment,26881,,4.0,Record vendor payment,2,2026-05-28 12:00:00,2026,5
789299,2026-05-30,2,0.0,1019.91,DisbursementPayment,DP-2026-026883,DisbursementPayment,26883,,4.0,Record vendor payment,2,2026-05-30 12:00:00,2026,5
789303,2026-05-31,2,0.0,830.59,DisbursementPayment,DP-2026-026885,DisbursementPayment,26885,,4.0,Record vendor payment,2,2026-05-31 12:00:00,2026,5
789305,2026-05-25,2,0.0,1984.14,DisbursementPayment,DP-2026-026886,DisbursementPayment,26886,,4.0,Record vendor payment,2,2026-05-25 12:00:00,2026,5
789307,2026-05-28,2,0.0,1393.43,DisbursementPayment,DP-2026-026887,DisbursementPayment,26887,,4.0,Record vendor payment,2,2026-05-28 12:00:00,2026,5
789313,2026-05-31,2,0.0,916.85,DisbursementPayment,DP-2026-026890,DisbursementPayment,26890,,5.0,Record vendor payment,2,2026-05-31 12:00:00,2026,5
789315,2026-05-31,2,0.0,677.3,DisbursementPayment,DP-2026-026891,DisbursementPayment,26891,,4.0,Record vendor payment,2,2026-05-31 12:00:00,2026,5
789317,2026-05-29,2,0.0,487.15,DisbursementPayment,DP-2026-026892,DisbursementPayment,26892,,4.0,Record vendor payment,2,2026-05-29 12:00:00,2026,5
789321,2026-05-25,2,0.0,32547.57,DisbursementPayment,DP-2026-026894,DisbursementPayment,26894,,4.0,Record vendor payment,2,2026-05-25 12:00:00,2026,5
789325,2026-05-27,2,0.0,126.42,DisbursementPayment,DP-2026-026896,DisbursementPayment,26896,,4.0,Record vendor payment,2,2026-05-27 12:00:00,2026,5
789327,2026-05-26,2,0.0,1403.87,DisbursementPayment,DP-2026-026897,DisbursementPayment,26897,,5.0,Record vendor payment,2,2026-05-26 12:00:00,2026,5
789329,2026-05-29,2,0.0,157.49,DisbursementPayment,DP-2026-026898,DisbursementPayment,26898,,5.0,Record vendor payment,2,2026-05-29 12:00:00,2026,5
789331,2026-05-29,2,0.0,984.94,DisbursementPayment,DP-2026-026899,DisbursementPayment,26899,,4.0,Record vendor payment,2,2026-05-29 12:00:00,2026,5
789337,2026-05-25,2,0.0,296.37,DisbursementPayment,DP-2026-026902,DisbursementPayment,26902,,4.0,Record vendor payment,2,2026-05-25 12:00:00,2026,5
789339,2026-05-30,2,0.0,97.7,DisbursementPayment,DP-2026-026903,DisbursementPayment,26903,,4.0,Record vendor payment,2,2026-05-30 12:00:00,2026,5
789345,2026-05-25,2,0.0,143.93,DisbursementPayment,DP-2026-026906,DisbursementPayment,26906,,4.0,Record vendor payment,2,2026-05-25 12:00:00,2026,5
789347,2026-05-31,2,0.0,980.5,DisbursementPayment,DP-2026-026907,DisbursementPayment,26907,,4.0,Record vendor payment,2,2026-05-31 12:00:00,2026,5
789349,2026-05-28,2,0.0,205.08,DisbursementPayment,DP-2026-026908,DisbursementPayment,26908,,4.0,Record vendor payment,2,2026-05-28 12:00:00,2026,5
789351,2026-05-29,2,0.0,152.14,DisbursementPayment,DP-2026-026909,DisbursementPayment,26909,,4.0,Record vendor payment,2,2026-05-29 12:00:00,2026,5
789355,2026-05-25,2,0.0,73.11,DisbursementPayment,DP-2026-026911,DisbursementPayment,26911,,4.0,Record vendor payment,2,2026-05-25 12:00:00,2026,5
789357,2026-05-25,2,0.0,127.31,DisbursementPayment,DP-2026-026912,DisbursementPayment,26912,,4.0,Record vendor payment,2,2026-05-25 12:00:00,2026,5
789361,2026-05-31,2,0.0,550.27,DisbursementPayment,DP-2026-026914,DisbursementPayment,26914,,4.0,Record vendor payment,2,2026-05-31 12:00:00,2026,5
789363,2026-05-28,2,0.0,96.9,DisbursementPayment,DP-2026-026915,DisbursementPayment,26915,,4.0,Record vendor payment,2,2026-05-28 12:00:00,2026,5
789365,2026-05-25,2,0.0,2295.93,DisbursementPayment,DP-2026-026916,DisbursementPayment,26916,,4.0,Record vendor payment,2,2026-05-25 12:00:00,2026,5
789367,2026-05-28,2,0.0,245.55,DisbursementPayment,DP-2026-026917,DisbursementPayment,26917,,4.0,Record vendor payment,2,2026-05-28 12:00:00,2026,5
789369,2026-05-25,2,0.0,254.21,DisbursementPayment,DP-2026-026918,DisbursementPayment,26918,,4.0,Record vendor payment,2,2026-05-25 12:00:00,2026,5
789371,2026-05-28,2,0.0,980.8,DisbursementPayment,DP-2026-026919,DisbursementPayment,26919,,4.0,Record vendor payment,2,2026-05-28 12:00:00,2026,5
789373,2026-05-26,2,0.0,1207.11,DisbursementPayment,DP-2026-026920,DisbursementPayment,26920,,4.0,Record vendor payment,2,2026-05-26 12:00:00,2026,5
789375,2026-05-29,2,0.0,629.14,DisbursementPayment,DP-2026-026921,DisbursementPayment,26921,,4.0,Record vendor payment,2,2026-05-29 12:00:00,2026,5
789379,2026-05-30,2,0.0,766.92,DisbursementPayment,DP-2026-026923,DisbursementPayment,26923,,4.0,Record vendor payment,2,2026-05-30 12:00:00,2026,5
789381,2026-05-25,2,0.0,345.96,DisbursementPayment,DP-2026-026924,DisbursementPayment,26924,,4.0,Record vendor payment,2,2026-05-25 12:00:00,2026,5
789385,2026-05-27,2,0.0,850.6,DisbursementPayment,DP-2026-026926,DisbursementPayment,26926,,4.0,Record vendor payment,2,2026-05-27 12:00:00,2026,5
789389,2026-05-26,2,0.0,440.64,DisbursementPayment,DP-2026-026928,DisbursementPayment,26928,,5.0,Record vendor payment,2,2026-05-26 12:00:00,2026,5
789393,2026-05-29,2,0.0,111.38,DisbursementPayment,DP-2026-026930,DisbursementPayment,26930,,4.0,Record vendor payment,2,2026-05-29 12:00:00,2026,5
789395,2026-05-28,2,0.0,113.06,DisbursementPayment,DP-2026-026931,DisbursementPayment,26931,,4.0,Record vendor payment,2,2026-05-28 12:00:00,2026,5
789397,2026-05-25,2,0.0,62.24,DisbursementPayment,DP-2026-026932,DisbursementPayment,26932,,4.0,Record vendor payment,2,2026-05-25 12:00:00,2026,5
789399,2026-05-25,2,0.0,364.94,DisbursementPayment,DP-2026-026933,DisbursementPayment,26933,,4.0,Record vendor payment,2,2026-05-25 12:00:00,2026,5
789401,2026-05-27,2,0.0,1114.53,DisbursementPayment,DP-2026-026934,DisbursementPayment,26934,,4.0,Record vendor payment,2,2026-05-27 12:00:00,2026,5
789413,2026-05-27,2,0.0,173.68,DisbursementPayment,DP-2026-026940,DisbursementPayment,26940,,4.0,Record vendor payment,2,2026-05-27 12:00:00,2026,5
789415,2026-05-27,2,0.0,1858.68,DisbursementPayment,DP-2026-026941,DisbursementPayment,26941,,4.0,Record vendor payment,2,2026-05-27 12:00:00,2026,5
789417,2026-05-25,2,0.0,444.95,DisbursementPayment,DP-2026-026942,DisbursementPayment,26942,,4.0,Record vendor payment,2,2026-05-25 12:00:00,2026,5
789425,2026-05-30,2,0.0,138.8,DisbursementPayment,DP-2026-026946,DisbursementPayment,26946,,4.0,Record vendor payment,2,2026-05-30 12:00:00,2026,5
789429,2026-05-26,2,0.0,449.27,DisbursementPayment,DP-2026-026948,DisbursementPayment,26948,,5.0,Record vendor payment,2,2026-05-26 12:00:00,2026,5
789431,2026-05-28,2,0.0,209.8,DisbursementPayment,DP-2026-026949,DisbursementPayment,26949,,4.0,Record vendor payment,2,2026-05-28 12:00:00,2026,5
789435,2026-05-28,2,0.0,297.68,DisbursementPayment,DP-2026-026951,DisbursementPayment,26951,,4.0,Record vendor payment,2,2026-05-28 12:00:00,2026,5
789437,2026-05-28,2,0.0,412.72,DisbursementPayment,DP-2026-026952,DisbursementPayment,26952,,4.0,Record vendor payment,2,2026-05-28 12:00:00,2026,5
789439,2026-05-31,2,0.0,250.68,DisbursementPayment,DP-2026-026953,DisbursementPayment,26953,,4.0,Record vendor payment,2,2026-05-31 12:00:00,2026,5
789441,2026-05-27,2,0.0,195.7,DisbursementPayment,DP-2026-026954,DisbursementPayment,26954,,4.0,Record vendor payment,2,2026-05-27 12:00:00,2026,5
789445,2026-05-29,2,0.0,294.14,DisbursementPayment,DP-2026-026956,DisbursementPayment,26956,,4.0,Record vendor payment,2,2026-05-29 12:00:00,2026,5
789449,2026-05-25,2,0.0,790.06,DisbursementPayment,DP-2026-026958,DisbursementPayment,26958,,4.0,Record vendor payment,2,2026-05-25 12:00:00,2026,5
789451,2026-05-31,2,0.0,380.06,DisbursementPayment,DP-2026-026959,DisbursementPayment,26959,,4.0,Record vendor payment,2,2026-05-31 12:00:00,2026,5
789453,2026-05-25,2,0.0,519.57,DisbursementPayment,DP-2026-026960,DisbursementPayment,26960,,4.0,Record vendor payment,2,2026-05-25 12:00:00,2026,5
789455,2026-05-26,2,0.0,109.09,DisbursementPayment,DP-2026-026961,DisbursementPayment,26961,,5.0,Record vendor payment,2,2026-05-26 12:00:00,2026,5
789457,2026-05-28,2,0.0,407.55,DisbursementPayment,DP-2026-026962,DisbursementPayment,26962,,4.0,Record vendor payment,2,2026-05-28 12:00:00,2026,5
789459,2026-05-30,2,0.0,877.15,DisbursementPayment,DP-2026-026963,DisbursementPayment,26963,,4.0,Record vendor payment,2,2026-05-30 12:00:00,2026,5
789463,2026-05-31,2,0.0,586.33,DisbursementPayment,DP-2026-026965,DisbursementPayment,26965,,4.0,Record vendor payment,2,2026-05-31 12:00:00,2026,5
789467,2026-05-26,2,0.0,488.7,DisbursementPayment,DP-2026-026967,DisbursementPayment,26967,,5.0,Record vendor payment,2,2026-05-26 12:00:00,2026,5
789469,2026-05-26,2,0.0,805.4,DisbursementPayment,DP-2026-026968,DisbursementPayment,26968,,4.0,Record vendor payment,2,2026-05-26 12:00:00,2026,5
789471,2026-05-28,2,0.0,477.09,DisbursementPayment,DP-2026-026969,DisbursementPayment,26969,,4.0,Record vendor payment,2,2026-05-28 12:00:00,2026,5
789473,2026-05-26,2,0.0,987.94,DisbursementPayment,DP-2026-026970,DisbursementPayment,26970,,4.0,Record vendor payment,2,2026-05-26 12:00:00,2026,5
789475,2026-05-26,2,0.0,177.05,DisbursementPayment,DP-2026-026971,DisbursementPayment,26971,,5.0,Record vendor payment,2,2026-05-26 12:00:00,2026,5
789479,2026-05-25,2,0.0,447.41,DisbursementPayment,DP-2026-026973,DisbursementPayment,26973,,4.0,Record vendor payment,2,2026-05-25 12:00:00,2026,5
789481,2026-05-30,2,0.0,21.46,DisbursementPayment,DP-2026-026974,DisbursementPayment,26974,,4.0,Record vendor payment,2,2026-05-30 12:00:00,2026,5
789487,2026-05-25,2,0.0,110.31,DisbursementPayment,DP-2026-026977,DisbursementPayment,26977,,4.0,Record vendor payment,2,2026-05-25 12:00:00,2026,5
789489,2026-05-31,2,0.0,2162.68,DisbursementPayment,DP-2026-026978,DisbursementPayment,26978,,4.0,Record vendor payment,2,2026-05-31 12:00:00,2026,5
789491,2026-05-27,2,0.0,501.71,DisbursementPayment,DP-2026-026979,DisbursementPayment,26979,,4.0,Record vendor payment,2,2026-05-27 12:00:00,2026,5
789493,2026-05-28,2,0.0,238.99,DisbursementPayment,DP-2026-026980,DisbursementPayment,26980,,5.0,Record vendor payment,2,2026-05-28 12:00:00,2026,5
789495,2026-05-30,2,0.0,991.84,DisbursementPayment,DP-2026-026981,DisbursementPayment,26981,,4.0,Record vendor payment,2,2026-05-30 12:00:00,2026,5
789497,2026-05-30,2,0.0,761.28,DisbursementPayment,DP-2026-026982,DisbursementPayment,26982,,4.0,Record vendor payment,2,2026-05-30 12:00:00,2026,5
789499,2026-05-27,2,0.0,1810.69,DisbursementPayment,DP-2026-026983,DisbursementPayment,26983,,4.0,Record vendor payment,2,2026-05-27 12:00:00,2026,5
789501,2026-05-25,2,0.0,85.54,DisbursementPayment,DP-2026-026984,DisbursementPayment,26984,,4.0,Record vendor payment,2,2026-05-25 12:00:00,2026,5
789505,2026-05-25,2,0.0,776.24,DisbursementPayment,DP-2026-026986,DisbursementPayment,26986,,4.0,Record vendor payment,2,2026-05-25 12:00:00,2026,5
789507,2026-05-30,2,0.0,59.75,DisbursementPayment,DP-2026-026987,DisbursementPayment,26987,,4.0,Record vendor payment,2,2026-05-30 12:00:00,2026,5
789509,2026-05-29,2,0.0,957.42,DisbursementPayment,DP-2026-026988,DisbursementPayment,26988,,5.0,Record vendor payment,2,2026-05-29 12:00:00,2026,5
789511,2026-05-26,2,0.0,1246.31,DisbursementPayment,DP-2026-026989,DisbursementPayment,26989,,4.0,Record vendor payment,2,2026-05-26 12:00:00,2026,5
789513,2026-05-29,2,0.0,335.78,DisbursementPayment,DP-2026-026990,DisbursementPayment,26990,,4.0,Record vendor payment,2,2026-05-29 12:00:00,2026,5
789515,2026-05-28,2,0.0,53.91,DisbursementPayment,DP-2026-026991,DisbursementPayment,26991,,4.0,Record vendor payment,2,2026-05-28 12:00:00,2026,5
789517,2026-05-31,2,0.0,434.2,DisbursementPayment,DP-2026-026992,DisbursementPayment,26992,,4.0,Record vendor payment,2,2026-05-31 12:00:00,2026,5
789519,2026-05-27,2,0.0,286.77,DisbursementPayment,DP-2026-026993,DisbursementPayment,26993,,4.0,Record vendor payment,2,2026-05-27 12:00:00,2026,5
789521,2026-05-29,2,0.0,1243.63,DisbursementPayment,DP-2026-026994,DisbursementPayment,26994,,4.0,Record vendor payment,2,2026-05-29 12:00:00,2026,5
789523,2026-05-31,2,0.0,2045.16,DisbursementPayment,DP-2026-026995,DisbursementPayment,26995,,4.0,Record vendor payment,2,2026-05-31 12:00:00,2026,5
789525,2026-05-28,2,0.0,405.89,DisbursementPayment,DP-2026-026996,DisbursementPayment,26996,,4.0,Record vendor payment,2,2026-05-28 12:00:00,2026,5
789527,2026-05-25,2,0.0,367.11,DisbursementPayment,DP-2026-026997,DisbursementPayment,26997,,4.0,Record vendor payment,2,2026-05-25 12:00:00,2026,5
789529,2026-05-28,2,0.0,1121.53,DisbursementPayment,DP-2026-026998,DisbursementPayment,26998,,4.0,Record vendor payment,2,2026-05-28 12:00:00,2026,5
789531,2026-05-27,2,0.0,1203.73,DisbursementPayment,DP-2026-026999,DisbursementPayment,26999,,5.0,Record vendor payment,2,2026-05-27 12:00:00,2026,5
789533,2026-05-26,2,0.0,1172.65,DisbursementPayment,DP-2026-027000,DisbursementPayment,27000,,5.0,Record vendor payment,2,2026-05-26 12:00:00,2026,5
789535,2026-05-31,2,0.0,376.53,DisbursementPayment,DP-2026-027001,DisbursementPayment,27001,,4.0,Record vendor payment,2,2026-05-31 12:00:00,2026,5
789537,2026-05-29,2,0.0,1224.5,DisbursementPayment,DP-2026-027002,DisbursementPayment,27002,,4.0,Record vendor payment,2,2026-05-29 12:00:00,2026,5
789539,2026-05-31,2,0.0,2186.99,DisbursementPayment,DP-2026-027003,DisbursementPayment,27003,,4.0,Record vendor payment,2,2026-05-31 12:00:00,2026,5
789541,2026-05-26,2,0.0,682.54,DisbursementPayment,DP-2026-027004,DisbursementPayment,27004,,4.0,Record vendor payment,2,2026-05-26 12:00:00,2026,5
789543,2026-05-30,2,0.0,12957.42,DisbursementPayment,DP-2026-027005,DisbursementPayment,27005,,5.0,Record vendor payment,2,2026-05-30 12:00:00,2026,5
789545,2026-05-25,2,0.0,530.79,DisbursementPayment,DP-2026-027006,DisbursementPayment,27006,,4.0,Record vendor payment,2,2026-05-25 12:00:00,2026,5
789547,2026-05-30,2,0.0,661.99,DisbursementPayment,DP-2026-027007,DisbursementPayment,27007,,4.0,Record vendor payment,2,2026-05-30 12:00:00,2026,5
789549,2026-05-26,2,0.0,813.2,DisbursementPayment,DP-2026-027008,DisbursementPayment,27008,,4.0,Record vendor payment,2,2026-05-26 12:00:00,2026,5
789551,2026-05-25,2,0.0,730.83,DisbursementPayment,DP-2026-027009,DisbursementPayment,27009,,4.0,Record vendor payment,2,2026-05-25 12:00:00,2026,5
789553,2026-05-28,2,0.0,126.12,DisbursementPayment,DP-2026-027010,DisbursementPayment,27010,,4.0,Record vendor payment,2,2026-05-28 12:00:00,2026,5
789555,2026-05-29,2,0.0,862.6,DisbursementPayment,DP-2026-027011,DisbursementPayment,27011,,4.0,Record vendor payment,2,2026-05-29 12:00:00,2026,5
789557,2026-05-31,2,0.0,418.06,DisbursementPayment,DP-2026-027012,DisbursementPayment,27012,,4.0,Record vendor payment,2,2026-05-31 12:00:00,2026,5
789559,2026-05-27,2,0.0,9057.55,DisbursementPayment,DP-2026-027013,DisbursementPayment,27013,,4.0,Record vendor payment,2,2026-05-27 12:00:00,2026,5
789561,2026-05-29,2,0.0,885.28,DisbursementPayment,DP-2026-027014,DisbursementPayment,27014,,4.0,Record vendor payment,2,2026-05-29 12:00:00,2026,5
789563,2026-05-28,2,0.0,36.51,DisbursementPayment,DP-2026-027015,DisbursementPayment,27015,,4.0,Record vendor payment,2,2026-05-28 12:00:00,2026,5
789565,2026-05-30,2,0.0,38.45,DisbursementPayment,DP-2026-027016,DisbursementPayment,27016,,4.0,Record vendor payment,2,2026-05-30 12:00:00,2026,5
789567,2026-05-31,2,0.0,252.99,DisbursementPayment,DP-2026-027017,DisbursementPayment,27017,,4.0,Record vendor payment,2,2026-05-31 12:00:00,2026,5
789569,2026-05-25,2,0.0,1234.26,DisbursementPayment,DP-2026-027018,DisbursementPayment,27018,,5.0,Record vendor payment,2,2026-05-25 12:00:00,2026,5
789571,2026-05-30,2,0.0,95.98,DisbursementPayment,DP-2026-027019,DisbursementPayment,27019,,4.0,Record vendor payment,2,2026-05-30 12:00:00,2026,5
789573,2026-05-26,2,0.0,544.73,DisbursementPayment,DP-2026-027020,DisbursementPayment,27020,,4.0,Record vendor payment,2,2026-05-26 12:00:00,2026,5
789575,2026-05-28,2,0.0,1288.01,DisbursementPayment,DP-2026-027021,DisbursementPayment,27021,,4.0,Record vendor payment,2,2026-05-28 12:00:00,2026,5
789577,2026-05-27,2,0.0,50.9,DisbursementPayment,DP-2026-027022,DisbursementPayment,27022,,4.0,Record vendor payment,2,2026-05-27 12:00:00,2026,5
789579,2026-05-25,2,0.0,115.4,DisbursementPayment,DP-2026-027023,DisbursementPayment,27023,,4.0,Record vendor payment,2,2026-05-25 12:00:00,2026,5
789581,2026-05-27,2,0.0,1787.96,DisbursementPayment,DP-2026-027024,DisbursementPayment,27024,,4.0,Record vendor payment,2,2026-05-27 12:00:00,2026,5
789583,2026-05-27,2,0.0,442.25,DisbursementPayment,DP-2026-027025,DisbursementPayment,27025,,4.0,Record vendor payment,2,2026-05-27 12:00:00,2026,5
789585,2026-05-31,2,0.0,352.88,DisbursementPayment,DP-2026-027026,DisbursementPayment,27026,,4.0,Record vendor payment,2,2026-05-31 12:00:00,2026,5
789587,2026-05-26,2,0.0,764.01,DisbursementPayment,DP-2026-027027,DisbursementPayment,27027,,4.0,Record vendor payment,2,2026-05-26 12:00:00,2026,5
789589,2026-05-31,2,0.0,3825.96,DisbursementPayment,DP-2026-027028,DisbursementPayment,27028,,4.0,Record vendor payment,2,2026-05-31 12:00:00,2026,5
789591,2026-05-30,2,0.0,112.35,DisbursementPayment,DP-2026-027029,DisbursementPayment,27029,,4.0,Record vendor payment,2,2026-05-30 12:00:00,2026,5
789593,2026-05-27,2,0.0,261.13,DisbursementPayment,DP-2026-027030,DisbursementPayment,27030,,4.0,Record vendor payment,2,2026-05-27 12:00:00,2026,5
789595,2026-05-26,2,0.0,3097.76,DisbursementPayment,DP-2026-027031,DisbursementPayment,27031,,4.0,Record vendor payment,2,2026-05-26 12:00:00,2026,5
789597,2026-05-26,2,0.0,506.55,DisbursementPayment,DP-2026-027032,DisbursementPayment,27032,,4.0,Record vendor payment,2,2026-05-26 12:00:00,2026,5
789599,2026-05-30,2,0.0,2023.43,DisbursementPayment,DP-2026-027033,DisbursementPayment,27033,,4.0,Record vendor payment,2,2026-05-30 12:00:00,2026,5
789601,2026-05-30,2,0.0,617.6,DisbursementPayment,DP-2026-027034,DisbursementPayment,27034,,4.0,Record vendor payment,2,2026-05-30 12:00:00,2026,5
789603,2026-05-25,2,0.0,358.62,DisbursementPayment,DP-2026-027035,DisbursementPayment,27035,,4.0,Record vendor payment,2,2026-05-25 12:00:00,2026,5
789605,2026-05-30,2,0.0,1217.75,DisbursementPayment,DP-2026-027036,DisbursementPayment,27036,,4.0,Record vendor payment,2,2026-05-30 12:00:00,2026,5
789607,2026-05-30,2,0.0,14.86,DisbursementPayment,DP-2026-027037,DisbursementPayment,27037,,4.0,Record vendor payment,2,2026-05-30 12:00:00,2026,5
789609,2026-05-26,2,0.0,5556.54,DisbursementPayment,DP-2026-027038,DisbursementPayment,27038,,4.0,Record vendor payment,2,2026-05-26 12:00:00,2026,5
789611,2026-05-31,2,0.0,235.21,DisbursementPayment,DP-2026-027039,DisbursementPayment,27039,,4.0,Record vendor payment,2,2026-05-31 12:00:00,2026,5
789613,2026-05-28,2,0.0,237.13,DisbursementPayment,DP-2026-027040,DisbursementPayment,27040,,4.0,Record vendor payment,2,2026-05-28 12:00:00,2026,5
789615,2026-05-30,2,0.0,1636.0,DisbursementPayment,DP-2026-027041,DisbursementPayment,27041,,4.0,Record vendor payment,2,2026-05-30 12:00:00,2026,5
789617,2026-05-30,2,0.0,428.27,DisbursementPayment,DP-2026-027042,DisbursementPayment,27042,,4.0,Record vendor payment,2,2026-05-30 12:00:00,2026,5
789619,2026-05-29,2,0.0,445.14,DisbursementPayment,DP-2026-027043,DisbursementPayment,27043,,4.0,Record vendor payment,2,2026-05-29 12:00:00,2026,5
789621,2026-05-31,2,0.0,367.23,DisbursementPayment,DP-2026-027044,DisbursementPayment,27044,,4.0,Record vendor payment,2,2026-05-31 12:00:00,2026,5
789623,2026-05-31,2,0.0,249.26,DisbursementPayment,DP-2026-027045,DisbursementPayment,27045,,4.0,Record vendor payment,2,2026-05-31 12:00:00,2026,5
789625,2026-05-29,2,0.0,1347.68,DisbursementPayment,DP-2026-027046,DisbursementPayment,27046,,4.0,Record vendor payment,2,2026-05-29 12:00:00,2026,5
789627,2026-05-26,2,0.0,706.8,DisbursementPayment,DP-2026-027047,DisbursementPayment,27047,,4.0,Record vendor payment,2,2026-05-26 12:00:00,2026,5
789629,2026-05-26,2,0.0,672.07,DisbursementPayment,DP-2026-027048,DisbursementPayment,27048,,4.0,Record vendor payment,2,2026-05-26 12:00:00,2026,5
789631,2026-05-30,2,0.0,38.39,DisbursementPayment,DP-2026-027049,DisbursementPayment,27049,,4.0,Record vendor payment,2,2026-05-30 12:00:00,2026,5
789633,2026-05-29,2,0.0,1422.99,DisbursementPayment,DP-2026-027050,DisbursementPayment,27050,,4.0,Record vendor payment,2,2026-05-29 12:00:00,2026,5
789635,2026-05-28,2,0.0,935.13,DisbursementPayment,DP-2026-027051,DisbursementPayment,27051,,4.0,Record vendor payment,2,2026-05-28 12:00:00,2026,5
789637,2026-05-30,2,0.0,912.7,DisbursementPayment,DP-2026-027052,DisbursementPayment,27052,,4.0,Record vendor payment,2,2026-05-30 12:00:00,2026,5
789639,2026-05-29,2,0.0,569.48,DisbursementPayment,DP-2026-027053,DisbursementPayment,27053,,4.0,Record vendor payment,2,2026-05-29 12:00:00,2026,5
789641,2026-05-29,2,0.0,458.7,DisbursementPayment,DP-2026-027054,DisbursementPayment,27054,,4.0,Record vendor payment,2,2026-05-29 12:00:00,2026,5
789643,2026-05-27,2,0.0,113.13,DisbursementPayment,DP-2026-027055,DisbursementPayment,27055,,4.0,Record vendor payment,2,2026-05-27 12:00:00,2026,5
789645,2026-05-28,2,0.0,711.8,DisbursementPayment,DP-2026-027056,DisbursementPayment,27056,,4.0,Record vendor payment,2,2026-05-28 12:00:00,2026,5
789647,2026-05-28,2,0.0,55.66,DisbursementPayment,DP-2026-027057,DisbursementPayment,27057,,4.0,Record vendor payment,2,2026-05-28 12:00:00,2026,5
789649,2026-05-27,2,0.0,1219.83,DisbursementPayment,DP-2026-027058,DisbursementPayment,27058,,4.0,Record vendor payment,2,2026-05-27 12:00:00,2026,5
789651,2026-05-27,2,0.0,306.36,DisbursementPayment,DP-2026-027059,DisbursementPayment,27059,,4.0,Record vendor payment,2,2026-05-27 12:00:00,2026,5
789653,2026-05-27,2,0.0,294.6,DisbursementPayment,DP-2026-027060,DisbursementPayment,27060,,4.0,Record vendor payment,2,2026-05-27 12:00:00,2026,5
789655,2026-05-26,2,0.0,451.15,DisbursementPayment,DP-2026-027061,DisbursementPayment,27061,,4.0,Record vendor payment,2,2026-05-26 12:00:00,2026,5
789657,2026-05-29,2,0.0,664.93,DisbursementPayment,DP-2026-027062,DisbursementPayment,27062,,4.0,Record vendor payment,2,2026-05-29 12:00:00,2026,5
789659,2026-05-26,2,0.0,1288.96,DisbursementPayment,DP-2026-027063,DisbursementPayment,27063,,4.0,Record vendor payment,2,2026-05-26 12:00:00,2026,5
789661,2026-05-26,2,0.0,414.18,DisbursementPayment,DP-2026-027064,DisbursementPayment,27064,,4.0,Record vendor payment,2,2026-05-26 12:00:00,2026,5
789663,2026-05-31,2,0.0,2545.81,DisbursementPayment,DP-2026-027065,DisbursementPayment,27065,,4.0,Record vendor payment,2,2026-05-31 12:00:00,2026,5
789665,2026-05-29,2,0.0,769.63,DisbursementPayment,DP-2026-027066,DisbursementPayment,27066,,4.0,Record vendor payment,2,2026-05-29 12:00:00,2026,5
789667,2026-05-31,2,0.0,1052.84,DisbursementPayment,DP-2026-027067,DisbursementPayment,27067,,4.0,Record vendor payment,2,2026-05-31 12:00:00,2026,5
789669,2026-05-31,2,0.0,1.01,DisbursementPayment,DP-2026-027068,DisbursementPayment,27068,,4.0,Record vendor payment,2,2026-05-31 12:00:00,2026,5
789671,2026-05-30,2,0.0,1905.62,DisbursementPayment,DP-2026-027069,DisbursementPayment,27069,,4.0,Record vendor payment,2,2026-05-30 12:00:00,2026,5
789673,2026-05-31,2,0.0,343.31,DisbursementPayment,DP-2026-027070,DisbursementPayment,27070,,4.0,Record vendor payment,2,2026-05-31 12:00:00,2026,5
789675,2026-05-30,2,0.0,191.0,DisbursementPayment,DP-2026-027071,DisbursementPayment,27071,,4.0,Record vendor payment,2,2026-05-30 12:00:00,2026,5
789677,2026-05-29,2,0.0,1354.0,DisbursementPayment,DP-2026-027072,DisbursementPayment,27072,,4.0,Record vendor payment,2,2026-05-29 12:00:00,2026,5
789679,2026-05-29,2,0.0,399.95,DisbursementPayment,DP-2026-027073,DisbursementPayment,27073,,5.0,Record vendor payment,2,2026-05-29 12:00:00,2026,5
789681,2026-05-31,2,0.0,561.8,DisbursementPayment,DP-2026-027074,DisbursementPayment,27074,,4.0,Record vendor payment,2,2026-05-31 12:00:00,2026,5
789683,2026-05-30,2,0.0,110.7,DisbursementPayment,DP-2026-027075,DisbursementPayment,27075,,4.0,Record vendor payment,2,2026-05-30 12:00:00,2026,5
789685,2026-05-31,2,0.0,235.3,DisbursementPayment,DP-2026-027076,DisbursementPayment,27076,,4.0,Record vendor payment,2,2026-05-31 12:00:00,2026,5
789687,2026-05-31,2,0.0,291.62,DisbursementPayment,DP-2026-027077,DisbursementPayment,27077,,5.0,Record vendor payment,2,2026-05-31 12:00:00,2026,5
789689,2026-05-31,2,0.0,398.41,DisbursementPayment,DP-2026-027078,DisbursementPayment,27078,,4.0,Record vendor payment,2,2026-05-31 12:00:00,2026,5
789691,2026-05-31,2,0.0,155.64,DisbursementPayment,DP-2026-027079,DisbursementPayment,27079,,4.0,Record vendor payment,2,2026-05-31 12:00:00,2026,5
789693,2026-05-31,2,0.0,560.94,DisbursementPayment,DP-2026-027080,DisbursementPayment,27080,,4.0,Record vendor payment,2,2026-05-31 12:00:00,2026,5
789695,2026-05-31,2,0.0,1299.85,DisbursementPayment,DP-2026-027081,DisbursementPayment,27081,,4.0,Record vendor payment,2,2026-05-31 12:00:00,2026,5
789697,2026-05-31,2,0.0,1245.2,DisbursementPayment,DP-2026-027082,DisbursementPayment,27082,,4.0,Record vendor payment,2,2026-05-31 12:00:00,2026,5
789699,2026-05-31,2,0.0,676.84,DisbursementPayment,DP-2026-027083,DisbursementPayment,27083,,4.0,Record vendor payment,2,2026-05-31 12:00:00,2026,5
789701,2026-06-01,2,0.0,360.33,DisbursementPayment,DP-2026-027084,DisbursementPayment,27084,,4.0,Record vendor payment,2,2026-06-01 12:00:00,2026,6
789703,2026-06-01,2,0.0,390.39,DisbursementPayment,DP-2026-027085,DisbursementPayment,27085,,4.0,Record vendor payment,2,2026-06-01 12:00:00,2026,6
789705,2026-06-01,2,0.0,644.73,DisbursementPayment,DP-2026-027086,DisbursementPayment,27086,,4.0,Record vendor payment,2,2026-06-01 12:00:00,2026,6
789707,2026-06-02,2,0.0,800.52,DisbursementPayment,DP-2026-027087,DisbursementPayment,27087,,4.0,Record vendor payment,2,2026-06-02 12:00:00,2026,6
789709,2026-06-02,2,0.0,227.89,DisbursementPayment,DP-2026-027088,DisbursementPayment,27088,,4.0,Record vendor payment,2,2026-06-02 12:00:00,2026,6
789711,2026-06-02,2,0.0,466.38,DisbursementPayment,DP-2026-027089,DisbursementPayment,27089,,4.0,Record vendor payment,2,2026-06-02 12:00:00,2026,6
789713,2026-06-03,2,0.0,309.06,DisbursementPayment,DP-2026-027090,DisbursementPayment,27090,,4.0,Record vendor payment,2,2026-06-03 12:00:00,2026,6
789715,2026-06-03,2,0.0,370.34,DisbursementPayment,DP-2026-027091,DisbursementPayment,27091,,5.0,Record vendor payment,2,2026-06-03 12:00:00,2026,6
789717,2026-06-03,2,0.0,1236.3,DisbursementPayment,DP-2026-027092,DisbursementPayment,27092,,4.0,Record vendor payment,2,2026-06-03 12:00:00,2026,6
789719,2026-06-03,2,0.0,513.58,DisbursementPayment,DP-2026-027093,DisbursementPayment,27093,,4.0,Record vendor payment,2,2026-06-03 12:00:00,2026,6
789721,2026-06-03,2,0.0,157.09,DisbursementPayment,DP-2026-027094,DisbursementPayment,27094,,4.0,Record vendor payment,2,2026-06-03 12:00:00,2026,6
789723,2026-06-03,2,0.0,236.12,DisbursementPayment,DP-2026-027095,DisbursementPayment,27095,,4.0,Record vendor payment,2,2026-06-03 12:00:00,2026,6
789725,2026-06-03,2,0.0,226.8,DisbursementPayment,DP-2026-027096,DisbursementPayment,27096,,5.0,Record vendor payment,2,2026-06-03 12:00:00,2026,6
789727,2026-06-04,2,0.0,1434.67,DisbursementPayment,DP-2026-027097,DisbursementPayment,27097,,4.0,Record vendor payment,2,2026-06-04 12:00:00,2026,6
789729,2026-06-04,2,0.0,1752.46,DisbursementPayment,DP-2026-027098,DisbursementPayment,27098,,4.0,Record vendor payment,2,2026-06-04 12:00:00,2026,6
789731,2026-06-04,2,0.0,7130.05,DisbursementPayment,DP-2026-027099,DisbursementPayment,27099,,5.0,Record vendor payment,2,2026-06-04 12:00:00,2026,6
789733,2026-06-04,2,0.0,1516.64,DisbursementPayment,DP-2026-027100,DisbursementPayment,27100,,4.0,Record vendor payment,2,2026-06-04 12:00:00,2026,6
789735,2026-06-04,2,0.0,1343.26,DisbursementPayment,DP-2026-027101,DisbursementPayment,27101,,4.0,Record vendor payment,2,2026-06-04 12:00:00,2026,6
789737,2026-06-04,2,0.0,1166.68,DisbursementPayment,DP-2026-027102,DisbursementPayment,27102,,4.0,Record vendor payment,2,2026-06-04 12:00:00,2026,6
789739,2026-06-04,2,0.0,12828.67,DisbursementPayment,DP-2026-027103,DisbursementPayment,27103,,4.0,Record vendor payment,2,2026-06-04 12:00:00,2026,6
789741,2026-06-04,2,0.0,811.83,DisbursementPayment,DP-2026-027104,DisbursementPayment,27104,,4.0,Record vendor payment,2,2026-06-04 12:00:00,2026,6
789743,2026-06-04,2,0.0,1208.65,DisbursementPayment,DP-2026-027105,DisbursementPayment,27105,,4.0,Record vendor payment,2,2026-06-04 12:00:00,2026,6
789745,2026-06-04,2,0.0,455.19,DisbursementPayment,DP-2026-027106,DisbursementPayment,27106,,4.0,Record vendor payment,2,2026-06-04 12:00:00,2026,6
789747,2026-06-04,2,0.0,887.23,DisbursementPayment,DP-2026-027107,DisbursementPayment,27107,,4.0,Record vendor payment,2,2026-06-04 12:00:00,2026,6
789749,2026-06-05,2,0.0,587.9,DisbursementPayment,DP-2026-027108,DisbursementPayment,27108,,4.0,Record vendor payment,2,2026-06-05 12:00:00,2026,6
789751,2026-06-06,2,0.0,1937.72,DisbursementPayment,DP-2026-027109,DisbursementPayment,27109,,5.0,Record vendor payment,2,2026-06-06 12:00:00,2026,6
789753,2026-06-06,2,0.0,500.11,DisbursementPayment,DP-2026-027110,DisbursementPayment,27110,,4.0,Record vendor payment,2,2026-06-06 12:00:00,2026,6
789755,2026-06-06,2,0.0,168.48,DisbursementPayment,DP-2026-027111,DisbursementPayment,27111,,4.0,Record vendor payment,2,2026-06-06 12:00:00,2026,6
789757,2026-06-06,2,0.0,505.96,DisbursementPayment,DP-2026-027112,DisbursementPayment,27112,,4.0,Record vendor payment,2,2026-06-06 12:00:00,2026,6
789759,2026-06-06,2,0.0,617.69,DisbursementPayment,DP-2026-027113,DisbursementPayment,27113,,4.0,Record vendor payment,2,2026-06-06 12:00:00,2026,6
789761,2026-06-06,2,0.0,1078.13,DisbursementPayment,DP-2026-027114,DisbursementPayment,27114,,4.0,Record vendor payment,2,2026-06-06 12:00:00,2026,6
789763,2026-06-06,2,0.0,136.21,DisbursementPayment,DP-2026-027115,DisbursementPayment,27115,,4.0,Record vendor payment,2,2026-06-06 12:00:00,2026,6
789765,2026-06-06,2,0.0,450.17,DisbursementPayment,DP-2026-027116,DisbursementPayment,27116,,4.0,Record vendor payment,2,2026-06-06 12:00:00,2026,6
789767,2026-06-07,2,0.0,24.13,DisbursementPayment,DP-2026-027117,DisbursementPayment,27117,,4.0,Record vendor payment,2,2026-06-07 12:00:00,2026,6
789769,2026-06-07,2,0.0,195.98,DisbursementPayment,DP-2026-027118,DisbursementPayment,27118,,4.0,Record vendor payment,2,2026-06-07 12:00:00,2026,6
789771,2026-06-07,2,0.0,341.41,DisbursementPayment,DP-2026-027119,DisbursementPayment,27119,,4.0,Record vendor payment,2,2026-06-07 12:00:00,2026,6
789773,2026-06-08,2,0.0,45.71,DisbursementPayment,DP-2026-027120,DisbursementPayment,27120,,4.0,Record vendor payment,2,2026-06-08 12:00:00,2026,6
789775,2026-06-08,2,0.0,247.22,DisbursementPayment,DP-2026-027121,DisbursementPayment,27121,,4.0,Record vendor payment,2,2026-06-08 12:00:00,2026,6
789777,2026-06-08,2,0.0,9772.22,DisbursementPayment,DP-2026-027122,DisbursementPayment,27122,,5.0,Record vendor payment,2,2026-06-08 12:00:00,2026,6
789779,2026-06-08,2,0.0,188.29,DisbursementPayment,DP-2026-027123,DisbursementPayment,27123,,4.0,Record vendor payment,2,2026-06-08 12:00:00,2026,6
789781,2026-06-08,2,0.0,131.71,DisbursementPayment,DP-2026-027124,DisbursementPayment,27124,,4.0,Record vendor payment,2,2026-06-08 12:00:00,2026,6
789783,2026-06-08,2,0.0,762.45,DisbursementPayment,DP-2026-027125,DisbursementPayment,27125,,4.0,Record vendor payment,2,2026-06-08 12:00:00,2026,6
789785,2026-06-09,2,0.0,417.71,DisbursementPayment,DP-2026-027126,DisbursementPayment,27126,,4.0,Record vendor payment,2,2026-06-09 12:00:00,2026,6
789787,2026-06-09,2,0.0,299.78,DisbursementPayment,DP-2026-027127,DisbursementPayment,27127,,4.0,Record vendor payment,2,2026-06-09 12:00:00,2026,6
789789,2026-06-09,2,0.0,292.51,DisbursementPayment,DP-2026-027128,DisbursementPayment,27128,,4.0,Record vendor payment,2,2026-06-09 12:00:00,2026,6
789791,2026-06-09,2,0.0,2211.5,DisbursementPayment,DP-2026-027129,DisbursementPayment,27129,,4.0,Record vendor payment,2,2026-06-09 12:00:00,2026,6
789793,2026-06-10,2,0.0,408.2,DisbursementPayment,DP-2026-027130,DisbursementPayment,27130,,4.0,Record vendor payment,2,2026-06-10 12:00:00,2026,6
789795,2026-06-10,2,0.0,279.76,DisbursementPayment,DP-2026-027131,DisbursementPayment,27131,,4.0,Record vendor payment,2,2026-06-10 12:00:00,2026,6
789797,2026-06-10,2,0.0,1692.62,DisbursementPayment,DP-2026-027132,DisbursementPayment,27132,,4.0,Record vendor payment,2,2026-06-10 12:00:00,2026,6
789799,2026-06-10,2,0.0,93.49,DisbursementPayment,DP-2026-027133,DisbursementPayment,27133,,4.0,Record vendor payment,2,2026-06-10 12:00:00,2026,6
789801,2026-06-11,2,0.0,593.18,DisbursementPayment,DP-2026-027134,DisbursementPayment,27134,,4.0,Record vendor payment,2,2026-06-11 12:00:00,2026,6
789803,2026-06-11,2,0.0,17007.87,DisbursementPayment,DP-2026-027135,DisbursementPayment,27135,,4.0,Record vendor payment,2,2026-06-11 12:00:00,2026,6
789805,2026-06-11,2,0.0,679.73,DisbursementPayment,DP-2026-027136,DisbursementPayment,27136,,4.0,Record vendor payment,2,2026-06-11 12:00:00,2026,6
789807,2026-06-11,2,0.0,568.58,DisbursementPayment,DP-2026-027137,DisbursementPayment,27137,,4.0,Record vendor payment,2,2026-06-11 12:00:00,2026,6
789809,2026-06-12,2,0.0,622.64,DisbursementPayment,DP-2026-027138,DisbursementPayment,27138,,5.0,Record vendor payment,2,2026-06-12 12:00:00,2026,6
789811,2026-06-12,2,0.0,377.37,DisbursementPayment,DP-2026-027139,DisbursementPayment,27139,,4.0,Record vendor payment,2,2026-06-12 12:00:00,2026,6
789813,2026-06-12,2,0.0,801.02,DisbursementPayment,DP-2026-027140,DisbursementPayment,27140,,4.0,Record vendor payment,2,2026-06-12 12:00:00,2026,6
789815,2026-06-12,2,0.0,735.48,DisbursementPayment,DP-2026-027141,DisbursementPayment,27141,,5.0,Record vendor payment,2,2026-06-12 12:00:00,2026,6
789817,2026-06-12,2,0.0,2385.08,DisbursementPayment,DP-2026-027142,DisbursementPayment,27142,,4.0,Record vendor payment,2,2026-06-12 12:00:00,2026,6
789819,2026-06-12,2,0.0,622.41,DisbursementPayment,DP-2026-027143,DisbursementPayment,27143,,4.0,Record vendor payment,2,2026-06-12 12:00:00,2026,6
789821,2026-06-13,2,0.0,823.04,DisbursementPayment,DP-2026-027144,DisbursementPayment,27144,,4.0,Record vendor payment,2,2026-06-13 12:00:00,2026,6
789823,2026-06-13,2,0.0,34.56,DisbursementPayment,DP-2026-027145,DisbursementPayment,27145,,4.0,Record vendor payment,2,2026-06-13 12:00:00,2026,6
789825,2026-06-13,2,0.0,1275.66,DisbursementPayment,DP-2026-027146,DisbursementPayment,27146,,4.0,Record vendor payment,2,2026-06-13 12:00:00,2026,6
789827,2026-06-13,2,0.0,556.86,DisbursementPayment,DP-2026-027147,DisbursementPayment,27147,,4.0,Record vendor payment,2,2026-06-13 12:00:00,2026,6
789829,2026-06-13,2,0.0,414.94,DisbursementPayment,DP-2026-027148,DisbursementPayment,27148,,4.0,Record vendor payment,2,2026-06-13 12:00:00,2026,6
789831,2026-06-14,2,0.0,125.1,DisbursementPayment,DP-2026-027149,DisbursementPayment,27149,,4.0,Record vendor payment,2,2026-06-14 12:00:00,2026,6
789833,2026-06-14,2,0.0,1069.76,DisbursementPayment,DP-2026-027150,DisbursementPayment,27150,,4.0,Record vendor payment,2,2026-06-14 12:00:00,2026,6
789835,2026-06-14,2,0.0,223.66,DisbursementPayment,DP-2026-027151,DisbursementPayment,27151,,4.0,Record vendor payment,2,2026-06-14 12:00:00,2026,6
789837,2026-06-15,2,0.0,369.54,DisbursementPayment,DP-2026-027152,DisbursementPayment,27152,,4.0,Record vendor payment,2,2026-06-15 12:00:00,2026,6
789839,2026-06-16,2,0.0,940.79,DisbursementPayment,DP-2026-027153,DisbursementPayment,27153,,5.0,Record vendor payment,2,2026-06-16 12:00:00,2026,6
789841,2026-06-16,2,0.0,537.12,DisbursementPayment,DP-2026-027154,DisbursementPayment,27154,,4.0,Record vendor payment,2,2026-06-16 12:00:00,2026,6
789843,2026-06-16,2,0.0,790.83,DisbursementPayment,DP-2026-027155,DisbursementPayment,27155,,4.0,Record vendor payment,2,2026-06-16 12:00:00,2026,6
789845,2026-06-16,2,0.0,241.52,DisbursementPayment,DP-2026-027156,DisbursementPayment,27156,,4.0,Record vendor payment,2,2026-06-16 12:00:00,2026,6
789847,2026-06-16,2,0.0,170.74,DisbursementPayment,DP-2026-027157,DisbursementPayment,27157,,4.0,Record vendor payment,2,2026-06-16 12:00:00,2026,6
789849,2026-06-17,2,0.0,105.59,DisbursementPayment,DP-2026-027158,DisbursementPayment,27158,,4.0,Record vendor payment,2,2026-06-17 12:00:00,2026,6
789851,2026-06-17,2,0.0,1088.06,DisbursementPayment,DP-2026-027159,DisbursementPayment,27159,,4.0,Record vendor payment,2,2026-06-17 12:00:00,2026,6
789853,2026-06-17,2,0.0,273.51,DisbursementPayment,DP-2026-027160,DisbursementPayment,27160,,4.0,Record vendor payment,2,2026-06-17 12:00:00,2026,6
789855,2026-06-17,2,0.0,217.36,DisbursementPayment,DP-2026-027161,DisbursementPayment,27161,,4.0,Record vendor payment,2,2026-06-17 12:00:00,2026,6
789857,2026-06-17,2,0.0,2516.65,DisbursementPayment,DP-2026-027162,DisbursementPayment,27162,,4.0,Record vendor payment,2,2026-06-17 12:00:00,2026,6
789859,2026-06-18,2,0.0,8637.71,DisbursementPayment,DP-2026-027163,DisbursementPayment,27163,,4.0,Record vendor payment,2,2026-06-18 12:00:00,2026,6
789861,2026-06-18,2,0.0,173.71,DisbursementPayment,DP-2026-027164,DisbursementPayment,27164,,5.0,Record vendor payment,2,2026-06-18 12:00:00,2026,6
789863,2026-06-18,2,0.0,1954.32,DisbursementPayment,DP-2026-027165,DisbursementPayment,27165,,4.0,Record vendor payment,2,2026-06-18 12:00:00,2026,6
789865,2026-06-18,2,0.0,1005.92,DisbursementPayment,DP-2026-027166,DisbursementPayment,27166,,4.0,Record vendor payment,2,2026-06-18 12:00:00,2026,6
789867,2026-06-18,2,0.0,253.7,DisbursementPayment,DP-2026-027167,DisbursementPayment,27167,,4.0,Record vendor payment,2,2026-06-18 12:00:00,2026,6
789869,2026-06-18,2,0.0,772.08,DisbursementPayment,DP-2026-027168,DisbursementPayment,27168,,4.0,Record vendor payment,2,2026-06-18 12:00:00,2026,6
789871,2026-06-19,2,0.0,100.04,DisbursementPayment,DP-2026-027169,DisbursementPayment,27169,,4.0,Record vendor payment,2,2026-06-19 12:00:00,2026,6
789873,2026-06-19,2,0.0,1132.92,DisbursementPayment,DP-2026-027170,DisbursementPayment,27170,,5.0,Record vendor payment,2,2026-06-19 12:00:00,2026,6
789875,2026-06-19,2,0.0,795.32,DisbursementPayment,DP-2026-027171,DisbursementPayment,27171,,4.0,Record vendor payment,2,2026-06-19 12:00:00,2026,6
789877,2026-06-19,2,0.0,485.36,DisbursementPayment,DP-2026-027172,DisbursementPayment,27172,,4.0,Record vendor payment,2,2026-06-19 12:00:00,2026,6
789879,2026-06-19,2,0.0,4086.33,DisbursementPayment,DP-2026-027173,DisbursementPayment,27173,,5.0,Record vendor payment,2,2026-06-19 12:00:00,2026,6
789881,2026-06-20,2,0.0,430.42,DisbursementPayment,DP-2026-027174,DisbursementPayment,27174,,4.0,Record vendor payment,2,2026-06-20 12:00:00,2026,6
789883,2026-06-20,2,0.0,748.37,DisbursementPayment,DP-2026-027175,DisbursementPayment,27175,,4.0,Record vendor payment,2,2026-06-20 12:00:00,2026,6
789885,2026-06-20,2,0.0,1861.31,DisbursementPayment,DP-2026-027176,DisbursementPayment,27176,,4.0,Record vendor payment,2,2026-06-20 12:00:00,2026,6
789887,2026-06-20,2,0.0,177.94,DisbursementPayment,DP-2026-027177,DisbursementPayment,27177,,4.0,Record vendor payment,2,2026-06-20 12:00:00,2026,6
789889,2026-06-20,2,0.0,258.84,DisbursementPayment,DP-2026-027178,DisbursementPayment,27178,,4.0,Record vendor payment,2,2026-06-20 12:00:00,2026,6
789891,2026-06-21,2,0.0,38.86,DisbursementPayment,DP-2026-027179,DisbursementPayment,27179,,4.0,Record vendor payment,2,2026-06-21 12:00:00,2026,6
789893,2026-06-21,2,0.0,203.47,DisbursementPayment,DP-2026-027180,DisbursementPayment,27180,,4.0,Record vendor payment,2,2026-06-21 12:00:00,2026,6
789895,2026-06-21,2,0.0,1.51,DisbursementPayment,DP-2026-027181,DisbursementPayment,27181,,4.0,Record vendor payment,2,2026-06-21 12:00:00,2026,6
789897,2026-06-21,2,0.0,47.2,DisbursementPayment,DP-2026-027182,DisbursementPayment,27182,,4.0,Record vendor payment,2,2026-06-21 12:00:00,2026,6
789899,2026-06-21,2,0.0,1091.03,DisbursementPayment,DP-2026-027183,DisbursementPayment,27183,,4.0,Record vendor payment,2,2026-06-21 12:00:00,2026,6
789901,2026-06-21,2,0.0,363.16,DisbursementPayment,DP-2026-027184,DisbursementPayment,27184,,4.0,Record vendor payment,2,2026-06-21 12:00:00,2026,6
789903,2026-06-21,2,0.0,453.17,DisbursementPayment,DP-2026-027185,DisbursementPayment,27185,,4.0,Record vendor payment,2,2026-06-21 12:00:00,2026,6
789905,2026-06-22,2,0.0,376.08,DisbursementPayment,DP-2026-027186,DisbursementPayment,27186,,4.0,Record vendor payment,2,2026-06-22 12:00:00,2026,6
789907,2026-06-22,2,0.0,568.18,DisbursementPayment,DP-2026-027187,DisbursementPayment,27187,,5.0,Record vendor payment,2,2026-06-22 12:00:00,2026,6
789909,2026-06-22,2,0.0,149.68,DisbursementPayment,DP-2026-027188,DisbursementPayment,27188,,4.0,Record vendor payment,2,2026-06-22 12:00:00,2026,6
789911,2026-06-22,2,0.0,1018.74,DisbursementPayment,DP-2026-027189,DisbursementPayment,27189,,4.0,Record vendor payment,2,2026-06-22 12:00:00,2026,6
789913,2026-06-22,2,0.0,420.26,DisbursementPayment,DP-2026-027190,DisbursementPayment,27190,,4.0,Record vendor payment,2,2026-06-22 12:00:00,2026,6
789915,2026-06-22,2,0.0,125.48,DisbursementPayment,DP-2026-027191,DisbursementPayment,27191,,4.0,Record vendor payment,2,2026-06-22 12:00:00,2026,6
789917,2026-06-22,2,0.0,2255.94,DisbursementPayment,DP-2026-027192,DisbursementPayment,27192,,4.0,Record vendor payment,2,2026-06-22 12:00:00,2026,6
789919,2026-06-22,2,0.0,484.26,DisbursementPayment,DP-2026-027193,DisbursementPayment,27193,,4.0,Record vendor payment,2,2026-06-22 12:00:00,2026,6
789921,2026-06-23,2,0.0,588.42,DisbursementPayment,DP-2026-027194,DisbursementPayment,27194,,4.0,Record vendor payment,2,2026-06-23 12:00:00,2026,6
789923,2026-06-23,2,0.0,694.6,DisbursementPayment,DP-2026-027195,DisbursementPayment,27195,,4.0,Record vendor payment,2,2026-06-23 12:00:00,2026,6
789925,2026-06-23,2,0.0,726.74,DisbursementPayment,DP-2026-027196,DisbursementPayment,27196,,4.0,Record vendor payment,2,2026-06-23 12:00:00,2026,6
789927,2026-06-23,2,0.0,198.3,DisbursementPayment,DP-2026-027197,DisbursementPayment,27197,,4.0,Record vendor payment,2,2026-06-23 12:00:00,2026,6
789929,2026-06-23,2,0.0,3348.53,DisbursementPayment,DP-2026-027198,DisbursementPayment,27198,,4.0,Record vendor payment,2,2026-06-23 12:00:00,2026,6
789931,2026-06-23,2,0.0,1422.44,DisbursementPayment,DP-2026-027199,DisbursementPayment,27199,,5.0,Record vendor payment,2,2026-06-23 12:00:00,2026,6
789933,2026-06-24,2,0.0,1401.51,DisbursementPayment,DP-2026-027200,DisbursementPayment,27200,,4.0,Record vendor payment,2,2026-06-24 12:00:00,2026,6
789935,2026-06-24,2,0.0,170.61,DisbursementPayment,DP-2026-027201,DisbursementPayment,27201,,5.0,Record vendor payment,2,2026-06-24 12:00:00,2026,6
789937,2026-06-24,2,0.0,199.18,DisbursementPayment,DP-2026-027202,DisbursementPayment,27202,,4.0,Record vendor payment,2,2026-06-24 12:00:00,2026,6
789939,2026-06-24,2,0.0,13.68,DisbursementPayment,DP-2026-027203,DisbursementPayment,27203,,4.0,Record vendor payment,2,2026-06-24 12:00:00,2026,6
789941,2026-06-24,2,0.0,710.98,DisbursementPayment,DP-2026-027204,DisbursementPayment,27204,,4.0,Record vendor payment,2,2026-06-24 12:00:00,2026,6
789943,2026-06-24,2,0.0,7202.52,DisbursementPayment,DP-2026-027205,DisbursementPayment,27205,,5.0,Record vendor payment,2,2026-06-24 12:00:00,2026,6
789945,2026-06-24,2,0.0,1802.96,DisbursementPayment,DP-2026-027206,DisbursementPayment,27206,,5.0,Record vendor payment,2,2026-06-24 12:00:00,2026,6
789947,2026-06-24,2,0.0,1486.75,DisbursementPayment,DP-2026-027207,DisbursementPayment,27207,,5.0,Record vendor payment,2,2026-06-24 12:00:00,2026,6
789949,2026-06-25,2,0.0,9.37,DisbursementPayment,DP-2026-027208,DisbursementPayment,27208,,4.0,Record vendor payment,2,2026-06-25 12:00:00,2026,6
789951,2026-06-25,2,0.0,214.74,DisbursementPayment,DP-2026-027209,DisbursementPayment,27209,,4.0,Record vendor payment,2,2026-06-25 12:00:00,2026,6
789953,2026-06-25,2,0.0,597.33,DisbursementPayment,DP-2026-027210,DisbursementPayment,27210,,4.0,Record vendor payment,2,2026-06-25 12:00:00,2026,6
789955,2026-06-25,2,0.0,476.25,DisbursementPayment,DP-2026-027211,DisbursementPayment,27211,,4.0,Record vendor payment,2,2026-06-25 12:00:00,2026,6
789957,2026-06-25,2,0.0,566.76,DisbursementPayment,DP-2026-027212,DisbursementPayment,27212,,4.0,Record vendor payment,2,2026-06-25 12:00:00,2026,6
789959,2026-06-25,2,0.0,1361.3,DisbursementPayment,DP-2026-027213,DisbursementPayment,27213,,4.0,Record vendor payment,2,2026-06-25 12:00:00,2026,6
789961,2026-06-25,2,0.0,118.27,DisbursementPayment,DP-2026-027214,DisbursementPayment,27214,,4.0,Record vendor payment,2,2026-06-25 12:00:00,2026,6
789963,2026-06-25,2,0.0,216.26,DisbursementPayment,DP-2026-027215,DisbursementPayment,27215,,4.0,Record vendor payment,2,2026-06-25 12:00:00,2026,6
789965,2026-06-25,2,0.0,542.77,DisbursementPayment,DP-2026-027216,DisbursementPayment,27216,,4.0,Record vendor payment,2,2026-06-25 12:00:00,2026,6
789967,2026-06-25,2,0.0,1795.88,DisbursementPayment,DP-2026-027217,DisbursementPayment,27217,,4.0,Record vendor payment,2,2026-06-25 12:00:00,2026,6
789969,2026-06-25,2,0.0,755.99,DisbursementPayment,DP-2026-027218,DisbursementPayment,27218,,4.0,Record vendor payment,2,2026-06-25 12:00:00,2026,6
789971,2026-06-26,2,0.0,365.47,DisbursementPayment,DP-2026-027219,DisbursementPayment,27219,,4.0,Record vendor payment,2,2026-06-26 12:00:00,2026,6
789973,2026-06-27,2,0.0,263.4,DisbursementPayment,DP-2026-027220,DisbursementPayment,27220,,4.0,Record vendor payment,2,2026-06-27 12:00:00,2026,6
789975,2026-06-27,2,0.0,304.76,DisbursementPayment,DP-2026-027221,DisbursementPayment,27221,,4.0,Record vendor payment,2,2026-06-27 12:00:00,2026,6
789977,2026-06-27,2,0.0,1163.24,DisbursementPayment,DP-2026-027222,DisbursementPayment,27222,,4.0,Record vendor payment,2,2026-06-27 12:00:00,2026,6
789979,2026-06-27,2,0.0,1366.33,DisbursementPayment,DP-2026-027223,DisbursementPayment,27223,,4.0,Record vendor payment,2,2026-06-27 12:00:00,2026,6
789981,2026-06-28,2,0.0,440.05,DisbursementPayment,DP-2026-027224,DisbursementPayment,27224,,5.0,Record vendor payment,2,2026-06-28 12:00:00,2026,6
789983,2026-06-28,2,0.0,218.75,DisbursementPayment,DP-2026-027225,DisbursementPayment,27225,,4.0,Record vendor payment,2,2026-06-28 12:00:00,2026,6
789985,2026-06-28,2,0.0,593.38,DisbursementPayment,DP-2026-027226,DisbursementPayment,27226,,4.0,Record vendor payment,2,2026-06-28 12:00:00,2026,6
789987,2026-06-28,2,0.0,920.66,DisbursementPayment,DP-2026-027227,DisbursementPayment,27227,,4.0,Record vendor payment,2,2026-06-28 12:00:00,2026,6
789989,2026-06-29,2,0.0,512.13,DisbursementPayment,DP-2026-027228,DisbursementPayment,27228,,4.0,Record vendor payment,2,2026-06-29 12:00:00,2026,6
789991,2026-06-29,2,0.0,255.69,DisbursementPayment,DP-2026-027229,DisbursementPayment,27229,,4.0,Record vendor payment,2,2026-06-29 12:00:00,2026,6
789993,2026-06-30,2,0.0,365.96,DisbursementPayment,DP-2026-027230,DisbursementPayment,27230,,4.0,Record vendor payment,2,2026-06-30 12:00:00,2026,6
790059,2026-06-01,2,0.0,2715.36,DisbursementPayment,DP-2026-027263,DisbursementPayment,27263,,5.0,Record vendor payment,2,2026-06-01 12:00:00,2026,6
790061,2026-06-01,2,0.0,3757.28,DisbursementPayment,DP-2026-027264,DisbursementPayment,27264,,5.0,Record vendor payment,2,2026-06-01 12:00:00,2026,6
790063,2026-06-01,2,0.0,1156.74,DisbursementPayment,DP-2026-027265,DisbursementPayment,27265,,5.0,Record vendor payment,2,2026-06-01 12:00:00,2026,6
790065,2026-06-01,2,0.0,341.98,DisbursementPayment,DP-2026-027266,DisbursementPayment,27266,,5.0,Record vendor payment,2,2026-06-01 12:00:00,2026,6
790067,2026-06-01,2,0.0,373.6,DisbursementPayment,DP-2026-027267,DisbursementPayment,27267,,4.0,Record vendor payment,2,2026-06-01 12:00:00,2026,6
790069,2026-06-01,2,0.0,328.62,DisbursementPayment,DP-2026-027268,DisbursementPayment,27268,,4.0,Record vendor payment,2,2026-06-01 12:00:00,2026,6
790071,2026-06-01,2,0.0,241.58,DisbursementPayment,DP-2026-027269,DisbursementPayment,27269,,4.0,Record vendor payment,2,2026-06-01 12:00:00,2026,6
790073,2026-06-01,2,0.0,1025.1,DisbursementPayment,DP-2026-027270,DisbursementPayment,27270,,4.0,Record vendor payment,2,2026-06-01 12:00:00,2026,6
790075,2026-06-01,2,0.0,310.96,DisbursementPayment,DP-2026-027271,DisbursementPayment,27271,,4.0,Record vendor payment,2,2026-06-01 12:00:00,2026,6
790077,2026-06-01,2,0.0,683.82,DisbursementPayment,DP-2026-027272,DisbursementPayment,27272,,4.0,Record vendor payment,2,2026-06-01 12:00:00,2026,6
790079,2026-06-01,2,0.0,455.04,DisbursementPayment,DP-2026-027273,DisbursementPayment,27273,,4.0,Record vendor payment,2,2026-06-01 12:00:00,2026,6
790081,2026-06-01,2,0.0,561.0,DisbursementPayment,DP-2026-027274,DisbursementPayment,27274,,4.0,Record vendor payment,2,2026-06-01 12:00:00,2026,6
790083,2026-06-01,2,0.0,1519.07,DisbursementPayment,DP-2026-027275,DisbursementPayment,27275,,5.0,Record vendor payment,2,2026-06-01 12:00:00,2026,6
790085,2026-06-01,2,0.0,569.72,DisbursementPayment,DP-2026-027276,DisbursementPayment,27276,,4.0,Record vendor payment,2,2026-06-01 12:00:00,2026,6
790087,2026-06-01,2,0.0,374.38,DisbursementPayment,DP-2026-027277,DisbursementPayment,27277,,4.0,Record vendor payment,2,2026-06-01 12:00:00,2026,6
790089,2026-06-01,2,0.0,522.91,DisbursementPayment,DP-2026-027278,DisbursementPayment,27278,,4.0,Record vendor payment,2,2026-06-01 12:00:00,2026,6
790091,2026-06-01,2,0.0,594.64,DisbursementPayment,DP-2026-027279,DisbursementPayment,27279,,4.0,Record vendor payment,2,2026-06-01 12:00:00,2026,6
790093,2026-06-01,2,0.0,570.1,DisbursementPayment,DP-2026-027280,DisbursementPayment,27280,,4.0,Record vendor payment,2,2026-06-01 12:00:00,2026,6
790095,2026-06-01,2,0.0,596.69,DisbursementPayment,DP-2026-027281,DisbursementPayment,27281,,4.0,Record vendor payment,2,2026-06-01 12:00:00,2026,6
790097,2026-06-01,2,0.0,608.5,DisbursementPayment,DP-2026-027282,DisbursementPayment,27282,,5.0,Record vendor payment,2,2026-06-01 12:00:00,2026,6
790099,2026-06-01,2,0.0,4516.77,DisbursementPayment,DP-2026-027283,DisbursementPayment,27283,,4.0,Record vendor payment,2,2026-06-01 12:00:00,2026,6
790101,2026-06-01,2,0.0,31.24,DisbursementPayment,DP-2026-027284,DisbursementPayment,27284,,4.0,Record vendor payment,2,2026-06-01 12:00:00,2026,6
790103,2026-06-01,2,0.0,303.29,DisbursementPayment,DP-2026-027285,DisbursementPayment,27285,,4.0,Record vendor payment,2,2026-06-01 12:00:00,2026,6
790105,2026-06-01,2,0.0,805.64,DisbursementPayment,DP-2026-027286,DisbursementPayment,27286,,4.0,Record vendor payment,2,2026-06-01 12:00:00,2026,6
790107,2026-06-01,2,0.0,589.51,DisbursementPayment,DP-2026-027287,DisbursementPayment,27287,,4.0,Record vendor payment,2,2026-06-01 12:00:00,2026,6
790109,2026-06-01,2,0.0,822.45,DisbursementPayment,DP-2026-027288,DisbursementPayment,27288,,4.0,Record vendor payment,2,2026-06-01 12:00:00,2026,6
790111,2026-06-01,2,0.0,2158.85,DisbursementPayment,DP-2026-027289,DisbursementPayment,27289,,4.0,Record vendor payment,2,2026-06-01 12:00:00,2026,6
790113,2026-06-01,2,0.0,407.13,DisbursementPayment,DP-2026-027290,DisbursementPayment,27290,,4.0,Record vendor payment,2,2026-06-01 12:00:00,2026,6
790115,2026-06-01,2,0.0,3877.36,DisbursementPayment,DP-2026-027291,DisbursementPayment,27291,,4.0,Record vendor payment,2,2026-06-01 12:00:00,2026,6
790117,2026-06-01,2,0.0,216.63,DisbursementPayment,DP-2026-027292,DisbursementPayment,27292,,4.0,Record vendor payment,2,2026-06-01 12:00:00,2026,6
790119,2026-06-01,2,0.0,536.02,DisbursementPayment,DP-2026-027293,DisbursementPayment,27293,,4.0,Record vendor payment,2,2026-06-01 12:00:00,2026,6
790121,2026-06-01,2,0.0,481.59,DisbursementPayment,DP-2026-027294,DisbursementPayment,27294,,4.0,Record vendor payment,2,2026-06-01 12:00:00,2026,6
790123,2026-06-01,2,0.0,581.56,DisbursementPayment,DP-2026-027295,DisbursementPayment,27295,,4.0,Record vendor payment,2,2026-06-01 12:00:00,2026,6
790125,2026-06-01,2,0.0,285.76,DisbursementPayment,DP-2026-027296,DisbursementPayment,27296,,4.0,Record vendor payment,2,2026-06-01 12:00:00,2026,6
790127,2026-06-01,2,0.0,622.18,DisbursementPayment,DP-2026-027297,DisbursementPayment,27297,,4.0,Record vendor payment,2,2026-06-01 12:00:00,2026,6
790129,2026-06-01,2,0.0,27.7,DisbursementPayment,DP-2026-027298,DisbursementPayment,27298,,4.0,Record vendor payment,2,2026-06-01 12:00:00,2026,6
790131,2026-06-01,2,0.0,7963.93,DisbursementPayment,DP-2026-027299,DisbursementPayment,27299,,4.0,Record vendor payment,2,2026-06-01 12:00:00,2026,6
790133,2026-06-01,2,0.0,4575.22,DisbursementPayment,DP-2026-027300,DisbursementPayment,27300,,4.0,Record vendor payment,2,2026-06-01 12:00:00,2026,6
790135,2026-06-01,2,0.0,306.89,DisbursementPayment,DP-2026-027301,DisbursementPayment,27301,,4.0,Record vendor payment,2,2026-06-01 12:00:00,2026,6
790137,2026-06-01,2,0.0,619.74,DisbursementPayment,DP-2026-027302,DisbursementPayment,27302,,4.0,Record vendor payment,2,2026-06-01 12:00:00,2026,6
790139,2026-06-01,2,0.0,770.1,DisbursementPayment,DP-2026-027303,DisbursementPayment,27303,,4.0,Record vendor payment,2,2026-06-01 12:00:00,2026,6
790141,2026-06-01,2,0.0,158.26,DisbursementPayment,DP-2026-027304,DisbursementPayment,27304,,5.0,Record vendor payment,2,2026-06-01 12:00:00,2026,6
790143,2026-06-01,2,0.0,416.89,DisbursementPayment,DP-2026-027305,DisbursementPayment,27305,,4.0,Record vendor payment,2,2026-06-01 12:00:00,2026,6
790145,2026-06-01,2,0.0,378.49,DisbursementPayment,DP-2026-027306,DisbursementPayment,27306,,4.0,Record vendor payment,2,2026-06-01 12:00:00,2026,6
790147,2026-06-01,2,0.0,504.1,DisbursementPayment,DP-2026-027307,DisbursementPayment,27307,,4.0,Record vendor payment,2,2026-06-01 12:00:00,2026,6
790149,2026-06-01,2,0.0,65.12,DisbursementPayment,DP-2026-027308,DisbursementPayment,27308,,5.0,Record vendor payment,2,2026-06-01 12:00:00,2026,6
790151,2026-06-01,2,0.0,1650.87,DisbursementPayment,DP-2026-027309,DisbursementPayment,27309,,4.0,Record vendor payment,2,2026-06-01 12:00:00,2026,6
790153,2026-06-01,2,0.0,493.12,DisbursementPayment,DP-2026-027310,DisbursementPayment,27310,,4.0,Record vendor payment,2,2026-06-01 12:00:00,2026,6
790155,2026-06-01,2,0.0,453.05,DisbursementPayment,DP-2026-027311,DisbursementPayment,27311,,4.0,Record vendor payment,2,2026-06-01 12:00:00,2026,6
790157,2026-06-01,2,0.0,167.94,DisbursementPayment,DP-2026-027312,DisbursementPayment,27312,,4.0,Record vendor payment,2,2026-06-01 12:00:00,2026,6
790159,2026-06-01,2,0.0,116.24,DisbursementPayment,DP-2026-027313,DisbursementPayment,27313,,4.0,Record vendor payment,2,2026-06-01 12:00:00,2026,6
790161,2026-06-01,2,0.0,814.22,DisbursementPayment,DP-2026-027314,DisbursementPayment,27314,,4.0,Record vendor payment,2,2026-06-01 12:00:00,2026,6
790163,2026-06-01,2,0.0,327.45,DisbursementPayment,DP-2026-027315,DisbursementPayment,27315,,4.0,Record vendor payment,2,2026-06-01 12:00:00,2026,6
790165,2026-06-01,2,0.0,656.54,DisbursementPayment,DP-2026-027316,DisbursementPayment,27316,,4.0,Record vendor payment,2,2026-06-01 12:00:00,2026,6
790167,2026-06-01,2,0.0,716.73,DisbursementPayment,DP-2026-027317,DisbursementPayment,27317,,4.0,Record vendor payment,2,2026-06-01 12:00:00,2026,6
790169,2026-06-01,2,0.0,89.1,DisbursementPayment,DP-2026-027318,DisbursementPayment,27318,,4.0,Record vendor payment,2,2026-06-01 12:00:00,2026,6
790171,2026-06-01,2,0.0,672.21,DisbursementPayment,DP-2026-027319,DisbursementPayment,27319,,4.0,Record vendor payment,2,2026-06-01 12:00:00,2026,6
790173,2026-06-01,2,0.0,4870.27,DisbursementPayment,DP-2026-027320,DisbursementPayment,27320,,5.0,Record vendor payment,2,2026-06-01 12:00:00,2026,6
790175,2026-06-01,2,0.0,670.23,DisbursementPayment,DP-2026-027321,DisbursementPayment,27321,,4.0,Record vendor payment,2,2026-06-01 12:00:00,2026,6
790177,2026-06-01,2,0.0,118.01,DisbursementPayment,DP-2026-027322,DisbursementPayment,27322,,4.0,Record vendor payment,2,2026-06-01 12:00:00,2026,6
790179,2026-06-01,2,0.0,785.66,DisbursementPayment,DP-2026-027323,DisbursementPayment,27323,,4.0,Record vendor payment,2,2026-06-01 12:00:00,2026,6
790181,2026-06-01,2,0.0,550.79,DisbursementPayment,DP-2026-027324,DisbursementPayment,27324,,4.0,Record vendor payment,2,2026-06-01 12:00:00,2026,6
790183,2026-06-01,2,0.0,664.06,DisbursementPayment,DP-2026-027325,DisbursementPayment,27325,,5.0,Record vendor payment,2,2026-06-01 12:00:00,2026,6
790185,2026-06-01,2,0.0,508.08,DisbursementPayment,DP-2026-027326,DisbursementPayment,27326,,4.0,Record vendor payment,2,2026-06-01 12:00:00,2026,6
790187,2026-06-01,2,0.0,1841.4,DisbursementPayment,DP-2026-027327,DisbursementPayment,27327,,4.0,Record vendor payment,2,2026-06-01 12:00:00,2026,6
790189,2026-06-01,2,0.0,1211.19,DisbursementPayment,DP-2026-027328,DisbursementPayment,27328,,4.0,Record vendor payment,2,2026-06-01 12:00:00,2026,6
790191,2026-06-01,2,0.0,284.45,DisbursementPayment,DP-2026-027329,DisbursementPayment,27329,,4.0,Record vendor payment,2,2026-06-01 12:00:00,2026,6
790193,2026-06-01,2,0.0,1753.69,DisbursementPayment,DP-2026-027330,DisbursementPayment,27330,,4.0,Record vendor payment,2,2026-06-01 12:00:00,2026,6
790195,2026-06-01,2,0.0,1419.59,DisbursementPayment,DP-2026-027331,DisbursementPayment,27331,,4.0,Record vendor payment,2,2026-06-01 12:00:00,2026,6
790197,2026-06-01,2,0.0,585.14,DisbursementPayment,DP-2026-027332,DisbursementPayment,27332,,4.0,Record vendor payment,2,2026-06-01 12:00:00,2026,6
790199,2026-06-01,2,0.0,182.85,DisbursementPayment,DP-2026-027333,DisbursementPayment,27333,,4.0,Record vendor payment,2,2026-06-01 12:00:00,2026,6
790201,2026-06-01,2,0.0,668.95,DisbursementPayment,DP-2026-027334,DisbursementPayment,27334,,4.0,Record vendor payment,2,2026-06-01 12:00:00,2026,6
790203,2026-06-01,2,0.0,399.54,DisbursementPayment,DP-2026-027335,DisbursementPayment,27335,,4.0,Record vendor payment,2,2026-06-01 12:00:00,2026,6
790205,2026-06-01,2,0.0,798.99,DisbursementPayment,DP-2026-027336,DisbursementPayment,27336,,5.0,Record vendor payment,2,2026-06-01 12:00:00,2026,6
790207,2026-06-01,2,0.0,958.06,DisbursementPayment,DP-2026-027337,DisbursementPayment,27337,,4.0,Record vendor payment,2,2026-06-01 12:00:00,2026,6
790209,2026-06-01,2,0.0,575.63,DisbursementPayment,DP-2026-027338,DisbursementPayment,27338,,4.0,Record vendor payment,2,2026-06-01 12:00:00,2026,6
790211,2026-06-01,2,0.0,674.3,DisbursementPayment,DP-2026-027339,DisbursementPayment,27339,,4.0,Record vendor payment,2,2026-06-01 12:00:00,2026,6
790213,2026-06-01,2,0.0,694.68,DisbursementPayment,DP-2026-027340,DisbursementPayment,27340,,4.0,Record vendor payment,2,2026-06-01 12:00:00,2026,6
790215,2026-06-01,2,0.0,1383.81,DisbursementPayment,DP-2026-027341,DisbursementPayment,27341,,4.0,Record vendor payment,2,2026-06-01 12:00:00,2026,6
790217,2026-06-01,2,0.0,18684.83,DisbursementPayment,DP-2026-027342,DisbursementPayment,27342,,4.0,Record vendor payment,2,2026-06-01 12:00:00,2026,6
790219,2026-06-01,2,0.0,434.58,DisbursementPayment,DP-2026-027343,DisbursementPayment,27343,,5.0,Record vendor payment,2,2026-06-01 12:00:00,2026,6
790221,2026-06-01,2,0.0,149.06,DisbursementPayment,DP-2026-027344,DisbursementPayment,27344,,4.0,Record vendor payment,2,2026-06-01 12:00:00,2026,6
790223,2026-06-01,2,0.0,596.12,DisbursementPayment,DP-2026-027345,DisbursementPayment,27345,,4.0,Record vendor payment,2,2026-06-01 12:00:00,2026,6
790225,2026-06-01,2,0.0,33143.22,DisbursementPayment,DP-2026-027346,DisbursementPayment,27346,,4.0,Record vendor payment,2,2026-06-01 12:00:00,2026,6
790227,2026-06-01,2,0.0,191.68,DisbursementPayment,DP-2026-027347,DisbursementPayment,27347,,4.0,Record vendor payment,2,2026-06-01 12:00:00,2026,6
790229,2026-06-01,2,0.0,255.41,DisbursementPayment,DP-2026-027348,DisbursementPayment,27348,,4.0,Record vendor payment,2,2026-06-01 12:00:00,2026,6
790231,2026-06-01,2,0.0,709.04,DisbursementPayment,DP-2026-027349,DisbursementPayment,27349,,4.0,Record vendor payment,2,2026-06-01 12:00:00,2026,6
790233,2026-06-01,2,0.0,2394.3,DisbursementPayment,DP-2026-027350,DisbursementPayment,27350,,4.0,Record vendor payment,2,2026-06-01 12:00:00,2026,6
790235,2026-06-01,2,0.0,641.66,DisbursementPayment,DP-2026-027351,DisbursementPayment,27351,,4.0,Record vendor payment,2,2026-06-01 12:00:00,2026,6
790237,2026-06-01,2,0.0,1633.07,DisbursementPayment,DP-2026-027352,DisbursementPayment,27352,,4.0,Record vendor payment,2,2026-06-01 12:00:00,2026,6
790239,2026-06-01,2,0.0,282.98,DisbursementPayment,DP-2026-027353,DisbursementPayment,27353,,4.0,Record vendor payment,2,2026-06-01 12:00:00,2026,6
790241,2026-06-01,2,0.0,0.25,DisbursementPayment,DP-2026-027354,DisbursementPayment,27354,,4.0,Record vendor payment,2,2026-06-01 12:00:00,2026,6
790243,2026-06-01,2,0.0,279.0,DisbursementPayment,DP-2026-027355,DisbursementPayment,27355,,4.0,Record vendor payment,2,2026-06-01 12:00:00,2026,6
790245,2026-06-01,2,0.0,576.72,DisbursementPayment,DP-2026-027356,DisbursementPayment,27356,,4.0,Record vendor payment,2,2026-06-01 12:00:00,2026,6
790247,2026-06-01,2,0.0,93.97,DisbursementPayment,DP-2026-027357,DisbursementPayment,27357,,4.0,Record vendor payment,2,2026-06-01 12:00:00,2026,6
790249,2026-06-01,2,0.0,571.26,DisbursementPayment,DP-2026-027358,DisbursementPayment,27358,,4.0,Record vendor payment,2,2026-06-01 12:00:00,2026,6
790251,2026-06-01,2,0.0,1179.82,DisbursementPayment,DP-2026-027359,DisbursementPayment,27359,,4.0,Record vendor payment,2,2026-06-01 12:00:00,2026,6
790253,2026-06-01,2,0.0,419.74,DisbursementPayment,DP-2026-027360,DisbursementPayment,27360,,4.0,Record vendor payment,2,2026-06-01 12:00:00,2026,6
790255,2026-06-01,2,0.0,1177.39,DisbursementPayment,DP-2026-027361,DisbursementPayment,27361,,4.0,Record vendor payment,2,2026-06-01 12:00:00,2026,6
790257,2026-06-01,2,0.0,144.31,DisbursementPayment,DP-2026-027362,DisbursementPayment,27362,,4.0,Record vendor payment,2,2026-06-01 12:00:00,2026,6
790259,2026-06-01,2,0.0,478.86,DisbursementPayment,DP-2026-027363,DisbursementPayment,27363,,4.0,Record vendor payment,2,2026-06-01 12:00:00,2026,6
790261,2026-06-01,2,0.0,101.76,DisbursementPayment,DP-2026-027364,DisbursementPayment,27364,,4.0,Record vendor payment,2,2026-06-01 12:00:00,2026,6
790263,2026-06-01,2,0.0,162.18,DisbursementPayment,DP-2026-027365,DisbursementPayment,27365,,4.0,Record vendor payment,2,2026-06-01 12:00:00,2026,6
790265,2026-06-01,2,0.0,483.97,DisbursementPayment,DP-2026-027366,DisbursementPayment,27366,,4.0,Record vendor payment,2,2026-06-01 12:00:00,2026,6
790267,2026-06-01,2,0.0,1215.53,DisbursementPayment,DP-2026-027367,DisbursementPayment,27367,,4.0,Record vendor payment,2,2026-06-01 12:00:00,2026,6
790269,2026-06-01,2,0.0,16.74,DisbursementPayment,DP-2026-027368,DisbursementPayment,27368,,4.0,Record vendor payment,2,2026-06-01 12:00:00,2026,6
790271,2026-06-01,2,0.0,69.38,DisbursementPayment,DP-2026-027369,DisbursementPayment,27369,,4.0,Record vendor payment,2,2026-06-01 12:00:00,2026,6
790273,2026-06-01,2,0.0,411.1,DisbursementPayment,DP-2026-027370,DisbursementPayment,27370,,4.0,Record vendor payment,2,2026-06-01 12:00:00,2026,6
790275,2026-06-01,2,0.0,578.05,DisbursementPayment,DP-2026-027371,DisbursementPayment,27371,,5.0,Record vendor payment,2,2026-06-01 12:00:00,2026,6
790277,2026-06-01,2,0.0,630.75,DisbursementPayment,DP-2026-027372,DisbursementPayment,27372,,4.0,Record vendor payment,2,2026-06-01 12:00:00,2026,6
790279,2026-06-01,2,0.0,293.62,DisbursementPayment,DP-2026-027373,DisbursementPayment,27373,,4.0,Record vendor payment,2,2026-06-01 12:00:00,2026,6
790281,2026-06-01,2,0.0,1865.22,DisbursementPayment,DP-2026-027374,DisbursementPayment,27374,,4.0,Record vendor payment,2,2026-06-01 12:00:00,2026,6
790283,2026-06-01,2,0.0,1113.82,DisbursementPayment,DP-2026-027375,DisbursementPayment,27375,,4.0,Record vendor payment,2,2026-06-01 12:00:00,2026,6
790285,2026-06-01,2,0.0,2074.54,DisbursementPayment,DP-2026-027376,DisbursementPayment,27376,,4.0,Record vendor payment,2,2026-06-01 12:00:00,2026,6
790287,2026-06-01,2,0.0,621.44,DisbursementPayment,DP-2026-027377,DisbursementPayment,27377,,4.0,Record vendor payment,2,2026-06-01 12:00:00,2026,6
790289,2026-06-01,2,0.0,611.32,DisbursementPayment,DP-2026-027378,DisbursementPayment,27378,,4.0,Record vendor payment,2,2026-06-01 12:00:00,2026,6
790291,2026-06-01,2,0.0,296.01,DisbursementPayment,DP-2026-027379,DisbursementPayment,27379,,4.0,Record vendor payment,2,2026-06-01 12:00:00,2026,6
790293,2026-06-01,2,0.0,539.88,DisbursementPayment,DP-2026-027380,DisbursementPayment,27380,,4.0,Record vendor payment,2,2026-06-01 12:00:00,2026,6
790295,2026-06-01,2,0.0,1066.36,DisbursementPayment,DP-2026-027381,DisbursementPayment,27381,,4.0,Record vendor payment,2,2026-06-01 12:00:00,2026,6
790297,2026-06-01,2,0.0,959.44,DisbursementPayment,DP-2026-027382,DisbursementPayment,27382,,4.0,Record vendor payment,2,2026-06-01 12:00:00,2026,6
790299,2026-06-01,2,0.0,593.22,DisbursementPayment,DP-2026-027383,DisbursementPayment,27383,,4.0,Record vendor payment,2,2026-06-01 12:00:00,2026,6
790301,2026-06-01,2,0.0,797.83,DisbursementPayment,DP-2026-027384,DisbursementPayment,27384,,5.0,Record vendor payment,2,2026-06-01 12:00:00,2026,6
790303,2026-06-01,2,0.0,1257.53,DisbursementPayment,DP-2026-027385,DisbursementPayment,27385,,4.0,Record vendor payment,2,2026-06-01 12:00:00,2026,6
790305,2026-06-01,2,0.0,357.76,DisbursementPayment,DP-2026-027386,DisbursementPayment,27386,,4.0,Record vendor payment,2,2026-06-01 12:00:00,2026,6
790307,2026-06-01,2,0.0,256.0,DisbursementPayment,DP-2026-027387,DisbursementPayment,27387,,5.0,Record vendor payment,2,2026-06-01 12:00:00,2026,6
790309,2026-06-01,2,0.0,254.42,DisbursementPayment,DP-2026-027388,DisbursementPayment,27388,,4.0,Record vendor payment,2,2026-06-01 12:00:00,2026,6
790311,2026-06-01,2,0.0,1245.18,DisbursementPayment,DP-2026-027389,DisbursementPayment,27389,,5.0,Record vendor payment,2,2026-06-01 12:00:00,2026,6
790313,2026-06-01,2,0.0,15.74,DisbursementPayment,DP-2026-027390,DisbursementPayment,27390,,4.0,Record vendor payment,2,2026-06-01 12:00:00,2026,6
790315,2026-06-01,2,0.0,3129.18,DisbursementPayment,DP-2026-027391,DisbursementPayment,27391,,4.0,Record vendor payment,2,2026-06-01 12:00:00,2026,6
790317,2026-06-01,2,0.0,255.36,DisbursementPayment,DP-2026-027392,DisbursementPayment,27392,,4.0,Record vendor payment,2,2026-06-01 12:00:00,2026,6
790319,2026-06-01,2,0.0,646.25,DisbursementPayment,DP-2026-027393,DisbursementPayment,27393,,4.0,Record vendor payment,2,2026-06-01 12:00:00,2026,6
790321,2026-06-01,2,0.0,528.95,DisbursementPayment,DP-2026-027394,DisbursementPayment,27394,,4.0,Record vendor payment,2,2026-06-01 12:00:00,2026,6
790323,2026-06-01,2,0.0,777.22,DisbursementPayment,DP-2026-027395,DisbursementPayment,27395,,4.0,Record vendor payment,2,2026-06-01 12:00:00,2026,6
790325,2026-06-01,2,0.0,794.53,DisbursementPayment,DP-2026-027396,DisbursementPayment,27396,,4.0,Record vendor payment,2,2026-06-01 12:00:00,2026,6
790327,2026-06-01,2,0.0,1545.29,DisbursementPayment,DP-2026-027397,DisbursementPayment,27397,,4.0,Record vendor payment,2,2026-06-01 12:00:00,2026,6
790329,2026-06-01,2,0.0,1629.76,DisbursementPayment,DP-2026-027398,DisbursementPayment,27398,,4.0,Record vendor payment,2,2026-06-01 12:00:00,2026,6
790331,2026-06-01,2,0.0,47.14,DisbursementPayment,DP-2026-027399,DisbursementPayment,27399,,4.0,Record vendor payment,2,2026-06-01 12:00:00,2026,6
790333,2026-06-01,2,0.0,768.44,DisbursementPayment,DP-2026-027400,DisbursementPayment,27400,,4.0,Record vendor payment,2,2026-06-01 12:00:00,2026,6
790335,2026-06-01,2,0.0,386.98,DisbursementPayment,DP-2026-027401,DisbursementPayment,27401,,4.0,Record vendor payment,2,2026-06-01 12:00:00,2026,6
790337,2026-06-01,2,0.0,647.21,DisbursementPayment,DP-2026-027402,DisbursementPayment,27402,,5.0,Record vendor payment,2,2026-06-01 12:00:00,2026,6
790339,2026-06-01,2,0.0,66.51,DisbursementPayment,DP-2026-027403,DisbursementPayment,27403,,4.0,Record vendor payment,2,2026-06-01 12:00:00,2026,6
790341,2026-06-01,2,0.0,547.89,DisbursementPayment,DP-2026-027404,DisbursementPayment,27404,,5.0,Record vendor payment,2,2026-06-01 12:00:00,2026,6
790343,2026-06-01,2,0.0,482.9,DisbursementPayment,DP-2026-027405,DisbursementPayment,27405,,5.0,Record vendor payment,2,2026-06-01 12:00:00,2026,6
790345,2026-06-01,2,0.0,673.92,DisbursementPayment,DP-2026-027406,DisbursementPayment,27406,,4.0,Record vendor payment,2,2026-06-01 12:00:00,2026,6
790347,2026-06-01,2,0.0,939.03,DisbursementPayment,DP-2026-027407,DisbursementPayment,27407,,4.0,Record vendor payment,2,2026-06-01 12:00:00,2026,6
790349,2026-06-01,2,0.0,1263.05,DisbursementPayment,DP-2026-027408,DisbursementPayment,27408,,4.0,Record vendor payment,2,2026-06-01 12:00:00,2026,6
790351,2026-06-01,2,0.0,208.85,DisbursementPayment,DP-2026-027409,DisbursementPayment,27409,,4.0,Record vendor payment,2,2026-06-01 12:00:00,2026,6
790353,2026-06-01,2,0.0,254.64,DisbursementPayment,DP-2026-027410,DisbursementPayment,27410,,4.0,Record vendor payment,2,2026-06-01 12:00:00,2026,6
790355,2026-06-01,2,0.0,765.77,DisbursementPayment,DP-2026-027411,DisbursementPayment,27411,,4.0,Record vendor payment,2,2026-06-01 12:00:00,2026,6
790357,2026-06-01,2,0.0,268.7,DisbursementPayment,DP-2026-027412,DisbursementPayment,27412,,4.0,Record vendor payment,2,2026-06-01 12:00:00,2026,6
790359,2026-06-01,2,0.0,610.94,DisbursementPayment,DP-2026-027413,DisbursementPayment,27413,,4.0,Record vendor payment,2,2026-06-01 12:00:00,2026,6
790361,2026-06-01,2,0.0,939.74,DisbursementPayment,DP-2026-027414,DisbursementPayment,27414,,4.0,Record vendor payment,2,2026-06-01 12:00:00,2026,6
790363,2026-06-01,2,0.0,506.04,DisbursementPayment,DP-2026-027415,DisbursementPayment,27415,,4.0,Record vendor payment,2,2026-06-01 12:00:00,2026,6
790365,2026-06-01,2,0.0,322.24,DisbursementPayment,DP-2026-027416,DisbursementPayment,27416,,4.0,Record vendor payment,2,2026-06-01 12:00:00,2026,6
790367,2026-06-01,2,0.0,972.91,DisbursementPayment,DP-2026-027417,DisbursementPayment,27417,,4.0,Record vendor payment,2,2026-06-01 12:00:00,2026,6
790369,2026-06-01,2,0.0,771.13,DisbursementPayment,DP-2026-027418,DisbursementPayment,27418,,4.0,Record vendor payment,2,2026-06-01 12:00:00,2026,6
790371,2026-06-01,2,0.0,370.46,DisbursementPayment,DP-2026-027419,DisbursementPayment,27419,,4.0,Record vendor payment,2,2026-06-01 12:00:00,2026,6
790373,2026-06-01,2,0.0,27.74,DisbursementPayment,DP-2026-027420,DisbursementPayment,27420,,4.0,Record vendor payment,2,2026-06-01 12:00:00,2026,6
790375,2026-06-01,2,0.0,231.73,DisbursementPayment,DP-2026-027421,DisbursementPayment,27421,,4.0,Record vendor payment,2,2026-06-01 12:00:00,2026,6
790377,2026-06-01,2,0.0,358.29,DisbursementPayment,DP-2026-027422,DisbursementPayment,27422,,4.0,Record vendor payment,2,2026-06-01 12:00:00,2026,6
790379,2026-06-01,2,0.0,613.4,DisbursementPayment,DP-2026-027423,DisbursementPayment,27423,,4.0,Record vendor payment,2,2026-06-01 12:00:00,2026,6
790381,2026-06-01,2,0.0,294.46,DisbursementPayment,DP-2026-027424,DisbursementPayment,27424,,4.0,Record vendor payment,2,2026-06-01 12:00:00,2026,6
790383,2026-06-01,2,0.0,1735.82,DisbursementPayment,DP-2026-027425,DisbursementPayment,27425,,4.0,Record vendor payment,2,2026-06-01 12:00:00,2026,6
790385,2026-06-01,2,0.0,416.25,DisbursementPayment,DP-2026-027426,DisbursementPayment,27426,,4.0,Record vendor payment,2,2026-06-01 12:00:00,2026,6
790387,2026-06-01,2,0.0,259.59,DisbursementPayment,DP-2026-027427,DisbursementPayment,27427,,4.0,Record vendor payment,2,2026-06-01 12:00:00,2026,6
790389,2026-06-01,2,0.0,326.01,DisbursementPayment,DP-2026-027428,DisbursementPayment,27428,,4.0,Record vendor payment,2,2026-06-01 12:00:00,2026,6
790391,2026-06-01,2,0.0,530.97,DisbursementPayment,DP-2026-027429,DisbursementPayment,27429,,4.0,Record vendor payment,2,2026-06-01 12:00:00,2026,6
790393,2026-06-01,2,0.0,517.17,DisbursementPayment,DP-2026-027430,DisbursementPayment,27430,,4.0,Record vendor payment,2,2026-06-01 12:00:00,2026,6
790395,2026-06-01,2,0.0,29130.42,DisbursementPayment,DP-2026-027431,DisbursementPayment,27431,,4.0,Record vendor payment,2,2026-06-01 12:00:00,2026,6
790397,2026-06-01,2,0.0,262.34,DisbursementPayment,DP-2026-027432,DisbursementPayment,27432,,4.0,Record vendor payment,2,2026-06-01 12:00:00,2026,6
790399,2026-06-01,2,0.0,302.18,DisbursementPayment,DP-2026-027433,DisbursementPayment,27433,,4.0,Record vendor payment,2,2026-06-01 12:00:00,2026,6
790401,2026-06-01,2,0.0,130.75,DisbursementPayment,DP-2026-027434,DisbursementPayment,27434,,4.0,Record vendor payment,2,2026-06-01 12:00:00,2026,6
790403,2026-06-01,2,0.0,1062.94,DisbursementPayment,DP-2026-027435,DisbursementPayment,27435,,4.0,Record vendor payment,2,2026-06-01 12:00:00,2026,6
790405,2026-06-01,2,0.0,595.94,DisbursementPayment,DP-2026-027436,DisbursementPayment,27436,,4.0,Record vendor payment,2,2026-06-01 12:00:00,2026,6
790407,2026-06-01,2,0.0,597.12,DisbursementPayment,DP-2026-027437,DisbursementPayment,27437,,4.0,Record vendor payment,2,2026-06-01 12:00:00,2026,6
790409,2026-06-01,2,0.0,2174.0,DisbursementPayment,DP-2026-027438,DisbursementPayment,27438,,4.0,Record vendor payment,2,2026-06-01 12:00:00,2026,6
790411,2026-06-01,2,0.0,206.52,DisbursementPayment,DP-2026-027439,DisbursementPayment,27439,,4.0,Record vendor payment,2,2026-06-01 12:00:00,2026,6
790413,2026-06-01,2,0.0,556.36,DisbursementPayment,DP-2026-027440,DisbursementPayment,27440,,4.0,Record vendor payment,2,2026-06-01 12:00:00,2026,6
790415,2026-06-01,2,0.0,593.26,DisbursementPayment,DP-2026-027441,DisbursementPayment,27441,,4.0,Record vendor payment,2,2026-06-01 12:00:00,2026,6
790417,2026-06-01,2,0.0,401.45,DisbursementPayment,DP-2026-027442,DisbursementPayment,27442,,4.0,Record vendor payment,2,2026-06-01 12:00:00,2026,6
790419,2026-06-01,2,0.0,241.03,DisbursementPayment,DP-2026-027443,DisbursementPayment,27443,,4.0,Record vendor payment,2,2026-06-01 12:00:00,2026,6
790421,2026-06-01,2,0.0,3166.92,DisbursementPayment,DP-2026-027444,DisbursementPayment,27444,,5.0,Record vendor payment,2,2026-06-01 12:00:00,2026,6
790423,2026-06-01,2,0.0,1429.86,DisbursementPayment,DP-2026-027445,DisbursementPayment,27445,,5.0,Record vendor payment,2,2026-06-01 12:00:00,2026,6
790425,2026-06-01,2,0.0,2440.82,DisbursementPayment,DP-2026-027446,DisbursementPayment,27446,,4.0,Record vendor payment,2,2026-06-01 12:00:00,2026,6
790427,2026-06-01,2,0.0,430.72,DisbursementPayment,DP-2026-027447,DisbursementPayment,27447,,4.0,Record vendor payment,2,2026-06-01 12:00:00,2026,6
790429,2026-06-01,2,0.0,19.81,DisbursementPayment,DP-2026-027448,DisbursementPayment,27448,,4.0,Record vendor payment,2,2026-06-01 12:00:00,2026,6
790431,2026-06-01,2,0.0,2518.11,DisbursementPayment,DP-2026-027449,DisbursementPayment,27449,,4.0,Record vendor payment,2,2026-06-01 12:00:00,2026,6
790433,2026-06-01,2,0.0,1104.77,DisbursementPayment,DP-2026-027450,DisbursementPayment,27450,,4.0,Record vendor payment,2,2026-06-01 12:00:00,2026,6
790435,2026-06-01,2,0.0,296.09,DisbursementPayment,DP-2026-027451,DisbursementPayment,27451,,5.0,Record vendor payment,2,2026-06-01 12:00:00,2026,6
790437,2026-06-01,2,0.0,64.55,DisbursementPayment,DP-2026-027452,DisbursementPayment,27452,,4.0,Record vendor payment,2,2026-06-01 12:00:00,2026,6
790439,2026-06-01,2,0.0,109.8,DisbursementPayment,DP-2026-027453,DisbursementPayment,27453,,4.0,Record vendor payment,2,2026-06-01 12:00:00,2026,6
790441,2026-06-01,2,0.0,1759.01,DisbursementPayment,DP-2026-027454,DisbursementPayment,27454,,5.0,Record vendor payment,2,2026-06-01 12:00:00,2026,6
790443,2026-06-01,2,0.0,730.12,DisbursementPayment,DP-2026-027455,DisbursementPayment,27455,,4.0,Record vendor payment,2,2026-06-01 12:00:00,2026,6
790445,2026-06-01,2,0.0,154.84,DisbursementPayment,DP-2026-027456,DisbursementPayment,27456,,4.0,Record vendor payment,2,2026-06-01 12:00:00,2026,6
790447,2026-06-01,2,0.0,395.24,DisbursementPayment,DP-2026-027457,DisbursementPayment,27457,,4.0,Record vendor payment,2,2026-06-01 12:00:00,2026,6
790449,2026-06-01,2,0.0,106.0,DisbursementPayment,DP-2026-027458,DisbursementPayment,27458,,4.0,Record vendor payment,2,2026-06-01 12:00:00,2026,6
790451,2026-06-01,2,0.0,464.95,DisbursementPayment,DP-2026-027459,DisbursementPayment,27459,,5.0,Record vendor payment,2,2026-06-01 12:00:00,2026,6
790453,2026-06-01,2,0.0,540.21,DisbursementPayment,DP-2026-027460,DisbursementPayment,27460,,4.0,Record vendor payment,2,2026-06-01 12:00:00,2026,6
790455,2026-06-01,2,0.0,970.47,DisbursementPayment,DP-2026-027461,DisbursementPayment,27461,,4.0,Record vendor payment,2,2026-06-01 12:00:00,2026,6
790457,2026-06-01,2,0.0,567.77,DisbursementPayment,DP-2026-027462,DisbursementPayment,27462,,4.0,Record vendor payment,2,2026-06-01 12:00:00,2026,6
790459,2026-06-01,2,0.0,96.44,DisbursementPayment,DP-2026-027463,DisbursementPayment,27463,,4.0,Record vendor payment,2,2026-06-01 12:00:00,2026,6
790461,2026-06-01,2,0.0,172.97,DisbursementPayment,DP-2026-027464,DisbursementPayment,27464,,4.0,Record vendor payment,2,2026-06-01 12:00:00,2026,6
790463,2026-06-01,2,0.0,763.05,DisbursementPayment,DP-2026-027465,DisbursementPayment,27465,,4.0,Record vendor payment,2,2026-06-01 12:00:00,2026,6
790465,2026-06-01,2,0.0,89.38,DisbursementPayment,DP-2026-027466,DisbursementPayment,27466,,4.0,Record vendor payment,2,2026-06-01 12:00:00,2026,6
790467,2026-06-01,2,0.0,3236.5,DisbursementPayment,DP-2026-027467,DisbursementPayment,27467,,5.0,Record vendor payment,2,2026-06-01 12:00:00,2026,6
790469,2026-06-01,2,0.0,770.41,DisbursementPayment,DP-2026-027468,DisbursementPayment,27468,,4.0,Record vendor payment,2,2026-06-01 12:00:00,2026,6
790471,2026-06-01,2,0.0,63.54,DisbursementPayment,DP-2026-027469,DisbursementPayment,27469,,4.0,Record vendor payment,2,2026-06-01 12:00:00,2026,6
790473,2026-06-01,2,0.0,1764.47,DisbursementPayment,DP-2026-027470,DisbursementPayment,27470,,4.0,Record vendor payment,2,2026-06-01 12:00:00,2026,6
790475,2026-06-01,2,0.0,366.63,DisbursementPayment,DP-2026-027471,DisbursementPayment,27471,,4.0,Record vendor payment,2,2026-06-01 12:00:00,2026,6
790477,2026-06-01,2,0.0,385.61,DisbursementPayment,DP-2026-027472,DisbursementPayment,27472,,4.0,Record vendor payment,2,2026-06-01 12:00:00,2026,6
790479,2026-06-01,2,0.0,163.05,DisbursementPayment,DP-2026-027473,DisbursementPayment,27473,,4.0,Record vendor payment,2,2026-06-01 12:00:00,2026,6
790481,2026-06-01,2,0.0,268.31,DisbursementPayment,DP-2026-027474,DisbursementPayment,27474,,4.0,Record vendor payment,2,2026-06-01 12:00:00,2026,6
790483,2026-06-01,2,0.0,2415.21,DisbursementPayment,DP-2026-027475,DisbursementPayment,27475,,4.0,Record vendor payment,2,2026-06-01 12:00:00,2026,6
790485,2026-06-01,2,0.0,1325.7,DisbursementPayment,DP-2026-027476,DisbursementPayment,27476,,4.0,Record vendor payment,2,2026-06-01 12:00:00,2026,6
790487,2026-06-01,2,0.0,335.49,DisbursementPayment,DP-2026-027477,DisbursementPayment,27477,,5.0,Record vendor payment,2,2026-06-01 12:00:00,2026,6
790489,2026-06-01,2,0.0,25.28,DisbursementPayment,DP-2026-027478,DisbursementPayment,27478,,4.0,Record vendor payment,2,2026-06-01 12:00:00,2026,6
790491,2026-06-01,2,0.0,404.52,DisbursementPayment,DP-2026-027479,DisbursementPayment,27479,,4.0,Record vendor payment,2,2026-06-01 12:00:00,2026,6
790493,2026-06-01,2,0.0,1275.14,DisbursementPayment,DP-2026-027480,DisbursementPayment,27480,,4.0,Record vendor payment,2,2026-06-01 12:00:00,2026,6
790495,2026-06-01,2,0.0,107.33,DisbursementPayment,DP-2026-027481,DisbursementPayment,27481,,4.0,Record vendor payment,2,2026-06-01 12:00:00,2026,6
790497,2026-06-01,2,0.0,1.59,DisbursementPayment,DP-2026-027482,DisbursementPayment,27482,,4.0,Record vendor payment,2,2026-06-01 12:00:00,2026,6
790499,2026-06-01,2,0.0,773.76,DisbursementPayment,DP-2026-027483,DisbursementPayment,27483,,4.0,Record vendor payment,2,2026-06-01 12:00:00,2026,6
790501,2026-06-01,2,0.0,953.33,DisbursementPayment,DP-2026-027484,DisbursementPayment,27484,,4.0,Record vendor payment,2,2026-06-01 12:00:00,2026,6
790503,2026-06-01,2,0.0,134.14,DisbursementPayment,DP-2026-027485,DisbursementPayment,27485,,4.0,Record vendor payment,2,2026-06-01 12:00:00,2026,6
790505,2026-06-01,2,0.0,34.0,DisbursementPayment,DP-2026-027486,DisbursementPayment,27486,,4.0,Record vendor payment,2,2026-06-01 12:00:00,2026,6
790507,2026-06-01,2,0.0,320.08,DisbursementPayment,DP-2026-027487,DisbursementPayment,27487,,4.0,Record vendor payment,2,2026-06-01 12:00:00,2026,6
790509,2026-06-01,2,0.0,252.93,DisbursementPayment,DP-2026-027488,DisbursementPayment,27488,,4.0,Record vendor payment,2,2026-06-01 12:00:00,2026,6
790511,2026-06-01,2,0.0,256.34,DisbursementPayment,DP-2026-027489,DisbursementPayment,27489,,4.0,Record vendor payment,2,2026-06-01 12:00:00,2026,6
790513,2026-06-01,2,0.0,342.7,DisbursementPayment,DP-2026-027490,DisbursementPayment,27490,,4.0,Record vendor payment,2,2026-06-01 12:00:00,2026,6
790515,2026-06-01,2,0.0,284.06,DisbursementPayment,DP-2026-027491,DisbursementPayment,27491,,4.0,Record vendor payment,2,2026-06-01 12:00:00,2026,6
790517,2026-06-01,2,0.0,685.77,DisbursementPayment,DP-2026-027492,DisbursementPayment,27492,,5.0,Record vendor payment,2,2026-06-01 12:00:00,2026,6
790519,2026-06-01,2,0.0,660.84,DisbursementPayment,DP-2026-027493,DisbursementPayment,27493,,4.0,Record vendor payment,2,2026-06-01 12:00:00,2026,6
790521,2026-06-01,2,0.0,1387.87,DisbursementPayment,DP-2026-027494,DisbursementPayment,27494,,4.0,Record vendor payment,2,2026-06-01 12:00:00,2026,6
790523,2026-06-01,2,0.0,137.54,DisbursementPayment,DP-2026-027495,DisbursementPayment,27495,,4.0,Record vendor payment,2,2026-06-01 12:00:00,2026,6
790525,2026-06-01,2,0.0,743.67,DisbursementPayment,DP-2026-027496,DisbursementPayment,27496,,4.0,Record vendor payment,2,2026-06-01 12:00:00,2026,6
790527,2026-06-01,2,0.0,549.22,DisbursementPayment,DP-2026-027497,DisbursementPayment,27497,,4.0,Record vendor payment,2,2026-06-01 12:00:00,2026,6
790529,2026-06-01,2,0.0,5670.77,DisbursementPayment,DP-2026-027498,DisbursementPayment,27498,,4.0,Record vendor payment,2,2026-06-01 12:00:00,2026,6
790531,2026-06-01,2,0.0,1154.3,DisbursementPayment,DP-2026-027499,DisbursementPayment,27499,,4.0,Record vendor payment,2,2026-06-01 12:00:00,2026,6
790533,2026-06-01,2,0.0,763.57,DisbursementPayment,DP-2026-027500,DisbursementPayment,27500,,4.0,Record vendor payment,2,2026-06-01 12:00:00,2026,6
790535,2026-06-01,2,0.0,47.31,DisbursementPayment,DP-2026-027501,DisbursementPayment,27501,,4.0,Record vendor payment,2,2026-06-01 12:00:00,2026,6
790537,2026-06-01,2,0.0,746.25,DisbursementPayment,DP-2026-027502,DisbursementPayment,27502,,4.0,Record vendor payment,2,2026-06-01 12:00:00,2026,6
790539,2026-06-01,2,0.0,212.11,DisbursementPayment,DP-2026-027503,DisbursementPayment,27503,,4.0,Record vendor payment,2,2026-06-01 12:00:00,2026,6
790541,2026-06-01,2,0.0,631.6,DisbursementPayment,DP-2026-027504,DisbursementPayment,27504,,4.0,Record vendor payment,2,2026-06-01 12:00:00,2026,6
790543,2026-06-01,2,0.0,78.68,DisbursementPayment,DP-2026-027505,DisbursementPayment,27505,,4.0,Record vendor payment,2,2026-06-01 12:00:00,2026,6
790545,2026-06-01,2,0.0,1695.99,DisbursementPayment,DP-2026-027506,DisbursementPayment,27506,,4.0,Record vendor payment,2,2026-06-01 12:00:00,2026,6
790547,2026-06-01,2,0.0,1358.76,DisbursementPayment,DP-2026-027507,DisbursementPayment,27507,,4.0,Record vendor payment,2,2026-06-01 12:00:00,2026,6
790549,2026-06-01,2,0.0,188.46,DisbursementPayment,DP-2026-027508,DisbursementPayment,27508,,4.0,Record vendor payment,2,2026-06-01 12:00:00,2026,6
790551,2026-06-01,2,0.0,445.24,DisbursementPayment,DP-2026-027509,DisbursementPayment,27509,,4.0,Record vendor payment,2,2026-06-01 12:00:00,2026,6
790553,2026-06-01,2,0.0,642.38,DisbursementPayment,DP-2026-027510,DisbursementPayment,27510,,4.0,Record vendor payment,2,2026-06-01 12:00:00,2026,6
790555,2026-06-01,2,0.0,276.28,DisbursementPayment,DP-2026-027511,DisbursementPayment,27511,,4.0,Record vendor payment,2,2026-06-01 12:00:00,2026,6
790557,2026-06-01,2,0.0,121.57,DisbursementPayment,DP-2026-027512,DisbursementPayment,27512,,4.0,Record vendor payment,2,2026-06-01 12:00:00,2026,6
790559,2026-06-01,2,0.0,285.76,DisbursementPayment,DP-2026-027513,DisbursementPayment,27513,,4.0,Record vendor payment,2,2026-06-01 12:00:00,2026,6
790561,2026-06-01,2,0.0,386.05,DisbursementPayment,DP-2026-027514,DisbursementPayment,27514,,4.0,Record vendor payment,2,2026-06-01 12:00:00,2026,6
790563,2026-06-01,2,0.0,1238.19,DisbursementPayment,DP-2026-027515,DisbursementPayment,27515,,4.0,Record vendor payment,2,2026-06-01 12:00:00,2026,6
790565,2026-06-01,2,0.0,14.6,DisbursementPayment,DP-2026-027516,DisbursementPayment,27516,,4.0,Record vendor payment,2,2026-06-01 12:00:00,2026,6
790567,2026-06-01,2,0.0,1010.88,DisbursementPayment,DP-2026-027517,DisbursementPayment,27517,,4.0,Record vendor payment,2,2026-06-01 12:00:00,2026,6
790569,2026-06-01,2,0.0,932.79,DisbursementPayment,DP-2026-027518,DisbursementPayment,27518,,4.0,Record vendor payment,2,2026-06-01 12:00:00,2026,6
790571,2026-06-01,2,0.0,311.58,DisbursementPayment,DP-2026-027519,DisbursementPayment,27519,,4.0,Record vendor payment,2,2026-06-01 12:00:00,2026,6
790573,2026-06-01,2,0.0,3018.17,DisbursementPayment,DP-2026-027520,DisbursementPayment,27520,,4.0,Record vendor payment,2,2026-06-01 12:00:00,2026,6
790575,2026-06-01,2,0.0,25562.79,DisbursementPayment,DP-2026-027521,DisbursementPayment,27521,,4.0,Record vendor payment,2,2026-06-01 12:00:00,2026,6
790577,2026-06-01,2,0.0,511.12,DisbursementPayment,DP-2026-027522,DisbursementPayment,27522,,4.0,Record vendor payment,2,2026-06-01 12:00:00,2026,6
790579,2026-06-01,2,0.0,789.71,DisbursementPayment,DP-2026-027523,DisbursementPayment,27523,,4.0,Record vendor payment,2,2026-06-01 12:00:00,2026,6
790581,2026-06-01,2,0.0,1871.67,DisbursementPayment,DP-2026-027524,DisbursementPayment,27524,,4.0,Record vendor payment,2,2026-06-01 12:00:00,2026,6
790583,2026-06-01,2,0.0,258.4,DisbursementPayment,DP-2026-027525,DisbursementPayment,27525,,4.0,Record vendor payment,2,2026-06-01 12:00:00,2026,6
790585,2026-06-01,2,0.0,198.19,DisbursementPayment,DP-2026-027526,DisbursementPayment,27526,,4.0,Record vendor payment,2,2026-06-01 12:00:00,2026,6
790587,2026-06-01,2,0.0,973.57,DisbursementPayment,DP-2026-027527,DisbursementPayment,27527,,5.0,Record vendor payment,2,2026-06-01 12:00:00,2026,6
790589,2026-06-01,2,0.0,305.26,DisbursementPayment,DP-2026-027528,DisbursementPayment,27528,,4.0,Record vendor payment,2,2026-06-01 12:00:00,2026,6
790591,2026-06-01,2,0.0,133.76,DisbursementPayment,DP-2026-027529,DisbursementPayment,27529,,5.0,Record vendor payment,2,2026-06-01 12:00:00,2026,6
790593,2026-06-01,2,0.0,108.6,DisbursementPayment,DP-2026-027530,DisbursementPayment,27530,,4.0,Record vendor payment,2,2026-06-01 12:00:00,2026,6
790595,2026-06-01,2,0.0,683.54,DisbursementPayment,DP-2026-027531,DisbursementPayment,27531,,4.0,Record vendor payment,2,2026-06-01 12:00:00,2026,6
790597,2026-06-01,2,0.0,1543.2,DisbursementPayment,DP-2026-027532,DisbursementPayment,27532,,4.0,Record vendor payment,2,2026-06-01 12:00:00,2026,6
790599,2026-06-01,2,0.0,517.45,DisbursementPayment,DP-2026-027533,DisbursementPayment,27533,,4.0,Record vendor payment,2,2026-06-01 12:00:00,2026,6
790601,2026-06-01,2,0.0,3942.24,DisbursementPayment,DP-2026-027534,DisbursementPayment,27534,,4.0,Record vendor payment,2,2026-06-01 12:00:00,2026,6
790603,2026-06-01,2,0.0,98.75,DisbursementPayment,DP-2026-027535,DisbursementPayment,27535,,4.0,Record vendor payment,2,2026-06-01 12:00:00,2026,6
790605,2026-06-01,2,0.0,50.37,DisbursementPayment,DP-2026-027536,DisbursementPayment,27536,,4.0,Record vendor payment,2,2026-06-01 12:00:00,2026,6
790607,2026-06-01,2,0.0,1610.49,DisbursementPayment,DP-2026-027537,DisbursementPayment,27537,,4.0,Record vendor payment,2,2026-06-01 12:00:00,2026,6
790609,2026-06-01,2,0.0,326.27,DisbursementPayment,DP-2026-027538,DisbursementPayment,27538,,4.0,Record vendor payment,2,2026-06-01 12:00:00,2026,6
790611,2026-06-01,2,0.0,309.59,DisbursementPayment,DP-2026-027539,DisbursementPayment,27539,,4.0,Record vendor payment,2,2026-06-01 12:00:00,2026,6
790613,2026-06-01,2,0.0,327.07,DisbursementPayment,DP-2026-027540,DisbursementPayment,27540,,4.0,Record vendor payment,2,2026-06-01 12:00:00,2026,6
790615,2026-06-01,2,0.0,152.48,DisbursementPayment,DP-2026-027541,DisbursementPayment,27541,,4.0,Record vendor payment,2,2026-06-01 12:00:00,2026,6
790617,2026-06-01,2,0.0,61.6,DisbursementPayment,DP-2026-027542,DisbursementPayment,27542,,4.0,Record vendor payment,2,2026-06-01 12:00:00,2026,6
790619,2026-06-01,2,0.0,76.08,DisbursementPayment,DP-2026-027543,DisbursementPayment,27543,,4.0,Record vendor payment,2,2026-06-01 12:00:00,2026,6
790621,2026-06-01,2,0.0,262.5,DisbursementPayment,DP-2026-027544,DisbursementPayment,27544,,4.0,Record vendor payment,2,2026-06-01 12:00:00,2026,6
790623,2026-06-01,2,0.0,1369.45,DisbursementPayment,DP-2026-027545,DisbursementPayment,27545,,4.0,Record vendor payment,2,2026-06-01 12:00:00,2026,6
790625,2026-06-01,2,0.0,71.13,DisbursementPayment,DP-2026-027546,DisbursementPayment,27546,,4.0,Record vendor payment,2,2026-06-01 12:00:00,2026,6
790627,2026-06-01,2,0.0,624.59,DisbursementPayment,DP-2026-027547,DisbursementPayment,27547,,4.0,Record vendor payment,2,2026-06-01 12:00:00,2026,6
790629,2026-06-01,2,0.0,46.29,DisbursementPayment,DP-2026-027548,DisbursementPayment,27548,,4.0,Record vendor payment,2,2026-06-01 12:00:00,2026,6
790631,2026-06-01,2,0.0,90.12,DisbursementPayment,DP-2026-027549,DisbursementPayment,27549,,4.0,Record vendor payment,2,2026-06-01 12:00:00,2026,6
790633,2026-06-01,2,0.0,41.77,DisbursementPayment,DP-2026-027550,DisbursementPayment,27550,,4.0,Record vendor payment,2,2026-06-01 12:00:00,2026,6
790635,2026-06-01,2,0.0,768.36,DisbursementPayment,DP-2026-027551,DisbursementPayment,27551,,4.0,Record vendor payment,2,2026-06-01 12:00:00,2026,6
790637,2026-06-01,2,0.0,750.2,DisbursementPayment,DP-2026-027552,DisbursementPayment,27552,,5.0,Record vendor payment,2,2026-06-01 12:00:00,2026,6
790639,2026-06-01,2,0.0,319.55,DisbursementPayment,DP-2026-027553,DisbursementPayment,27553,,4.0,Record vendor payment,2,2026-06-01 12:00:00,2026,6
790641,2026-06-01,2,0.0,302.11,DisbursementPayment,DP-2026-027554,DisbursementPayment,27554,,4.0,Record vendor payment,2,2026-06-01 12:00:00,2026,6
790643,2026-06-01,2,0.0,334.92,DisbursementPayment,DP-2026-027555,DisbursementPayment,27555,,4.0,Record vendor payment,2,2026-06-01 12:00:00,2026,6
790645,2026-06-01,2,0.0,1104.5,DisbursementPayment,DP-2026-027556,DisbursementPayment,27556,,4.0,Record vendor payment,2,2026-06-01 12:00:00,2026,6
790647,2026-06-01,2,0.0,239.86,DisbursementPayment,DP-2026-027557,DisbursementPayment,27557,,4.0,Record vendor payment,2,2026-06-01 12:00:00,2026,6
790649,2026-06-01,2,0.0,429.1,DisbursementPayment,DP-2026-027558,DisbursementPayment,27558,,4.0,Record vendor payment,2,2026-06-01 12:00:00,2026,6
790651,2026-06-01,2,0.0,737.22,DisbursementPayment,DP-2026-027559,DisbursementPayment,27559,,4.0,Record vendor payment,2,2026-06-01 12:00:00,2026,6
790653,2026-06-01,2,0.0,171.73,DisbursementPayment,DP-2026-027560,DisbursementPayment,27560,,4.0,Record vendor payment,2,2026-06-01 12:00:00,2026,6
790655,2026-06-01,2,0.0,1150.88,DisbursementPayment,DP-2026-027561,DisbursementPayment,27561,,4.0,Record vendor payment,2,2026-06-01 12:00:00,2026,6
790657,2026-06-01,2,0.0,98.88,DisbursementPayment,DP-2026-027562,DisbursementPayment,27562,,4.0,Record vendor payment,2,2026-06-01 12:00:00,2026,6
790659,2026-06-01,2,0.0,349.26,DisbursementPayment,DP-2026-027563,DisbursementPayment,27563,,4.0,Record vendor payment,2,2026-06-01 12:00:00,2026,6
790661,2026-06-01,2,0.0,1025.66,DisbursementPayment,DP-2026-027564,DisbursementPayment,27564,,4.0,Record vendor payment,2,2026-06-01 12:00:00,2026,6
790663,2026-06-01,2,0.0,124.77,DisbursementPayment,DP-2026-027565,DisbursementPayment,27565,,4.0,Record vendor payment,2,2026-06-01 12:00:00,2026,6
790665,2026-06-01,2,0.0,61.51,DisbursementPayment,DP-2026-027566,DisbursementPayment,27566,,4.0,Record vendor payment,2,2026-06-01 12:00:00,2026,6
790667,2026-06-01,2,0.0,242.55,DisbursementPayment,DP-2026-027567,DisbursementPayment,27567,,4.0,Record vendor payment,2,2026-06-01 12:00:00,2026,6
790669,2026-06-01,2,0.0,1166.87,DisbursementPayment,DP-2026-027568,DisbursementPayment,27568,,4.0,Record vendor payment,2,2026-06-01 12:00:00,2026,6
790671,2026-06-01,2,0.0,464.77,DisbursementPayment,DP-2026-027569,DisbursementPayment,27569,,4.0,Record vendor payment,2,2026-06-01 12:00:00,2026,6
790673,2026-06-01,2,0.0,159.19,DisbursementPayment,DP-2026-027570,DisbursementPayment,27570,,4.0,Record vendor payment,2,2026-06-01 12:00:00,2026,6
790675,2026-06-01,2,0.0,592.88,DisbursementPayment,DP-2026-027571,DisbursementPayment,27571,,4.0,Record vendor payment,2,2026-06-01 12:00:00,2026,6
790677,2026-06-01,2,0.0,1175.37,DisbursementPayment,DP-2026-027572,DisbursementPayment,27572,,4.0,Record vendor payment,2,2026-06-01 12:00:00,2026,6
790679,2026-06-01,2,0.0,89.91,DisbursementPayment,DP-2026-027573,DisbursementPayment,27573,,4.0,Record vendor payment,2,2026-06-01 12:00:00,2026,6
790681,2026-06-01,2,0.0,273.34,DisbursementPayment,DP-2026-027574,DisbursementPayment,27574,,4.0,Record vendor payment,2,2026-06-01 12:00:00,2026,6
790683,2026-06-01,2,0.0,856.98,DisbursementPayment,DP-2026-027575,DisbursementPayment,27575,,4.0,Record vendor payment,2,2026-06-01 12:00:00,2026,6
790685,2026-06-01,2,0.0,1204.48,DisbursementPayment,DP-2026-027576,DisbursementPayment,27576,,4.0,Record vendor payment,2,2026-06-01 12:00:00,2026,6
790687,2026-06-01,2,0.0,181.28,DisbursementPayment,DP-2026-027577,DisbursementPayment,27577,,4.0,Record vendor payment,2,2026-06-01 12:00:00,2026,6
790689,2026-06-01,2,0.0,1305.35,DisbursementPayment,DP-2026-027578,DisbursementPayment,27578,,4.0,Record vendor payment,2,2026-06-01 12:00:00,2026,6
790691,2026-06-01,2,0.0,327.34,DisbursementPayment,DP-2026-027579,DisbursementPayment,27579,,4.0,Record vendor payment,2,2026-06-01 12:00:00,2026,6
790693,2026-06-01,2,0.0,2887.01,DisbursementPayment,DP-2026-027580,DisbursementPayment,27580,,5.0,Record vendor payment,2,2026-06-01 12:00:00,2026,6
790695,2026-06-01,2,0.0,548.6,DisbursementPayment,DP-2026-027581,DisbursementPayment,27581,,4.0,Record vendor payment,2,2026-06-01 12:00:00,2026,6
790697,2026-06-01,2,0.0,256.53,DisbursementPayment,DP-2026-027582,DisbursementPayment,27582,,5.0,Record vendor payment,2,2026-06-01 12:00:00,2026,6
790699,2026-06-01,2,0.0,682.35,DisbursementPayment,DP-2026-027583,DisbursementPayment,27583,,4.0,Record vendor payment,2,2026-06-01 12:00:00,2026,6
790701,2026-06-01,2,0.0,516.93,DisbursementPayment,DP-2026-027584,DisbursementPayment,27584,,4.0,Record vendor payment,2,2026-06-01 12:00:00,2026,6
790703,2026-06-01,2,0.0,997.7,DisbursementPayment,DP-2026-027585,DisbursementPayment,27585,,4.0,Record vendor payment,2,2026-06-01 12:00:00,2026,6
790705,2026-06-01,2,0.0,1168.95,DisbursementPayment,DP-2026-027586,DisbursementPayment,27586,,4.0,Record vendor payment,2,2026-06-01 12:00:00,2026,6
790707,2026-06-01,2,0.0,408.15,DisbursementPayment,DP-2026-027587,DisbursementPayment,27587,,4.0,Record vendor payment,2,2026-06-01 12:00:00,2026,6
790709,2026-06-01,2,0.0,1334.93,DisbursementPayment,DP-2026-027588,DisbursementPayment,27588,,5.0,Record vendor payment,2,2026-06-01 12:00:00,2026,6
790711,2026-06-01,2,0.0,239.41,DisbursementPayment,DP-2026-027589,DisbursementPayment,27589,,4.0,Record vendor payment,2,2026-06-01 12:00:00,2026,6
790713,2026-06-01,2,0.0,2233.67,DisbursementPayment,DP-2026-027590,DisbursementPayment,27590,,4.0,Record vendor payment,2,2026-06-01 12:00:00,2026,6
790715,2026-06-01,2,0.0,5792.43,DisbursementPayment,DP-2026-027591,DisbursementPayment,27591,,4.0,Record vendor payment,2,2026-06-01 12:00:00,2026,6
790717,2026-06-01,2,0.0,189.43,DisbursementPayment,DP-2026-027592,DisbursementPayment,27592,,4.0,Record vendor payment,2,2026-06-01 12:00:00,2026,6
790719,2026-06-01,2,0.0,118.65,DisbursementPayment,DP-2026-027593,DisbursementPayment,27593,,4.0,Record vendor payment,2,2026-06-01 12:00:00,2026,6
790721,2026-06-01,2,0.0,151.52,DisbursementPayment,DP-2026-027594,DisbursementPayment,27594,,4.0,Record vendor payment,2,2026-06-01 12:00:00,2026,6
790723,2026-06-01,2,0.0,565.89,DisbursementPayment,DP-2026-027595,DisbursementPayment,27595,,4.0,Record vendor payment,2,2026-06-01 12:00:00,2026,6
790725,2026-06-01,2,0.0,404.35,DisbursementPayment,DP-2026-027596,DisbursementPayment,27596,,4.0,Record vendor payment,2,2026-06-01 12:00:00,2026,6
790727,2026-06-01,2,0.0,1740.49,DisbursementPayment,DP-2026-027597,DisbursementPayment,27597,,4.0,Record vendor payment,2,2026-06-01 12:00:00,2026,6
790729,2026-06-01,2,0.0,1450.17,DisbursementPayment,DP-2026-027598,DisbursementPayment,27598,,4.0,Record vendor payment,2,2026-06-01 12:00:00,2026,6
790731,2026-06-01,2,0.0,1452.96,DisbursementPayment,DP-2026-027599,DisbursementPayment,27599,,4.0,Record vendor payment,2,2026-06-01 12:00:00,2026,6
790733,2026-06-01,2,0.0,142.79,DisbursementPayment,DP-2026-027600,DisbursementPayment,27600,,4.0,Record vendor payment,2,2026-06-01 12:00:00,2026,6
790735,2026-06-01,2,0.0,942.37,DisbursementPayment,DP-2026-027601,DisbursementPayment,27601,,4.0,Record vendor payment,2,2026-06-01 12:00:00,2026,6
790737,2026-06-01,2,0.0,766.25,DisbursementPayment,DP-2026-027602,DisbursementPayment,27602,,4.0,Record vendor payment,2,2026-06-01 12:00:00,2026,6
790739,2026-06-01,2,0.0,182.58,DisbursementPayment,DP-2026-027603,DisbursementPayment,27603,,4.0,Record vendor payment,2,2026-06-01 12:00:00,2026,6
790741,2026-06-01,2,0.0,1151.65,DisbursementPayment,DP-2026-027604,DisbursementPayment,27604,,4.0,Record vendor payment,2,2026-06-01 12:00:00,2026,6
790743,2026-06-01,2,0.0,148.49,DisbursementPayment,DP-2026-027605,DisbursementPayment,27605,,4.0,Record vendor payment,2,2026-06-01 12:00:00,2026,6
790745,2026-06-01,2,0.0,1986.28,DisbursementPayment,DP-2026-027606,DisbursementPayment,27606,,4.0,Record vendor payment,2,2026-06-01 12:00:00,2026,6
790747,2026-06-01,2,0.0,91.93,DisbursementPayment,DP-2026-027607,DisbursementPayment,27607,,4.0,Record vendor payment,2,2026-06-01 12:00:00,2026,6
790749,2026-06-01,2,0.0,149.85,DisbursementPayment,DP-2026-027608,DisbursementPayment,27608,,5.0,Record vendor payment,2,2026-06-01 12:00:00,2026,6
790751,2026-06-01,2,0.0,18.22,DisbursementPayment,DP-2026-027609,DisbursementPayment,27609,,4.0,Record vendor payment,2,2026-06-01 12:00:00,2026,6
790753,2026-06-01,2,0.0,459.14,DisbursementPayment,DP-2026-027610,DisbursementPayment,27610,,4.0,Record vendor payment,2,2026-06-01 12:00:00,2026,6
790755,2026-06-01,2,0.0,217.18,DisbursementPayment,DP-2026-027611,DisbursementPayment,27611,,4.0,Record vendor payment,2,2026-06-01 12:00:00,2026,6
790757,2026-06-01,2,0.0,754.13,DisbursementPayment,DP-2026-027612,DisbursementPayment,27612,,4.0,Record vendor payment,2,2026-06-01 12:00:00,2026,6
790759,2026-06-01,2,0.0,1197.45,DisbursementPayment,DP-2026-027613,DisbursementPayment,27613,,4.0,Record vendor payment,2,2026-06-01 12:00:00,2026,6
790761,2026-06-01,2,0.0,947.42,DisbursementPayment,DP-2026-027614,DisbursementPayment,27614,,4.0,Record vendor payment,2,2026-06-01 12:00:00,2026,6
790763,2026-06-01,2,0.0,79.01,DisbursementPayment,DP-2026-027615,DisbursementPayment,27615,,4.0,Record vendor payment,2,2026-06-01 12:00:00,2026,6
790765,2026-06-01,2,0.0,214.79,DisbursementPayment,DP-2026-027616,DisbursementPayment,27616,,4.0,Record vendor payment,2,2026-06-01 12:00:00,2026,6
790767,2026-06-01,2,0.0,3648.3,DisbursementPayment,DP-2026-027617,DisbursementPayment,27617,,5.0,Record vendor payment,2,2026-06-01 12:00:00,2026,6
790769,2026-06-01,2,0.0,231.9,DisbursementPayment,DP-2026-027618,DisbursementPayment,27618,,4.0,Record vendor payment,2,2026-06-01 12:00:00,2026,6
790771,2026-06-01,2,0.0,663.45,DisbursementPayment,DP-2026-027619,DisbursementPayment,27619,,4.0,Record vendor payment,2,2026-06-01 12:00:00,2026,6
790773,2026-06-01,2,0.0,1045.96,DisbursementPayment,DP-2026-027620,DisbursementPayment,27620,,4.0,Record vendor payment,2,2026-06-01 12:00:00,2026,6
790775,2026-06-01,2,0.0,1196.95,DisbursementPayment,DP-2026-027621,DisbursementPayment,27621,,4.0,Record vendor payment,2,2026-06-01 12:00:00,2026,6
790777,2026-06-01,2,0.0,1336.78,DisbursementPayment,DP-2026-027622,DisbursementPayment,27622,,4.0,Record vendor payment,2,2026-06-01 12:00:00,2026,6
790779,2026-06-01,2,0.0,0.56,DisbursementPayment,DP-2026-027623,DisbursementPayment,27623,,4.0,Record vendor payment,2,2026-06-01 12:00:00,2026,6
790781,2026-06-01,2,0.0,313.36,DisbursementPayment,DP-2026-027624,DisbursementPayment,27624,,4.0,Record vendor payment,2,2026-06-01 12:00:00,2026,6
790783,2026-06-01,2,0.0,186.18,DisbursementPayment,DP-2026-027625,DisbursementPayment,27625,,4.0,Record vendor payment,2,2026-06-01 12:00:00,2026,6
790785,2026-06-01,2,0.0,60.04,DisbursementPayment,DP-2026-027626,DisbursementPayment,27626,,4.0,Record vendor payment,2,2026-06-01 12:00:00,2026,6
790787,2026-06-01,2,0.0,205.72,DisbursementPayment,DP-2026-027627,DisbursementPayment,27627,,4.0,Record vendor payment,2,2026-06-01 12:00:00,2026,6
790789,2026-06-01,2,0.0,2523.66,DisbursementPayment,DP-2026-027628,DisbursementPayment,27628,,4.0,Record vendor payment,2,2026-06-01 12:00:00,2026,6
790791,2026-06-01,2,0.0,1106.04,DisbursementPayment,DP-2026-027629,DisbursementPayment,27629,,4.0,Record vendor payment,2,2026-06-01 12:00:00,2026,6
790793,2026-06-01,2,0.0,495.84,DisbursementPayment,DP-2026-027630,DisbursementPayment,27630,,4.0,Record vendor payment,2,2026-06-01 12:00:00,2026,6
790795,2026-06-01,2,0.0,419.99,DisbursementPayment,DP-2026-027631,DisbursementPayment,27631,,4.0,Record vendor payment,2,2026-06-01 12:00:00,2026,6
790797,2026-06-01,2,0.0,1466.21,DisbursementPayment,DP-2026-027632,DisbursementPayment,27632,,4.0,Record vendor payment,2,2026-06-01 12:00:00,2026,6
790799,2026-06-01,2,0.0,939.39,DisbursementPayment,DP-2026-027633,DisbursementPayment,27633,,4.0,Record vendor payment,2,2026-06-01 12:00:00,2026,6
790801,2026-06-01,2,0.0,481.5,DisbursementPayment,DP-2026-027634,DisbursementPayment,27634,,4.0,Record vendor payment,2,2026-06-01 12:00:00,2026,6
790803,2026-06-01,2,0.0,1223.57,DisbursementPayment,DP-2026-027635,DisbursementPayment,27635,,4.0,Record vendor payment,2,2026-06-01 12:00:00,2026,6
790805,2026-06-01,2,0.0,102.87,DisbursementPayment,DP-2026-027636,DisbursementPayment,27636,,4.0,Record vendor payment,2,2026-06-01 12:00:00,2026,6
790807,2026-06-01,2,0.0,1206.2,DisbursementPayment,DP-2026-027637,DisbursementPayment,27637,,5.0,Record vendor payment,2,2026-06-01 12:00:00,2026,6
790809,2026-06-01,2,0.0,3105.88,DisbursementPayment,DP-2026-027638,DisbursementPayment,27638,,5.0,Record vendor payment,2,2026-06-01 12:00:00,2026,6
790811,2026-06-01,2,0.0,375.65,DisbursementPayment,DP-2026-027639,DisbursementPayment,27639,,4.0,Record vendor payment,2,2026-06-01 12:00:00,2026,6
790813,2026-06-01,2,0.0,666.84,DisbursementPayment,DP-2026-027640,DisbursementPayment,27640,,4.0,Record vendor payment,2,2026-06-01 12:00:00,2026,6
790815,2026-06-01,2,0.0,608.94,DisbursementPayment,DP-2026-027641,DisbursementPayment,27641,,4.0,Record vendor payment,2,2026-06-01 12:00:00,2026,6
790817,2026-06-01,2,0.0,1264.77,DisbursementPayment,DP-2026-027642,DisbursementPayment,27642,,4.0,Record vendor payment,2,2026-06-01 12:00:00,2026,6
790819,2026-06-01,2,0.0,194.71,DisbursementPayment,DP-2026-027643,DisbursementPayment,27643,,4.0,Record vendor payment,2,2026-06-01 12:00:00,2026,6
790821,2026-06-01,2,0.0,48.42,DisbursementPayment,DP-2026-027644,DisbursementPayment,27644,,4.0,Record vendor payment,2,2026-06-01 12:00:00,2026,6
790823,2026-06-01,2,0.0,1235.59,DisbursementPayment,DP-2026-027645,DisbursementPayment,27645,,4.0,Record vendor payment,2,2026-06-01 12:00:00,2026,6
790825,2026-06-01,2,0.0,1423.74,DisbursementPayment,DP-2026-027646,DisbursementPayment,27646,,4.0,Record vendor payment,2,2026-06-01 12:00:00,2026,6
790827,2026-06-01,2,0.0,394.07,DisbursementPayment,DP-2026-027647,DisbursementPayment,27647,,4.0,Record vendor payment,2,2026-06-01 12:00:00,2026,6
790829,2026-06-01,2,0.0,763.09,DisbursementPayment,DP-2026-027648,DisbursementPayment,27648,,4.0,Record vendor payment,2,2026-06-01 12:00:00,2026,6
790831,2026-06-01,2,0.0,651.73,DisbursementPayment,DP-2026-027649,DisbursementPayment,27649,,4.0,Record vendor payment,2,2026-06-01 12:00:00,2026,6
790833,2026-06-01,2,0.0,44.52,DisbursementPayment,DP-2026-027650,DisbursementPayment,27650,,4.0,Record vendor payment,2,2026-06-01 12:00:00,2026,6
790835,2026-06-01,2,0.0,573.26,DisbursementPayment,DP-2026-027651,DisbursementPayment,27651,,4.0,Record vendor payment,2,2026-06-01 12:00:00,2026,6
790837,2026-06-01,2,0.0,303.87,DisbursementPayment,DP-2026-027652,DisbursementPayment,27652,,4.0,Record vendor payment,2,2026-06-01 12:00:00,2026,6
790839,2026-06-01,2,0.0,1098.35,DisbursementPayment,DP-2026-027653,DisbursementPayment,27653,,4.0,Record vendor payment,2,2026-06-01 12:00:00,2026,6
790841,2026-06-01,2,0.0,235.64,DisbursementPayment,DP-2026-027654,DisbursementPayment,27654,,4.0,Record vendor payment,2,2026-06-01 12:00:00,2026,6
790843,2026-06-01,2,0.0,1290.77,DisbursementPayment,DP-2026-027655,DisbursementPayment,27655,,5.0,Record vendor payment,2,2026-06-01 12:00:00,2026,6
790845,2026-06-01,2,0.0,679.88,DisbursementPayment,DP-2026-027656,DisbursementPayment,27656,,4.0,Record vendor payment,2,2026-06-01 12:00:00,2026,6
790847,2026-06-01,2,0.0,1135.12,DisbursementPayment,DP-2026-027657,DisbursementPayment,27657,,4.0,Record vendor payment,2,2026-06-01 12:00:00,2026,6
790849,2026-06-01,2,0.0,544.23,DisbursementPayment,DP-2026-027658,DisbursementPayment,27658,,4.0,Record vendor payment,2,2026-06-01 12:00:00,2026,6
790851,2026-06-01,2,0.0,365.36,DisbursementPayment,DP-2026-027659,DisbursementPayment,27659,,4.0,Record vendor payment,2,2026-06-01 12:00:00,2026,6
790853,2026-06-01,2,0.0,17083.42,DisbursementPayment,DP-2026-027660,DisbursementPayment,27660,,4.0,Record vendor payment,2,2026-06-01 12:00:00,2026,6
790855,2026-06-01,2,0.0,212.29,DisbursementPayment,DP-2026-027661,DisbursementPayment,27661,,4.0,Record vendor payment,2,2026-06-01 12:00:00,2026,6
790857,2026-06-01,2,0.0,789.54,DisbursementPayment,DP-2026-027662,DisbursementPayment,27662,,4.0,Record vendor payment,2,2026-06-01 12:00:00,2026,6
790859,2026-06-01,2,0.0,1664.86,DisbursementPayment,DP-2026-027663,DisbursementPayment,27663,,4.0,Record vendor payment,2,2026-06-01 12:00:00,2026,6
790861,2026-06-01,2,0.0,1487.27,DisbursementPayment,DP-2026-027664,DisbursementPayment,27664,,4.0,Record vendor payment,2,2026-06-01 12:00:00,2026,6
790863,2026-06-01,2,0.0,868.01,DisbursementPayment,DP-2026-027665,DisbursementPayment,27665,,4.0,Record vendor payment,2,2026-06-01 12:00:00,2026,6
790865,2026-06-01,2,0.0,2134.9,DisbursementPayment,DP-2026-027666,DisbursementPayment,27666,,4.0,Record vendor payment,2,2026-06-01 12:00:00,2026,6
790867,2026-06-01,2,0.0,536.47,DisbursementPayment,DP-2026-027667,DisbursementPayment,27667,,4.0,Record vendor payment,2,2026-06-01 12:00:00,2026,6
790869,2026-06-01,2,0.0,136.45,DisbursementPayment,DP-2026-027668,DisbursementPayment,27668,,4.0,Record vendor payment,2,2026-06-01 12:00:00,2026,6
790871,2026-06-01,2,0.0,672.68,DisbursementPayment,DP-2026-027669,DisbursementPayment,27669,,4.0,Record vendor payment,2,2026-06-01 12:00:00,2026,6
790873,2026-06-01,2,0.0,157.82,DisbursementPayment,DP-2026-027670,DisbursementPayment,27670,,4.0,Record vendor payment,2,2026-06-01 12:00:00,2026,6
790875,2026-06-01,2,0.0,145.92,DisbursementPayment,DP-2026-027671,DisbursementPayment,27671,,4.0,Record vendor payment,2,2026-06-01 12:00:00,2026,6
790877,2026-06-01,2,0.0,293.26,DisbursementPayment,DP-2026-027672,DisbursementPayment,27672,,4.0,Record vendor payment,2,2026-06-01 12:00:00,2026,6
790879,2026-06-01,2,0.0,564.69,DisbursementPayment,DP-2026-027673,DisbursementPayment,27673,,4.0,Record vendor payment,2,2026-06-01 12:00:00,2026,6
790881,2026-06-01,2,0.0,899.39,DisbursementPayment,DP-2026-027674,DisbursementPayment,27674,,4.0,Record vendor payment,2,2026-06-01 12:00:00,2026,6
790883,2026-06-01,2,0.0,276.31,DisbursementPayment,DP-2026-027675,DisbursementPayment,27675,,4.0,Record vendor payment,2,2026-06-01 12:00:00,2026,6
790885,2026-06-01,2,0.0,5624.42,DisbursementPayment,DP-2026-027676,DisbursementPayment,27676,,4.0,Record vendor payment,2,2026-06-01 12:00:00,2026,6
790887,2026-06-01,2,0.0,329.69,DisbursementPayment,DP-2026-027677,DisbursementPayment,27677,,4.0,Record vendor payment,2,2026-06-01 12:00:00,2026,6
790889,2026-06-01,2,0.0,479.47,DisbursementPayment,DP-2026-027678,DisbursementPayment,27678,,4.0,Record vendor payment,2,2026-06-01 12:00:00,2026,6
790891,2026-06-01,2,0.0,38.19,DisbursementPayment,DP-2026-027679,DisbursementPayment,27679,,4.0,Record vendor payment,2,2026-06-01 12:00:00,2026,6
790893,2026-06-01,2,0.0,282.3,DisbursementPayment,DP-2026-027680,DisbursementPayment,27680,,4.0,Record vendor payment,2,2026-06-01 12:00:00,2026,6
790895,2026-06-01,2,0.0,58.64,DisbursementPayment,DP-2026-027681,DisbursementPayment,27681,,4.0,Record vendor payment,2,2026-06-01 12:00:00,2026,6
790897,2026-06-01,2,0.0,137.09,DisbursementPayment,DP-2026-027682,DisbursementPayment,27682,,4.0,Record vendor payment,2,2026-06-01 12:00:00,2026,6
790899,2026-06-01,2,0.0,260.66,DisbursementPayment,DP-2026-027683,DisbursementPayment,27683,,4.0,Record vendor payment,2,2026-06-01 12:00:00,2026,6
790901,2026-06-01,2,0.0,157.56,DisbursementPayment,DP-2026-027684,DisbursementPayment,27684,,4.0,Record vendor payment,2,2026-06-01 12:00:00,2026,6
790903,2026-06-01,2,0.0,21.74,DisbursementPayment,DP-2026-027685,DisbursementPayment,27685,,4.0,Record vendor payment,2,2026-06-01 12:00:00,2026,6
790905,2026-06-01,2,0.0,61.56,DisbursementPayment,DP-2026-027686,DisbursementPayment,27686,,4.0,Record vendor payment,2,2026-06-01 12:00:00,2026,6
790907,2026-06-01,2,0.0,742.48,DisbursementPayment,DP-2026-027687,DisbursementPayment,27687,,4.0,Record vendor payment,2,2026-06-01 12:00:00,2026,6
790909,2026-06-01,2,0.0,81.32,DisbursementPayment,DP-2026-027688,DisbursementPayment,27688,,5.0,Record vendor payment,2,2026-06-01 12:00:00,2026,6
790911,2026-06-01,2,0.0,634.54,DisbursementPayment,DP-2026-027689,DisbursementPayment,27689,,4.0,Record vendor payment,2,2026-06-01 12:00:00,2026,6
790913,2026-06-01,2,0.0,2039.65,DisbursementPayment,DP-2026-027690,DisbursementPayment,27690,,4.0,Record vendor payment,2,2026-06-01 12:00:00,2026,6
790915,2026-06-01,2,0.0,161.71,DisbursementPayment,DP-2026-027691,DisbursementPayment,27691,,5.0,Record vendor payment,2,2026-06-01 12:00:00,2026,6
790917,2026-06-01,2,0.0,90.31,DisbursementPayment,DP-2026-027692,DisbursementPayment,27692,,4.0,Record vendor payment,2,2026-06-01 12:00:00,2026,6
790919,2026-06-01,2,0.0,234.89,DisbursementPayment,DP-2026-027693,DisbursementPayment,27693,,4.0,Record vendor payment,2,2026-06-01 12:00:00,2026,6
790921,2026-06-01,2,0.0,329.86,DisbursementPayment,DP-2026-027694,DisbursementPayment,27694,,4.0,Record vendor payment,2,2026-06-01 12:00:00,2026,6
790923,2026-06-01,2,0.0,963.85,DisbursementPayment,DP-2026-027695,DisbursementPayment,27695,,4.0,Record vendor payment,2,2026-06-01 12:00:00,2026,6
790925,2026-06-01,2,0.0,267.74,DisbursementPayment,DP-2026-027696,DisbursementPayment,27696,,4.0,Record vendor payment,2,2026-06-01 12:00:00,2026,6
790927,2026-06-01,2,0.0,514.01,DisbursementPayment,DP-2026-027697,DisbursementPayment,27697,,4.0,Record vendor payment,2,2026-06-01 12:00:00,2026,6
790929,2026-06-01,2,0.0,497.24,DisbursementPayment,DP-2026-027698,DisbursementPayment,27698,,4.0,Record vendor payment,2,2026-06-01 12:00:00,2026,6
790931,2026-06-01,2,0.0,2035.43,DisbursementPayment,DP-2026-027699,DisbursementPayment,27699,,4.0,Record vendor payment,2,2026-06-01 12:00:00,2026,6
790933,2026-06-01,2,0.0,695.08,DisbursementPayment,DP-2026-027700,DisbursementPayment,27700,,4.0,Record vendor payment,2,2026-06-01 12:00:00,2026,6
790935,2026-06-01,2,0.0,728.98,DisbursementPayment,DP-2026-027701,DisbursementPayment,27701,,4.0,Record vendor payment,2,2026-06-01 12:00:00,2026,6
790937,2026-06-01,2,0.0,463.23,DisbursementPayment,DP-2026-027702,DisbursementPayment,27702,,4.0,Record vendor payment,2,2026-06-01 12:00:00,2026,6
790939,2026-06-01,2,0.0,593.48,DisbursementPayment,DP-2026-027703,DisbursementPayment,27703,,4.0,Record vendor payment,2,2026-06-01 12:00:00,2026,6
790941,2026-06-01,2,0.0,454.09,DisbursementPayment,DP-2026-027704,DisbursementPayment,27704,,4.0,Record vendor payment,2,2026-06-01 12:00:00,2026,6
790943,2026-06-01,2,0.0,32.51,DisbursementPayment,DP-2026-027705,DisbursementPayment,27705,,4.0,Record vendor payment,2,2026-06-01 12:00:00,2026,6
790945,2026-06-01,2,0.0,27.97,DisbursementPayment,DP-2026-027706,DisbursementPayment,27706,,4.0,Record vendor payment,2,2026-06-01 12:00:00,2026,6
790947,2026-06-01,2,0.0,20.5,DisbursementPayment,DP-2026-027707,DisbursementPayment,27707,,4.0,Record vendor payment,2,2026-06-01 12:00:00,2026,6
790949,2026-06-01,2,0.0,170.57,DisbursementPayment,DP-2026-027708,DisbursementPayment,27708,,4.0,Record vendor payment,2,2026-06-01 12:00:00,2026,6
790951,2026-06-01,2,0.0,562.27,DisbursementPayment,DP-2026-027709,DisbursementPayment,27709,,4.0,Record vendor payment,2,2026-06-01 12:00:00,2026,6
790953,2026-06-01,2,0.0,577.89,DisbursementPayment,DP-2026-027710,DisbursementPayment,27710,,4.0,Record vendor payment,2,2026-06-01 12:00:00,2026,6
790955,2026-06-01,2,0.0,941.43,DisbursementPayment,DP-2026-027711,DisbursementPayment,27711,,4.0,Record vendor payment,2,2026-06-01 12:00:00,2026,6
790957,2026-06-01,2,0.0,791.33,DisbursementPayment,DP-2026-027712,DisbursementPayment,27712,,4.0,Record vendor payment,2,2026-06-01 12:00:00,2026,6
790959,2026-06-01,2,0.0,704.64,DisbursementPayment,DP-2026-027713,DisbursementPayment,27713,,4.0,Record vendor payment,2,2026-06-01 12:00:00,2026,6
790961,2026-06-01,2,0.0,780.47,DisbursementPayment,DP-2026-027714,DisbursementPayment,27714,,4.0,Record vendor payment,2,2026-06-01 12:00:00,2026,6
790963,2026-06-01,2,0.0,133.82,DisbursementPayment,DP-2026-027715,DisbursementPayment,27715,,5.0,Record vendor payment,2,2026-06-01 12:00:00,2026,6
790965,2026-06-01,2,0.0,1067.54,DisbursementPayment,DP-2026-027716,DisbursementPayment,27716,,4.0,Record vendor payment,2,2026-06-01 12:00:00,2026,6
790967,2026-06-01,2,0.0,457.71,DisbursementPayment,DP-2026-027717,DisbursementPayment,27717,,4.0,Record vendor payment,2,2026-06-01 12:00:00,2026,6
790969,2026-06-01,2,0.0,138.47,DisbursementPayment,DP-2026-027718,DisbursementPayment,27718,,4.0,Record vendor payment,2,2026-06-01 12:00:00,2026,6
790971,2026-06-01,2,0.0,794.91,DisbursementPayment,DP-2026-027719,DisbursementPayment,27719,,5.0,Record vendor payment,2,2026-06-01 12:00:00,2026,6
790973,2026-06-01,2,0.0,338.52,DisbursementPayment,DP-2026-027720,DisbursementPayment,27720,,4.0,Record vendor payment,2,2026-06-01 12:00:00,2026,6
790975,2026-06-01,2,0.0,745.73,DisbursementPayment,DP-2026-027721,DisbursementPayment,27721,,4.0,Record vendor payment,2,2026-06-01 12:00:00,2026,6
790977,2026-06-01,2,0.0,717.98,DisbursementPayment,DP-2026-027722,DisbursementPayment,27722,,4.0,Record vendor payment,2,2026-06-01 12:00:00,2026,6
790979,2026-06-01,2,0.0,150.29,DisbursementPayment,DP-2026-027723,DisbursementPayment,27723,,4.0,Record vendor payment,2,2026-06-01 12:00:00,2026,6
790981,2026-06-01,2,0.0,507.1,DisbursementPayment,DP-2026-027724,DisbursementPayment,27724,,4.0,Record vendor payment,2,2026-06-01 12:00:00,2026,6
790983,2026-06-01,2,0.0,1106.14,DisbursementPayment,DP-2026-027725,DisbursementPayment,27725,,4.0,Record vendor payment,2,2026-06-01 12:00:00,2026,6
790985,2026-06-01,2,0.0,141.78,DisbursementPayment,DP-2026-027726,DisbursementPayment,27726,,4.0,Record vendor payment,2,2026-06-01 12:00:00,2026,6
790987,2026-06-01,2,0.0,454.04,DisbursementPayment,DP-2026-027727,DisbursementPayment,27727,,4.0,Record vendor payment,2,2026-06-01 12:00:00,2026,6
790989,2026-06-01,2,0.0,818.96,DisbursementPayment,DP-2026-027728,DisbursementPayment,27728,,4.0,Record vendor payment,2,2026-06-01 12:00:00,2026,6
790991,2026-06-01,2,0.0,524.26,DisbursementPayment,DP-2026-027729,DisbursementPayment,27729,,4.0,Record vendor payment,2,2026-06-01 12:00:00,2026,6
790993,2026-06-01,2,0.0,102.18,DisbursementPayment,DP-2026-027730,DisbursementPayment,27730,,4.0,Record vendor payment,2,2026-06-01 12:00:00,2026,6
790995,2026-06-01,2,0.0,733.19,DisbursementPayment,DP-2026-027731,DisbursementPayment,27731,,4.0,Record vendor payment,2,2026-06-01 12:00:00,2026,6
790997,2026-06-01,2,0.0,700.09,DisbursementPayment,DP-2026-027732,DisbursementPayment,27732,,4.0,Record vendor payment,2,2026-06-01 12:00:00,2026,6
790999,2026-06-01,2,0.0,502.8,DisbursementPayment,DP-2026-027733,DisbursementPayment,27733,,4.0,Record vendor payment,2,2026-06-01 12:00:00,2026,6
791001,2026-06-01,2,0.0,583.47,DisbursementPayment,DP-2026-027734,DisbursementPayment,27734,,4.0,Record vendor payment,2,2026-06-01 12:00:00,2026,6
791003,2026-06-01,2,0.0,423.05,DisbursementPayment,DP-2026-027735,DisbursementPayment,27735,,4.0,Record vendor payment,2,2026-06-01 12:00:00,2026,6
791005,2026-06-01,2,0.0,904.99,DisbursementPayment,DP-2026-027736,DisbursementPayment,27736,,4.0,Record vendor payment,2,2026-06-01 12:00:00,2026,6
791007,2026-06-01,2,0.0,962.33,DisbursementPayment,DP-2026-027737,DisbursementPayment,27737,,4.0,Record vendor payment,2,2026-06-01 12:00:00,2026,6
791009,2026-06-01,2,0.0,1639.75,DisbursementPayment,DP-2026-027738,DisbursementPayment,27738,,4.0,Record vendor payment,2,2026-06-01 12:00:00,2026,6
791011,2026-06-01,2,0.0,223.21,DisbursementPayment,DP-2026-027739,DisbursementPayment,27739,,4.0,Record vendor payment,2,2026-06-01 12:00:00,2026,6
791013,2026-06-01,2,0.0,1011.48,DisbursementPayment,DP-2026-027740,DisbursementPayment,27740,,4.0,Record vendor payment,2,2026-06-01 12:00:00,2026,6
791015,2026-06-01,2,0.0,132.31,DisbursementPayment,DP-2026-027741,DisbursementPayment,27741,,4.0,Record vendor payment,2,2026-06-01 12:00:00,2026,6
791017,2026-06-01,2,0.0,723.92,DisbursementPayment,DP-2026-027742,DisbursementPayment,27742,,4.0,Record vendor payment,2,2026-06-01 12:00:00,2026,6
791019,2026-06-01,2,0.0,588.41,DisbursementPayment,DP-2026-027743,DisbursementPayment,27743,,4.0,Record vendor payment,2,2026-06-01 12:00:00,2026,6
791021,2026-06-01,2,0.0,729.2,DisbursementPayment,DP-2026-027744,DisbursementPayment,27744,,4.0,Record vendor payment,2,2026-06-01 12:00:00,2026,6
791023,2026-06-01,2,0.0,173.15,DisbursementPayment,DP-2026-027745,DisbursementPayment,27745,,4.0,Record vendor payment,2,2026-06-01 12:00:00,2026,6
791025,2026-06-01,2,0.0,1011.92,DisbursementPayment,DP-2026-027746,DisbursementPayment,27746,,4.0,Record vendor payment,2,2026-06-01 12:00:00,2026,6
791027,2026-06-01,2,0.0,220.49,DisbursementPayment,DP-2026-027747,DisbursementPayment,27747,,4.0,Record vendor payment,2,2026-06-01 12:00:00,2026,6
791029,2026-06-01,2,0.0,953.79,DisbursementPayment,DP-2026-027748,DisbursementPayment,27748,,4.0,Record vendor payment,2,2026-06-01 12:00:00,2026,6
791031,2026-06-01,2,0.0,1306.49,DisbursementPayment,DP-2026-027749,DisbursementPayment,27749,,5.0,Record vendor payment,2,2026-06-01 12:00:00,2026,6
791033,2026-06-01,2,0.0,2838.93,DisbursementPayment,DP-2026-027750,DisbursementPayment,27750,,5.0,Record vendor payment,2,2026-06-01 12:00:00,2026,6
791035,2026-06-01,2,0.0,102.84,DisbursementPayment,DP-2026-027751,DisbursementPayment,27751,,4.0,Record vendor payment,2,2026-06-01 12:00:00,2026,6
791037,2026-06-01,2,0.0,1277.19,DisbursementPayment,DP-2026-027752,DisbursementPayment,27752,,4.0,Record vendor payment,2,2026-06-01 12:00:00,2026,6
791039,2026-06-01,2,0.0,2998.54,DisbursementPayment,DP-2026-027753,DisbursementPayment,27753,,5.0,Record vendor payment,2,2026-06-01 12:00:00,2026,6
791041,2026-06-01,2,0.0,650.28,DisbursementPayment,DP-2026-027754,DisbursementPayment,27754,,4.0,Record vendor payment,2,2026-06-01 12:00:00,2026,6
791043,2026-06-01,2,0.0,197.22,DisbursementPayment,DP-2026-027755,DisbursementPayment,27755,,4.0,Record vendor payment,2,2026-06-01 12:00:00,2026,6
791045,2026-06-01,2,0.0,586.91,DisbursementPayment,DP-2026-027756,DisbursementPayment,27756,,5.0,Record vendor payment,2,2026-06-01 12:00:00,2026,6
791047,2026-06-01,2,0.0,647.98,DisbursementPayment,DP-2026-027757,DisbursementPayment,27757,,5.0,Record vendor payment,2,2026-06-01 12:00:00,2026,6
791049,2026-06-01,2,0.0,560.07,DisbursementPayment,DP-2026-027758,DisbursementPayment,27758,,4.0,Record vendor payment,2,2026-06-01 12:00:00,2026,6
791051,2026-06-01,2,0.0,1001.81,DisbursementPayment,DP-2026-027759,DisbursementPayment,27759,,4.0,Record vendor payment,2,2026-06-01 12:00:00,2026,6
791053,2026-06-01,2,0.0,114.0,DisbursementPayment,DP-2026-027760,DisbursementPayment,27760,,4.0,Record vendor payment,2,2026-06-01 12:00:00,2026,6
791055,2026-06-01,2,0.0,480.74,DisbursementPayment,DP-2026-027761,DisbursementPayment,27761,,4.0,Record vendor payment,2,2026-06-01 12:00:00,2026,6
791057,2026-06-01,2,0.0,511.05,DisbursementPayment,DP-2026-027762,DisbursementPayment,27762,,4.0,Record vendor payment,2,2026-06-01 12:00:00,2026,6
791059,2026-06-01,2,0.0,376.66,DisbursementPayment,DP-2026-027763,DisbursementPayment,27763,,4.0,Record vendor payment,2,2026-06-01 12:00:00,2026,6
791061,2026-06-01,2,0.0,657.6,DisbursementPayment,DP-2026-027764,DisbursementPayment,27764,,4.0,Record vendor payment,2,2026-06-01 12:00:00,2026,6
791063,2026-06-02,2,0.0,1154.22,DisbursementPayment,DP-2026-027765,DisbursementPayment,27765,,4.0,Record vendor payment,2,2026-06-02 12:00:00,2026,6
791065,2026-06-02,2,0.0,807.74,DisbursementPayment,DP-2026-027766,DisbursementPayment,27766,,4.0,Record vendor payment,2,2026-06-02 12:00:00,2026,6
791067,2026-06-01,2,0.0,13900.37,DisbursementPayment,DP-2026-027767,DisbursementPayment,27767,,4.0,Record vendor payment,2,2026-06-01 12:00:00,2026,6
791069,2026-06-01,2,0.0,94.21,DisbursementPayment,DP-2026-027768,DisbursementPayment,27768,,4.0,Record vendor payment,2,2026-06-01 12:00:00,2026,6
791071,2026-06-01,2,0.0,41.52,DisbursementPayment,DP-2026-027769,DisbursementPayment,27769,,4.0,Record vendor payment,2,2026-06-01 12:00:00,2026,6
791073,2026-06-01,2,0.0,256.65,DisbursementPayment,DP-2026-027770,DisbursementPayment,27770,,4.0,Record vendor payment,2,2026-06-01 12:00:00,2026,6
791075,2026-06-02,2,0.0,294.09,DisbursementPayment,DP-2026-027771,DisbursementPayment,27771,,4.0,Record vendor payment,2,2026-06-02 12:00:00,2026,6
791077,2026-06-01,2,0.0,300.4,DisbursementPayment,DP-2026-027772,DisbursementPayment,27772,,4.0,Record vendor payment,2,2026-06-01 12:00:00,2026,6
791079,2026-06-01,2,0.0,1606.39,DisbursementPayment,DP-2026-027773,DisbursementPayment,27773,,4.0,Record vendor payment,2,2026-06-01 12:00:00,2026,6
791081,2026-06-02,2,0.0,515.27,DisbursementPayment,DP-2026-027774,DisbursementPayment,27774,,4.0,Record vendor payment,2,2026-06-02 12:00:00,2026,6
791083,2026-06-01,2,0.0,2106.69,DisbursementPayment,DP-2026-027775,DisbursementPayment,27775,,4.0,Record vendor payment,2,2026-06-01 12:00:00,2026,6
791085,2026-06-01,2,0.0,31.18,DisbursementPayment,DP-2026-027776,DisbursementPayment,27776,,4.0,Record vendor payment,2,2026-06-01 12:00:00,2026,6
791087,2026-06-01,2,0.0,361.51,DisbursementPayment,DP-2026-027777,DisbursementPayment,27777,,4.0,Record vendor payment,2,2026-06-01 12:00:00,2026,6
791089,2026-06-01,2,0.0,265.12,DisbursementPayment,DP-2026-027778,DisbursementPayment,27778,,4.0,Record vendor payment,2,2026-06-01 12:00:00,2026,6
791091,2026-06-02,2,0.0,64.71,DisbursementPayment,DP-2026-027779,DisbursementPayment,27779,,4.0,Record vendor payment,2,2026-06-02 12:00:00,2026,6
791093,2026-06-01,2,0.0,12732.73,DisbursementPayment,DP-2026-027780,DisbursementPayment,27780,,4.0,Record vendor payment,2,2026-06-01 12:00:00,2026,6
791095,2026-06-02,2,0.0,817.86,DisbursementPayment,DP-2026-027781,DisbursementPayment,27781,,4.0,Record vendor payment,2,2026-06-02 12:00:00,2026,6
791097,2026-06-02,2,0.0,583.11,DisbursementPayment,DP-2026-027782,DisbursementPayment,27782,,4.0,Record vendor payment,2,2026-06-02 12:00:00,2026,6
791099,2026-06-03,2,0.0,39.01,DisbursementPayment,DP-2026-027783,DisbursementPayment,27783,,4.0,Record vendor payment,2,2026-06-03 12:00:00,2026,6
791101,2026-06-02,2,0.0,251.08,DisbursementPayment,DP-2026-027784,DisbursementPayment,27784,,4.0,Record vendor payment,2,2026-06-02 12:00:00,2026,6
791103,2026-06-02,2,0.0,812.67,DisbursementPayment,DP-2026-027785,DisbursementPayment,27785,,4.0,Record vendor payment,2,2026-06-02 12:00:00,2026,6
791105,2026-06-01,2,0.0,954.82,DisbursementPayment,DP-2026-027786,DisbursementPayment,27786,,5.0,Record vendor payment,2,2026-06-01 12:00:00,2026,6
791107,2026-06-01,2,0.0,211.53,DisbursementPayment,DP-2026-027787,DisbursementPayment,27787,,4.0,Record vendor payment,2,2026-06-01 12:00:00,2026,6
791109,2026-06-03,2,0.0,240.86,DisbursementPayment,DP-2026-027788,DisbursementPayment,27788,,4.0,Record vendor payment,2,2026-06-03 12:00:00,2026,6
791111,2026-06-01,2,0.0,739.4,DisbursementPayment,DP-2026-027789,DisbursementPayment,27789,,4.0,Record vendor payment,2,2026-06-01 12:00:00,2026,6
791113,2026-06-01,2,0.0,3395.76,DisbursementPayment,DP-2026-027790,DisbursementPayment,27790,,4.0,Record vendor payment,2,2026-06-01 12:00:00,2026,6
791115,2026-06-01,2,0.0,669.05,DisbursementPayment,DP-2026-027791,DisbursementPayment,27791,,4.0,Record vendor payment,2,2026-06-01 12:00:00,2026,6
791117,2026-06-01,2,0.0,702.18,DisbursementPayment,DP-2026-027792,DisbursementPayment,27792,,4.0,Record vendor payment,2,2026-06-01 12:00:00,2026,6
791119,2026-06-01,2,0.0,495.01,DisbursementPayment,DP-2026-027793,DisbursementPayment,27793,,4.0,Record vendor payment,2,2026-06-01 12:00:00,2026,6
791121,2026-06-01,2,0.0,289.67,DisbursementPayment,DP-2026-027794,DisbursementPayment,27794,,4.0,Record vendor payment,2,2026-06-01 12:00:00,2026,6
791123,2026-06-01,2,0.0,56.58,DisbursementPayment,DP-2026-027795,DisbursementPayment,27795,,4.0,Record vendor payment,2,2026-06-01 12:00:00,2026,6
791125,2026-06-03,2,0.0,1480.1,DisbursementPayment,DP-2026-027796,DisbursementPayment,27796,,4.0,Record vendor payment,2,2026-06-03 12:00:00,2026,6
791127,2026-06-01,2,0.0,444.38,DisbursementPayment,DP-2026-027797,DisbursementPayment,27797,,5.0,Record vendor payment,2,2026-06-01 12:00:00,2026,6
791129,2026-06-02,2,0.0,29469.0,DisbursementPayment,DP-2026-027798,DisbursementPayment,27798,,4.0,Record vendor payment,2,2026-06-02 12:00:00,2026,6
791131,2026-06-03,2,0.0,4544.72,DisbursementPayment,DP-2026-027799,DisbursementPayment,27799,,5.0,Record vendor payment,2,2026-06-03 12:00:00,2026,6
791133,2026-06-04,2,0.0,290.68,DisbursementPayment,DP-2026-027800,DisbursementPayment,27800,,4.0,Record vendor payment,2,2026-06-04 12:00:00,2026,6
791135,2026-06-03,2,0.0,280.82,DisbursementPayment,DP-2026-027801,DisbursementPayment,27801,,4.0,Record vendor payment,2,2026-06-03 12:00:00,2026,6
791137,2026-06-04,2,0.0,688.11,DisbursementPayment,DP-2026-027802,DisbursementPayment,27802,,4.0,Record vendor payment,2,2026-06-04 12:00:00,2026,6
791139,2026-06-02,2,0.0,1620.66,DisbursementPayment,DP-2026-027803,DisbursementPayment,27803,,5.0,Record vendor payment,2,2026-06-02 12:00:00,2026,6
791141,2026-06-04,2,0.0,726.18,DisbursementPayment,DP-2026-027804,DisbursementPayment,27804,,5.0,Record vendor payment,2,2026-06-04 12:00:00,2026,6
791143,2026-06-04,2,0.0,288.32,DisbursementPayment,DP-2026-027805,DisbursementPayment,27805,,4.0,Record vendor payment,2,2026-06-04 12:00:00,2026,6
791145,2026-06-01,2,0.0,253.23,DisbursementPayment,DP-2026-027806,DisbursementPayment,27806,,4.0,Record vendor payment,2,2026-06-01 12:00:00,2026,6
791147,2026-06-02,2,0.0,454.46,DisbursementPayment,DP-2026-027807,DisbursementPayment,27807,,4.0,Record vendor payment,2,2026-06-02 12:00:00,2026,6
791149,2026-06-04,2,0.0,653.21,DisbursementPayment,DP-2026-027808,DisbursementPayment,27808,,4.0,Record vendor payment,2,2026-06-04 12:00:00,2026,6
791151,2026-06-01,2,0.0,114.55,DisbursementPayment,DP-2026-027809,DisbursementPayment,27809,,4.0,Record vendor payment,2,2026-06-01 12:00:00,2026,6
791153,2026-06-02,2,0.0,596.78,DisbursementPayment,DP-2026-027810,DisbursementPayment,27810,,4.0,Record vendor payment,2,2026-06-02 12:00:00,2026,6
791155,2026-06-03,2,0.0,53.9,DisbursementPayment,DP-2026-027811,DisbursementPayment,27811,,4.0,Record vendor payment,2,2026-06-03 12:00:00,2026,6
791157,2026-06-01,2,0.0,120.77,DisbursementPayment,DP-2026-027812,DisbursementPayment,27812,,4.0,Record vendor payment,2,2026-06-01 12:00:00,2026,6
791159,2026-06-02,2,0.0,1023.99,DisbursementPayment,DP-2026-027813,DisbursementPayment,27813,,4.0,Record vendor payment,2,2026-06-02 12:00:00,2026,6
791161,2026-06-02,2,0.0,514.87,DisbursementPayment,DP-2026-027814,DisbursementPayment,27814,,4.0,Record vendor payment,2,2026-06-02 12:00:00,2026,6
791163,2026-06-01,2,0.0,1225.51,DisbursementPayment,DP-2026-027815,DisbursementPayment,27815,,4.0,Record vendor payment,2,2026-06-01 12:00:00,2026,6
791165,2026-06-01,2,0.0,917.71,DisbursementPayment,DP-2026-027816,DisbursementPayment,27816,,5.0,Record vendor payment,2,2026-06-01 12:00:00,2026,6
791167,2026-06-02,2,0.0,1168.59,DisbursementPayment,DP-2026-027817,DisbursementPayment,27817,,4.0,Record vendor payment,2,2026-06-02 12:00:00,2026,6
791169,2026-06-04,2,0.0,72.71,DisbursementPayment,DP-2026-027818,DisbursementPayment,27818,,4.0,Record vendor payment,2,2026-06-04 12:00:00,2026,6
791171,2026-06-02,2,0.0,498.52,DisbursementPayment,DP-2026-027819,DisbursementPayment,27819,,4.0,Record vendor payment,2,2026-06-02 12:00:00,2026,6
791173,2026-06-01,2,0.0,664.23,DisbursementPayment,DP-2026-027820,DisbursementPayment,27820,,4.0,Record vendor payment,2,2026-06-01 12:00:00,2026,6
791175,2026-06-03,2,0.0,247.0,DisbursementPayment,DP-2026-027821,DisbursementPayment,27821,,4.0,Record vendor payment,2,2026-06-03 12:00:00,2026,6
791177,2026-06-03,2,0.0,343.16,DisbursementPayment,DP-2026-027822,DisbursementPayment,27822,,4.0,Record vendor payment,2,2026-06-03 12:00:00,2026,6
791179,2026-06-03,2,0.0,200.46,DisbursementPayment,DP-2026-027823,DisbursementPayment,27823,,4.0,Record vendor payment,2,2026-06-03 12:00:00,2026,6
791181,2026-06-03,2,0.0,168.84,DisbursementPayment,DP-2026-027824,DisbursementPayment,27824,,4.0,Record vendor payment,2,2026-06-03 12:00:00,2026,6
791183,2026-06-02,2,0.0,152.97,DisbursementPayment,DP-2026-027825,DisbursementPayment,27825,,4.0,Record vendor payment,2,2026-06-02 12:00:00,2026,6
791185,2026-06-02,2,0.0,643.52,DisbursementPayment,DP-2026-027826,DisbursementPayment,27826,,4.0,Record vendor payment,2,2026-06-02 12:00:00,2026,6
791187,2026-06-03,2,0.0,806.55,DisbursementPayment,DP-2026-027827,DisbursementPayment,27827,,4.0,Record vendor payment,2,2026-06-03 12:00:00,2026,6
791189,2026-06-05,2,0.0,355.11,DisbursementPayment,DP-2026-027828,DisbursementPayment,27828,,4.0,Record vendor payment,2,2026-06-05 12:00:00,2026,6
791191,2026-06-02,2,0.0,173.26,DisbursementPayment,DP-2026-027829,DisbursementPayment,27829,,4.0,Record vendor payment,2,2026-06-02 12:00:00,2026,6
791193,2026-06-05,2,0.0,421.37,DisbursementPayment,DP-2026-027830,DisbursementPayment,27830,,4.0,Record vendor payment,2,2026-06-05 12:00:00,2026,6
791195,2026-06-01,2,0.0,472.5,DisbursementPayment,DP-2026-027831,DisbursementPayment,27831,,4.0,Record vendor payment,2,2026-06-01 12:00:00,2026,6
791197,2026-06-05,2,0.0,569.17,DisbursementPayment,DP-2026-027832,DisbursementPayment,27832,,4.0,Record vendor payment,2,2026-06-05 12:00:00,2026,6
791199,2026-06-03,2,0.0,2440.77,DisbursementPayment,DP-2026-027833,DisbursementPayment,27833,,4.0,Record vendor payment,2,2026-06-03 12:00:00,2026,6
791201,2026-06-02,2,0.0,806.91,DisbursementPayment,DP-2026-027834,DisbursementPayment,27834,,4.0,Record vendor payment,2,2026-06-02 12:00:00,2026,6
791203,2026-06-04,2,0.0,731.8,DisbursementPayment,DP-2026-027835,DisbursementPayment,27835,,4.0,Record vendor payment,2,2026-06-04 12:00:00,2026,6
791205,2026-06-03,2,0.0,1277.02,DisbursementPayment,DP-2026-027836,DisbursementPayment,27836,,4.0,Record vendor payment,2,2026-06-03 12:00:00,2026,6
791207,2026-06-02,2,0.0,507.1,DisbursementPayment,DP-2026-027837,DisbursementPayment,27837,,4.0,Record vendor payment,2,2026-06-02 12:00:00,2026,6
791209,2026-06-04,2,0.0,1505.1,DisbursementPayment,DP-2026-027838,DisbursementPayment,27838,,4.0,Record vendor payment,2,2026-06-04 12:00:00,2026,6
791211,2026-06-02,2,0.0,737.71,DisbursementPayment,DP-2026-027839,DisbursementPayment,27839,,4.0,Record vendor payment,2,2026-06-02 12:00:00,2026,6
791213,2026-06-05,2,0.0,1717.21,DisbursementPayment,DP-2026-027840,DisbursementPayment,27840,,5.0,Record vendor payment,2,2026-06-05 12:00:00,2026,6
791215,2026-06-01,2,0.0,220.69,DisbursementPayment,DP-2026-027841,DisbursementPayment,27841,,4.0,Record vendor payment,2,2026-06-01 12:00:00,2026,6
791217,2026-06-03,2,0.0,81.28,DisbursementPayment,DP-2026-027842,DisbursementPayment,27842,,4.0,Record vendor payment,2,2026-06-03 12:00:00,2026,6
791219,2026-06-01,2,0.0,176.57,DisbursementPayment,DP-2026-027843,DisbursementPayment,27843,,4.0,Record vendor payment,2,2026-06-01 12:00:00,2026,6
791221,2026-06-01,2,0.0,225.25,DisbursementPayment,DP-2026-027844,DisbursementPayment,27844,,4.0,Record vendor payment,2,2026-06-01 12:00:00,2026,6
791223,2026-06-06,2,0.0,89.2,DisbursementPayment,DP-2026-027845,DisbursementPayment,27845,,5.0,Record vendor payment,2,2026-06-06 12:00:00,2026,6
791225,2026-06-03,2,0.0,1006.86,DisbursementPayment,DP-2026-027846,DisbursementPayment,27846,,5.0,Record vendor payment,2,2026-06-03 12:00:00,2026,6
791227,2026-06-03,2,0.0,2675.84,DisbursementPayment,DP-2026-027847,DisbursementPayment,27847,,4.0,Record vendor payment,2,2026-06-03 12:00:00,2026,6
791229,2026-06-02,2,0.0,797.4,DisbursementPayment,DP-2026-027848,DisbursementPayment,27848,,4.0,Record vendor payment,2,2026-06-02 12:00:00,2026,6
791231,2026-06-02,2,0.0,210.66,DisbursementPayment,DP-2026-027849,DisbursementPayment,27849,,4.0,Record vendor payment,2,2026-06-02 12:00:00,2026,6
791233,2026-06-03,2,0.0,242.11,DisbursementPayment,DP-2026-027850,DisbursementPayment,27850,,4.0,Record vendor payment,2,2026-06-03 12:00:00,2026,6
791235,2026-06-05,2,0.0,500.31,DisbursementPayment,DP-2026-027851,DisbursementPayment,27851,,4.0,Record vendor payment,2,2026-06-05 12:00:00,2026,6
791237,2026-06-01,2,0.0,127.19,DisbursementPayment,DP-2026-027852,DisbursementPayment,27852,,4.0,Record vendor payment,2,2026-06-01 12:00:00,2026,6
791239,2026-06-02,2,0.0,337.44,DisbursementPayment,DP-2026-027853,DisbursementPayment,27853,,4.0,Record vendor payment,2,2026-06-02 12:00:00,2026,6
791241,2026-06-03,2,0.0,1542.71,DisbursementPayment,DP-2026-027854,DisbursementPayment,27854,,4.0,Record vendor payment,2,2026-06-03 12:00:00,2026,6
791243,2026-06-01,2,0.0,747.7,DisbursementPayment,DP-2026-027855,DisbursementPayment,27855,,4.0,Record vendor payment,2,2026-06-01 12:00:00,2026,6
791245,2026-06-04,2,0.0,7777.56,DisbursementPayment,DP-2026-027856,DisbursementPayment,27856,,5.0,Record vendor payment,2,2026-06-04 12:00:00,2026,6
791247,2026-06-03,2,0.0,3108.24,DisbursementPayment,DP-2026-027857,DisbursementPayment,27857,,5.0,Record vendor payment,2,2026-06-03 12:00:00,2026,6
791249,2026-06-01,2,0.0,618.76,DisbursementPayment,DP-2026-027858,DisbursementPayment,27858,,5.0,Record vendor payment,2,2026-06-01 12:00:00,2026,6
791251,2026-06-07,2,0.0,221.17,DisbursementPayment,DP-2026-027859,DisbursementPayment,27859,,4.0,Record vendor payment,2,2026-06-07 12:00:00,2026,6
791253,2026-06-04,2,0.0,1186.15,DisbursementPayment,DP-2026-027860,DisbursementPayment,27860,,4.0,Record vendor payment,2,2026-06-04 12:00:00,2026,6
791255,2026-06-02,2,0.0,794.66,DisbursementPayment,DP-2026-027861,DisbursementPayment,27861,,4.0,Record vendor payment,2,2026-06-02 12:00:00,2026,6
791257,2026-06-05,2,0.0,417.22,DisbursementPayment,DP-2026-027862,DisbursementPayment,27862,,4.0,Record vendor payment,2,2026-06-05 12:00:00,2026,6
791259,2026-06-01,2,0.0,347.29,DisbursementPayment,DP-2026-027863,DisbursementPayment,27863,,5.0,Record vendor payment,2,2026-06-01 12:00:00,2026,6
791261,2026-06-03,2,0.0,500.5,DisbursementPayment,DP-2026-027864,DisbursementPayment,27864,,4.0,Record vendor payment,2,2026-06-03 12:00:00,2026,6
791263,2026-06-02,2,0.0,315.88,DisbursementPayment,DP-2026-027865,DisbursementPayment,27865,,4.0,Record vendor payment,2,2026-06-02 12:00:00,2026,6
791265,2026-06-07,2,0.0,760.37,DisbursementPayment,DP-2026-027866,DisbursementPayment,27866,,4.0,Record vendor payment,2,2026-06-07 12:00:00,2026,6
791267,2026-06-04,2,0.0,1817.95,DisbursementPayment,DP-2026-027867,DisbursementPayment,27867,,4.0,Record vendor payment,2,2026-06-04 12:00:00,2026,6
791269,2026-06-01,2,0.0,129.31,DisbursementPayment,DP-2026-027868,DisbursementPayment,27868,,5.0,Record vendor payment,2,2026-06-01 12:00:00,2026,6
791271,2026-06-03,2,0.0,3964.83,DisbursementPayment,DP-2026-027869,DisbursementPayment,27869,,5.0,Record vendor payment,2,2026-06-03 12:00:00,2026,6
791273,2026-06-03,2,0.0,884.81,DisbursementPayment,DP-2026-027870,DisbursementPayment,27870,,4.0,Record vendor payment,2,2026-06-03 12:00:00,2026,6
791275,2026-06-04,2,0.0,613.91,DisbursementPayment,DP-2026-027871,DisbursementPayment,27871,,4.0,Record vendor payment,2,2026-06-04 12:00:00,2026,6
791277,2026-06-04,2,0.0,148.46,DisbursementPayment,DP-2026-027872,DisbursementPayment,27872,,4.0,Record vendor payment,2,2026-06-04 12:00:00,2026,6
791279,2026-06-05,2,0.0,150.1,DisbursementPayment,DP-2026-027873,DisbursementPayment,27873,,4.0,Record vendor payment,2,2026-06-05 12:00:00,2026,6
791281,2026-06-05,2,0.0,1745.0,DisbursementPayment,DP-2026-027874,DisbursementPayment,27874,,4.0,Record vendor payment,2,2026-06-05 12:00:00,2026,6
791283,2026-06-01,2,0.0,781.49,DisbursementPayment,DP-2026-027875,DisbursementPayment,27875,,4.0,Record vendor payment,2,2026-06-01 12:00:00,2026,6
791285,2026-06-02,2,0.0,214.95,DisbursementPayment,DP-2026-027876,DisbursementPayment,27876,,4.0,Record vendor payment,2,2026-06-02 12:00:00,2026,6
791287,2026-06-06,2,0.0,884.59,DisbursementPayment,DP-2026-027877,DisbursementPayment,27877,,5.0,Record vendor payment,2,2026-06-06 12:00:00,2026,6
791289,2026-06-08,2,0.0,2527.45,DisbursementPayment,DP-2026-027878,DisbursementPayment,27878,,5.0,Record vendor payment,2,2026-06-08 12:00:00,2026,6
791291,2026-06-01,2,0.0,564.89,DisbursementPayment,DP-2026-027879,DisbursementPayment,27879,,4.0,Record vendor payment,2,2026-06-01 12:00:00,2026,6
791293,2026-06-04,2,0.0,110.06,DisbursementPayment,DP-2026-027880,DisbursementPayment,27880,,4.0,Record vendor payment,2,2026-06-04 12:00:00,2026,6
791295,2026-06-03,2,0.0,477.72,DisbursementPayment,DP-2026-027881,DisbursementPayment,27881,,4.0,Record vendor payment,2,2026-06-03 12:00:00,2026,6
791297,2026-06-02,2,0.0,1484.68,DisbursementPayment,DP-2026-027882,DisbursementPayment,27882,,4.0,Record vendor payment,2,2026-06-02 12:00:00,2026,6
791299,2026-06-03,2,0.0,616.95,DisbursementPayment,DP-2026-027883,DisbursementPayment,27883,,4.0,Record vendor payment,2,2026-06-03 12:00:00,2026,6
791301,2026-06-05,2,0.0,11.37,DisbursementPayment,DP-2026-027884,DisbursementPayment,27884,,4.0,Record vendor payment,2,2026-06-05 12:00:00,2026,6
791303,2026-06-08,2,0.0,369.66,DisbursementPayment,DP-2026-027885,DisbursementPayment,27885,,4.0,Record vendor payment,2,2026-06-08 12:00:00,2026,6
791305,2026-06-01,2,0.0,171.09,DisbursementPayment,DP-2026-027886,DisbursementPayment,27886,,4.0,Record vendor payment,2,2026-06-01 12:00:00,2026,6
791307,2026-06-08,2,0.0,736.08,DisbursementPayment,DP-2026-027887,DisbursementPayment,27887,,4.0,Record vendor payment,2,2026-06-08 12:00:00,2026,6
791309,2026-06-08,2,0.0,417.38,DisbursementPayment,DP-2026-027888,DisbursementPayment,27888,,4.0,Record vendor payment,2,2026-06-08 12:00:00,2026,6
791311,2026-06-05,2,0.0,1447.01,DisbursementPayment,DP-2026-027889,DisbursementPayment,27889,,4.0,Record vendor payment,2,2026-06-05 12:00:00,2026,6
791313,2026-06-03,2,0.0,87.15,DisbursementPayment,DP-2026-027890,DisbursementPayment,27890,,4.0,Record vendor payment,2,2026-06-03 12:00:00,2026,6
791315,2026-06-02,2,0.0,3074.2,DisbursementPayment,DP-2026-027891,DisbursementPayment,27891,,4.0,Record vendor payment,2,2026-06-02 12:00:00,2026,6
791317,2026-06-08,2,0.0,123.36,DisbursementPayment,DP-2026-027892,DisbursementPayment,27892,,4.0,Record vendor payment,2,2026-06-08 12:00:00,2026,6
791319,2026-06-05,2,0.0,1909.4,DisbursementPayment,DP-2026-027893,DisbursementPayment,27893,,5.0,Record vendor payment,2,2026-06-05 12:00:00,2026,6
791321,2026-06-07,2,0.0,417.65,DisbursementPayment,DP-2026-027894,DisbursementPayment,27894,,4.0,Record vendor payment,2,2026-06-07 12:00:00,2026,6
791323,2026-06-08,2,0.0,1161.67,DisbursementPayment,DP-2026-027895,DisbursementPayment,27895,,5.0,Record vendor payment,2,2026-06-08 12:00:00,2026,6
791325,2026-06-08,2,0.0,338.49,DisbursementPayment,DP-2026-027896,DisbursementPayment,27896,,5.0,Record vendor payment,2,2026-06-08 12:00:00,2026,6
791327,2026-06-09,2,0.0,810.74,DisbursementPayment,DP-2026-027897,DisbursementPayment,27897,,4.0,Record vendor payment,2,2026-06-09 12:00:00,2026,6
791329,2026-06-06,2,0.0,389.17,DisbursementPayment,DP-2026-027898,DisbursementPayment,27898,,4.0,Record vendor payment,2,2026-06-06 12:00:00,2026,6
791331,2026-06-09,2,0.0,497.53,DisbursementPayment,DP-2026-027899,DisbursementPayment,27899,,4.0,Record vendor payment,2,2026-06-09 12:00:00,2026,6
791333,2026-06-07,2,0.0,2796.38,DisbursementPayment,DP-2026-027900,DisbursementPayment,27900,,4.0,Record vendor payment,2,2026-06-07 12:00:00,2026,6
791335,2026-06-03,2,0.0,1266.01,DisbursementPayment,DP-2026-027901,DisbursementPayment,27901,,4.0,Record vendor payment,2,2026-06-03 12:00:00,2026,6
791337,2026-06-06,2,0.0,941.12,DisbursementPayment,DP-2026-027902,DisbursementPayment,27902,,5.0,Record vendor payment,2,2026-06-06 12:00:00,2026,6
791339,2026-06-06,2,0.0,251.47,DisbursementPayment,DP-2026-027903,DisbursementPayment,27903,,4.0,Record vendor payment,2,2026-06-06 12:00:00,2026,6
791341,2026-06-03,2,0.0,116.07,DisbursementPayment,DP-2026-027904,DisbursementPayment,27904,,4.0,Record vendor payment,2,2026-06-03 12:00:00,2026,6
791343,2026-06-03,2,0.0,58.36,DisbursementPayment,DP-2026-027905,DisbursementPayment,27905,,4.0,Record vendor payment,2,2026-06-03 12:00:00,2026,6
791345,2026-06-08,2,0.0,297.03,DisbursementPayment,DP-2026-027906,DisbursementPayment,27906,,5.0,Record vendor payment,2,2026-06-08 12:00:00,2026,6
791347,2026-06-06,2,0.0,484.81,DisbursementPayment,DP-2026-027907,DisbursementPayment,27907,,4.0,Record vendor payment,2,2026-06-06 12:00:00,2026,6
791349,2026-06-05,2,0.0,361.97,DisbursementPayment,DP-2026-027908,DisbursementPayment,27908,,4.0,Record vendor payment,2,2026-06-05 12:00:00,2026,6
791351,2026-06-08,2,0.0,2433.32,DisbursementPayment,DP-2026-027909,DisbursementPayment,27909,,4.0,Record vendor payment,2,2026-06-08 12:00:00,2026,6
791353,2026-06-09,2,0.0,473.77,DisbursementPayment,DP-2026-027910,DisbursementPayment,27910,,4.0,Record vendor payment,2,2026-06-09 12:00:00,2026,6
791355,2026-06-05,2,0.0,12.04,DisbursementPayment,DP-2026-027911,DisbursementPayment,27911,,4.0,Record vendor payment,2,2026-06-05 12:00:00,2026,6
791357,2026-06-07,2,0.0,2649.84,DisbursementPayment,DP-2026-027912,DisbursementPayment,27912,,4.0,Record vendor payment,2,2026-06-07 12:00:00,2026,6
791359,2026-06-09,2,0.0,6762.98,DisbursementPayment,DP-2026-027913,DisbursementPayment,27913,,4.0,Record vendor payment,2,2026-06-09 12:00:00,2026,6
791361,2026-06-07,2,0.0,796.63,DisbursementPayment,DP-2026-027914,DisbursementPayment,27914,,4.0,Record vendor payment,2,2026-06-07 12:00:00,2026,6
791363,2026-06-01,2,0.0,1554.16,DisbursementPayment,DP-2026-027915,DisbursementPayment,27915,,4.0,Record vendor payment,2,2026-06-01 12:00:00,2026,6
791365,2026-06-09,2,0.0,804.98,DisbursementPayment,DP-2026-027916,DisbursementPayment,27916,,4.0,Record vendor payment,2,2026-06-09 12:00:00,2026,6
791367,2026-06-05,2,0.0,853.49,DisbursementPayment,DP-2026-027917,DisbursementPayment,27917,,4.0,Record vendor payment,2,2026-06-05 12:00:00,2026,6
791369,2026-06-04,2,0.0,75.21,DisbursementPayment,DP-2026-027918,DisbursementPayment,27918,,4.0,Record vendor payment,2,2026-06-04 12:00:00,2026,6
791371,2026-06-09,2,0.0,1530.71,DisbursementPayment,DP-2026-027919,DisbursementPayment,27919,,4.0,Record vendor payment,2,2026-06-09 12:00:00,2026,6
791373,2026-06-08,2,0.0,2272.48,DisbursementPayment,DP-2026-027920,DisbursementPayment,27920,,4.0,Record vendor payment,2,2026-06-08 12:00:00,2026,6
791375,2026-06-06,2,0.0,1176.13,DisbursementPayment,DP-2026-027921,DisbursementPayment,27921,,4.0,Record vendor payment,2,2026-06-06 12:00:00,2026,6
791377,2026-06-03,2,0.0,522.19,DisbursementPayment,DP-2026-027922,DisbursementPayment,27922,,4.0,Record vendor payment,2,2026-06-03 12:00:00,2026,6
791379,2026-06-04,2,0.0,1912.79,DisbursementPayment,DP-2026-027923,DisbursementPayment,27923,,5.0,Record vendor payment,2,2026-06-04 12:00:00,2026,6
791381,2026-06-01,2,0.0,766.45,DisbursementPayment,DP-2026-027924,DisbursementPayment,27924,,4.0,Record vendor payment,2,2026-06-01 12:00:00,2026,6
791383,2026-06-06,2,0.0,14473.49,DisbursementPayment,DP-2026-027925,DisbursementPayment,27925,,5.0,Record vendor payment,2,2026-06-06 12:00:00,2026,6
791385,2026-06-02,2,0.0,503.93,DisbursementPayment,DP-2026-027926,DisbursementPayment,27926,,4.0,Record vendor payment,2,2026-06-02 12:00:00,2026,6
791387,2026-06-08,2,0.0,757.74,DisbursementPayment,DP-2026-027927,DisbursementPayment,27927,,4.0,Record vendor payment,2,2026-06-08 12:00:00,2026,6
791389,2026-06-01,2,0.0,895.71,DisbursementPayment,DP-2026-027928,DisbursementPayment,27928,,4.0,Record vendor payment,2,2026-06-01 12:00:00,2026,6
791391,2026-06-06,2,0.0,1147.71,DisbursementPayment,DP-2026-027929,DisbursementPayment,27929,,4.0,Record vendor payment,2,2026-06-06 12:00:00,2026,6
791393,2026-06-01,2,0.0,3427.68,DisbursementPayment,DP-2026-027930,DisbursementPayment,27930,,4.0,Record vendor payment,2,2026-06-01 12:00:00,2026,6
791395,2026-06-01,2,0.0,290.6,DisbursementPayment,DP-2026-027931,DisbursementPayment,27931,,4.0,Record vendor payment,2,2026-06-01 12:00:00,2026,6
791397,2026-06-01,2,0.0,254.94,DisbursementPayment,DP-2026-027932,DisbursementPayment,27932,,4.0,Record vendor payment,2,2026-06-01 12:00:00,2026,6
791399,2026-06-09,2,0.0,414.63,DisbursementPayment,DP-2026-027933,DisbursementPayment,27933,,4.0,Record vendor payment,2,2026-06-09 12:00:00,2026,6
791401,2026-06-04,2,0.0,562.73,DisbursementPayment,DP-2026-027934,DisbursementPayment,27934,,4.0,Record vendor payment,2,2026-06-04 12:00:00,2026,6
791403,2026-06-05,2,0.0,9355.63,DisbursementPayment,DP-2026-027935,DisbursementPayment,27935,,4.0,Record vendor payment,2,2026-06-05 12:00:00,2026,6
791405,2026-06-04,2,0.0,905.96,DisbursementPayment,DP-2026-027936,DisbursementPayment,27936,,4.0,Record vendor payment,2,2026-06-04 12:00:00,2026,6
791407,2026-06-07,2,0.0,341.57,DisbursementPayment,DP-2026-027937,DisbursementPayment,27937,,4.0,Record vendor payment,2,2026-06-07 12:00:00,2026,6
791409,2026-06-04,2,0.0,686.97,DisbursementPayment,DP-2026-027938,DisbursementPayment,27938,,4.0,Record vendor payment,2,2026-06-04 12:00:00,2026,6
791411,2026-06-01,2,0.0,83.76,DisbursementPayment,DP-2026-027939,DisbursementPayment,27939,,4.0,Record vendor payment,2,2026-06-01 12:00:00,2026,6
791413,2026-06-02,2,0.0,254.44,DisbursementPayment,DP-2026-027940,DisbursementPayment,27940,,4.0,Record vendor payment,2,2026-06-02 12:00:00,2026,6
791415,2026-06-01,2,0.0,570.17,DisbursementPayment,DP-2026-027941,DisbursementPayment,27941,,4.0,Record vendor payment,2,2026-06-01 12:00:00,2026,6
791417,2026-06-03,2,0.0,575.52,DisbursementPayment,DP-2026-027942,DisbursementPayment,27942,,4.0,Record vendor payment,2,2026-06-03 12:00:00,2026,6
791419,2026-06-01,2,0.0,326.57,DisbursementPayment,DP-2026-027943,DisbursementPayment,27943,,4.0,Record vendor payment,2,2026-06-01 12:00:00,2026,6
791421,2026-06-10,2,0.0,200.42,DisbursementPayment,DP-2026-027944,DisbursementPayment,27944,,4.0,Record vendor payment,2,2026-06-10 12:00:00,2026,6
791423,2026-06-04,2,0.0,113.28,DisbursementPayment,DP-2026-027945,DisbursementPayment,27945,,4.0,Record vendor payment,2,2026-06-04 12:00:00,2026,6
791425,2026-06-07,2,0.0,223.9,DisbursementPayment,DP-2026-027946,DisbursementPayment,27946,,4.0,Record vendor payment,2,2026-06-07 12:00:00,2026,6
791427,2026-06-11,2,0.0,10041.16,DisbursementPayment,DP-2026-027947,DisbursementPayment,27947,,4.0,Record vendor payment,2,2026-06-11 12:00:00,2026,6
791429,2026-06-09,2,0.0,288.74,DisbursementPayment,DP-2026-027948,DisbursementPayment,27948,,4.0,Record vendor payment,2,2026-06-09 12:00:00,2026,6
791431,2026-06-04,2,0.0,450.97,DisbursementPayment,DP-2026-027949,DisbursementPayment,27949,,4.0,Record vendor payment,2,2026-06-04 12:00:00,2026,6
791433,2026-06-07,2,0.0,547.06,DisbursementPayment,DP-2026-027950,DisbursementPayment,27950,,4.0,Record vendor payment,2,2026-06-07 12:00:00,2026,6
791435,2026-06-04,2,0.0,848.39,DisbursementPayment,DP-2026-027951,DisbursementPayment,27951,,4.0,Record vendor payment,2,2026-06-04 12:00:00,2026,6
791437,2026-06-10,2,0.0,22500.7,DisbursementPayment,DP-2026-027952,DisbursementPayment,27952,,4.0,Record vendor payment,2,2026-06-10 12:00:00,2026,6
791439,2026-06-05,2,0.0,781.58,DisbursementPayment,DP-2026-027953,DisbursementPayment,27953,,4.0,Record vendor payment,2,2026-06-05 12:00:00,2026,6
791441,2026-06-03,2,0.0,1683.7,DisbursementPayment,DP-2026-027954,DisbursementPayment,27954,,4.0,Record vendor payment,2,2026-06-03 12:00:00,2026,6
791443,2026-06-03,2,0.0,394.81,DisbursementPayment,DP-2026-027955,DisbursementPayment,27955,,4.0,Record vendor payment,2,2026-06-03 12:00:00,2026,6
791445,2026-06-03,2,0.0,802.37,DisbursementPayment,DP-2026-027956,DisbursementPayment,27956,,4.0,Record vendor payment,2,2026-06-03 12:00:00,2026,6
791447,2026-06-06,2,0.0,107.86,DisbursementPayment,DP-2026-027957,DisbursementPayment,27957,,4.0,Record vendor payment,2,2026-06-06 12:00:00,2026,6
791449,2026-06-05,2,0.0,406.21,DisbursementPayment,DP-2026-027958,DisbursementPayment,27958,,4.0,Record vendor payment,2,2026-06-05 12:00:00,2026,6
791451,2026-06-02,2,0.0,1071.53,DisbursementPayment,DP-2026-027959,DisbursementPayment,27959,,4.0,Record vendor payment,2,2026-06-02 12:00:00,2026,6
791453,2026-06-09,2,0.0,69.78,DisbursementPayment,DP-2026-027960,DisbursementPayment,27960,,4.0,Record vendor payment,2,2026-06-09 12:00:00,2026,6
791455,2026-06-03,2,0.0,297.78,DisbursementPayment,DP-2026-027961,DisbursementPayment,27961,,4.0,Record vendor payment,2,2026-06-03 12:00:00,2026,6
791457,2026-06-11,2,0.0,33.35,DisbursementPayment,DP-2026-027962,DisbursementPayment,27962,,4.0,Record vendor payment,2,2026-06-11 12:00:00,2026,6
791459,2026-06-02,2,0.0,903.04,DisbursementPayment,DP-2026-027963,DisbursementPayment,27963,,4.0,Record vendor payment,2,2026-06-02 12:00:00,2026,6
791461,2026-06-02,2,0.0,549.94,DisbursementPayment,DP-2026-027964,DisbursementPayment,27964,,4.0,Record vendor payment,2,2026-06-02 12:00:00,2026,6
791463,2026-06-03,2,0.0,205.58,DisbursementPayment,DP-2026-027965,DisbursementPayment,27965,,4.0,Record vendor payment,2,2026-06-03 12:00:00,2026,6
791465,2026-06-03,2,0.0,122.77,DisbursementPayment,DP-2026-027966,DisbursementPayment,27966,,4.0,Record vendor payment,2,2026-06-03 12:00:00,2026,6
791467,2026-06-02,2,0.0,1178.98,DisbursementPayment,DP-2026-027967,DisbursementPayment,27967,,4.0,Record vendor payment,2,2026-06-02 12:00:00,2026,6
791469,2026-06-08,2,0.0,46.81,DisbursementPayment,DP-2026-027968,DisbursementPayment,27968,,4.0,Record vendor payment,2,2026-06-08 12:00:00,2026,6
791471,2026-06-01,2,0.0,206.53,DisbursementPayment,DP-2026-027969,DisbursementPayment,27969,,4.0,Record vendor payment,2,2026-06-01 12:00:00,2026,6
791473,2026-06-05,2,0.0,136.63,DisbursementPayment,DP-2026-027970,DisbursementPayment,27970,,4.0,Record vendor payment,2,2026-06-05 12:00:00,2026,6
791475,2026-06-11,2,0.0,43.84,DisbursementPayment,DP-2026-027971,DisbursementPayment,27971,,4.0,Record vendor payment,2,2026-06-11 12:00:00,2026,6
791477,2026-06-04,2,0.0,1243.14,DisbursementPayment,DP-2026-027972,DisbursementPayment,27972,,4.0,Record vendor payment,2,2026-06-04 12:00:00,2026,6
791479,2026-06-08,2,0.0,25.75,DisbursementPayment,DP-2026-027973,DisbursementPayment,27973,,4.0,Record vendor payment,2,2026-06-08 12:00:00,2026,6
791481,2026-06-03,2,0.0,2374.0,DisbursementPayment,DP-2026-027974,DisbursementPayment,27974,,5.0,Record vendor payment,2,2026-06-03 12:00:00,2026,6
791483,2026-06-04,2,0.0,29930.13,DisbursementPayment,DP-2026-027975,DisbursementPayment,27975,,4.0,Record vendor payment,2,2026-06-04 12:00:00,2026,6
791485,2026-06-11,2,0.0,192.69,DisbursementPayment,DP-2026-027976,DisbursementPayment,27976,,4.0,Record vendor payment,2,2026-06-11 12:00:00,2026,6
791487,2026-06-02,2,0.0,66.0,DisbursementPayment,DP-2026-027977,DisbursementPayment,27977,,4.0,Record vendor payment,2,2026-06-02 12:00:00,2026,6
791489,2026-06-07,2,0.0,624.44,DisbursementPayment,DP-2026-027978,DisbursementPayment,27978,,4.0,Record vendor payment,2,2026-06-07 12:00:00,2026,6
791491,2026-06-12,2,0.0,355.97,DisbursementPayment,DP-2026-027979,DisbursementPayment,27979,,4.0,Record vendor payment,2,2026-06-12 12:00:00,2026,6
791493,2026-06-01,2,0.0,667.64,DisbursementPayment,DP-2026-027980,DisbursementPayment,27980,,4.0,Record vendor payment,2,2026-06-01 12:00:00,2026,6
791495,2026-06-01,2,0.0,3200.57,DisbursementPayment,DP-2026-027981,DisbursementPayment,27981,,4.0,Record vendor payment,2,2026-06-01 12:00:00,2026,6
791497,2026-06-13,2,0.0,360.68,DisbursementPayment,DP-2026-027982,DisbursementPayment,27982,,4.0,Record vendor payment,2,2026-06-13 12:00:00,2026,6
791499,2026-06-13,2,0.0,750.17,DisbursementPayment,DP-2026-027983,DisbursementPayment,27983,,4.0,Record vendor payment,2,2026-06-13 12:00:00,2026,6
791501,2026-06-04,2,0.0,1499.0,DisbursementPayment,DP-2026-027984,DisbursementPayment,27984,,4.0,Record vendor payment,2,2026-06-04 12:00:00,2026,6
791503,2026-06-04,2,0.0,340.2,DisbursementPayment,DP-2026-027985,DisbursementPayment,27985,,4.0,Record vendor payment,2,2026-06-04 12:00:00,2026,6
791505,2026-06-04,2,0.0,573.4,DisbursementPayment,DP-2026-027986,DisbursementPayment,27986,,4.0,Record vendor payment,2,2026-06-04 12:00:00,2026,6
791507,2026-06-08,2,0.0,301.0,DisbursementPayment,DP-2026-027987,DisbursementPayment,27987,,4.0,Record vendor payment,2,2026-06-08 12:00:00,2026,6
791509,2026-06-10,2,0.0,101.21,DisbursementPayment,DP-2026-027988,DisbursementPayment,27988,,5.0,Record vendor payment,2,2026-06-10 12:00:00,2026,6
791511,2026-06-04,2,0.0,163.05,DisbursementPayment,DP-2026-027989,DisbursementPayment,27989,,4.0,Record vendor payment,2,2026-06-04 12:00:00,2026,6
791513,2026-06-02,2,0.0,343.32,DisbursementPayment,DP-2026-027990,DisbursementPayment,27990,,4.0,Record vendor payment,2,2026-06-02 12:00:00,2026,6
791515,2026-06-03,2,0.0,1713.93,DisbursementPayment,DP-2026-027991,DisbursementPayment,27991,,4.0,Record vendor payment,2,2026-06-03 12:00:00,2026,6
791517,2026-06-08,2,0.0,61.9,DisbursementPayment,DP-2026-027992,DisbursementPayment,27992,,4.0,Record vendor payment,2,2026-06-08 12:00:00,2026,6
791519,2026-06-03,2,0.0,876.42,DisbursementPayment,DP-2026-027993,DisbursementPayment,27993,,4.0,Record vendor payment,2,2026-06-03 12:00:00,2026,6
791521,2026-06-05,2,0.0,334.08,DisbursementPayment,DP-2026-027994,DisbursementPayment,27994,,4.0,Record vendor payment,2,2026-06-05 12:00:00,2026,6
791523,2026-06-03,2,0.0,30798.24,DisbursementPayment,DP-2026-027995,DisbursementPayment,27995,,4.0,Record vendor payment,2,2026-06-03 12:00:00,2026,6
791525,2026-06-01,2,0.0,274.04,DisbursementPayment,DP-2026-027996,DisbursementPayment,27996,,4.0,Record vendor payment,2,2026-06-01 12:00:00,2026,6
791527,2026-06-04,2,0.0,681.95,DisbursementPayment,DP-2026-027997,DisbursementPayment,27997,,4.0,Record vendor payment,2,2026-06-04 12:00:00,2026,6
791529,2026-06-03,2,0.0,81.81,DisbursementPayment,DP-2026-027998,DisbursementPayment,27998,,4.0,Record vendor payment,2,2026-06-03 12:00:00,2026,6
791531,2026-06-07,2,0.0,887.96,DisbursementPayment,DP-2026-027999,DisbursementPayment,27999,,4.0,Record vendor payment,2,2026-06-07 12:00:00,2026,6
791533,2026-06-14,2,0.0,915.68,DisbursementPayment,DP-2026-028000,DisbursementPayment,28000,,4.0,Record vendor payment,2,2026-06-14 12:00:00,2026,6
791535,2026-06-10,2,0.0,1007.33,DisbursementPayment,DP-2026-028001,DisbursementPayment,28001,,4.0,Record vendor payment,2,2026-06-10 12:00:00,2026,6
791537,2026-06-10,2,0.0,12.08,DisbursementPayment,DP-2026-028002,DisbursementPayment,28002,,4.0,Record vendor payment,2,2026-06-10 12:00:00,2026,6
791539,2026-06-07,2,0.0,79.52,DisbursementPayment,DP-2026-028003,DisbursementPayment,28003,,4.0,Record vendor payment,2,2026-06-07 12:00:00,2026,6
791541,2026-06-06,2,0.0,1831.88,DisbursementPayment,DP-2026-028004,DisbursementPayment,28004,,4.0,Record vendor payment,2,2026-06-06 12:00:00,2026,6
791543,2026-06-05,2,0.0,367.72,DisbursementPayment,DP-2026-028005,DisbursementPayment,28005,,4.0,Record vendor payment,2,2026-06-05 12:00:00,2026,6
791545,2026-06-02,2,0.0,753.82,DisbursementPayment,DP-2026-028006,DisbursementPayment,28006,,4.0,Record vendor payment,2,2026-06-02 12:00:00,2026,6
791547,2026-06-14,2,0.0,89.12,DisbursementPayment,DP-2026-028007,DisbursementPayment,28007,,4.0,Record vendor payment,2,2026-06-14 12:00:00,2026,6
791549,2026-06-09,2,0.0,133.37,DisbursementPayment,DP-2026-028008,DisbursementPayment,28008,,4.0,Record vendor payment,2,2026-06-09 12:00:00,2026,6
791551,2026-06-12,2,0.0,122.31,DisbursementPayment,DP-2026-028009,DisbursementPayment,28009,,4.0,Record vendor payment,2,2026-06-12 12:00:00,2026,6
791553,2026-06-13,2,0.0,754.85,DisbursementPayment,DP-2026-028010,DisbursementPayment,28010,,4.0,Record vendor payment,2,2026-06-13 12:00:00,2026,6
791555,2026-06-09,2,0.0,16.16,DisbursementPayment,DP-2026-028011,DisbursementPayment,28011,,4.0,Record vendor payment,2,2026-06-09 12:00:00,2026,6
791557,2026-06-07,2,0.0,1414.94,DisbursementPayment,DP-2026-028012,DisbursementPayment,28012,,4.0,Record vendor payment,2,2026-06-07 12:00:00,2026,6
791559,2026-06-09,2,0.0,976.55,DisbursementPayment,DP-2026-028013,DisbursementPayment,28013,,4.0,Record vendor payment,2,2026-06-09 12:00:00,2026,6
791561,2026-06-09,2,0.0,714.91,DisbursementPayment,DP-2026-028014,DisbursementPayment,28014,,4.0,Record vendor payment,2,2026-06-09 12:00:00,2026,6
791563,2026-06-13,2,0.0,104.28,DisbursementPayment,DP-2026-028015,DisbursementPayment,28015,,4.0,Record vendor payment,2,2026-06-13 12:00:00,2026,6
791565,2026-06-08,2,0.0,735.51,DisbursementPayment,DP-2026-028016,DisbursementPayment,28016,,4.0,Record vendor payment,2,2026-06-08 12:00:00,2026,6
791567,2026-06-10,2,0.0,438.48,DisbursementPayment,DP-2026-028017,DisbursementPayment,28017,,4.0,Record vendor payment,2,2026-06-10 12:00:00,2026,6
791569,2026-06-09,2,0.0,424.78,DisbursementPayment,DP-2026-028018,DisbursementPayment,28018,,4.0,Record vendor payment,2,2026-06-09 12:00:00,2026,6
791571,2026-06-13,2,0.0,378.89,DisbursementPayment,DP-2026-028019,DisbursementPayment,28019,,4.0,Record vendor payment,2,2026-06-13 12:00:00,2026,6
791573,2026-06-03,2,0.0,774.52,DisbursementPayment,DP-2026-028020,DisbursementPayment,28020,,4.0,Record vendor payment,2,2026-06-03 12:00:00,2026,6
791575,2026-06-02,2,0.0,252.41,DisbursementPayment,DP-2026-028021,DisbursementPayment,28021,,4.0,Record vendor payment,2,2026-06-02 12:00:00,2026,6
791577,2026-06-12,2,0.0,901.2,DisbursementPayment,DP-2026-028022,DisbursementPayment,28022,,4.0,Record vendor payment,2,2026-06-12 12:00:00,2026,6
791579,2026-06-11,2,0.0,2029.79,DisbursementPayment,DP-2026-028023,DisbursementPayment,28023,,4.0,Record vendor payment,2,2026-06-11 12:00:00,2026,6
791581,2026-06-13,2,0.0,126.45,DisbursementPayment,DP-2026-028024,DisbursementPayment,28024,,4.0,Record vendor payment,2,2026-06-13 12:00:00,2026,6
791583,2026-06-15,2,0.0,1096.99,DisbursementPayment,DP-2026-028025,DisbursementPayment,28025,,5.0,Record vendor payment,2,2026-06-15 12:00:00,2026,6
791585,2026-06-07,2,0.0,1504.72,DisbursementPayment,DP-2026-028026,DisbursementPayment,28026,,4.0,Record vendor payment,2,2026-06-07 12:00:00,2026,6
791587,2026-06-03,2,0.0,1431.2,DisbursementPayment,DP-2026-028027,DisbursementPayment,28027,,4.0,Record vendor payment,2,2026-06-03 12:00:00,2026,6
791589,2026-06-12,2,0.0,271.74,DisbursementPayment,DP-2026-028028,DisbursementPayment,28028,,4.0,Record vendor payment,2,2026-06-12 12:00:00,2026,6
791591,2026-06-14,2,0.0,727.43,DisbursementPayment,DP-2026-028029,DisbursementPayment,28029,,4.0,Record vendor payment,2,2026-06-14 12:00:00,2026,6
791593,2026-06-10,2,0.0,153.4,DisbursementPayment,DP-2026-028030,DisbursementPayment,28030,,4.0,Record vendor payment,2,2026-06-10 12:00:00,2026,6
791595,2026-06-04,2,0.0,564.71,DisbursementPayment,DP-2026-028031,DisbursementPayment,28031,,4.0,Record vendor payment,2,2026-06-04 12:00:00,2026,6
791597,2026-06-05,2,0.0,377.33,DisbursementPayment,DP-2026-028032,DisbursementPayment,28032,,4.0,Record vendor payment,2,2026-06-05 12:00:00,2026,6
791599,2026-06-09,2,0.0,310.83,DisbursementPayment,DP-2026-028033,DisbursementPayment,28033,,4.0,Record vendor payment,2,2026-06-09 12:00:00,2026,6
791601,2026-06-14,2,0.0,380.59,DisbursementPayment,DP-2026-028034,DisbursementPayment,28034,,5.0,Record vendor payment,2,2026-06-14 12:00:00,2026,6
791603,2026-06-14,2,0.0,761.29,DisbursementPayment,DP-2026-028035,DisbursementPayment,28035,,5.0,Record vendor payment,2,2026-06-14 12:00:00,2026,6
791605,2026-06-01,2,0.0,2322.14,DisbursementPayment,DP-2026-028036,DisbursementPayment,28036,,4.0,Record vendor payment,2,2026-06-01 12:00:00,2026,6
791607,2026-06-14,2,0.0,254.65,DisbursementPayment,DP-2026-028037,DisbursementPayment,28037,,4.0,Record vendor payment,2,2026-06-14 12:00:00,2026,6
791609,2026-06-14,2,0.0,405.97,DisbursementPayment,DP-2026-028038,DisbursementPayment,28038,,4.0,Record vendor payment,2,2026-06-14 12:00:00,2026,6
791611,2026-06-02,2,0.0,75.05,DisbursementPayment,DP-2026-028039,DisbursementPayment,28039,,4.0,Record vendor payment,2,2026-06-02 12:00:00,2026,6
791613,2026-06-10,2,0.0,94.64,DisbursementPayment,DP-2026-028040,DisbursementPayment,28040,,4.0,Record vendor payment,2,2026-06-10 12:00:00,2026,6
791615,2026-06-02,2,0.0,573.96,DisbursementPayment,DP-2026-028041,DisbursementPayment,28041,,4.0,Record vendor payment,2,2026-06-02 12:00:00,2026,6
791617,2026-06-12,2,0.0,230.28,DisbursementPayment,DP-2026-028042,DisbursementPayment,28042,,4.0,Record vendor payment,2,2026-06-12 12:00:00,2026,6
791619,2026-06-04,2,0.0,599.46,DisbursementPayment,DP-2026-028043,DisbursementPayment,28043,,4.0,Record vendor payment,2,2026-06-04 12:00:00,2026,6
791621,2026-06-06,2,0.0,320.3,DisbursementPayment,DP-2026-028044,DisbursementPayment,28044,,4.0,Record vendor payment,2,2026-06-06 12:00:00,2026,6
791623,2026-06-13,2,0.0,349.56,DisbursementPayment,DP-2026-028045,DisbursementPayment,28045,,4.0,Record vendor payment,2,2026-06-13 12:00:00,2026,6
791625,2026-06-07,2,0.0,149.1,DisbursementPayment,DP-2026-028046,DisbursementPayment,28046,,4.0,Record vendor payment,2,2026-06-07 12:00:00,2026,6
791627,2026-06-07,2,0.0,1936.51,DisbursementPayment,DP-2026-028047,DisbursementPayment,28047,,5.0,Record vendor payment,2,2026-06-07 12:00:00,2026,6
791629,2026-06-05,2,0.0,2215.96,DisbursementPayment,DP-2026-028048,DisbursementPayment,28048,,4.0,Record vendor payment,2,2026-06-05 12:00:00,2026,6
791631,2026-06-13,2,0.0,98.03,DisbursementPayment,DP-2026-028049,DisbursementPayment,28049,,4.0,Record vendor payment,2,2026-06-13 12:00:00,2026,6
791633,2026-06-13,2,0.0,759.44,DisbursementPayment,DP-2026-028050,DisbursementPayment,28050,,4.0,Record vendor payment,2,2026-06-13 12:00:00,2026,6
791635,2026-06-14,2,0.0,208.62,DisbursementPayment,DP-2026-028051,DisbursementPayment,28051,,4.0,Record vendor payment,2,2026-06-14 12:00:00,2026,6
791637,2026-06-14,2,0.0,289.28,DisbursementPayment,DP-2026-028052,DisbursementPayment,28052,,5.0,Record vendor payment,2,2026-06-14 12:00:00,2026,6
791639,2026-06-10,2,0.0,127.27,DisbursementPayment,DP-2026-028053,DisbursementPayment,28053,,4.0,Record vendor payment,2,2026-06-10 12:00:00,2026,6
791641,2026-06-05,2,0.0,1691.69,DisbursementPayment,DP-2026-028054,DisbursementPayment,28054,,4.0,Record vendor payment,2,2026-06-05 12:00:00,2026,6
791643,2026-06-09,2,0.0,190.86,DisbursementPayment,DP-2026-028055,DisbursementPayment,28055,,4.0,Record vendor payment,2,2026-06-09 12:00:00,2026,6
791645,2026-06-14,2,0.0,1285.73,DisbursementPayment,DP-2026-028056,DisbursementPayment,28056,,4.0,Record vendor payment,2,2026-06-14 12:00:00,2026,6
791647,2026-06-07,2,0.0,1012.27,DisbursementPayment,DP-2026-028057,DisbursementPayment,28057,,4.0,Record vendor payment,2,2026-06-07 12:00:00,2026,6
791649,2026-06-15,2,0.0,195.08,DisbursementPayment,DP-2026-028058,DisbursementPayment,28058,,4.0,Record vendor payment,2,2026-06-15 12:00:00,2026,6
791651,2026-06-11,2,0.0,195.88,DisbursementPayment,DP-2026-028059,DisbursementPayment,28059,,4.0,Record vendor payment,2,2026-06-11 12:00:00,2026,6
791653,2026-06-16,2,0.0,1217.87,DisbursementPayment,DP-2026-028060,DisbursementPayment,28060,,4.0,Record vendor payment,2,2026-06-16 12:00:00,2026,6
791655,2026-06-17,2,0.0,1619.31,DisbursementPayment,DP-2026-028061,DisbursementPayment,28061,,4.0,Record vendor payment,2,2026-06-17 12:00:00,2026,6
791657,2026-06-04,2,0.0,878.44,DisbursementPayment,DP-2026-028062,DisbursementPayment,28062,,5.0,Record vendor payment,2,2026-06-04 12:00:00,2026,6
791659,2026-06-03,2,0.0,115.11,DisbursementPayment,DP-2026-028063,DisbursementPayment,28063,,4.0,Record vendor payment,2,2026-06-03 12:00:00,2026,6
791661,2026-06-02,2,0.0,2074.38,DisbursementPayment,DP-2026-028064,DisbursementPayment,28064,,4.0,Record vendor payment,2,2026-06-02 12:00:00,2026,6
791663,2026-06-09,2,0.0,637.09,DisbursementPayment,DP-2026-028065,DisbursementPayment,28065,,4.0,Record vendor payment,2,2026-06-09 12:00:00,2026,6
791665,2026-06-09,2,0.0,66.93,DisbursementPayment,DP-2026-028066,DisbursementPayment,28066,,4.0,Record vendor payment,2,2026-06-09 12:00:00,2026,6
791667,2026-06-15,2,0.0,523.92,DisbursementPayment,DP-2026-028067,DisbursementPayment,28067,,4.0,Record vendor payment,2,2026-06-15 12:00:00,2026,6
791669,2026-06-12,2,0.0,495.22,DisbursementPayment,DP-2026-028068,DisbursementPayment,28068,,4.0,Record vendor payment,2,2026-06-12 12:00:00,2026,6
791671,2026-06-05,2,0.0,124.41,DisbursementPayment,DP-2026-028069,DisbursementPayment,28069,,4.0,Record vendor payment,2,2026-06-05 12:00:00,2026,6
791673,2026-06-11,2,0.0,1794.41,DisbursementPayment,DP-2026-028070,DisbursementPayment,28070,,4.0,Record vendor payment,2,2026-06-11 12:00:00,2026,6
791675,2026-06-16,2,0.0,2160.24,DisbursementPayment,DP-2026-028071,DisbursementPayment,28071,,5.0,Record vendor payment,2,2026-06-16 12:00:00,2026,6
791677,2026-06-17,2,0.0,112.76,DisbursementPayment,DP-2026-028072,DisbursementPayment,28072,,5.0,Record vendor payment,2,2026-06-17 12:00:00,2026,6
791679,2026-06-12,2,0.0,394.32,DisbursementPayment,DP-2026-028073,DisbursementPayment,28073,,4.0,Record vendor payment,2,2026-06-12 12:00:00,2026,6
791681,2026-06-10,2,0.0,497.1,DisbursementPayment,DP-2026-028074,DisbursementPayment,28074,,4.0,Record vendor payment,2,2026-06-10 12:00:00,2026,6
791683,2026-06-10,2,0.0,297.14,DisbursementPayment,DP-2026-028075,DisbursementPayment,28075,,4.0,Record vendor payment,2,2026-06-10 12:00:00,2026,6
791685,2026-06-14,2,0.0,727.04,DisbursementPayment,DP-2026-028076,DisbursementPayment,28076,,4.0,Record vendor payment,2,2026-06-14 12:00:00,2026,6
791687,2026-06-14,2,0.0,8.44,DisbursementPayment,DP-2026-028077,DisbursementPayment,28077,,4.0,Record vendor payment,2,2026-06-14 12:00:00,2026,6
791689,2026-06-14,2,0.0,1116.2,DisbursementPayment,DP-2026-028078,DisbursementPayment,28078,,4.0,Record vendor payment,2,2026-06-14 12:00:00,2026,6
791691,2026-06-09,2,0.0,98.65,DisbursementPayment,DP-2026-028079,DisbursementPayment,28079,,4.0,Record vendor payment,2,2026-06-09 12:00:00,2026,6
791693,2026-06-06,2,0.0,453.47,DisbursementPayment,DP-2026-028080,DisbursementPayment,28080,,4.0,Record vendor payment,2,2026-06-06 12:00:00,2026,6
791695,2026-06-04,2,0.0,6.66,DisbursementPayment,DP-2026-028081,DisbursementPayment,28081,,4.0,Record vendor payment,2,2026-06-04 12:00:00,2026,6
791697,2026-06-09,2,0.0,2009.64,DisbursementPayment,DP-2026-028082,DisbursementPayment,28082,,4.0,Record vendor payment,2,2026-06-09 12:00:00,2026,6
791699,2026-06-10,2,0.0,204.47,DisbursementPayment,DP-2026-028083,DisbursementPayment,28083,,5.0,Record vendor payment,2,2026-06-10 12:00:00,2026,6
791701,2026-06-13,2,0.0,859.14,DisbursementPayment,DP-2026-028084,DisbursementPayment,28084,,4.0,Record vendor payment,2,2026-06-13 12:00:00,2026,6
791703,2026-06-10,2,0.0,1215.9,DisbursementPayment,DP-2026-028085,DisbursementPayment,28085,,4.0,Record vendor payment,2,2026-06-10 12:00:00,2026,6
791705,2026-06-16,2,0.0,194.27,DisbursementPayment,DP-2026-028086,DisbursementPayment,28086,,4.0,Record vendor payment,2,2026-06-16 12:00:00,2026,6
791707,2026-06-16,2,0.0,561.73,DisbursementPayment,DP-2026-028087,DisbursementPayment,28087,,4.0,Record vendor payment,2,2026-06-16 12:00:00,2026,6
791709,2026-06-06,2,0.0,786.21,DisbursementPayment,DP-2026-028088,DisbursementPayment,28088,,4.0,Record vendor payment,2,2026-06-06 12:00:00,2026,6
791711,2026-06-16,2,0.0,104.04,DisbursementPayment,DP-2026-028089,DisbursementPayment,28089,,4.0,Record vendor payment,2,2026-06-16 12:00:00,2026,6
791713,2026-06-15,2,0.0,81.57,DisbursementPayment,DP-2026-028090,DisbursementPayment,28090,,4.0,Record vendor payment,2,2026-06-15 12:00:00,2026,6
791715,2026-06-18,2,0.0,1005.91,DisbursementPayment,DP-2026-028091,DisbursementPayment,28091,,4.0,Record vendor payment,2,2026-06-18 12:00:00,2026,6
791717,2026-06-05,2,0.0,6.76,DisbursementPayment,DP-2026-028092,DisbursementPayment,28092,,4.0,Record vendor payment,2,2026-06-05 12:00:00,2026,6
791719,2026-06-18,2,0.0,670.82,DisbursementPayment,DP-2026-028093,DisbursementPayment,28093,,4.0,Record vendor payment,2,2026-06-18 12:00:00,2026,6
791721,2026-06-17,2,0.0,230.31,DisbursementPayment,DP-2026-028094,DisbursementPayment,28094,,4.0,Record vendor payment,2,2026-06-17 12:00:00,2026,6
791723,2026-06-08,2,0.0,576.81,DisbursementPayment,DP-2026-028095,DisbursementPayment,28095,,4.0,Record vendor payment,2,2026-06-08 12:00:00,2026,6
791725,2026-06-12,2,0.0,2009.46,DisbursementPayment,DP-2026-028096,DisbursementPayment,28096,,4.0,Record vendor payment,2,2026-06-12 12:00:00,2026,6
791727,2026-06-17,2,0.0,205.57,DisbursementPayment,DP-2026-028097,DisbursementPayment,28097,,4.0,Record vendor payment,2,2026-06-17 12:00:00,2026,6
791729,2026-06-15,2,0.0,555.09,DisbursementPayment,DP-2026-028098,DisbursementPayment,28098,,4.0,Record vendor payment,2,2026-06-15 12:00:00,2026,6
791731,2026-06-18,2,0.0,226.0,DisbursementPayment,DP-2026-028099,DisbursementPayment,28099,,4.0,Record vendor payment,2,2026-06-18 12:00:00,2026,6
791733,2026-06-07,2,0.0,737.84,DisbursementPayment,DP-2026-028100,DisbursementPayment,28100,,4.0,Record vendor payment,2,2026-06-07 12:00:00,2026,6
791735,2026-06-12,2,0.0,924.36,DisbursementPayment,DP-2026-028101,DisbursementPayment,28101,,4.0,Record vendor payment,2,2026-06-12 12:00:00,2026,6
791737,2026-06-06,2,0.0,1440.45,DisbursementPayment,DP-2026-028102,DisbursementPayment,28102,,4.0,Record vendor payment,2,2026-06-06 12:00:00,2026,6
791739,2026-06-15,2,0.0,78.15,DisbursementPayment,DP-2026-028103,DisbursementPayment,28103,,4.0,Record vendor payment,2,2026-06-15 12:00:00,2026,6
791741,2026-06-12,2,0.0,7.95,DisbursementPayment,DP-2026-028104,DisbursementPayment,28104,,4.0,Record vendor payment,2,2026-06-12 12:00:00,2026,6
791743,2026-06-04,2,0.0,498.95,DisbursementPayment,DP-2026-028105,DisbursementPayment,28105,,4.0,Record vendor payment,2,2026-06-04 12:00:00,2026,6
791745,2026-06-19,2,0.0,2231.23,DisbursementPayment,DP-2026-028106,DisbursementPayment,28106,,5.0,Record vendor payment,2,2026-06-19 12:00:00,2026,6
791747,2026-06-05,2,0.0,847.26,DisbursementPayment,DP-2026-028107,DisbursementPayment,28107,,4.0,Record vendor payment,2,2026-06-05 12:00:00,2026,6
791749,2026-06-12,2,0.0,153.22,DisbursementPayment,DP-2026-028108,DisbursementPayment,28108,,4.0,Record vendor payment,2,2026-06-12 12:00:00,2026,6
791751,2026-06-13,2,0.0,45.37,DisbursementPayment,DP-2026-028109,DisbursementPayment,28109,,4.0,Record vendor payment,2,2026-06-13 12:00:00,2026,6
791753,2026-06-13,2,0.0,738.67,DisbursementPayment,DP-2026-028110,DisbursementPayment,28110,,4.0,Record vendor payment,2,2026-06-13 12:00:00,2026,6
791755,2026-06-17,2,0.0,429.97,DisbursementPayment,DP-2026-028111,DisbursementPayment,28111,,4.0,Record vendor payment,2,2026-06-17 12:00:00,2026,6
791757,2026-06-08,2,0.0,34.6,DisbursementPayment,DP-2026-028112,DisbursementPayment,28112,,4.0,Record vendor payment,2,2026-06-08 12:00:00,2026,6
791759,2026-06-17,2,0.0,645.3,DisbursementPayment,DP-2026-028113,DisbursementPayment,28113,,4.0,Record vendor payment,2,2026-06-17 12:00:00,2026,6
791761,2026-06-15,2,0.0,48.0,DisbursementPayment,DP-2026-028114,DisbursementPayment,28114,,4.0,Record vendor payment,2,2026-06-15 12:00:00,2026,6
791763,2026-06-10,2,0.0,529.93,DisbursementPayment,DP-2026-028115,DisbursementPayment,28115,,4.0,Record vendor payment,2,2026-06-10 12:00:00,2026,6
791765,2026-06-14,2,0.0,993.56,DisbursementPayment,DP-2026-028116,DisbursementPayment,28116,,4.0,Record vendor payment,2,2026-06-14 12:00:00,2026,6
791767,2026-06-07,2,0.0,591.78,DisbursementPayment,DP-2026-028117,DisbursementPayment,28117,,4.0,Record vendor payment,2,2026-06-07 12:00:00,2026,6
791769,2026-06-12,2,0.0,19322.01,DisbursementPayment,DP-2026-028118,DisbursementPayment,28118,,4.0,Record vendor payment,2,2026-06-12 12:00:00,2026,6
791771,2026-06-11,2,0.0,294.76,DisbursementPayment,DP-2026-028119,DisbursementPayment,28119,,4.0,Record vendor payment,2,2026-06-11 12:00:00,2026,6
791773,2026-06-07,2,0.0,104.29,DisbursementPayment,DP-2026-028120,DisbursementPayment,28120,,4.0,Record vendor payment,2,2026-06-07 12:00:00,2026,6
791775,2026-06-07,2,0.0,268.75,DisbursementPayment,DP-2026-028121,DisbursementPayment,28121,,4.0,Record vendor payment,2,2026-06-07 12:00:00,2026,6
791777,2026-06-06,2,0.0,9145.14,DisbursementPayment,DP-2026-028122,DisbursementPayment,28122,,4.0,Record vendor payment,2,2026-06-06 12:00:00,2026,6
791779,2026-06-09,2,0.0,255.62,DisbursementPayment,DP-2026-028123,DisbursementPayment,28123,,4.0,Record vendor payment,2,2026-06-09 12:00:00,2026,6
791781,2026-06-08,2,0.0,154.68,DisbursementPayment,DP-2026-028124,DisbursementPayment,28124,,4.0,Record vendor payment,2,2026-06-08 12:00:00,2026,6
791783,2026-06-05,2,0.0,206.02,DisbursementPayment,DP-2026-028125,DisbursementPayment,28125,,4.0,Record vendor payment,2,2026-06-05 12:00:00,2026,6
791785,2026-06-13,2,0.0,1482.6,DisbursementPayment,DP-2026-028126,DisbursementPayment,28126,,4.0,Record vendor payment,2,2026-06-13 12:00:00,2026,6
791787,2026-06-07,2,0.0,3148.06,DisbursementPayment,DP-2026-028127,DisbursementPayment,28127,,4.0,Record vendor payment,2,2026-06-07 12:00:00,2026,6
791789,2026-06-10,2,0.0,471.18,DisbursementPayment,DP-2026-028128,DisbursementPayment,28128,,4.0,Record vendor payment,2,2026-06-10 12:00:00,2026,6
791791,2026-06-10,2,0.0,654.72,DisbursementPayment,DP-2026-028129,DisbursementPayment,28129,,4.0,Record vendor payment,2,2026-06-10 12:00:00,2026,6
791793,2026-06-15,2,0.0,424.57,DisbursementPayment,DP-2026-028130,DisbursementPayment,28130,,4.0,Record vendor payment,2,2026-06-15 12:00:00,2026,6
791795,2026-06-13,2,0.0,689.97,DisbursementPayment,DP-2026-028131,DisbursementPayment,28131,,4.0,Record vendor payment,2,2026-06-13 12:00:00,2026,6
791797,2026-06-14,2,0.0,753.27,DisbursementPayment,DP-2026-028132,DisbursementPayment,28132,,4.0,Record vendor payment,2,2026-06-14 12:00:00,2026,6
791799,2026-06-13,2,0.0,8.41,DisbursementPayment,DP-2026-028133,DisbursementPayment,28133,,4.0,Record vendor payment,2,2026-06-13 12:00:00,2026,6
791801,2026-06-17,2,0.0,1029.02,DisbursementPayment,DP-2026-028134,DisbursementPayment,28134,,4.0,Record vendor payment,2,2026-06-17 12:00:00,2026,6
791803,2026-06-16,2,0.0,12.29,DisbursementPayment,DP-2026-028135,DisbursementPayment,28135,,4.0,Record vendor payment,2,2026-06-16 12:00:00,2026,6
791805,2026-06-20,2,0.0,179.11,DisbursementPayment,DP-2026-028136,DisbursementPayment,28136,,4.0,Record vendor payment,2,2026-06-20 12:00:00,2026,6
791807,2026-06-20,2,0.0,358.4,DisbursementPayment,DP-2026-028137,DisbursementPayment,28137,,4.0,Record vendor payment,2,2026-06-20 12:00:00,2026,6
791809,2026-06-07,2,0.0,1254.7,DisbursementPayment,DP-2026-028138,DisbursementPayment,28138,,4.0,Record vendor payment,2,2026-06-07 12:00:00,2026,6
791811,2026-06-07,2,0.0,886.2,DisbursementPayment,DP-2026-028139,DisbursementPayment,28139,,4.0,Record vendor payment,2,2026-06-07 12:00:00,2026,6
791813,2026-06-08,2,0.0,671.41,DisbursementPayment,DP-2026-028140,DisbursementPayment,28140,,4.0,Record vendor payment,2,2026-06-08 12:00:00,2026,6
791815,2026-06-20,2,0.0,326.24,DisbursementPayment,DP-2026-028141,DisbursementPayment,28141,,4.0,Record vendor payment,2,2026-06-20 12:00:00,2026,6
791817,2026-06-16,2,0.0,220.24,DisbursementPayment,DP-2026-028142,DisbursementPayment,28142,,4.0,Record vendor payment,2,2026-06-16 12:00:00,2026,6
791819,2026-06-15,2,0.0,2026.86,DisbursementPayment,DP-2026-028143,DisbursementPayment,28143,,4.0,Record vendor payment,2,2026-06-15 12:00:00,2026,6
791821,2026-06-05,2,0.0,1790.91,DisbursementPayment,DP-2026-028144,DisbursementPayment,28144,,4.0,Record vendor payment,2,2026-06-05 12:00:00,2026,6
791823,2026-06-13,2,0.0,673.46,DisbursementPayment,DP-2026-028145,DisbursementPayment,28145,,5.0,Record vendor payment,2,2026-06-13 12:00:00,2026,6
791825,2026-06-08,2,0.0,313.84,DisbursementPayment,DP-2026-028146,DisbursementPayment,28146,,4.0,Record vendor payment,2,2026-06-08 12:00:00,2026,6
791827,2026-06-15,2,0.0,774.51,DisbursementPayment,DP-2026-028147,DisbursementPayment,28147,,4.0,Record vendor payment,2,2026-06-15 12:00:00,2026,6
791829,2026-06-13,2,0.0,83.7,DisbursementPayment,DP-2026-028148,DisbursementPayment,28148,,4.0,Record vendor payment,2,2026-06-13 12:00:00,2026,6
791831,2026-06-16,2,0.0,873.31,DisbursementPayment,DP-2026-028149,DisbursementPayment,28149,,4.0,Record vendor payment,2,2026-06-16 12:00:00,2026,6
791833,2026-06-20,2,0.0,739.54,DisbursementPayment,DP-2026-028150,DisbursementPayment,28150,,4.0,Record vendor payment,2,2026-06-20 12:00:00,2026,6
791835,2026-06-08,2,0.0,473.08,DisbursementPayment,DP-2026-028151,DisbursementPayment,28151,,4.0,Record vendor payment,2,2026-06-08 12:00:00,2026,6
791837,2026-06-09,2,0.0,907.99,DisbursementPayment,DP-2026-028152,DisbursementPayment,28152,,4.0,Record vendor payment,2,2026-06-09 12:00:00,2026,6
791839,2026-06-13,2,0.0,306.36,DisbursementPayment,DP-2026-028153,DisbursementPayment,28153,,4.0,Record vendor payment,2,2026-06-13 12:00:00,2026,6
791841,2026-06-18,2,0.0,173.87,DisbursementPayment,DP-2026-028154,DisbursementPayment,28154,,4.0,Record vendor payment,2,2026-06-18 12:00:00,2026,6
791843,2026-06-14,2,0.0,20.96,DisbursementPayment,DP-2026-028155,DisbursementPayment,28155,,4.0,Record vendor payment,2,2026-06-14 12:00:00,2026,6
791845,2026-06-07,2,0.0,194.72,DisbursementPayment,DP-2026-028156,DisbursementPayment,28156,,4.0,Record vendor payment,2,2026-06-07 12:00:00,2026,6
791847,2026-06-19,2,0.0,1597.87,DisbursementPayment,DP-2026-028157,DisbursementPayment,28157,,4.0,Record vendor payment,2,2026-06-19 12:00:00,2026,6
791849,2026-06-09,2,0.0,1547.9,DisbursementPayment,DP-2026-028158,DisbursementPayment,28158,,4.0,Record vendor payment,2,2026-06-09 12:00:00,2026,6
791851,2026-06-21,2,0.0,0.96,DisbursementPayment,DP-2026-028159,DisbursementPayment,28159,,4.0,Record vendor payment,2,2026-06-21 12:00:00,2026,6
791853,2026-06-12,2,0.0,1031.05,DisbursementPayment,DP-2026-028160,DisbursementPayment,28160,,4.0,Record vendor payment,2,2026-06-12 12:00:00,2026,6
791855,2026-06-08,2,0.0,438.3,DisbursementPayment,DP-2026-028161,DisbursementPayment,28161,,4.0,Record vendor payment,2,2026-06-08 12:00:00,2026,6
791857,2026-06-12,2,0.0,71.04,DisbursementPayment,DP-2026-028162,DisbursementPayment,28162,,4.0,Record vendor payment,2,2026-06-12 12:00:00,2026,6
791859,2026-06-10,2,0.0,1080.83,DisbursementPayment,DP-2026-028163,DisbursementPayment,28163,,4.0,Record vendor payment,2,2026-06-10 12:00:00,2026,6
791861,2026-06-15,2,0.0,7.85,DisbursementPayment,DP-2026-028164,DisbursementPayment,28164,,4.0,Record vendor payment,2,2026-06-15 12:00:00,2026,6
791863,2026-06-10,2,0.0,1618.13,DisbursementPayment,DP-2026-028165,DisbursementPayment,28165,,5.0,Record vendor payment,2,2026-06-10 12:00:00,2026,6
791865,2026-06-18,2,0.0,741.81,DisbursementPayment,DP-2026-028166,DisbursementPayment,28166,,4.0,Record vendor payment,2,2026-06-18 12:00:00,2026,6
791867,2026-06-20,2,0.0,313.3,DisbursementPayment,DP-2026-028167,DisbursementPayment,28167,,4.0,Record vendor payment,2,2026-06-20 12:00:00,2026,6
791869,2026-06-16,2,0.0,588.67,DisbursementPayment,DP-2026-028168,DisbursementPayment,28168,,5.0,Record vendor payment,2,2026-06-16 12:00:00,2026,6
791871,2026-06-10,2,0.0,97.59,DisbursementPayment,DP-2026-028169,DisbursementPayment,28169,,4.0,Record vendor payment,2,2026-06-10 12:00:00,2026,6
791873,2026-06-15,2,0.0,219.59,DisbursementPayment,DP-2026-028170,DisbursementPayment,28170,,4.0,Record vendor payment,2,2026-06-15 12:00:00,2026,6
791875,2026-06-19,2,0.0,2285.69,DisbursementPayment,DP-2026-028171,DisbursementPayment,28171,,4.0,Record vendor payment,2,2026-06-19 12:00:00,2026,6
791877,2026-06-21,2,0.0,1627.86,DisbursementPayment,DP-2026-028172,DisbursementPayment,28172,,5.0,Record vendor payment,2,2026-06-21 12:00:00,2026,6
791879,2026-06-16,2,0.0,893.75,DisbursementPayment,DP-2026-028173,DisbursementPayment,28173,,4.0,Record vendor payment,2,2026-06-16 12:00:00,2026,6
791881,2026-06-21,2,0.0,4458.78,DisbursementPayment,DP-2026-028174,DisbursementPayment,28174,,4.0,Record vendor payment,2,2026-06-21 12:00:00,2026,6
791883,2026-06-07,2,0.0,203.14,DisbursementPayment,DP-2026-028175,DisbursementPayment,28175,,4.0,Record vendor payment,2,2026-06-07 12:00:00,2026,6
791885,2026-06-16,2,0.0,558.21,DisbursementPayment,DP-2026-028176,DisbursementPayment,28176,,4.0,Record vendor payment,2,2026-06-16 12:00:00,2026,6
791887,2026-06-21,2,0.0,618.98,DisbursementPayment,DP-2026-028177,DisbursementPayment,28177,,4.0,Record vendor payment,2,2026-06-21 12:00:00,2026,6
791889,2026-06-17,2,0.0,101.5,DisbursementPayment,DP-2026-028178,DisbursementPayment,28178,,4.0,Record vendor payment,2,2026-06-17 12:00:00,2026,6
791891,2026-06-08,2,0.0,1316.38,DisbursementPayment,DP-2026-028179,DisbursementPayment,28179,,4.0,Record vendor payment,2,2026-06-08 12:00:00,2026,6
791893,2026-06-12,2,0.0,986.74,DisbursementPayment,DP-2026-028180,DisbursementPayment,28180,,4.0,Record vendor payment,2,2026-06-12 12:00:00,2026,6
791895,2026-06-07,2,0.0,620.85,DisbursementPayment,DP-2026-028181,DisbursementPayment,28181,,4.0,Record vendor payment,2,2026-06-07 12:00:00,2026,6
791897,2026-06-08,2,0.0,2146.79,DisbursementPayment,DP-2026-028182,DisbursementPayment,28182,,4.0,Record vendor payment,2,2026-06-08 12:00:00,2026,6
791899,2026-06-22,2,0.0,1755.51,DisbursementPayment,DP-2026-028183,DisbursementPayment,28183,,4.0,Record vendor payment,2,2026-06-22 12:00:00,2026,6
791901,2026-06-22,2,0.0,104.69,DisbursementPayment,DP-2026-028184,DisbursementPayment,28184,,4.0,Record vendor payment,2,2026-06-22 12:00:00,2026,6
791903,2026-06-10,2,0.0,1412.79,DisbursementPayment,DP-2026-028185,DisbursementPayment,28185,,4.0,Record vendor payment,2,2026-06-10 12:00:00,2026,6
791905,2026-06-11,2,0.0,596.11,DisbursementPayment,DP-2026-028186,DisbursementPayment,28186,,4.0,Record vendor payment,2,2026-06-11 12:00:00,2026,6
791907,2026-06-08,2,0.0,1672.44,DisbursementPayment,DP-2026-028187,DisbursementPayment,28187,,5.0,Record vendor payment,2,2026-06-08 12:00:00,2026,6
791909,2026-06-17,2,0.0,182.45,DisbursementPayment,DP-2026-028188,DisbursementPayment,28188,,4.0,Record vendor payment,2,2026-06-17 12:00:00,2026,6
791911,2026-06-13,2,0.0,34.44,DisbursementPayment,DP-2026-028189,DisbursementPayment,28189,,4.0,Record vendor payment,2,2026-06-13 12:00:00,2026,6
791913,2026-06-10,2,0.0,168.91,DisbursementPayment,DP-2026-028190,DisbursementPayment,28190,,4.0,Record vendor payment,2,2026-06-10 12:00:00,2026,6
791915,2026-06-14,2,0.0,0.55,DisbursementPayment,DP-2026-028191,DisbursementPayment,28191,,4.0,Record vendor payment,2,2026-06-14 12:00:00,2026,6
791917,2026-06-20,2,0.0,1250.57,DisbursementPayment,DP-2026-028192,DisbursementPayment,28192,,4.0,Record vendor payment,2,2026-06-20 12:00:00,2026,6
791919,2026-06-11,2,0.0,1213.3,DisbursementPayment,DP-2026-028193,DisbursementPayment,28193,,4.0,Record vendor payment,2,2026-06-11 12:00:00,2026,6
791921,2026-06-07,2,0.0,1260.63,DisbursementPayment,DP-2026-028194,DisbursementPayment,28194,,4.0,Record vendor payment,2,2026-06-07 12:00:00,2026,6
791923,2026-06-15,2,0.0,2032.08,DisbursementPayment,DP-2026-028195,DisbursementPayment,28195,,4.0,Record vendor payment,2,2026-06-15 12:00:00,2026,6
791925,2026-06-08,2,0.0,89.66,DisbursementPayment,DP-2026-028196,DisbursementPayment,28196,,4.0,Record vendor payment,2,2026-06-08 12:00:00,2026,6
791927,2026-06-20,2,0.0,636.32,DisbursementPayment,DP-2026-028197,DisbursementPayment,28197,,4.0,Record vendor payment,2,2026-06-20 12:00:00,2026,6
791929,2026-06-19,2,0.0,110.49,DisbursementPayment,DP-2026-028198,DisbursementPayment,28198,,4.0,Record vendor payment,2,2026-06-19 12:00:00,2026,6
791931,2026-06-23,2,0.0,182.21,DisbursementPayment,DP-2026-028199,DisbursementPayment,28199,,4.0,Record vendor payment,2,2026-06-23 12:00:00,2026,6
791933,2026-06-14,2,0.0,451.84,DisbursementPayment,DP-2026-028200,DisbursementPayment,28200,,4.0,Record vendor payment,2,2026-06-14 12:00:00,2026,6
791935,2026-06-17,2,0.0,674.6,DisbursementPayment,DP-2026-028201,DisbursementPayment,28201,,4.0,Record vendor payment,2,2026-06-17 12:00:00,2026,6
791937,2026-06-19,2,0.0,1430.88,DisbursementPayment,DP-2026-028202,DisbursementPayment,28202,,4.0,Record vendor payment,2,2026-06-19 12:00:00,2026,6
791939,2026-06-10,2,0.0,518.5,DisbursementPayment,DP-2026-028203,DisbursementPayment,28203,,4.0,Record vendor payment,2,2026-06-10 12:00:00,2026,6
791941,2026-06-20,2,0.0,756.11,DisbursementPayment,DP-2026-028204,DisbursementPayment,28204,,4.0,Record vendor payment,2,2026-06-20 12:00:00,2026,6
791943,2026-06-19,2,0.0,678.96,DisbursementPayment,DP-2026-028205,DisbursementPayment,28205,,4.0,Record vendor payment,2,2026-06-19 12:00:00,2026,6
791945,2026-06-22,2,0.0,1634.34,DisbursementPayment,DP-2026-028206,DisbursementPayment,28206,,4.0,Record vendor payment,2,2026-06-22 12:00:00,2026,6
791947,2026-06-10,2,0.0,712.73,DisbursementPayment,DP-2026-028207,DisbursementPayment,28207,,5.0,Record vendor payment,2,2026-06-10 12:00:00,2026,6
791949,2026-06-10,2,0.0,694.77,DisbursementPayment,DP-2026-028208,DisbursementPayment,28208,,4.0,Record vendor payment,2,2026-06-10 12:00:00,2026,6
791951,2026-06-23,2,0.0,649.7,DisbursementPayment,DP-2026-028209,DisbursementPayment,28209,,4.0,Record vendor payment,2,2026-06-23 12:00:00,2026,6
791953,2026-06-18,2,0.0,435.4,DisbursementPayment,DP-2026-028210,DisbursementPayment,28210,,4.0,Record vendor payment,2,2026-06-18 12:00:00,2026,6
791955,2026-06-19,2,0.0,223.62,DisbursementPayment,DP-2026-028211,DisbursementPayment,28211,,5.0,Record vendor payment,2,2026-06-19 12:00:00,2026,6
791957,2026-06-12,2,0.0,1483.83,DisbursementPayment,DP-2026-028212,DisbursementPayment,28212,,4.0,Record vendor payment,2,2026-06-12 12:00:00,2026,6
791959,2026-06-19,2,0.0,206.36,DisbursementPayment,DP-2026-028213,DisbursementPayment,28213,,4.0,Record vendor payment,2,2026-06-19 12:00:00,2026,6
791961,2026-06-09,2,0.0,25.45,DisbursementPayment,DP-2026-028214,DisbursementPayment,28214,,5.0,Record vendor payment,2,2026-06-09 12:00:00,2026,6
791963,2026-06-22,2,0.0,60.99,DisbursementPayment,DP-2026-028215,DisbursementPayment,28215,,4.0,Record vendor payment,2,2026-06-22 12:00:00,2026,6
791965,2026-06-19,2,0.0,12.97,DisbursementPayment,DP-2026-028216,DisbursementPayment,28216,,4.0,Record vendor payment,2,2026-06-19 12:00:00,2026,6
791967,2026-06-17,2,0.0,377.81,DisbursementPayment,DP-2026-028217,DisbursementPayment,28217,,4.0,Record vendor payment,2,2026-06-17 12:00:00,2026,6
791969,2026-06-14,2,0.0,130.22,DisbursementPayment,DP-2026-028218,DisbursementPayment,28218,,4.0,Record vendor payment,2,2026-06-14 12:00:00,2026,6
791971,2026-06-18,2,0.0,235.07,DisbursementPayment,DP-2026-028219,DisbursementPayment,28219,,4.0,Record vendor payment,2,2026-06-18 12:00:00,2026,6
791973,2026-06-15,2,0.0,860.03,DisbursementPayment,DP-2026-028220,DisbursementPayment,28220,,4.0,Record vendor payment,2,2026-06-15 12:00:00,2026,6
791975,2026-06-13,2,0.0,240.44,DisbursementPayment,DP-2026-028221,DisbursementPayment,28221,,4.0,Record vendor payment,2,2026-06-13 12:00:00,2026,6
791977,2026-06-17,2,0.0,15.42,DisbursementPayment,DP-2026-028222,DisbursementPayment,28222,,4.0,Record vendor payment,2,2026-06-17 12:00:00,2026,6
791979,2026-06-16,2,0.0,452.37,DisbursementPayment,DP-2026-028223,DisbursementPayment,28223,,4.0,Record vendor payment,2,2026-06-16 12:00:00,2026,6
791981,2026-06-11,2,0.0,984.75,DisbursementPayment,DP-2026-028224,DisbursementPayment,28224,,5.0,Record vendor payment,2,2026-06-11 12:00:00,2026,6
791983,2026-06-14,2,0.0,214.15,DisbursementPayment,DP-2026-028225,DisbursementPayment,28225,,4.0,Record vendor payment,2,2026-06-14 12:00:00,2026,6
791985,2026-06-14,2,0.0,822.64,DisbursementPayment,DP-2026-028226,DisbursementPayment,28226,,4.0,Record vendor payment,2,2026-06-14 12:00:00,2026,6
791987,2026-06-17,2,0.0,93.34,DisbursementPayment,DP-2026-028227,DisbursementPayment,28227,,4.0,Record vendor payment,2,2026-06-17 12:00:00,2026,6
791989,2026-06-14,2,0.0,343.51,DisbursementPayment,DP-2026-028228,DisbursementPayment,28228,,4.0,Record vendor payment,2,2026-06-14 12:00:00,2026,6
791991,2026-06-16,2,0.0,757.3,DisbursementPayment,DP-2026-028229,DisbursementPayment,28229,,4.0,Record vendor payment,2,2026-06-16 12:00:00,2026,6
791993,2026-06-14,2,0.0,2146.43,DisbursementPayment,DP-2026-028230,DisbursementPayment,28230,,4.0,Record vendor payment,2,2026-06-14 12:00:00,2026,6
791995,2026-06-21,2,0.0,430.94,DisbursementPayment,DP-2026-028231,DisbursementPayment,28231,,4.0,Record vendor payment,2,2026-06-21 12:00:00,2026,6
791997,2026-06-12,2,0.0,1421.28,DisbursementPayment,DP-2026-028232,DisbursementPayment,28232,,5.0,Record vendor payment,2,2026-06-12 12:00:00,2026,6
791999,2026-06-23,2,0.0,591.77,DisbursementPayment,DP-2026-028233,DisbursementPayment,28233,,4.0,Record vendor payment,2,2026-06-23 12:00:00,2026,6
792001,2026-06-10,2,0.0,1031.31,DisbursementPayment,DP-2026-028234,DisbursementPayment,28234,,4.0,Record vendor payment,2,2026-06-10 12:00:00,2026,6
792003,2026-06-12,2,0.0,699.51,DisbursementPayment,DP-2026-028235,DisbursementPayment,28235,,4.0,Record vendor payment,2,2026-06-12 12:00:00,2026,6
792005,2026-06-17,2,0.0,756.53,DisbursementPayment,DP-2026-028236,DisbursementPayment,28236,,4.0,Record vendor payment,2,2026-06-17 12:00:00,2026,6
792007,2026-06-20,2,0.0,1198.21,DisbursementPayment,DP-2026-028237,DisbursementPayment,28237,,5.0,Record vendor payment,2,2026-06-20 12:00:00,2026,6
792009,2026-06-13,2,0.0,314.27,DisbursementPayment,DP-2026-028238,DisbursementPayment,28238,,4.0,Record vendor payment,2,2026-06-13 12:00:00,2026,6
792011,2026-06-16,2,0.0,866.83,DisbursementPayment,DP-2026-028239,DisbursementPayment,28239,,5.0,Record vendor payment,2,2026-06-16 12:00:00,2026,6
792013,2026-06-13,2,0.0,297.34,DisbursementPayment,DP-2026-028240,DisbursementPayment,28240,,4.0,Record vendor payment,2,2026-06-13 12:00:00,2026,6
792015,2026-06-16,2,0.0,335.74,DisbursementPayment,DP-2026-028241,DisbursementPayment,28241,,4.0,Record vendor payment,2,2026-06-16 12:00:00,2026,6
792017,2026-06-23,2,0.0,641.34,DisbursementPayment,DP-2026-028242,DisbursementPayment,28242,,4.0,Record vendor payment,2,2026-06-23 12:00:00,2026,6
792019,2026-06-13,2,0.0,103.19,DisbursementPayment,DP-2026-028243,DisbursementPayment,28243,,4.0,Record vendor payment,2,2026-06-13 12:00:00,2026,6
792021,2026-06-10,2,0.0,1819.75,DisbursementPayment,DP-2026-028244,DisbursementPayment,28244,,4.0,Record vendor payment,2,2026-06-10 12:00:00,2026,6
792023,2026-06-23,2,0.0,110.3,DisbursementPayment,DP-2026-028245,DisbursementPayment,28245,,4.0,Record vendor payment,2,2026-06-23 12:00:00,2026,6
792025,2026-06-12,2,0.0,153.01,DisbursementPayment,DP-2026-028246,DisbursementPayment,28246,,4.0,Record vendor payment,2,2026-06-12 12:00:00,2026,6
792027,2026-06-18,2,0.0,290.25,DisbursementPayment,DP-2026-028247,DisbursementPayment,28247,,4.0,Record vendor payment,2,2026-06-18 12:00:00,2026,6
792029,2026-06-23,2,0.0,10.36,DisbursementPayment,DP-2026-028248,DisbursementPayment,28248,,4.0,Record vendor payment,2,2026-06-23 12:00:00,2026,6
792031,2026-06-09,2,0.0,639.9,DisbursementPayment,DP-2026-028249,DisbursementPayment,28249,,4.0,Record vendor payment,2,2026-06-09 12:00:00,2026,6
792033,2026-06-19,2,0.0,56.79,DisbursementPayment,DP-2026-028250,DisbursementPayment,28250,,4.0,Record vendor payment,2,2026-06-19 12:00:00,2026,6
792035,2026-06-15,2,0.0,493.64,DisbursementPayment,DP-2026-028251,DisbursementPayment,28251,,4.0,Record vendor payment,2,2026-06-15 12:00:00,2026,6
792037,2026-06-23,2,0.0,488.72,DisbursementPayment,DP-2026-028252,DisbursementPayment,28252,,4.0,Record vendor payment,2,2026-06-23 12:00:00,2026,6
792039,2026-06-20,2,0.0,2815.28,DisbursementPayment,DP-2026-028253,DisbursementPayment,28253,,4.0,Record vendor payment,2,2026-06-20 12:00:00,2026,6
792041,2026-06-15,2,0.0,748.16,DisbursementPayment,DP-2026-028254,DisbursementPayment,28254,,4.0,Record vendor payment,2,2026-06-15 12:00:00,2026,6
792043,2026-06-09,2,0.0,377.95,DisbursementPayment,DP-2026-028255,DisbursementPayment,28255,,4.0,Record vendor payment,2,2026-06-09 12:00:00,2026,6
792045,2026-06-17,2,0.0,2629.04,DisbursementPayment,DP-2026-028256,DisbursementPayment,28256,,4.0,Record vendor payment,2,2026-06-17 12:00:00,2026,6
792047,2026-06-22,2,0.0,676.98,DisbursementPayment,DP-2026-028257,DisbursementPayment,28257,,4.0,Record vendor payment,2,2026-06-22 12:00:00,2026,6
792049,2026-06-10,2,0.0,159.44,DisbursementPayment,DP-2026-028258,DisbursementPayment,28258,,4.0,Record vendor payment,2,2026-06-10 12:00:00,2026,6
792051,2026-06-14,2,0.0,508.98,DisbursementPayment,DP-2026-028259,DisbursementPayment,28259,,4.0,Record vendor payment,2,2026-06-14 12:00:00,2026,6
792053,2026-06-20,2,0.0,143.06,DisbursementPayment,DP-2026-028260,DisbursementPayment,28260,,4.0,Record vendor payment,2,2026-06-20 12:00:00,2026,6
792055,2026-06-23,2,0.0,1708.96,DisbursementPayment,DP-2026-028261,DisbursementPayment,28261,,4.0,Record vendor payment,2,2026-06-23 12:00:00,2026,6
792057,2026-06-25,2,0.0,334.48,DisbursementPayment,DP-2026-028262,DisbursementPayment,28262,,4.0,Record vendor payment,2,2026-06-25 12:00:00,2026,6
792059,2026-06-19,2,0.0,697.59,DisbursementPayment,DP-2026-028263,DisbursementPayment,28263,,4.0,Record vendor payment,2,2026-06-19 12:00:00,2026,6
792061,2026-06-25,2,0.0,415.87,DisbursementPayment,DP-2026-028264,DisbursementPayment,28264,,4.0,Record vendor payment,2,2026-06-25 12:00:00,2026,6
792063,2026-06-13,2,0.0,646.84,DisbursementPayment,DP-2026-028265,DisbursementPayment,28265,,4.0,Record vendor payment,2,2026-06-13 12:00:00,2026,6
792065,2026-06-24,2,0.0,37.55,DisbursementPayment,DP-2026-028266,DisbursementPayment,28266,,5.0,Record vendor payment,2,2026-06-24 12:00:00,2026,6
792067,2026-06-15,2,0.0,99.88,DisbursementPayment,DP-2026-028267,DisbursementPayment,28267,,4.0,Record vendor payment,2,2026-06-15 12:00:00,2026,6
792069,2026-06-11,2,0.0,128.59,DisbursementPayment,DP-2026-028268,DisbursementPayment,28268,,4.0,Record vendor payment,2,2026-06-11 12:00:00,2026,6
792071,2026-06-14,2,0.0,141.28,DisbursementPayment,DP-2026-028269,DisbursementPayment,28269,,4.0,Record vendor payment,2,2026-06-14 12:00:00,2026,6
792073,2026-06-24,2,0.0,487.98,DisbursementPayment,DP-2026-028270,DisbursementPayment,28270,,4.0,Record vendor payment,2,2026-06-24 12:00:00,2026,6
792075,2026-06-11,2,0.0,916.04,DisbursementPayment,DP-2026-028271,DisbursementPayment,28271,,4.0,Record vendor payment,2,2026-06-11 12:00:00,2026,6
792077,2026-06-24,2,0.0,453.16,DisbursementPayment,DP-2026-028272,DisbursementPayment,28272,,4.0,Record vendor payment,2,2026-06-24 12:00:00,2026,6
792079,2026-06-26,2,0.0,3315.16,DisbursementPayment,DP-2026-028273,DisbursementPayment,28273,,4.0,Record vendor payment,2,2026-06-26 12:00:00,2026,6
792081,2026-06-26,2,0.0,891.13,DisbursementPayment,DP-2026-028274,DisbursementPayment,28274,,4.0,Record vendor payment,2,2026-06-26 12:00:00,2026,6
792083,2026-06-22,2,0.0,410.76,DisbursementPayment,DP-2026-028275,DisbursementPayment,28275,,4.0,Record vendor payment,2,2026-06-22 12:00:00,2026,6
792085,2026-06-19,2,0.0,601.73,DisbursementPayment,DP-2026-028276,DisbursementPayment,28276,,4.0,Record vendor payment,2,2026-06-19 12:00:00,2026,6
792087,2026-06-23,2,0.0,13.25,DisbursementPayment,DP-2026-028277,DisbursementPayment,28277,,4.0,Record vendor payment,2,2026-06-23 12:00:00,2026,6
792089,2026-06-23,2,0.0,431.23,DisbursementPayment,DP-2026-028278,DisbursementPayment,28278,,4.0,Record vendor payment,2,2026-06-23 12:00:00,2026,6
792091,2026-06-19,2,0.0,1202.84,DisbursementPayment,DP-2026-028279,DisbursementPayment,28279,,4.0,Record vendor payment,2,2026-06-19 12:00:00,2026,6
792093,2026-06-17,2,0.0,611.4,DisbursementPayment,DP-2026-028280,DisbursementPayment,28280,,4.0,Record vendor payment,2,2026-06-17 12:00:00,2026,6
792095,2026-06-22,2,0.0,1681.92,DisbursementPayment,DP-2026-028281,DisbursementPayment,28281,,4.0,Record vendor payment,2,2026-06-22 12:00:00,2026,6
792097,2026-06-26,2,0.0,924.98,DisbursementPayment,DP-2026-028282,DisbursementPayment,28282,,4.0,Record vendor payment,2,2026-06-26 12:00:00,2026,6
792099,2026-06-13,2,0.0,925.59,DisbursementPayment,DP-2026-028283,DisbursementPayment,28283,,4.0,Record vendor payment,2,2026-06-13 12:00:00,2026,6
792101,2026-06-14,2,0.0,1428.77,DisbursementPayment,DP-2026-028284,DisbursementPayment,28284,,4.0,Record vendor payment,2,2026-06-14 12:00:00,2026,6
792103,2026-06-19,2,0.0,1936.24,DisbursementPayment,DP-2026-028285,DisbursementPayment,28285,,4.0,Record vendor payment,2,2026-06-19 12:00:00,2026,6
792105,2026-06-24,2,0.0,511.47,DisbursementPayment,DP-2026-028286,DisbursementPayment,28286,,4.0,Record vendor payment,2,2026-06-24 12:00:00,2026,6
792107,2026-06-22,2,0.0,513.11,DisbursementPayment,DP-2026-028287,DisbursementPayment,28287,,4.0,Record vendor payment,2,2026-06-22 12:00:00,2026,6
792109,2026-06-21,2,0.0,349.05,DisbursementPayment,DP-2026-028288,DisbursementPayment,28288,,4.0,Record vendor payment,2,2026-06-21 12:00:00,2026,6
792111,2026-06-25,2,0.0,121.2,DisbursementPayment,DP-2026-028289,DisbursementPayment,28289,,4.0,Record vendor payment,2,2026-06-25 12:00:00,2026,6
792113,2026-06-19,2,0.0,34.23,DisbursementPayment,DP-2026-028290,DisbursementPayment,28290,,4.0,Record vendor payment,2,2026-06-19 12:00:00,2026,6
792115,2026-06-18,2,0.0,1243.4,DisbursementPayment,DP-2026-028291,DisbursementPayment,28291,,4.0,Record vendor payment,2,2026-06-18 12:00:00,2026,6
792117,2026-06-21,2,0.0,73.65,DisbursementPayment,DP-2026-028292,DisbursementPayment,28292,,4.0,Record vendor payment,2,2026-06-21 12:00:00,2026,6
792119,2026-06-19,2,0.0,729.01,DisbursementPayment,DP-2026-028293,DisbursementPayment,28293,,4.0,Record vendor payment,2,2026-06-19 12:00:00,2026,6
792121,2026-06-25,2,0.0,1242.36,DisbursementPayment,DP-2026-028294,DisbursementPayment,28294,,4.0,Record vendor payment,2,2026-06-25 12:00:00,2026,6
792123,2026-06-16,2,0.0,1116.3,DisbursementPayment,DP-2026-028295,DisbursementPayment,28295,,4.0,Record vendor payment,2,2026-06-16 12:00:00,2026,6
792125,2026-06-24,2,0.0,1126.05,DisbursementPayment,DP-2026-028296,DisbursementPayment,28296,,4.0,Record vendor payment,2,2026-06-24 12:00:00,2026,6
792127,2026-06-27,2,0.0,480.65,DisbursementPayment,DP-2026-028297,DisbursementPayment,28297,,4.0,Record vendor payment,2,2026-06-27 12:00:00,2026,6
792129,2026-06-26,2,0.0,906.1,DisbursementPayment,DP-2026-028298,DisbursementPayment,28298,,4.0,Record vendor payment,2,2026-06-26 12:00:00,2026,6
792131,2026-06-26,2,0.0,941.85,DisbursementPayment,DP-2026-028299,DisbursementPayment,28299,,4.0,Record vendor payment,2,2026-06-26 12:00:00,2026,6
792133,2026-06-21,2,0.0,479.95,DisbursementPayment,DP-2026-028300,DisbursementPayment,28300,,4.0,Record vendor payment,2,2026-06-21 12:00:00,2026,6
792135,2026-06-19,2,0.0,891.19,DisbursementPayment,DP-2026-028301,DisbursementPayment,28301,,4.0,Record vendor payment,2,2026-06-19 12:00:00,2026,6
792137,2026-06-19,2,0.0,1016.26,DisbursementPayment,DP-2026-028302,DisbursementPayment,28302,,4.0,Record vendor payment,2,2026-06-19 12:00:00,2026,6
792139,2026-06-24,2,0.0,772.05,DisbursementPayment,DP-2026-028303,DisbursementPayment,28303,,4.0,Record vendor payment,2,2026-06-24 12:00:00,2026,6
792141,2026-06-14,2,0.0,1409.56,DisbursementPayment,DP-2026-028304,DisbursementPayment,28304,,4.0,Record vendor payment,2,2026-06-14 12:00:00,2026,6
792143,2026-06-14,2,0.0,141.41,DisbursementPayment,DP-2026-028305,DisbursementPayment,28305,,4.0,Record vendor payment,2,2026-06-14 12:00:00,2026,6
792145,2026-06-23,2,0.0,685.1,DisbursementPayment,DP-2026-028306,DisbursementPayment,28306,,4.0,Record vendor payment,2,2026-06-23 12:00:00,2026,6
792147,2026-06-22,2,0.0,83.25,DisbursementPayment,DP-2026-028307,DisbursementPayment,28307,,4.0,Record vendor payment,2,2026-06-22 12:00:00,2026,6
792149,2026-06-20,2,0.0,170.23,DisbursementPayment,DP-2026-028308,DisbursementPayment,28308,,4.0,Record vendor payment,2,2026-06-20 12:00:00,2026,6
792151,2026-06-19,2,0.0,273.17,DisbursementPayment,DP-2026-028309,DisbursementPayment,28309,,5.0,Record vendor payment,2,2026-06-19 12:00:00,2026,6
792153,2026-06-28,2,0.0,10.84,DisbursementPayment,DP-2026-028310,DisbursementPayment,28310,,4.0,Record vendor payment,2,2026-06-28 12:00:00,2026,6
792155,2026-06-23,2,0.0,512.24,DisbursementPayment,DP-2026-028311,DisbursementPayment,28311,,4.0,Record vendor payment,2,2026-06-23 12:00:00,2026,6
792157,2026-06-15,2,0.0,107.08,DisbursementPayment,DP-2026-028312,DisbursementPayment,28312,,4.0,Record vendor payment,2,2026-06-15 12:00:00,2026,6
792159,2026-06-22,2,0.0,101.56,DisbursementPayment,DP-2026-028313,DisbursementPayment,28313,,4.0,Record vendor payment,2,2026-06-22 12:00:00,2026,6
792161,2026-06-16,2,0.0,820.08,DisbursementPayment,DP-2026-028314,DisbursementPayment,28314,,4.0,Record vendor payment,2,2026-06-16 12:00:00,2026,6
792163,2026-06-25,2,0.0,649.69,DisbursementPayment,DP-2026-028315,DisbursementPayment,28315,,4.0,Record vendor payment,2,2026-06-25 12:00:00,2026,6
792165,2026-06-26,2,0.0,554.53,DisbursementPayment,DP-2026-028316,DisbursementPayment,28316,,4.0,Record vendor payment,2,2026-06-26 12:00:00,2026,6
792167,2026-06-13,2,0.0,515.94,DisbursementPayment,DP-2026-028317,DisbursementPayment,28317,,4.0,Record vendor payment,2,2026-06-13 12:00:00,2026,6
792169,2026-06-19,2,0.0,498.75,DisbursementPayment,DP-2026-028318,DisbursementPayment,28318,,4.0,Record vendor payment,2,2026-06-19 12:00:00,2026,6
792171,2026-06-16,2,0.0,218.17,DisbursementPayment,DP-2026-028319,DisbursementPayment,28319,,4.0,Record vendor payment,2,2026-06-16 12:00:00,2026,6
792173,2026-06-21,2,0.0,818.24,DisbursementPayment,DP-2026-028320,DisbursementPayment,28320,,4.0,Record vendor payment,2,2026-06-21 12:00:00,2026,6
792175,2026-06-28,2,0.0,945.91,DisbursementPayment,DP-2026-028321,DisbursementPayment,28321,,4.0,Record vendor payment,2,2026-06-28 12:00:00,2026,6
792177,2026-06-25,2,0.0,2192.49,DisbursementPayment,DP-2026-028322,DisbursementPayment,28322,,4.0,Record vendor payment,2,2026-06-25 12:00:00,2026,6
792179,2026-06-19,2,0.0,465.68,DisbursementPayment,DP-2026-028323,DisbursementPayment,28323,,5.0,Record vendor payment,2,2026-06-19 12:00:00,2026,6
792181,2026-06-28,2,0.0,806.59,DisbursementPayment,DP-2026-028324,DisbursementPayment,28324,,4.0,Record vendor payment,2,2026-06-28 12:00:00,2026,6
792183,2026-06-22,2,0.0,87.58,DisbursementPayment,DP-2026-028325,DisbursementPayment,28325,,4.0,Record vendor payment,2,2026-06-22 12:00:00,2026,6
792185,2026-06-18,2,0.0,162.87,DisbursementPayment,DP-2026-028326,DisbursementPayment,28326,,4.0,Record vendor payment,2,2026-06-18 12:00:00,2026,6
792187,2026-06-25,2,0.0,117.13,DisbursementPayment,DP-2026-028327,DisbursementPayment,28327,,4.0,Record vendor payment,2,2026-06-25 12:00:00,2026,6
792189,2026-06-26,2,0.0,168.84,DisbursementPayment,DP-2026-028328,DisbursementPayment,28328,,4.0,Record vendor payment,2,2026-06-26 12:00:00,2026,6
792191,2026-06-26,2,0.0,445.34,DisbursementPayment,DP-2026-028329,DisbursementPayment,28329,,4.0,Record vendor payment,2,2026-06-26 12:00:00,2026,6
792193,2026-06-28,2,0.0,599.88,DisbursementPayment,DP-2026-028330,DisbursementPayment,28330,,4.0,Record vendor payment,2,2026-06-28 12:00:00,2026,6
792195,2026-06-20,2,0.0,420.24,DisbursementPayment,DP-2026-028331,DisbursementPayment,28331,,4.0,Record vendor payment,2,2026-06-20 12:00:00,2026,6
792197,2026-06-21,2,0.0,396.32,DisbursementPayment,DP-2026-028332,DisbursementPayment,28332,,4.0,Record vendor payment,2,2026-06-21 12:00:00,2026,6
792199,2026-06-17,2,0.0,14000.84,DisbursementPayment,DP-2026-028333,DisbursementPayment,28333,,4.0,Record vendor payment,2,2026-06-17 12:00:00,2026,6
792201,2026-06-24,2,0.0,6298.61,DisbursementPayment,DP-2026-028334,DisbursementPayment,28334,,4.0,Record vendor payment,2,2026-06-24 12:00:00,2026,6
792203,2026-06-27,2,0.0,149.38,DisbursementPayment,DP-2026-028335,DisbursementPayment,28335,,5.0,Record vendor payment,2,2026-06-27 12:00:00,2026,6
792205,2026-06-21,2,0.0,1524.91,DisbursementPayment,DP-2026-028336,DisbursementPayment,28336,,4.0,Record vendor payment,2,2026-06-21 12:00:00,2026,6
792207,2026-06-23,2,0.0,431.36,DisbursementPayment,DP-2026-028337,DisbursementPayment,28337,,4.0,Record vendor payment,2,2026-06-23 12:00:00,2026,6
792209,2026-06-25,2,0.0,290.53,DisbursementPayment,DP-2026-028338,DisbursementPayment,28338,,4.0,Record vendor payment,2,2026-06-25 12:00:00,2026,6
792211,2026-06-26,2,0.0,517.82,DisbursementPayment,DP-2026-028339,DisbursementPayment,28339,,4.0,Record vendor payment,2,2026-06-26 12:00:00,2026,6
792213,2026-06-29,2,0.0,373.28,DisbursementPayment,DP-2026-028340,DisbursementPayment,28340,,4.0,Record vendor payment,2,2026-06-29 12:00:00,2026,6
792215,2026-06-18,2,0.0,2632.14,DisbursementPayment,DP-2026-028341,DisbursementPayment,28341,,4.0,Record vendor payment,2,2026-06-18 12:00:00,2026,6
792217,2026-06-19,2,0.0,412.84,DisbursementPayment,DP-2026-028342,DisbursementPayment,28342,,4.0,Record vendor payment,2,2026-06-19 12:00:00,2026,6
792219,2026-06-25,2,0.0,510.4,DisbursementPayment,DP-2026-028343,DisbursementPayment,28343,,4.0,Record vendor payment,2,2026-06-25 12:00:00,2026,6
792221,2026-06-19,2,0.0,241.23,DisbursementPayment,DP-2026-028344,DisbursementPayment,28344,,4.0,Record vendor payment,2,2026-06-19 12:00:00,2026,6
792223,2026-06-17,2,0.0,1271.12,DisbursementPayment,DP-2026-028345,DisbursementPayment,28345,,4.0,Record vendor payment,2,2026-06-17 12:00:00,2026,6
792225,2026-06-26,2,0.0,121.25,DisbursementPayment,DP-2026-028346,DisbursementPayment,28346,,4.0,Record vendor payment,2,2026-06-26 12:00:00,2026,6
792227,2026-06-24,2,0.0,6690.74,DisbursementPayment,DP-2026-028347,DisbursementPayment,28347,,5.0,Record vendor payment,2,2026-06-24 12:00:00,2026,6
792229,2026-06-16,2,0.0,669.98,DisbursementPayment,DP-2026-028348,DisbursementPayment,28348,,5.0,Record vendor payment,2,2026-06-16 12:00:00,2026,6
792231,2026-06-21,2,0.0,518.43,DisbursementPayment,DP-2026-028349,DisbursementPayment,28349,,4.0,Record vendor payment,2,2026-06-21 12:00:00,2026,6
792233,2026-06-16,2,0.0,49.16,DisbursementPayment,DP-2026-028350,DisbursementPayment,28350,,4.0,Record vendor payment,2,2026-06-16 12:00:00,2026,6
792235,2026-06-15,2,0.0,662.34,DisbursementPayment,DP-2026-028351,DisbursementPayment,28351,,4.0,Record vendor payment,2,2026-06-15 12:00:00,2026,6
792237,2026-06-19,2,0.0,9140.51,DisbursementPayment,DP-2026-028352,DisbursementPayment,28352,,4.0,Record vendor payment,2,2026-06-19 12:00:00,2026,6
792239,2026-06-27,2,0.0,278.63,DisbursementPayment,DP-2026-028353,DisbursementPayment,28353,,4.0,Record vendor payment,2,2026-06-27 12:00:00,2026,6
792241,2026-06-23,2,0.0,552.09,DisbursementPayment,DP-2026-028354,DisbursementPayment,28354,,4.0,Record vendor payment,2,2026-06-23 12:00:00,2026,6
792243,2026-06-28,2,0.0,564.42,DisbursementPayment,DP-2026-028355,DisbursementPayment,28355,,4.0,Record vendor payment,2,2026-06-28 12:00:00,2026,6
792245,2026-06-18,2,0.0,791.7,DisbursementPayment,DP-2026-028356,DisbursementPayment,28356,,5.0,Record vendor payment,2,2026-06-18 12:00:00,2026,6
792247,2026-06-26,2,0.0,288.11,DisbursementPayment,DP-2026-028357,DisbursementPayment,28357,,4.0,Record vendor payment,2,2026-06-26 12:00:00,2026,6
792249,2026-06-19,2,0.0,252.97,DisbursementPayment,DP-2026-028358,DisbursementPayment,28358,,4.0,Record vendor payment,2,2026-06-19 12:00:00,2026,6
792251,2026-06-27,2,0.0,305.24,DisbursementPayment,DP-2026-028359,DisbursementPayment,28359,,4.0,Record vendor payment,2,2026-06-27 12:00:00,2026,6
792253,2026-06-22,2,0.0,1216.03,DisbursementPayment,DP-2026-028360,DisbursementPayment,28360,,4.0,Record vendor payment,2,2026-06-22 12:00:00,2026,6
792255,2026-06-17,2,0.0,740.03,DisbursementPayment,DP-2026-028361,DisbursementPayment,28361,,4.0,Record vendor payment,2,2026-06-17 12:00:00,2026,6
792257,2026-06-28,2,0.0,991.27,DisbursementPayment,DP-2026-028362,DisbursementPayment,28362,,4.0,Record vendor payment,2,2026-06-28 12:00:00,2026,6
792259,2026-06-30,2,0.0,831.84,DisbursementPayment,DP-2026-028363,DisbursementPayment,28363,,4.0,Record vendor payment,2,2026-06-30 12:00:00,2026,6
792261,2026-06-24,2,0.0,894.35,DisbursementPayment,DP-2026-028364,DisbursementPayment,28364,,5.0,Record vendor payment,2,2026-06-24 12:00:00,2026,6
792263,2026-06-28,2,0.0,262.95,DisbursementPayment,DP-2026-028365,DisbursementPayment,28365,,4.0,Record vendor payment,2,2026-06-28 12:00:00,2026,6
792265,2026-06-16,2,0.0,371.77,DisbursementPayment,DP-2026-028366,DisbursementPayment,28366,,4.0,Record vendor payment,2,2026-06-16 12:00:00,2026,6
792267,2026-06-30,2,0.0,449.72,DisbursementPayment,DP-2026-028367,DisbursementPayment,28367,,4.0,Record vendor payment,2,2026-06-30 12:00:00,2026,6
792269,2026-06-22,2,0.0,740.17,DisbursementPayment,DP-2026-028368,DisbursementPayment,28368,,4.0,Record vendor payment,2,2026-06-22 12:00:00,2026,6
792271,2026-06-20,2,0.0,489.72,DisbursementPayment,DP-2026-028369,DisbursementPayment,28369,,4.0,Record vendor payment,2,2026-06-20 12:00:00,2026,6
792273,2026-06-25,2,0.0,93.34,DisbursementPayment,DP-2026-028370,DisbursementPayment,28370,,4.0,Record vendor payment,2,2026-06-25 12:00:00,2026,6
792275,2026-06-23,2,0.0,352.45,DisbursementPayment,DP-2026-028371,DisbursementPayment,28371,,4.0,Record vendor payment,2,2026-06-23 12:00:00,2026,6
792277,2026-06-27,2,0.0,361.41,DisbursementPayment,DP-2026-028372,DisbursementPayment,28372,,4.0,Record vendor payment,2,2026-06-27 12:00:00,2026,6
792279,2026-06-27,2,0.0,529.35,DisbursementPayment,DP-2026-028373,DisbursementPayment,28373,,5.0,Record vendor payment,2,2026-06-27 12:00:00,2026,6
792281,2026-06-27,2,0.0,2467.88,DisbursementPayment,DP-2026-028374,DisbursementPayment,28374,,4.0,Record vendor payment,2,2026-06-27 12:00:00,2026,6
792283,2026-06-24,2,0.0,361.62,DisbursementPayment,DP-2026-028375,DisbursementPayment,28375,,4.0,Record vendor payment,2,2026-06-24 12:00:00,2026,6
792285,2026-06-29,2,0.0,82.07,DisbursementPayment,DP-2026-028376,DisbursementPayment,28376,,4.0,Record vendor payment,2,2026-06-29 12:00:00,2026,6
792287,2026-06-21,2,0.0,932.99,DisbursementPayment,DP-2026-028377,DisbursementPayment,28377,,4.0,Record vendor payment,2,2026-06-21 12:00:00,2026,6
792289,2026-06-22,2,0.0,122.6,DisbursementPayment,DP-2026-028378,DisbursementPayment,28378,,4.0,Record vendor payment,2,2026-06-22 12:00:00,2026,6
792291,2026-06-24,2,0.0,966.43,DisbursementPayment,DP-2026-028379,DisbursementPayment,28379,,4.0,Record vendor payment,2,2026-06-24 12:00:00,2026,6
792293,2026-06-20,2,0.0,2105.14,DisbursementPayment,DP-2026-028380,DisbursementPayment,28380,,5.0,Record vendor payment,2,2026-06-20 12:00:00,2026,6
792295,2026-06-16,2,0.0,390.64,DisbursementPayment,DP-2026-028381,DisbursementPayment,28381,,4.0,Record vendor payment,2,2026-06-16 12:00:00,2026,6
792297,2026-06-24,2,0.0,1002.58,DisbursementPayment,DP-2026-028382,DisbursementPayment,28382,,4.0,Record vendor payment,2,2026-06-24 12:00:00,2026,6
792299,2026-06-20,2,0.0,1295.77,DisbursementPayment,DP-2026-028383,DisbursementPayment,28383,,4.0,Record vendor payment,2,2026-06-20 12:00:00,2026,6
792301,2026-06-23,2,0.0,741.05,DisbursementPayment,DP-2026-028384,DisbursementPayment,28384,,4.0,Record vendor payment,2,2026-06-23 12:00:00,2026,6
792303,2026-06-20,2,0.0,781.81,DisbursementPayment,DP-2026-028385,DisbursementPayment,28385,,4.0,Record vendor payment,2,2026-06-20 12:00:00,2026,6
792305,2026-06-22,2,0.0,0.48,DisbursementPayment,DP-2026-028386,DisbursementPayment,28386,,4.0,Record vendor payment,2,2026-06-22 12:00:00,2026,6
792307,2026-06-16,2,0.0,1193.43,DisbursementPayment,DP-2026-028387,DisbursementPayment,28387,,4.0,Record vendor payment,2,2026-06-16 12:00:00,2026,6
792309,2026-06-17,2,0.0,1467.53,DisbursementPayment,DP-2026-028388,DisbursementPayment,28388,,4.0,Record vendor payment,2,2026-06-17 12:00:00,2026,6
792311,2026-06-24,2,0.0,529.09,DisbursementPayment,DP-2026-028389,DisbursementPayment,28389,,4.0,Record vendor payment,2,2026-06-24 12:00:00,2026,6
792313,2026-06-22,2,0.0,643.95,DisbursementPayment,DP-2026-028390,DisbursementPayment,28390,,4.0,Record vendor payment,2,2026-06-22 12:00:00,2026,6
792315,2026-06-27,2,0.0,613.22,DisbursementPayment,DP-2026-028391,DisbursementPayment,28391,,4.0,Record vendor payment,2,2026-06-27 12:00:00,2026,6
792317,2026-06-17,2,0.0,716.79,DisbursementPayment,DP-2026-028392,DisbursementPayment,28392,,4.0,Record vendor payment,2,2026-06-17 12:00:00,2026,6
792319,2026-06-26,2,0.0,900.44,DisbursementPayment,DP-2026-028393,DisbursementPayment,28393,,5.0,Record vendor payment,2,2026-06-26 12:00:00,2026,6
792321,2026-06-23,2,0.0,433.66,DisbursementPayment,DP-2026-028394,DisbursementPayment,28394,,5.0,Record vendor payment,2,2026-06-23 12:00:00,2026,6
792323,2026-06-19,2,0.0,996.42,DisbursementPayment,DP-2026-028395,DisbursementPayment,28395,,5.0,Record vendor payment,2,2026-06-19 12:00:00,2026,6
792325,2026-06-19,2,0.0,468.49,DisbursementPayment,DP-2026-028396,DisbursementPayment,28396,,4.0,Record vendor payment,2,2026-06-19 12:00:00,2026,6
792327,2026-06-30,2,0.0,37.58,DisbursementPayment,DP-2026-028397,DisbursementPayment,28397,,4.0,Record vendor payment,2,2026-06-30 12:00:00,2026,6
792329,2026-06-30,2,0.0,145.31,DisbursementPayment,DP-2026-028398,DisbursementPayment,28398,,5.0,Record vendor payment,2,2026-06-30 12:00:00,2026,6
792331,2026-06-23,2,0.0,114.14,DisbursementPayment,DP-2026-028399,DisbursementPayment,28399,,4.0,Record vendor payment,2,2026-06-23 12:00:00,2026,6
792333,2026-06-18,2,0.0,71.74,DisbursementPayment,DP-2026-028400,DisbursementPayment,28400,,4.0,Record vendor payment,2,2026-06-18 12:00:00,2026,6
792335,2026-06-30,2,0.0,835.9,DisbursementPayment,DP-2026-028401,DisbursementPayment,28401,,4.0,Record vendor payment,2,2026-06-30 12:00:00,2026,6
792337,2026-06-20,2,0.0,836.69,DisbursementPayment,DP-2026-028402,DisbursementPayment,28402,,4.0,Record vendor payment,2,2026-06-20 12:00:00,2026,6
792339,2026-06-25,2,0.0,750.55,DisbursementPayment,DP-2026-028403,DisbursementPayment,28403,,4.0,Record vendor payment,2,2026-06-25 12:00:00,2026,6
792341,2026-06-26,2,0.0,797.01,DisbursementPayment,DP-2026-028404,DisbursementPayment,28404,,4.0,Record vendor payment,2,2026-06-26 12:00:00,2026,6
792343,2026-06-21,2,0.0,250.08,DisbursementPayment,DP-2026-028405,DisbursementPayment,28405,,4.0,Record vendor payment,2,2026-06-21 12:00:00,2026,6
792345,2026-06-22,2,0.0,1382.47,DisbursementPayment,DP-2026-028406,DisbursementPayment,28406,,4.0,Record vendor payment,2,2026-06-22 12:00:00,2026,6
792347,2026-06-18,2,0.0,387.91,DisbursementPayment,DP-2026-028407,DisbursementPayment,28407,,4.0,Record vendor payment,2,2026-06-18 12:00:00,2026,6
792349,2026-06-19,2,0.0,434.32,DisbursementPayment,DP-2026-028408,DisbursementPayment,28408,,4.0,Record vendor payment,2,2026-06-19 12:00:00,2026,6
792351,2026-06-17,2,0.0,438.55,DisbursementPayment,DP-2026-028409,DisbursementPayment,28409,,4.0,Record vendor payment,2,2026-06-17 12:00:00,2026,6
792353,2026-06-29,2,0.0,727.84,DisbursementPayment,DP-2026-028410,DisbursementPayment,28410,,4.0,Record vendor payment,2,2026-06-29 12:00:00,2026,6
792355,2026-06-29,2,0.0,5665.21,DisbursementPayment,DP-2026-028411,DisbursementPayment,28411,,5.0,Record vendor payment,2,2026-06-29 12:00:00,2026,6
792357,2026-06-28,2,0.0,381.68,DisbursementPayment,DP-2026-028412,DisbursementPayment,28412,,4.0,Record vendor payment,2,2026-06-28 12:00:00,2026,6
792359,2026-06-22,2,0.0,631.85,DisbursementPayment,DP-2026-028413,DisbursementPayment,28413,,4.0,Record vendor payment,2,2026-06-22 12:00:00,2026,6
792361,2026-06-18,2,0.0,477.86,DisbursementPayment,DP-2026-028414,DisbursementPayment,28414,,4.0,Record vendor payment,2,2026-06-18 12:00:00,2026,6
792363,2026-06-21,2,0.0,3225.13,DisbursementPayment,DP-2026-028415,DisbursementPayment,28415,,4.0,Record vendor payment,2,2026-06-21 12:00:00,2026,6
792365,2026-06-26,2,0.0,225.49,DisbursementPayment,DP-2026-028416,DisbursementPayment,28416,,4.0,Record vendor payment,2,2026-06-26 12:00:00,2026,6
792367,2026-06-21,2,0.0,134.15,DisbursementPayment,DP-2026-028417,DisbursementPayment,28417,,4.0,Record vendor payment,2,2026-06-21 12:00:00,2026,6
792369,2026-06-21,2,0.0,473.56,DisbursementPayment,DP-2026-028418,DisbursementPayment,28418,,4.0,Record vendor payment,2,2026-06-21 12:00:00,2026,6
792371,2026-06-30,2,0.0,33832.92,DisbursementPayment,DP-2026-028419,DisbursementPayment,28419,,4.0,Record vendor payment,2,2026-06-30 12:00:00,2026,6
792373,2026-06-28,2,0.0,101.91,DisbursementPayment,DP-2026-028420,DisbursementPayment,28420,,5.0,Record vendor payment,2,2026-06-28 12:00:00,2026,6
792375,2026-06-26,2,0.0,170.72,DisbursementPayment,DP-2026-028421,DisbursementPayment,28421,,4.0,Record vendor payment,2,2026-06-26 12:00:00,2026,6
792377,2026-06-23,2,0.0,16.04,DisbursementPayment,DP-2026-028422,DisbursementPayment,28422,,4.0,Record vendor payment,2,2026-06-23 12:00:00,2026,6
792379,2026-06-19,2,0.0,52.83,DisbursementPayment,DP-2026-028423,DisbursementPayment,28423,,4.0,Record vendor payment,2,2026-06-19 12:00:00,2026,6
792381,2026-06-28,2,0.0,552.56,DisbursementPayment,DP-2026-028424,DisbursementPayment,28424,,4.0,Record vendor payment,2,2026-06-28 12:00:00,2026,6
792383,2026-06-24,2,0.0,423.55,DisbursementPayment,DP-2026-028425,DisbursementPayment,28425,,4.0,Record vendor payment,2,2026-06-24 12:00:00,2026,6
792385,2026-06-28,2,0.0,2864.16,DisbursementPayment,DP-2026-028426,DisbursementPayment,28426,,5.0,Record vendor payment,2,2026-06-28 12:00:00,2026,6
792387,2026-06-24,2,0.0,1165.19,DisbursementPayment,DP-2026-028427,DisbursementPayment,28427,,4.0,Record vendor payment,2,2026-06-24 12:00:00,2026,6
792389,2026-06-26,2,0.0,149.77,DisbursementPayment,DP-2026-028428,DisbursementPayment,28428,,4.0,Record vendor payment,2,2026-06-26 12:00:00,2026,6
792391,2026-06-25,2,0.0,36.7,DisbursementPayment,DP-2026-028429,DisbursementPayment,28429,,4.0,Record vendor payment,2,2026-06-25 12:00:00,2026,6
792393,2026-06-23,2,0.0,343.76,DisbursementPayment,DP-2026-028430,DisbursementPayment,28430,,4.0,Record vendor payment,2,2026-06-23 12:00:00,2026,6
792395,2026-06-28,2,0.0,2275.09,DisbursementPayment,DP-2026-028431,DisbursementPayment,28431,,4.0,Record vendor payment,2,2026-06-28 12:00:00,2026,6
792397,2026-06-23,2,0.0,348.41,DisbursementPayment,DP-2026-028432,DisbursementPayment,28432,,4.0,Record vendor payment,2,2026-06-23 12:00:00,2026,6
792399,2026-06-23,2,0.0,340.89,DisbursementPayment,DP-2026-028433,DisbursementPayment,28433,,4.0,Record vendor payment,2,2026-06-23 12:00:00,2026,6
792401,2026-06-18,2,0.0,2752.21,DisbursementPayment,DP-2026-028434,DisbursementPayment,28434,,4.0,Record vendor payment,2,2026-06-18 12:00:00,2026,6
792403,2026-06-27,2,0.0,501.21,DisbursementPayment,DP-2026-028435,DisbursementPayment,28435,,4.0,Record vendor payment,2,2026-06-27 12:00:00,2026,6
792405,2026-06-18,2,0.0,449.16,DisbursementPayment,DP-2026-028436,DisbursementPayment,28436,,4.0,Record vendor payment,2,2026-06-18 12:00:00,2026,6
792407,2026-06-28,2,0.0,122.04,DisbursementPayment,DP-2026-028437,DisbursementPayment,28437,,4.0,Record vendor payment,2,2026-06-28 12:00:00,2026,6
792409,2026-06-24,2,0.0,4141.41,DisbursementPayment,DP-2026-028438,DisbursementPayment,28438,,4.0,Record vendor payment,2,2026-06-24 12:00:00,2026,6
792411,2026-06-28,2,0.0,584.61,DisbursementPayment,DP-2026-028439,DisbursementPayment,28439,,4.0,Record vendor payment,2,2026-06-28 12:00:00,2026,6
792413,2026-06-20,2,0.0,146.65,DisbursementPayment,DP-2026-028440,DisbursementPayment,28440,,4.0,Record vendor payment,2,2026-06-20 12:00:00,2026,6
792415,2026-06-19,2,0.0,37.22,DisbursementPayment,DP-2026-028441,DisbursementPayment,28441,,4.0,Record vendor payment,2,2026-06-19 12:00:00,2026,6
792417,2026-06-24,2,0.0,80.65,DisbursementPayment,DP-2026-028442,DisbursementPayment,28442,,4.0,Record vendor payment,2,2026-06-24 12:00:00,2026,6
792419,2026-06-20,2,0.0,256.35,DisbursementPayment,DP-2026-028443,DisbursementPayment,28443,,4.0,Record vendor payment,2,2026-06-20 12:00:00,2026,6
792421,2026-06-22,2,0.0,569.04,DisbursementPayment,DP-2026-028444,DisbursementPayment,28444,,5.0,Record vendor payment,2,2026-06-22 12:00:00,2026,6
792423,2026-06-29,2,0.0,4926.95,DisbursementPayment,DP-2026-028445,DisbursementPayment,28445,,4.0,Record vendor payment,2,2026-06-29 12:00:00,2026,6
792425,2026-06-30,2,0.0,132.66,DisbursementPayment,DP-2026-028446,DisbursementPayment,28446,,4.0,Record vendor payment,2,2026-06-30 12:00:00,2026,6
792427,2026-06-25,2,0.0,62.26,DisbursementPayment,DP-2026-028447,DisbursementPayment,28447,,4.0,Record vendor payment,2,2026-06-25 12:00:00,2026,6
792429,2026-06-28,2,0.0,946.23,DisbursementPayment,DP-2026-028448,DisbursementPayment,28448,,4.0,Record vendor payment,2,2026-06-28 12:00:00,2026,6
792431,2026-06-30,2,0.0,15.86,DisbursementPayment,DP-2026-028449,DisbursementPayment,28449,,4.0,Record vendor payment,2,2026-06-30 12:00:00,2026,6
792433,2026-06-29,2,0.0,652.93,DisbursementPayment,DP-2026-028450,DisbursementPayment,28450,,4.0,Record vendor payment,2,2026-06-29 12:00:00,2026,6
792435,2026-06-19,2,0.0,461.37,DisbursementPayment,DP-2026-028451,DisbursementPayment,28451,,4.0,Record vendor payment,2,2026-06-19 12:00:00,2026,6
792437,2026-06-23,2,0.0,120.04,DisbursementPayment,DP-2026-028452,DisbursementPayment,28452,,4.0,Record vendor payment,2,2026-06-23 12:00:00,2026,6
792439,2026-06-29,2,0.0,33.09,DisbursementPayment,DP-2026-028453,DisbursementPayment,28453,,4.0,Record vendor payment,2,2026-06-29 12:00:00,2026,6
792441,2026-06-25,2,0.0,1381.31,DisbursementPayment,DP-2026-028454,DisbursementPayment,28454,,4.0,Record vendor payment,2,2026-06-25 12:00:00,2026,6
792443,2026-06-27,2,0.0,1387.38,DisbursementPayment,DP-2026-028455,DisbursementPayment,28455,,4.0,Record vendor payment,2,2026-06-27 12:00:00,2026,6
792445,2026-06-29,2,0.0,14361.93,DisbursementPayment,DP-2026-028456,DisbursementPayment,28456,,4.0,Record vendor payment,2,2026-06-29 12:00:00,2026,6
792447,2026-06-25,2,0.0,1017.97,DisbursementPayment,DP-2026-028457,DisbursementPayment,28457,,4.0,Record vendor payment,2,2026-06-25 12:00:00,2026,6
792449,2026-06-26,2,0.0,269.42,DisbursementPayment,DP-2026-028458,DisbursementPayment,28458,,4.0,Record vendor payment,2,2026-06-26 12:00:00,2026,6
792451,2026-06-22,2,0.0,491.06,DisbursementPayment,DP-2026-028459,DisbursementPayment,28459,,4.0,Record vendor payment,2,2026-06-22 12:00:00,2026,6
792453,2026-06-28,2,0.0,188.16,DisbursementPayment,DP-2026-028460,DisbursementPayment,28460,,4.0,Record vendor payment,2,2026-06-28 12:00:00,2026,6
792455,2026-06-26,2,0.0,1503.05,DisbursementPayment,DP-2026-028461,DisbursementPayment,28461,,4.0,Record vendor payment,2,2026-06-26 12:00:00,2026,6
792457,2026-06-24,2,0.0,235.77,DisbursementPayment,DP-2026-028462,DisbursementPayment,28462,,4.0,Record vendor payment,2,2026-06-24 12:00:00,2026,6
792459,2026-06-25,2,0.0,127.71,DisbursementPayment,DP-2026-028463,DisbursementPayment,28463,,4.0,Record vendor payment,2,2026-06-25 12:00:00,2026,6
792461,2026-06-28,2,0.0,148.93,DisbursementPayment,DP-2026-028464,DisbursementPayment,28464,,4.0,Record vendor payment,2,2026-06-28 12:00:00,2026,6
792463,2026-06-26,2,0.0,289.88,DisbursementPayment,DP-2026-028465,DisbursementPayment,28465,,4.0,Record vendor payment,2,2026-06-26 12:00:00,2026,6
792465,2026-06-21,2,0.0,11981.97,DisbursementPayment,DP-2026-028466,DisbursementPayment,28466,,4.0,Record vendor payment,2,2026-06-21 12:00:00,2026,6
792467,2026-06-20,2,0.0,154.25,DisbursementPayment,DP-2026-028467,DisbursementPayment,28467,,4.0,Record vendor payment,2,2026-06-20 12:00:00,2026,6
792469,2026-06-27,2,0.0,512.65,DisbursementPayment,DP-2026-028468,DisbursementPayment,28468,,4.0,Record vendor payment,2,2026-06-27 12:00:00,2026,6
792471,2026-06-22,2,0.0,120.57,DisbursementPayment,DP-2026-028469,DisbursementPayment,28469,,4.0,Record vendor payment,2,2026-06-22 12:00:00,2026,6
792473,2026-06-25,2,0.0,1726.61,DisbursementPayment,DP-2026-028470,DisbursementPayment,28470,,4.0,Record vendor payment,2,2026-06-25 12:00:00,2026,6
792475,2026-06-24,2,0.0,915.42,DisbursementPayment,DP-2026-028471,DisbursementPayment,28471,,4.0,Record vendor payment,2,2026-06-24 12:00:00,2026,6
792477,2026-06-28,2,0.0,496.11,DisbursementPayment,DP-2026-028472,DisbursementPayment,28472,,4.0,Record vendor payment,2,2026-06-28 12:00:00,2026,6
792479,2026-06-21,2,0.0,397.15,DisbursementPayment,DP-2026-028473,DisbursementPayment,28473,,4.0,Record vendor payment,2,2026-06-21 12:00:00,2026,6
792481,2026-06-29,2,0.0,454.62,DisbursementPayment,DP-2026-028474,DisbursementPayment,28474,,4.0,Record vendor payment,2,2026-06-29 12:00:00,2026,6
792483,2026-06-28,2,0.0,917.37,DisbursementPayment,DP-2026-028475,DisbursementPayment,28475,,4.0,Record vendor payment,2,2026-06-28 12:00:00,2026,6
792485,2026-06-30,2,0.0,129.92,DisbursementPayment,DP-2026-028476,DisbursementPayment,28476,,4.0,Record vendor payment,2,2026-06-30 12:00:00,2026,6
792487,2026-06-24,2,0.0,461.93,DisbursementPayment,DP-2026-028477,DisbursementPayment,28477,,4.0,Record vendor payment,2,2026-06-24 12:00:00,2026,6
792489,2026-06-29,2,0.0,3282.87,DisbursementPayment,DP-2026-028478,DisbursementPayment,28478,,4.0,Record vendor payment,2,2026-06-29 12:00:00,2026,6
792491,2026-06-23,2,0.0,907.54,DisbursementPayment,DP-2026-028479,DisbursementPayment,28479,,4.0,Record vendor payment,2,2026-06-23 12:00:00,2026,6
792493,2026-06-21,2,0.0,767.43,DisbursementPayment,DP-2026-028480,DisbursementPayment,28480,,4.0,Record vendor payment,2,2026-06-21 12:00:00,2026,6
792495,2026-06-28,2,0.0,2700.47,DisbursementPayment,DP-2026-028481,DisbursementPayment,28481,,4.0,Record vendor payment,2,2026-06-28 12:00:00,2026,6
792497,2026-06-25,2,0.0,657.06,DisbursementPayment,DP-2026-028482,DisbursementPayment,28482,,4.0,Record vendor payment,2,2026-06-25 12:00:00,2026,6
792499,2026-06-26,2,0.0,168.16,DisbursementPayment,DP-2026-028483,DisbursementPayment,28483,,4.0,Record vendor payment,2,2026-06-26 12:00:00,2026,6
792501,2026-06-29,2,0.0,978.45,DisbursementPayment,DP-2026-028484,DisbursementPayment,28484,,4.0,Record vendor payment,2,2026-06-29 12:00:00,2026,6
792503,2026-06-26,2,0.0,831.16,DisbursementPayment,DP-2026-028485,DisbursementPayment,28485,,4.0,Record vendor payment,2,2026-06-26 12:00:00,2026,6
792505,2026-06-28,2,0.0,916.61,DisbursementPayment,DP-2026-028486,DisbursementPayment,28486,,4.0,Record vendor payment,2,2026-06-28 12:00:00,2026,6
792507,2026-06-26,2,0.0,416.0,DisbursementPayment,DP-2026-028487,DisbursementPayment,28487,,4.0,Record vendor payment,2,2026-06-26 12:00:00,2026,6
792509,2026-06-30,2,0.0,54.2,DisbursementPayment,DP-2026-028488,DisbursementPayment,28488,,4.0,Record vendor payment,2,2026-06-30 12:00:00,2026,6
792511,2026-06-22,2,0.0,2919.05,DisbursementPayment,DP-2026-028489,DisbursementPayment,28489,,4.0,Record vendor payment,2,2026-06-22 12:00:00,2026,6
792513,2026-06-21,2,0.0,398.43,DisbursementPayment,DP-2026-028490,DisbursementPayment,28490,,5.0,Record vendor payment,2,2026-06-21 12:00:00,2026,6
792515,2026-06-28,2,0.0,46.18,DisbursementPayment,DP-2026-028491,DisbursementPayment,28491,,4.0,Record vendor payment,2,2026-06-28 12:00:00,2026,6
792517,2026-06-29,2,0.0,115.08,DisbursementPayment,DP-2026-028492,DisbursementPayment,28492,,4.0,Record vendor payment,2,2026-06-29 12:00:00,2026,6
792519,2026-06-24,2,0.0,228.33,DisbursementPayment,DP-2026-028493,DisbursementPayment,28493,,4.0,Record vendor payment,2,2026-06-24 12:00:00,2026,6
792521,2026-06-21,2,0.0,1782.63,DisbursementPayment,DP-2026-028494,DisbursementPayment,28494,,4.0,Record vendor payment,2,2026-06-21 12:00:00,2026,6
792523,2026-06-27,2,0.0,44.16,DisbursementPayment,DP-2026-028495,DisbursementPayment,28495,,4.0,Record vendor payment,2,2026-06-27 12:00:00,2026,6
792525,2026-06-30,2,0.0,792.25,DisbursementPayment,DP-2026-028496,DisbursementPayment,28496,,4.0,Record vendor payment,2,2026-06-30 12:00:00,2026,6
792527,2026-06-26,2,0.0,381.87,DisbursementPayment,DP-2026-028497,DisbursementPayment,28497,,4.0,Record vendor payment,2,2026-06-26 12:00:00,2026,6
792529,2026-06-22,2,0.0,155.08,DisbursementPayment,DP-2026-028498,DisbursementPayment,28498,,4.0,Record vendor payment,2,2026-06-22 12:00:00,2026,6
792531,2026-06-29,2,0.0,362.32,DisbursementPayment,DP-2026-028499,DisbursementPayment,28499,,4.0,Record vendor payment,2,2026-06-29 12:00:00,2026,6
792533,2026-06-30,2,0.0,478.35,DisbursementPayment,DP-2026-028500,DisbursementPayment,28500,,4.0,Record vendor payment,2,2026-06-30 12:00:00,2026,6
792535,2026-06-24,2,0.0,46.4,DisbursementPayment,DP-2026-028501,DisbursementPayment,28501,,4.0,Record vendor payment,2,2026-06-24 12:00:00,2026,6
792537,2026-06-24,2,0.0,375.13,DisbursementPayment,DP-2026-028502,DisbursementPayment,28502,,4.0,Record vendor payment,2,2026-06-24 12:00:00,2026,6
792539,2026-06-27,2,0.0,780.16,DisbursementPayment,DP-2026-028503,DisbursementPayment,28503,,4.0,Record vendor payment,2,2026-06-27 12:00:00,2026,6
792541,2026-06-27,2,0.0,1411.92,DisbursementPayment,DP-2026-028504,DisbursementPayment,28504,,4.0,Record vendor payment,2,2026-06-27 12:00:00,2026,6
792543,2026-06-29,2,0.0,1786.28,DisbursementPayment,DP-2026-028505,DisbursementPayment,28505,,4.0,Record vendor payment,2,2026-06-29 12:00:00,2026,6
792545,2026-06-26,2,0.0,245.86,DisbursementPayment,DP-2026-028506,DisbursementPayment,28506,,4.0,Record vendor payment,2,2026-06-26 12:00:00,2026,6
792547,2026-06-26,2,0.0,665.34,DisbursementPayment,DP-2026-028507,DisbursementPayment,28507,,4.0,Record vendor payment,2,2026-06-26 12:00:00,2026,6
792549,2026-06-29,2,0.0,2992.08,DisbursementPayment,DP-2026-028508,DisbursementPayment,28508,,4.0,Record vendor payment,2,2026-06-29 12:00:00,2026,6
792551,2026-06-21,2,0.0,513.0,DisbursementPayment,DP-2026-028509,DisbursementPayment,28509,,4.0,Record vendor payment,2,2026-06-21 12:00:00,2026,6
792553,2026-06-23,2,0.0,87.07,DisbursementPayment,DP-2026-028510,DisbursementPayment,28510,,4.0,Record vendor payment,2,2026-06-23 12:00:00,2026,6
792555,2026-06-25,2,0.0,3840.18,DisbursementPayment,DP-2026-028511,DisbursementPayment,28511,,4.0,Record vendor payment,2,2026-06-25 12:00:00,2026,6
792557,2026-06-29,2,0.0,980.85,DisbursementPayment,DP-2026-028512,DisbursementPayment,28512,,4.0,Record vendor payment,2,2026-06-29 12:00:00,2026,6
792559,2026-06-21,2,0.0,2489.56,DisbursementPayment,DP-2026-028513,DisbursementPayment,28513,,4.0,Record vendor payment,2,2026-06-21 12:00:00,2026,6
792561,2026-06-26,2,0.0,205.72,DisbursementPayment,DP-2026-028514,DisbursementPayment,28514,,4.0,Record vendor payment,2,2026-06-26 12:00:00,2026,6
792563,2026-06-22,2,0.0,163.0,DisbursementPayment,DP-2026-028515,DisbursementPayment,28515,,4.0,Record vendor payment,2,2026-06-22 12:00:00,2026,6
792565,2026-06-25,2,0.0,499.13,DisbursementPayment,DP-2026-028516,DisbursementPayment,28516,,4.0,Record vendor payment,2,2026-06-25 12:00:00,2026,6
792567,2026-06-28,2,0.0,1365.6,DisbursementPayment,DP-2026-028517,DisbursementPayment,28517,,5.0,Record vendor payment,2,2026-06-28 12:00:00,2026,6
792569,2026-06-29,2,0.0,85.73,DisbursementPayment,DP-2026-028518,DisbursementPayment,28518,,4.0,Record vendor payment,2,2026-06-29 12:00:00,2026,6
792571,2026-06-21,2,0.0,198.17,DisbursementPayment,DP-2026-028519,DisbursementPayment,28519,,4.0,Record vendor payment,2,2026-06-21 12:00:00,2026,6
792573,2026-06-30,2,0.0,583.04,DisbursementPayment,DP-2026-028520,DisbursementPayment,28520,,4.0,Record vendor payment,2,2026-06-30 12:00:00,2026,6
792575,2026-06-25,2,0.0,662.8,DisbursementPayment,DP-2026-028521,DisbursementPayment,28521,,4.0,Record vendor payment,2,2026-06-25 12:00:00,2026,6
792577,2026-06-23,2,0.0,676.82,DisbursementPayment,DP-2026-028522,DisbursementPayment,28522,,4.0,Record vendor payment,2,2026-06-23 12:00:00,2026,6
792579,2026-06-30,2,0.0,586.92,DisbursementPayment,DP-2026-028523,DisbursementPayment,28523,,4.0,Record vendor payment,2,2026-06-30 12:00:00,2026,6
792581,2026-06-25,2,0.0,1249.16,DisbursementPayment,DP-2026-028524,DisbursementPayment,28524,,5.0,Record vendor payment,2,2026-06-25 12:00:00,2026,6
792583,2026-06-24,2,0.0,1721.09,DisbursementPayment,DP-2026-028525,DisbursementPayment,28525,,5.0,Record vendor payment,2,2026-06-24 12:00:00,2026,6
792585,2026-06-25,2,0.0,126.98,DisbursementPayment,DP-2026-028526,DisbursementPayment,28526,,4.0,Record vendor payment,2,2026-06-25 12:00:00,2026,6
792587,2026-06-29,2,0.0,105.84,DisbursementPayment,DP-2026-028527,DisbursementPayment,28527,,5.0,Record vendor payment,2,2026-06-29 12:00:00,2026,6
792589,2026-06-24,2,0.0,2483.56,DisbursementPayment,DP-2026-028528,DisbursementPayment,28528,,4.0,Record vendor payment,2,2026-06-24 12:00:00,2026,6
792591,2026-06-30,2,0.0,666.07,DisbursementPayment,DP-2026-028529,DisbursementPayment,28529,,4.0,Record vendor payment,2,2026-06-30 12:00:00,2026,6
792593,2026-06-26,2,0.0,305.75,DisbursementPayment,DP-2026-028530,DisbursementPayment,28530,,4.0,Record vendor payment,2,2026-06-26 12:00:00,2026,6
792595,2026-06-30,2,0.0,747.37,DisbursementPayment,DP-2026-028531,DisbursementPayment,28531,,4.0,Record vendor payment,2,2026-06-30 12:00:00,2026,6
792597,2026-06-29,2,0.0,87.89,DisbursementPayment,DP-2026-028532,DisbursementPayment,28532,,4.0,Record vendor payment,2,2026-06-29 12:00:00,2026,6
792599,2026-06-25,2,0.0,554.57,DisbursementPayment,DP-2026-028533,DisbursementPayment,28533,,4.0,Record vendor payment,2,2026-06-25 12:00:00,2026,6
792601,2026-06-30,2,0.0,208.07,DisbursementPayment,DP-2026-028534,DisbursementPayment,28534,,4.0,Record vendor payment,2,2026-06-30 12:00:00,2026,6
792603,2026-06-22,2,0.0,6.96,DisbursementPayment,DP-2026-028535,DisbursementPayment,28535,,4.0,Record vendor payment,2,2026-06-22 12:00:00,2026,6
792605,2026-06-25,2,0.0,452.12,DisbursementPayment,DP-2026-028536,DisbursementPayment,28536,,4.0,Record vendor payment,2,2026-06-25 12:00:00,2026,6
792607,2026-06-24,2,0.0,255.61,DisbursementPayment,DP-2026-028537,DisbursementPayment,28537,,4.0,Record vendor payment,2,2026-06-24 12:00:00,2026,6
792609,2026-06-26,2,0.0,1372.14,DisbursementPayment,DP-2026-028538,DisbursementPayment,28538,,4.0,Record vendor payment,2,2026-06-26 12:00:00,2026,6
792611,2026-06-29,2,0.0,788.76,DisbursementPayment,DP-2026-028539,DisbursementPayment,28539,,4.0,Record vendor payment,2,2026-06-29 12:00:00,2026,6
792613,2026-06-27,2,0.0,1962.86,DisbursementPayment,DP-2026-028540,DisbursementPayment,28540,,5.0,Record vendor payment,2,2026-06-27 12:00:00,2026,6
792615,2026-06-30,2,0.0,671.55,DisbursementPayment,DP-2026-028541,DisbursementPayment,28541,,5.0,Record vendor payment,2,2026-06-30 12:00:00,2026,6
792617,2026-06-25,2,0.0,214.83,DisbursementPayment,DP-2026-028542,DisbursementPayment,28542,,4.0,Record vendor payment,2,2026-06-25 12:00:00,2026,6
792619,2026-06-24,2,0.0,438.59,DisbursementPayment,DP-2026-028543,DisbursementPayment,28543,,4.0,Record vendor payment,2,2026-06-24 12:00:00,2026,6
792621,2026-06-27,2,0.0,809.95,DisbursementPayment,DP-2026-028544,DisbursementPayment,28544,,4.0,Record vendor payment,2,2026-06-27 12:00:00,2026,6
792623,2026-06-30,2,0.0,920.04,DisbursementPayment,DP-2026-028545,DisbursementPayment,28545,,4.0,Record vendor payment,2,2026-06-30 12:00:00,2026,6
792625,2026-06-28,2,0.0,157.08,DisbursementPayment,DP-2026-028546,DisbursementPayment,28546,,4.0,Record vendor payment,2,2026-06-28 12:00:00,2026,6
792627,2026-06-29,2,0.0,25.32,DisbursementPayment,DP-2026-028547,DisbursementPayment,28547,,4.0,Record vendor payment,2,2026-06-29 12:00:00,2026,6
792629,2026-06-27,2,0.0,153.47,DisbursementPayment,DP-2026-028548,DisbursementPayment,28548,,4.0,Record vendor payment,2,2026-06-27 12:00:00,2026,6
792631,2026-06-26,2,0.0,169.17,DisbursementPayment,DP-2026-028549,DisbursementPayment,28549,,4.0,Record vendor payment,2,2026-06-26 12:00:00,2026,6
792633,2026-06-25,2,0.0,249.33,DisbursementPayment,DP-2026-028550,DisbursementPayment,28550,,4.0,Record vendor payment,2,2026-06-25 12:00:00,2026,6
792635,2026-06-26,2,0.0,94.74,DisbursementPayment,DP-2026-028551,DisbursementPayment,28551,,4.0,Record vendor payment,2,2026-06-26 12:00:00,2026,6
792637,2026-06-29,2,0.0,695.39,DisbursementPayment,DP-2026-028552,DisbursementPayment,28552,,4.0,Record vendor payment,2,2026-06-29 12:00:00,2026,6
792639,2026-06-24,2,0.0,248.77,DisbursementPayment,DP-2026-028553,DisbursementPayment,28553,,4.0,Record vendor payment,2,2026-06-24 12:00:00,2026,6
792641,2026-06-30,2,0.0,1024.71,DisbursementPayment,DP-2026-028554,DisbursementPayment,28554,,4.0,Record vendor payment,2,2026-06-30 12:00:00,2026,6
792643,2026-06-23,2,0.0,3059.13,DisbursementPayment,DP-2026-028555,DisbursementPayment,28555,,5.0,Record vendor payment,2,2026-06-23 12:00:00,2026,6
792645,2026-06-23,2,0.0,447.24,DisbursementPayment,DP-2026-028556,DisbursementPayment,28556,,4.0,Record vendor payment,2,2026-06-23 12:00:00,2026,6
792647,2026-06-25,2,0.0,170.19,DisbursementPayment,DP-2026-028557,DisbursementPayment,28557,,4.0,Record vendor payment,2,2026-06-25 12:00:00,2026,6
792649,2026-06-25,2,0.0,118.34,DisbursementPayment,DP-2026-028558,DisbursementPayment,28558,,4.0,Record vendor payment,2,2026-06-25 12:00:00,2026,6
792651,2026-06-29,2,0.0,408.95,DisbursementPayment,DP-2026-028559,DisbursementPayment,28559,,4.0,Record vendor payment,2,2026-06-29 12:00:00,2026,6
792653,2026-06-29,2,0.0,67.06,DisbursementPayment,DP-2026-028560,DisbursementPayment,28560,,4.0,Record vendor payment,2,2026-06-29 12:00:00,2026,6
792655,2026-06-23,2,0.0,48.02,DisbursementPayment,DP-2026-028561,DisbursementPayment,28561,,4.0,Record vendor payment,2,2026-06-23 12:00:00,2026,6
792657,2026-06-24,2,0.0,1023.65,DisbursementPayment,DP-2026-028562,DisbursementPayment,28562,,4.0,Record vendor payment,2,2026-06-24 12:00:00,2026,6
792659,2026-06-23,2,0.0,939.13,DisbursementPayment,DP-2026-028563,DisbursementPayment,28563,,4.0,Record vendor payment,2,2026-06-23 12:00:00,2026,6
792661,2026-06-28,2,0.0,686.04,DisbursementPayment,DP-2026-028564,DisbursementPayment,28564,,4.0,Record vendor payment,2,2026-06-28 12:00:00,2026,6
792663,2026-06-27,2,0.0,1991.7,DisbursementPayment,DP-2026-028565,DisbursementPayment,28565,,4.0,Record vendor payment,2,2026-06-27 12:00:00,2026,6
792665,2026-06-27,2,0.0,1534.79,DisbursementPayment,DP-2026-028566,DisbursementPayment,28566,,5.0,Record vendor payment,2,2026-06-27 12:00:00,2026,6
792667,2026-06-27,2,0.0,1282.61,DisbursementPayment,DP-2026-028567,DisbursementPayment,28567,,4.0,Record vendor payment,2,2026-06-27 12:00:00,2026,6
792669,2026-06-30,2,0.0,722.6,DisbursementPayment,DP-2026-028568,DisbursementPayment,28568,,4.0,Record vendor payment,2,2026-06-30 12:00:00,2026,6
792671,2026-06-30,2,0.0,1810.66,DisbursementPayment,DP-2026-028569,DisbursementPayment,28569,,4.0,Record vendor payment,2,2026-06-30 12:00:00,2026,6
792673,2026-06-25,2,0.0,1902.48,DisbursementPayment,DP-2026-028570,DisbursementPayment,28570,,4.0,Record vendor payment,2,2026-06-25 12:00:00,2026,6
792675,2026-06-29,2,0.0,689.27,DisbursementPayment,DP-2026-028571,DisbursementPayment,28571,,4.0,Record vendor payment,2,2026-06-29 12:00:00,2026,6
792677,2026-06-28,2,0.0,497.35,DisbursementPayment,DP-2026-028572,DisbursementPayment,28572,,4.0,Record vendor payment,2,2026-06-28 12:00:00,2026,6
792679,2026-06-24,2,0.0,1214.39,DisbursementPayment,DP-2026-028573,DisbursementPayment,28573,,4.0,Record vendor payment,2,2026-06-24 12:00:00,2026,6
792681,2026-06-24,2,0.0,1407.56,DisbursementPayment,DP-2026-028574,DisbursementPayment,28574,,4.0,Record vendor payment,2,2026-06-24 12:00:00,2026,6
792683,2026-06-26,2,0.0,313.09,DisbursementPayment,DP-2026-028575,DisbursementPayment,28575,,4.0,Record vendor payment,2,2026-06-26 12:00:00,2026,6
792685,2026-06-25,2,0.0,3289.3,DisbursementPayment,DP-2026-028576,DisbursementPayment,28576,,4.0,Record vendor payment,2,2026-06-25 12:00:00,2026,6
792687,2026-06-29,2,0.0,205.63,DisbursementPayment,DP-2026-028577,DisbursementPayment,28577,,4.0,Record vendor payment,2,2026-06-29 12:00:00,2026,6
792689,2026-06-23,2,0.0,803.52,DisbursementPayment,DP-2026-028578,DisbursementPayment,28578,,4.0,Record vendor payment,2,2026-06-23 12:00:00,2026,6
792691,2026-06-23,2,0.0,1123.55,DisbursementPayment,DP-2026-028579,DisbursementPayment,28579,,4.0,Record vendor payment,2,2026-06-23 12:00:00,2026,6
792693,2026-06-25,2,0.0,380.24,DisbursementPayment,DP-2026-028580,DisbursementPayment,28580,,4.0,Record vendor payment,2,2026-06-25 12:00:00,2026,6
792695,2026-06-23,2,0.0,1193.56,DisbursementPayment,DP-2026-028581,DisbursementPayment,28581,,5.0,Record vendor payment,2,2026-06-23 12:00:00,2026,6
792697,2026-06-27,2,0.0,747.09,DisbursementPayment,DP-2026-028582,DisbursementPayment,28582,,5.0,Record vendor payment,2,2026-06-27 12:00:00,2026,6
792699,2026-06-30,2,0.0,442.28,DisbursementPayment,DP-2026-028583,DisbursementPayment,28583,,4.0,Record vendor payment,2,2026-06-30 12:00:00,2026,6
792701,2026-06-24,2,0.0,1142.55,DisbursementPayment,DP-2026-028584,DisbursementPayment,28584,,4.0,Record vendor payment,2,2026-06-24 12:00:00,2026,6
792703,2026-06-28,2,0.0,1623.32,DisbursementPayment,DP-2026-028585,DisbursementPayment,28585,,5.0,Record vendor payment,2,2026-06-28 12:00:00,2026,6
792705,2026-06-27,2,0.0,75.47,DisbursementPayment,DP-2026-028586,DisbursementPayment,28586,,4.0,Record vendor payment,2,2026-06-27 12:00:00,2026,6
792707,2026-06-24,2,0.0,434.76,DisbursementPayment,DP-2026-028587,DisbursementPayment,28587,,4.0,Record vendor payment,2,2026-06-24 12:00:00,2026,6
792709,2026-06-24,2,0.0,376.21,DisbursementPayment,DP-2026-028588,DisbursementPayment,28588,,4.0,Record vendor payment,2,2026-06-24 12:00:00,2026,6
792711,2026-06-28,2,0.0,536.66,DisbursementPayment,DP-2026-028589,DisbursementPayment,28589,,4.0,Record vendor payment,2,2026-06-28 12:00:00,2026,6
792713,2026-06-30,2,0.0,812.87,DisbursementPayment,DP-2026-028590,DisbursementPayment,28590,,5.0,Record vendor payment,2,2026-06-30 12:00:00,2026,6
792715,2026-06-25,2,0.0,465.32,DisbursementPayment,DP-2026-028591,DisbursementPayment,28591,,4.0,Record vendor payment,2,2026-06-25 12:00:00,2026,6
792717,2026-06-29,2,0.0,2383.85,DisbursementPayment,DP-2026-028592,DisbursementPayment,28592,,4.0,Record vendor payment,2,2026-06-29 12:00:00,2026,6
792719,2026-06-30,2,0.0,452.63,DisbursementPayment,DP-2026-028593,DisbursementPayment,28593,,4.0,Record vendor payment,2,2026-06-30 12:00:00,2026,6
792721,2026-06-30,2,0.0,1219.66,DisbursementPayment,DP-2026-028594,DisbursementPayment,28594,,4.0,Record vendor payment,2,2026-06-30 12:00:00,2026,6
792723,2026-06-25,2,0.0,896.86,DisbursementPayment,DP-2026-028595,DisbursementPayment,28595,,4.0,Record vendor payment,2,2026-06-25 12:00:00,2026,6
792725,2026-06-25,2,0.0,3156.74,DisbursementPayment,DP-2026-028596,DisbursementPayment,28596,,4.0,Record vendor payment,2,2026-06-25 12:00:00,2026,6
792727,2026-06-25,2,0.0,1076.77,DisbursementPayment,DP-2026-028597,DisbursementPayment,28597,,4.0,Record vendor payment,2,2026-06-25 12:00:00,2026,6
792729,2026-06-26,2,0.0,1756.02,DisbursementPayment,DP-2026-028598,DisbursementPayment,28598,,4.0,Record vendor payment,2,2026-06-26 12:00:00,2026,6
792731,2026-06-29,2,0.0,3459.41,DisbursementPayment,DP-2026-028599,DisbursementPayment,28599,,5.0,Record vendor payment,2,2026-06-29 12:00:00,2026,6
792733,2026-06-24,2,0.0,17466.8,DisbursementPayment,DP-2026-028600,DisbursementPayment,28600,,4.0,Record vendor payment,2,2026-06-24 12:00:00,2026,6
792735,2026-06-30,2,0.0,776.16,DisbursementPayment,DP-2026-028601,DisbursementPayment,28601,,5.0,Record vendor payment,2,2026-06-30 12:00:00,2026,6
792737,2026-06-26,2,0.0,2621.01,DisbursementPayment,DP-2026-028602,DisbursementPayment,28602,,5.0,Record vendor payment,2,2026-06-26 12:00:00,2026,6
792739,2026-06-24,2,0.0,189.03,DisbursementPayment,DP-2026-028603,DisbursementPayment,28603,,4.0,Record vendor payment,2,2026-06-24 12:00:00,2026,6
792741,2026-06-25,2,0.0,1020.15,DisbursementPayment,DP-2026-028604,DisbursementPayment,28604,,5.0,Record vendor payment,2,2026-06-25 12:00:00,2026,6
792743,2026-06-24,2,0.0,464.53,DisbursementPayment,DP-2026-028605,DisbursementPayment,28605,,4.0,Record vendor payment,2,2026-06-24 12:00:00,2026,6
792745,2026-06-26,2,0.0,2948.75,DisbursementPayment,DP-2026-028606,DisbursementPayment,28606,,5.0,Record vendor payment,2,2026-06-26 12:00:00,2026,6
792747,2026-06-29,2,0.0,1171.11,DisbursementPayment,DP-2026-028607,DisbursementPayment,28607,,4.0,Record vendor payment,2,2026-06-29 12:00:00,2026,6
792749,2026-06-30,2,0.0,218.95,DisbursementPayment,DP-2026-028608,DisbursementPayment,28608,,4.0,Record vendor payment,2,2026-06-30 12:00:00,2026,6
792751,2026-06-29,2,0.0,13.9,DisbursementPayment,DP-2026-028609,DisbursementPayment,28609,,4.0,Record vendor payment,2,2026-06-29 12:00:00,2026,6
792753,2026-06-27,2,0.0,3.2,DisbursementPayment,DP-2026-028610,DisbursementPayment,28610,,4.0,Record vendor payment,2,2026-06-27 12:00:00,2026,6
792755,2026-06-25,2,0.0,14.27,DisbursementPayment,DP-2026-028611,DisbursementPayment,28611,,4.0,Record vendor payment,2,2026-06-25 12:00:00,2026,6
792757,2026-06-26,2,0.0,275.5,DisbursementPayment,DP-2026-028612,DisbursementPayment,28612,,4.0,Record vendor payment,2,2026-06-26 12:00:00,2026,6
792759,2026-06-27,2,0.0,73.97,DisbursementPayment,DP-2026-028613,DisbursementPayment,28613,,4.0,Record vendor payment,2,2026-06-27 12:00:00,2026,6
792761,2026-06-26,2,0.0,28.59,DisbursementPayment,DP-2026-028614,DisbursementPayment,28614,,4.0,Record vendor payment,2,2026-06-26 12:00:00,2026,6
792763,2026-06-30,2,0.0,260.49,DisbursementPayment,DP-2026-028615,DisbursementPayment,28615,,4.0,Record vendor payment,2,2026-06-30 12:00:00,2026,6
792765,2026-06-27,2,0.0,807.85,DisbursementPayment,DP-2026-028616,DisbursementPayment,28616,,4.0,Record vendor payment,2,2026-06-27 12:00:00,2026,6
792767,2026-06-27,2,0.0,388.93,DisbursementPayment,DP-2026-028617,DisbursementPayment,28617,,4.0,Record vendor payment,2,2026-06-27 12:00:00,2026,6
792769,2026-06-25,2,0.0,24329.76,DisbursementPayment,DP-2026-028618,DisbursementPayment,28618,,4.0,Record vendor payment,2,2026-06-25 12:00:00,2026,6
792771,2026-06-28,2,0.0,345.75,DisbursementPayment,DP-2026-028619,DisbursementPayment,28619,,4.0,Record vendor payment,2,2026-06-28 12:00:00,2026,6
792773,2026-06-27,2,0.0,1842.61,DisbursementPayment,DP-2026-028620,DisbursementPayment,28620,,4.0,Record vendor payment,2,2026-06-27 12:00:00,2026,6
792775,2026-06-27,2,0.0,907.3,DisbursementPayment,DP-2026-028621,DisbursementPayment,28621,,4.0,Record vendor payment,2,2026-06-27 12:00:00,2026,6
792777,2026-06-27,2,0.0,20.63,DisbursementPayment,DP-2026-028622,DisbursementPayment,28622,,4.0,Record vendor payment,2,2026-06-27 12:00:00,2026,6
792779,2026-06-27,2,0.0,1177.75,DisbursementPayment,DP-2026-028623,DisbursementPayment,28623,,4.0,Record vendor payment,2,2026-06-27 12:00:00,2026,6
792781,2026-06-28,2,0.0,221.57,DisbursementPayment,DP-2026-028624,DisbursementPayment,28624,,4.0,Record vendor payment,2,2026-06-28 12:00:00,2026,6
792783,2026-06-26,2,0.0,1245.01,DisbursementPayment,DP-2026-028625,DisbursementPayment,28625,,4.0,Record vendor payment,2,2026-06-26 12:00:00,2026,6
792785,2026-06-29,2,0.0,282.94,DisbursementPayment,DP-2026-028626,DisbursementPayment,28626,,4.0,Record vendor payment,2,2026-06-29 12:00:00,2026,6
792787,2026-06-27,2,0.0,977.7,DisbursementPayment,DP-2026-028627,DisbursementPayment,28627,,4.0,Record vendor payment,2,2026-06-27 12:00:00,2026,6
792789,2026-06-27,2,0.0,857.33,DisbursementPayment,DP-2026-028628,DisbursementPayment,28628,,4.0,Record vendor payment,2,2026-06-27 12:00:00,2026,6
792791,2026-06-29,2,0.0,580.96,DisbursementPayment,DP-2026-028629,DisbursementPayment,28629,,5.0,Record vendor payment,2,2026-06-29 12:00:00,2026,6
792793,2026-06-27,2,0.0,639.95,DisbursementPayment,DP-2026-028630,DisbursementPayment,28630,,4.0,Record vendor payment,2,2026-06-27 12:00:00,2026,6
792795,2026-06-28,2,0.0,722.65,DisbursementPayment,DP-2026-028631,DisbursementPayment,28631,,4.0,Record vendor payment,2,2026-06-28 12:00:00,2026,6
792797,2026-06-29,2,0.0,24908.89,DisbursementPayment,DP-2026-028632,DisbursementPayment,28632,,4.0,Record vendor payment,2,2026-06-29 12:00:00,2026,6
792799,2026-06-28,2,0.0,19549.86,DisbursementPayment,DP-2026-028633,DisbursementPayment,28633,,4.0,Record vendor payment,2,2026-06-28 12:00:00,2026,6
792801,2026-06-27,2,0.0,3682.25,DisbursementPayment,DP-2026-028634,DisbursementPayment,28634,,5.0,Record vendor payment,2,2026-06-27 12:00:00,2026,6
792803,2026-06-28,2,0.0,495.69,DisbursementPayment,DP-2026-028635,DisbursementPayment,28635,,5.0,Record vendor payment,2,2026-06-28 12:00:00,2026,6
792805,2026-06-29,2,0.0,1216.14,DisbursementPayment,DP-2026-028636,DisbursementPayment,28636,,5.0,Record vendor payment,2,2026-06-29 12:00:00,2026,6
792807,2026-06-29,2,0.0,88.68,DisbursementPayment,DP-2026-028637,DisbursementPayment,28637,,4.0,Record vendor payment,2,2026-06-29 12:00:00,2026,6
792809,2026-06-27,2,0.0,2862.38,DisbursementPayment,DP-2026-028638,DisbursementPayment,28638,,4.0,Record vendor payment,2,2026-06-27 12:00:00,2026,6
792811,2026-06-25,2,0.0,5467.63,DisbursementPayment,DP-2026-028639,DisbursementPayment,28639,,5.0,Record vendor payment,2,2026-06-25 12:00:00,2026,6
792813,2026-06-25,2,0.0,86.51,DisbursementPayment,DP-2026-028640,DisbursementPayment,28640,,4.0,Record vendor payment,2,2026-06-25 12:00:00,2026,6
792815,2026-06-30,2,0.0,266.57,DisbursementPayment,DP-2026-028641,DisbursementPayment,28641,,4.0,Record vendor payment,2,2026-06-30 12:00:00,2026,6
792817,2026-06-29,2,0.0,973.11,DisbursementPayment,DP-2026-028642,DisbursementPayment,28642,,4.0,Record vendor payment,2,2026-06-29 12:00:00,2026,6
792819,2026-06-26,2,0.0,478.06,DisbursementPayment,DP-2026-028643,DisbursementPayment,28643,,4.0,Record vendor payment,2,2026-06-26 12:00:00,2026,6
792821,2026-06-26,2,0.0,167.29,DisbursementPayment,DP-2026-028644,DisbursementPayment,28644,,4.0,Record vendor payment,2,2026-06-26 12:00:00,2026,6
792823,2026-06-28,2,0.0,219.88,DisbursementPayment,DP-2026-028645,DisbursementPayment,28645,,4.0,Record vendor payment,2,2026-06-28 12:00:00,2026,6
792825,2026-06-29,2,0.0,163.93,DisbursementPayment,DP-2026-028646,DisbursementPayment,28646,,4.0,Record vendor payment,2,2026-06-29 12:00:00,2026,6
792827,2026-06-29,2,0.0,118.53,DisbursementPayment,DP-2026-028647,DisbursementPayment,28647,,4.0,Record vendor payment,2,2026-06-29 12:00:00,2026,6
792829,2026-06-30,2,0.0,489.65,DisbursementPayment,DP-2026-028648,DisbursementPayment,28648,,4.0,Record vendor payment,2,2026-06-30 12:00:00,2026,6
792831,2026-06-30,2,0.0,192.15,DisbursementPayment,DP-2026-028649,DisbursementPayment,28649,,4.0,Record vendor payment,2,2026-06-30 12:00:00,2026,6
792833,2026-06-30,2,0.0,334.12,DisbursementPayment,DP-2026-028650,DisbursementPayment,28650,,4.0,Record vendor payment,2,2026-06-30 12:00:00,2026,6
792835,2026-06-30,2,0.0,114.86,DisbursementPayment,DP-2026-028651,DisbursementPayment,28651,,4.0,Record vendor payment,2,2026-06-30 12:00:00,2026,6
815639,2026-06-11,2,0.0,4660.16,DisbursementPayment,DP-2026-040053,DisbursementPayment,40053,,,Record vendor payment,2,2026-06-11 12:00:00,2026,6
815643,2026-05-28,2,0.0,6076.95,DisbursementPayment,DP-2026-040055,DisbursementPayment,40055,,,Record vendor payment,2,2026-05-28 12:00:00,2026,5
815645,2026-06-05,2,0.0,9888.26,DisbursementPayment,DP-2026-040056,DisbursementPayment,40056,,,Record vendor payment,2,2026-06-05 12:00:00,2026,6
815653,2026-05-27,2,0.0,24434.8,DisbursementPayment,DP-2026-040060,DisbursementPayment,40060,,,Record vendor payment,2,2026-05-27 12:00:00,2026,5
815657,2026-06-15,2,0.0,6821.32,DisbursementPayment,DP-2026-040062,DisbursementPayment,40062,,,Record vendor payment,2,2026-06-15 12:00:00,2026,6
815663,2026-05-28,2,0.0,32154.17,DisbursementPayment,DP-2026-040065,DisbursementPayment,40065,,,Record vendor payment,2,2026-05-28 12:00:00,2026,5
815665,2026-06-26,2,0.0,9116.6,DisbursementPayment,DP-2026-040066,DisbursementPayment,40066,,,Record vendor payment,2,2026-06-26 12:00:00,2026,6
815667,2026-06-03,2,0.0,4757.98,DisbursementPayment,DP-2026-040067,DisbursementPayment,40067,,,Record vendor payment,2,2026-06-03 12:00:00,2026,6
815669,2026-06-02,2,0.0,3668.28,DisbursementPayment,DP-2026-040068,DisbursementPayment,40068,,,Record vendor payment,2,2026-06-02 12:00:00,2026,6
815671,2026-06-23,2,0.0,9216.26,DisbursementPayment,DP-2026-040069,DisbursementPayment,40069,,,Record vendor payment,2,2026-06-23 12:00:00,2026,6
815681,2026-06-22,2,0.0,31745.59,DisbursementPayment,DP-2026-040074,DisbursementPayment,40074,,,Record vendor payment,2,2026-06-22 12:00:00,2026,6
815687,2026-06-25,2,0.0,3716.94,DisbursementPayment,DP-2026-040077,DisbursementPayment,40077,,,Record vendor payment,2,2026-06-25 12:00:00,2026,6
20418,2026-06-05,2,0.0,7971.1,PayrollPayment,PRPAY-2026-006594,PayrollPayment,6594,,1.0,Disburse payroll cash,5,2026-06-05 12:00:00,2026,6
20420,2026-06-05,2,0.0,7699.73,PayrollPayment,PRPAY-2026-006595,PayrollPayment,6595,,1.0,Disburse payroll cash,5,2026-06-05 12:00:00,2026,6
20422,2026-06-05,2,0.0,7818.47,PayrollPayment,PRPAY-2026-006596,PayrollPayment,6596,,1.0,Disburse payroll cash,5,2026-06-05 12:00:00,2026,6
20424,2026-06-05,2,0.0,3641.72,PayrollPayment,PRPAY-2026-006597,PayrollPayment,6597,,4.0,Disburse payroll cash,5,2026-06-05 12:00:00,2026,6
20426,2026-06-05,2,0.0,3670.73,PayrollPayment,PRPAY-2026-006598,PayrollPayment,6598,,6.0,Disburse payroll cash,5,2026-06-05 12:00:00,2026,6
20428,2026-06-05,2,0.0,3774.51,PayrollPayment,PRPAY-2026-006599,PayrollPayment,6599,,2.0,Disburse payroll cash,5,2026-06-05 12:00:00,2026,6
20430,2026-06-05,2,0.0,3195.09,PayrollPayment,PRPAY-2026-006600,PayrollPayment,6600,,3.0,Disburse payroll cash,5,2026-06-05 12:00:00,2026,6
20432,2026-06-05,2,0.0,2483.69,PayrollPayment,PRPAY-2026-006601,PayrollPayment,6601,,4.0,Disburse payroll cash,5,2026-06-05 12:00:00,2026,6
20434,2026-06-05,2,0.0,2324.61,PayrollPayment,PRPAY-2026-006602,PayrollPayment,6602,,4.0,Disburse payroll cash,5,2026-06-05 12:00:00,2026,6
20436,2026-06-05,2,0.0,3564.12,PayrollPayment,PRPAY-2026-006603,PayrollPayment,6603,,5.0,Disburse payroll cash,5,2026-06-05 12:00:00,2026,6
20438,2026-06-05,2,0.0,3237.5,PayrollPayment,PRPAY-2026-006604,PayrollPayment,6604,,7.0,Disburse payroll cash,5,2026-06-05 12:00:00,2026,6
20440,2026-06-05,2,0.0,4075.77,PayrollPayment,PRPAY-2026-006605,PayrollPayment,6605,,9.0,Disburse payroll cash,5,2026-06-05 12:00:00,2026,6
20442,2026-06-05,2,0.0,1980.94,PayrollPayment,PRPAY-2026-006606,PayrollPayment,6606,,8.0,Disburse payroll cash,5,2026-06-05 12:00:00,2026,6
20444,2026-06-05,2,0.0,3973.36,PayrollPayment,PRPAY-2026-006607,PayrollPayment,6607,,10.0,Disburse payroll cash,5,2026-06-05 12:00:00,2026,6
20446,2026-06-05,2,0.0,1853.92,PayrollPayment,PRPAY-2026-006608,PayrollPayment,6608,,10.0,Disburse payroll cash,5,2026-06-05 12:00:00,2026,6
20448,2026-06-05,2,0.0,1863.28,PayrollPayment,PRPAY-2026-006609,PayrollPayment,6609,,10.0,Disburse payroll cash,5,2026-06-05 12:00:00,2026,6
20450,2026-06-05,2,0.0,1627.01,PayrollPayment,PRPAY-2026-006610,PayrollPayment,6610,,4.0,Disburse payroll cash,5,2026-06-05 12:00:00,2026,6
20452,2026-06-05,2,0.0,786.79,PayrollPayment,PRPAY-2026-006611,PayrollPayment,6611,,4.0,Disburse payroll cash,5,2026-06-05 12:00:00,2026,6
20454,2026-06-05,2,0.0,838.21,PayrollPayment,PRPAY-2026-006612,PayrollPayment,6612,,4.0,Disburse payroll cash,5,2026-06-05 12:00:00,2026,6
20456,2026-06-05,2,0.0,1011.66,PayrollPayment,PRPAY-2026-006613,PayrollPayment,6613,,4.0,Disburse payroll cash,5,2026-06-05 12:00:00,2026,6
20458,2026-06-05,2,0.0,766.73,PayrollPayment,PRPAY-2026-006614,PayrollPayment,6614,,4.0,Disburse payroll cash,5,2026-06-05 12:00:00,2026,6
20460,2026-06-05,2,0.0,1404.64,PayrollPayment,PRPAY-2026-006615,PayrollPayment,6615,,4.0,Disburse payroll cash,5,2026-06-05 12:00:00,2026,6
20462,2026-06-05,2,0.0,671.81,PayrollPayment,PRPAY-2026-006616,PayrollPayment,6616,,4.0,Disburse payroll cash,5,2026-06-05 12:00:00,2026,6
20464,2026-06-05,2,0.0,1204.55,PayrollPayment,PRPAY-2026-006617,PayrollPayment,6617,,4.0,Disburse payroll cash,5,2026-06-05 12:00:00,2026,6
20466,2026-06-05,2,0.0,862.48,PayrollPayment,PRPAY-2026-006618,PayrollPayment,6618,,4.0,Disburse payroll cash,5,2026-06-05 12:00:00,2026,6
20468,2026-06-05,2,0.0,949.77,PayrollPayment,PRPAY-2026-006619,PayrollPayment,6619,,4.0,Disburse payroll cash,5,2026-06-05 12:00:00,2026,6
20470,2026-06-05,2,0.0,825.27,PayrollPayment,PRPAY-2026-006620,PayrollPayment,6620,,4.0,Disburse payroll cash,5,2026-06-05 12:00:00,2026,6
20472,2026-06-05,2,0.0,1493.78,PayrollPayment,PRPAY-2026-006621,PayrollPayment,6621,,4.0,Disburse payroll cash,5,2026-06-05 12:00:00,2026,6
20474,2026-06-05,2,0.0,1267.86,PayrollPayment,PRPAY-2026-006622,PayrollPayment,6622,,4.0,Disburse payroll cash,5,2026-06-05 12:00:00,2026,6
20476,2026-06-05,2,0.0,708.39,PayrollPayment,PRPAY-2026-006623,PayrollPayment,6623,,4.0,Disburse payroll cash,5,2026-06-05 12:00:00,2026,6
20478,2026-06-05,2,0.0,1534.04,PayrollPayment,PRPAY-2026-006624,PayrollPayment,6624,,4.0,Disburse payroll cash,5,2026-06-05 12:00:00,2026,6
20480,2026-06-05,2,0.0,1428.73,PayrollPayment,PRPAY-2026-006625,PayrollPayment,6625,,4.0,Disburse payroll cash,5,2026-06-05 12:00:00,2026,6
20482,2026-06-05,2,0.0,1220.67,PayrollPayment,PRPAY-2026-006626,PayrollPayment,6626,,4.0,Disburse payroll cash,5,2026-06-05 12:00:00,2026,6
20484,2026-06-05,2,0.0,1606.47,PayrollPayment,PRPAY-2026-006627,PayrollPayment,6627,,4.0,Disburse payroll cash,5,2026-06-05 12:00:00,2026,6
20486,2026-06-05,2,0.0,1745.59,PayrollPayment,PRPAY-2026-006628,PayrollPayment,6628,,4.0,Disburse payroll cash,5,2026-06-05 12:00:00,2026,6
20488,2026-06-05,2,0.0,1081.44,PayrollPayment,PRPAY-2026-006629,PayrollPayment,6629,,4.0,Disburse payroll cash,5,2026-06-05 12:00:00,2026,6
20490,2026-06-05,2,0.0,829.37,PayrollPayment,PRPAY-2026-006630,PayrollPayment,6630,,4.0,Disburse payroll cash,5,2026-06-05 12:00:00,2026,6
20492,2026-06-05,2,0.0,1073.77,PayrollPayment,PRPAY-2026-006631,PayrollPayment,6631,,4.0,Disburse payroll cash,5,2026-06-05 12:00:00,2026,6
20494,2026-06-05,2,0.0,1100.0,PayrollPayment,PRPAY-2026-006632,PayrollPayment,6632,,4.0,Disburse payroll cash,5,2026-06-05 12:00:00,2026,6
20496,2026-06-05,2,0.0,1039.13,PayrollPayment,PRPAY-2026-006633,PayrollPayment,6633,,4.0,Disburse payroll cash,5,2026-06-05 12:00:00,2026,6
20498,2026-06-05,2,0.0,1012.27,PayrollPayment,PRPAY-2026-006634,PayrollPayment,6634,,4.0,Disburse payroll cash,5,2026-06-05 12:00:00,2026,6
20500,2026-06-05,2,0.0,1639.28,PayrollPayment,PRPAY-2026-006635,PayrollPayment,6635,,4.0,Disburse payroll cash,5,2026-06-05 12:00:00,2026,6
20502,2026-06-05,2,0.0,1264.97,PayrollPayment,PRPAY-2026-006636,PayrollPayment,6636,,4.0,Disburse payroll cash,5,2026-06-05 12:00:00,2026,6
20504,2026-06-05,2,0.0,1707.28,PayrollPayment,PRPAY-2026-006637,PayrollPayment,6637,,4.0,Disburse payroll cash,5,2026-06-05 12:00:00,2026,6
20506,2026-06-05,2,0.0,1698.4,PayrollPayment,PRPAY-2026-006638,PayrollPayment,6638,,4.0,Disburse payroll cash,5,2026-06-05 12:00:00,2026,6
20508,2026-06-05,2,0.0,1129.17,PayrollPayment,PRPAY-2026-006639,PayrollPayment,6639,,4.0,Disburse payroll cash,5,2026-06-05 12:00:00,2026,6
20510,2026-06-05,2,0.0,1065.76,PayrollPayment,PRPAY-2026-006640,PayrollPayment,6640,,4.0,Disburse payroll cash,5,2026-06-05 12:00:00,2026,6
20512,2026-06-05,2,0.0,1074.99,PayrollPayment,PRPAY-2026-006641,PayrollPayment,6641,,4.0,Disburse payroll cash,5,2026-06-05 12:00:00,2026,6
20514,2026-06-05,2,0.0,1260.85,PayrollPayment,PRPAY-2026-006642,PayrollPayment,6642,,4.0,Disburse payroll cash,5,2026-06-05 12:00:00,2026,6
20516,2026-06-05,2,0.0,1438.47,PayrollPayment,PRPAY-2026-006643,PayrollPayment,6643,,4.0,Disburse payroll cash,5,2026-06-05 12:00:00,2026,6
20518,2026-06-05,2,0.0,1807.83,PayrollPayment,PRPAY-2026-006644,PayrollPayment,6644,,4.0,Disburse payroll cash,5,2026-06-05 12:00:00,2026,6
20520,2026-06-05,2,0.0,1557.28,PayrollPayment,PRPAY-2026-006645,PayrollPayment,6645,,4.0,Disburse payroll cash,5,2026-06-05 12:00:00,2026,6
20522,2026-06-05,2,0.0,1324.43,PayrollPayment,PRPAY-2026-006646,PayrollPayment,6646,,4.0,Disburse payroll cash,5,2026-06-05 12:00:00,2026,6
20524,2026-06-05,2,0.0,1303.82,PayrollPayment,PRPAY-2026-006647,PayrollPayment,6647,,4.0,Disburse payroll cash,5,2026-06-05 12:00:00,2026,6
20526,2026-06-05,2,0.0,955.07,PayrollPayment,PRPAY-2026-006648,PayrollPayment,6648,,4.0,Disburse payroll cash,5,2026-06-05 12:00:00,2026,6
20528,2026-06-05,2,0.0,995.38,PayrollPayment,PRPAY-2026-006649,PayrollPayment,6649,,4.0,Disburse payroll cash,5,2026-06-05 12:00:00,2026,6
20530,2026-06-05,2,0.0,1558.82,PayrollPayment,PRPAY-2026-006650,PayrollPayment,6650,,4.0,Disburse payroll cash,5,2026-06-05 12:00:00,2026,6
20532,2026-06-05,2,0.0,1464.09,PayrollPayment,PRPAY-2026-006651,PayrollPayment,6651,,4.0,Disburse payroll cash,5,2026-06-05 12:00:00,2026,6
20534,2026-06-05,2,0.0,1087.38,PayrollPayment,PRPAY-2026-006652,PayrollPayment,6652,,4.0,Disburse payroll cash,5,2026-06-05 12:00:00,2026,6
20536,2026-06-05,2,0.0,924.8,PayrollPayment,PRPAY-2026-006653,PayrollPayment,6653,,4.0,Disburse payroll cash,5,2026-06-05 12:00:00,2026,6
20538,2026-06-05,2,0.0,831.27,PayrollPayment,PRPAY-2026-006654,PayrollPayment,6654,,4.0,Disburse payroll cash,5,2026-06-05 12:00:00,2026,6
20540,2026-06-05,2,0.0,1670.28,PayrollPayment,PRPAY-2026-006655,PayrollPayment,6655,,4.0,Disburse payroll cash,5,2026-06-05 12:00:00,2026,6
20542,2026-06-05,2,0.0,1701.85,PayrollPayment,PRPAY-2026-006656,PayrollPayment,6656,,4.0,Disburse payroll cash,5,2026-06-05 12:00:00,2026,6
20544,2026-06-05,2,0.0,1219.97,PayrollPayment,PRPAY-2026-006657,PayrollPayment,6657,,4.0,Disburse payroll cash,5,2026-06-05 12:00:00,2026,6
20546,2026-06-05,2,0.0,1599.62,PayrollPayment,PRPAY-2026-006658,PayrollPayment,6658,,4.0,Disburse payroll cash,5,2026-06-05 12:00:00,2026,6
20548,2026-06-05,2,0.0,1797.71,PayrollPayment,PRPAY-2026-006659,PayrollPayment,6659,,4.0,Disburse payroll cash,5,2026-06-05 12:00:00,2026,6
20550,2026-06-05,2,0.0,1442.19,PayrollPayment,PRPAY-2026-006660,PayrollPayment,6660,,4.0,Disburse payroll cash,5,2026-06-05 12:00:00,2026,6
20552,2026-06-05,2,0.0,1409.11,PayrollPayment,PRPAY-2026-006661,PayrollPayment,6661,,4.0,Disburse payroll cash,5,2026-06-05 12:00:00,2026,6
20554,2026-06-05,2,0.0,1050.93,PayrollPayment,PRPAY-2026-006662,PayrollPayment,6662,,4.0,Disburse payroll cash,5,2026-06-05 12:00:00,2026,6
20556,2026-06-05,2,0.0,1364.65,PayrollPayment,PRPAY-2026-006663,PayrollPayment,6663,,4.0,Disburse payroll cash,5,2026-06-05 12:00:00,2026,6
20558,2026-06-05,2,0.0,1466.59,PayrollPayment,PRPAY-2026-006664,PayrollPayment,6664,,4.0,Disburse payroll cash,5,2026-06-05 12:00:00,2026,6
20560,2026-06-05,2,0.0,1345.29,PayrollPayment,PRPAY-2026-006665,PayrollPayment,6665,,4.0,Disburse payroll cash,5,2026-06-05 12:00:00,2026,6
20562,2026-06-05,2,0.0,1781.53,PayrollPayment,PRPAY-2026-006666,PayrollPayment,6666,,4.0,Disburse payroll cash,5,2026-06-05 12:00:00,2026,6
20564,2026-06-05,2,0.0,1450.58,PayrollPayment,PRPAY-2026-006667,PayrollPayment,6667,,4.0,Disburse payroll cash,5,2026-06-05 12:00:00,2026,6
20566,2026-06-05,2,0.0,929.01,PayrollPayment,PRPAY-2026-006668,PayrollPayment,6668,,4.0,Disburse payroll cash,5,2026-06-05 12:00:00,2026,6
20568,2026-06-05,2,0.0,1574.49,PayrollPayment,PRPAY-2026-006669,PayrollPayment,6669,,4.0,Disburse payroll cash,5,2026-06-05 12:00:00,2026,6
20570,2026-06-05,2,0.0,1840.0,PayrollPayment,PRPAY-2026-006670,PayrollPayment,6670,,4.0,Disburse payroll cash,5,2026-06-05 12:00:00,2026,6
20572,2026-06-05,2,0.0,1073.82,PayrollPayment,PRPAY-2026-006671,PayrollPayment,6671,,4.0,Disburse payroll cash,5,2026-06-05 12:00:00,2026,6
20574,2026-06-05,2,0.0,731.89,PayrollPayment,PRPAY-2026-006672,PayrollPayment,6672,,4.0,Disburse payroll cash,5,2026-06-05 12:00:00,2026,6
20576,2026-06-05,2,0.0,1572.85,PayrollPayment,PRPAY-2026-006673,PayrollPayment,6673,,4.0,Disburse payroll cash,5,2026-06-05 12:00:00,2026,6
20578,2026-06-05,2,0.0,1807.89,PayrollPayment,PRPAY-2026-006674,PayrollPayment,6674,,2.0,Disburse payroll cash,5,2026-06-05 12:00:00,2026,6
20580,2026-06-05,2,0.0,1732.1,PayrollPayment,PRPAY-2026-006675,PayrollPayment,6675,,2.0,Disburse payroll cash,5,2026-06-05 12:00:00,2026,6
20582,2026-06-05,2,0.0,1964.39,PayrollPayment,PRPAY-2026-006676,PayrollPayment,6676,,3.0,Disburse payroll cash,5,2026-06-05 12:00:00,2026,6
20584,2026-06-05,2,0.0,1480.87,PayrollPayment,PRPAY-2026-006677,PayrollPayment,6677,,3.0,Disburse payroll cash,5,2026-06-05 12:00:00,2026,6
20586,2026-06-05,2,0.0,1711.08,PayrollPayment,PRPAY-2026-006678,PayrollPayment,6678,,5.0,Disburse payroll cash,5,2026-06-05 12:00:00,2026,6
20588,2026-06-05,2,0.0,1622.39,PayrollPayment,PRPAY-2026-006679,PayrollPayment,6679,,5.0,Disburse payroll cash,5,2026-06-05 12:00:00,2026,6
20590,2026-06-05,2,0.0,1747.82,PayrollPayment,PRPAY-2026-006680,PayrollPayment,6680,,6.0,Disburse payroll cash,5,2026-06-05 12:00:00,2026,6
20592,2026-06-05,2,0.0,1671.47,PayrollPayment,PRPAY-2026-006681,PayrollPayment,6681,,6.0,Disburse payroll cash,5,2026-06-05 12:00:00,2026,6
20594,2026-06-05,2,0.0,1549.58,PayrollPayment,PRPAY-2026-006682,PayrollPayment,6682,,7.0,Disburse payroll cash,5,2026-06-05 12:00:00,2026,6
20596,2026-06-05,2,0.0,1939.81,PayrollPayment,PRPAY-2026-006683,PayrollPayment,6683,,8.0,Disburse payroll cash,5,2026-06-05 12:00:00,2026,6
20598,2026-06-05,2,0.0,1785.98,PayrollPayment,PRPAY-2026-006684,PayrollPayment,6684,,9.0,Disburse payroll cash,5,2026-06-05 12:00:00,2026,6
20600,2026-06-05,2,0.0,1804.89,PayrollPayment,PRPAY-2026-006685,PayrollPayment,6685,,10.0,Disburse payroll cash,5,2026-06-05 12:00:00,2026,6
20602,2026-06-05,2,0.0,1873.84,PayrollPayment,PRPAY-2026-006686,PayrollPayment,6686,,10.0,Disburse payroll cash,5,2026-06-05 12:00:00,2026,6
20604,2026-06-05,2,0.0,1788.71,PayrollPayment,PRPAY-2026-006687,PayrollPayment,6687,,2.0,Disburse payroll cash,5,2026-06-05 12:00:00,2026,6
20606,2026-06-05,2,0.0,1825.07,PayrollPayment,PRPAY-2026-006688,PayrollPayment,6688,,2.0,Disburse payroll cash,5,2026-06-05 12:00:00,2026,6
20608,2026-06-05,2,0.0,1742.88,PayrollPayment,PRPAY-2026-006689,PayrollPayment,6689,,3.0,Disburse payroll cash,5,2026-06-05 12:00:00,2026,6
20610,2026-06-05,2,0.0,1459.83,PayrollPayment,PRPAY-2026-006690,PayrollPayment,6690,,3.0,Disburse payroll cash,5,2026-06-05 12:00:00,2026,6
20612,2026-06-05,2,0.0,1711.74,PayrollPayment,PRPAY-2026-006691,PayrollPayment,6691,,5.0,Disburse payroll cash,5,2026-06-05 12:00:00,2026,6
20614,2026-06-05,2,0.0,1696.08,PayrollPayment,PRPAY-2026-006692,PayrollPayment,6692,,5.0,Disburse payroll cash,5,2026-06-05 12:00:00,2026,6
20616,2026-06-05,2,0.0,1681.72,PayrollPayment,PRPAY-2026-006693,PayrollPayment,6693,,6.0,Disburse payroll cash,5,2026-06-05 12:00:00,2026,6
20618,2026-06-05,2,0.0,1913.56,PayrollPayment,PRPAY-2026-006694,PayrollPayment,6694,,6.0,Disburse payroll cash,5,2026-06-05 12:00:00,2026,6
20620,2026-06-05,2,0.0,1524.05,PayrollPayment,PRPAY-2026-006695,PayrollPayment,6695,,7.0,Disburse payroll cash,5,2026-06-05 12:00:00,2026,6
20622,2026-06-05,2,0.0,1807.5,PayrollPayment,PRPAY-2026-006696,PayrollPayment,6696,,8.0,Disburse payroll cash,5,2026-06-05 12:00:00,2026,6
20624,2026-06-05,2,0.0,1924.39,PayrollPayment,PRPAY-2026-006697,PayrollPayment,6697,,9.0,Disburse payroll cash,5,2026-06-05 12:00:00,2026,6
20626,2026-06-05,2,0.0,1917.21,PayrollPayment,PRPAY-2026-006698,PayrollPayment,6698,,10.0,Disburse payroll cash,5,2026-06-05 12:00:00,2026,6
20628,2026-06-05,2,0.0,1753.27,PayrollPayment,PRPAY-2026-006699,PayrollPayment,6699,,10.0,Disburse payroll cash,5,2026-06-05 12:00:00,2026,6
20630,2026-06-05,2,0.0,1756.0,PayrollPayment,PRPAY-2026-006700,PayrollPayment,6700,,2.0,Disburse payroll cash,5,2026-06-05 12:00:00,2026,6
20632,2026-06-19,2,0.0,7971.1,PayrollPayment,PRPAY-2026-006701,PayrollPayment,6701,,1.0,Disburse payroll cash,5,2026-06-19 12:00:00,2026,6
20634,2026-06-19,2,0.0,7699.73,PayrollPayment,PRPAY-2026-006702,PayrollPayment,6702,,1.0,Disburse payroll cash,5,2026-06-19 12:00:00,2026,6
20636,2026-06-19,2,0.0,7818.47,PayrollPayment,PRPAY-2026-006703,PayrollPayment,6703,,1.0,Disburse payroll cash,5,2026-06-19 12:00:00,2026,6
20638,2026-06-19,2,0.0,3641.72,PayrollPayment,PRPAY-2026-006704,PayrollPayment,6704,,4.0,Disburse payroll cash,5,2026-06-19 12:00:00,2026,6
20640,2026-06-19,2,0.0,3670.73,PayrollPayment,PRPAY-2026-006705,PayrollPayment,6705,,6.0,Disburse payroll cash,5,2026-06-19 12:00:00,2026,6
20642,2026-06-19,2,0.0,3774.51,PayrollPayment,PRPAY-2026-006706,PayrollPayment,6706,,2.0,Disburse payroll cash,5,2026-06-19 12:00:00,2026,6
20644,2026-06-19,2,0.0,3195.09,PayrollPayment,PRPAY-2026-006707,PayrollPayment,6707,,3.0,Disburse payroll cash,5,2026-06-19 12:00:00,2026,6
20646,2026-06-19,2,0.0,2483.69,PayrollPayment,PRPAY-2026-006708,PayrollPayment,6708,,4.0,Disburse payroll cash,5,2026-06-19 12:00:00,2026,6
20648,2026-06-19,2,0.0,2324.61,PayrollPayment,PRPAY-2026-006709,PayrollPayment,6709,,4.0,Disburse payroll cash,5,2026-06-19 12:00:00,2026,6
20650,2026-06-19,2,0.0,3564.12,PayrollPayment,PRPAY-2026-006710,PayrollPayment,6710,,5.0,Disburse payroll cash,5,2026-06-19 12:00:00,2026,6
20652,2026-06-19,2,0.0,3237.5,PayrollPayment,PRPAY-2026-006711,PayrollPayment,6711,,7.0,Disburse payroll cash,5,2026-06-19 12:00:00,2026,6
20654,2026-06-19,2,0.0,4075.77,PayrollPayment,PRPAY-2026-006712,PayrollPayment,6712,,9.0,Disburse payroll cash,5,2026-06-19 12:00:00,2026,6
20656,2026-06-19,2,0.0,1980.94,PayrollPayment,PRPAY-2026-006713,PayrollPayment,6713,,8.0,Disburse payroll cash,5,2026-06-19 12:00:00,2026,6
20658,2026-06-19,2,0.0,3973.36,PayrollPayment,PRPAY-2026-006714,PayrollPayment,6714,,10.0,Disburse payroll cash,5,2026-06-19 12:00:00,2026,6
20660,2026-06-19,2,0.0,1853.92,PayrollPayment,PRPAY-2026-006715,PayrollPayment,6715,,10.0,Disburse payroll cash,5,2026-06-19 12:00:00,2026,6
20662,2026-06-19,2,0.0,1863.28,PayrollPayment,PRPAY-2026-006716,PayrollPayment,6716,,10.0,Disburse payroll cash,5,2026-06-19 12:00:00,2026,6
20664,2026-06-19,2,0.0,2166.31,PayrollPayment,PRPAY-2026-006717,PayrollPayment,6717,,4.0,Disburse payroll cash,5,2026-06-19 12:00:00,2026,6
20666,2026-06-19,2,0.0,1719.81,PayrollPayment,PRPAY-2026-006718,PayrollPayment,6718,,4.0,Disburse payroll cash,5,2026-06-19 12:00:00,2026,6
20668,2026-06-19,2,0.0,1571.77,PayrollPayment,PRPAY-2026-006719,PayrollPayment,6719,,4.0,Disburse payroll cash,5,2026-06-19 12:00:00,2026,6
20670,2026-06-19,2,0.0,1869.52,PayrollPayment,PRPAY-2026-006720,PayrollPayment,6720,,4.0,Disburse payroll cash,5,2026-06-19 12:00:00,2026,6
20672,2026-06-19,2,0.0,1424.51,PayrollPayment,PRPAY-2026-006721,PayrollPayment,6721,,4.0,Disburse payroll cash,5,2026-06-19 12:00:00,2026,6
20674,2026-06-19,2,0.0,1781.45,PayrollPayment,PRPAY-2026-006722,PayrollPayment,6722,,4.0,Disburse payroll cash,5,2026-06-19 12:00:00,2026,6
20676,2026-06-19,2,0.0,1830.48,PayrollPayment,PRPAY-2026-006723,PayrollPayment,6723,,4.0,Disburse payroll cash,5,2026-06-19 12:00:00,2026,6
20678,2026-06-19,2,0.0,2006.93,PayrollPayment,PRPAY-2026-006724,PayrollPayment,6724,,4.0,Disburse payroll cash,5,2026-06-19 12:00:00,2026,6
20680,2026-06-19,2,0.0,1763.58,PayrollPayment,PRPAY-2026-006725,PayrollPayment,6725,,4.0,Disburse payroll cash,5,2026-06-19 12:00:00,2026,6
20682,2026-06-19,2,0.0,2088.44,PayrollPayment,PRPAY-2026-006726,PayrollPayment,6726,,4.0,Disburse payroll cash,5,2026-06-19 12:00:00,2026,6
20684,2026-06-19,2,0.0,1916.5,PayrollPayment,PRPAY-2026-006727,PayrollPayment,6727,,4.0,Disburse payroll cash,5,2026-06-19 12:00:00,2026,6
20686,2026-06-19,2,0.0,1688.26,PayrollPayment,PRPAY-2026-006728,PayrollPayment,6728,,4.0,Disburse payroll cash,5,2026-06-19 12:00:00,2026,6
20688,2026-06-19,2,0.0,1649.41,PayrollPayment,PRPAY-2026-006729,PayrollPayment,6729,,4.0,Disburse payroll cash,5,2026-06-19 12:00:00,2026,6
20690,2026-06-19,2,0.0,1736.32,PayrollPayment,PRPAY-2026-006730,PayrollPayment,6730,,4.0,Disburse payroll cash,5,2026-06-19 12:00:00,2026,6
20692,2026-06-19,2,0.0,1813.47,PayrollPayment,PRPAY-2026-006731,PayrollPayment,6731,,4.0,Disburse payroll cash,5,2026-06-19 12:00:00,2026,6
20694,2026-06-19,2,0.0,1871.33,PayrollPayment,PRPAY-2026-006732,PayrollPayment,6732,,4.0,Disburse payroll cash,5,2026-06-19 12:00:00,2026,6
20696,2026-06-19,2,0.0,1969.63,PayrollPayment,PRPAY-2026-006733,PayrollPayment,6733,,4.0,Disburse payroll cash,5,2026-06-19 12:00:00,2026,6
20698,2026-06-19,2,0.0,1786.01,PayrollPayment,PRPAY-2026-006734,PayrollPayment,6734,,4.0,Disburse payroll cash,5,2026-06-19 12:00:00,2026,6
20700,2026-06-19,2,0.0,1851.82,PayrollPayment,PRPAY-2026-006735,PayrollPayment,6735,,4.0,Disburse payroll cash,5,2026-06-19 12:00:00,2026,6
20702,2026-06-19,2,0.0,1657.18,PayrollPayment,PRPAY-2026-006736,PayrollPayment,6736,,4.0,Disburse payroll cash,5,2026-06-19 12:00:00,2026,6
20704,2026-06-19,2,0.0,2080.53,PayrollPayment,PRPAY-2026-006737,PayrollPayment,6737,,4.0,Disburse payroll cash,5,2026-06-19 12:00:00,2026,6
20706,2026-06-19,2,0.0,1882.54,PayrollPayment,PRPAY-2026-006738,PayrollPayment,6738,,4.0,Disburse payroll cash,5,2026-06-19 12:00:00,2026,6
20708,2026-06-19,2,0.0,1822.91,PayrollPayment,PRPAY-2026-006739,PayrollPayment,6739,,4.0,Disburse payroll cash,5,2026-06-19 12:00:00,2026,6
20710,2026-06-19,2,0.0,2011.52,PayrollPayment,PRPAY-2026-006740,PayrollPayment,6740,,4.0,Disburse payroll cash,5,2026-06-19 12:00:00,2026,6
20712,2026-06-19,2,0.0,2111.78,PayrollPayment,PRPAY-2026-006741,PayrollPayment,6741,,4.0,Disburse payroll cash,5,2026-06-19 12:00:00,2026,6
20714,2026-06-19,2,0.0,1761.13,PayrollPayment,PRPAY-2026-006742,PayrollPayment,6742,,4.0,Disburse payroll cash,5,2026-06-19 12:00:00,2026,6
20716,2026-06-19,2,0.0,1875.43,PayrollPayment,PRPAY-2026-006743,PayrollPayment,6743,,4.0,Disburse payroll cash,5,2026-06-19 12:00:00,2026,6
20718,2026-06-19,2,0.0,1573.6,PayrollPayment,PRPAY-2026-006744,PayrollPayment,6744,,4.0,Disburse payroll cash,5,2026-06-19 12:00:00,2026,6
20720,2026-06-19,2,0.0,1592.42,PayrollPayment,PRPAY-2026-006745,PayrollPayment,6745,,4.0,Disburse payroll cash,5,2026-06-19 12:00:00,2026,6
20722,2026-06-19,2,0.0,1933.45,PayrollPayment,PRPAY-2026-006746,PayrollPayment,6746,,4.0,Disburse payroll cash,5,2026-06-19 12:00:00,2026,6
20724,2026-06-19,2,0.0,1788.32,PayrollPayment,PRPAY-2026-006747,PayrollPayment,6747,,4.0,Disburse payroll cash,5,2026-06-19 12:00:00,2026,6
20726,2026-06-19,2,0.0,1713.91,PayrollPayment,PRPAY-2026-006748,PayrollPayment,6748,,4.0,Disburse payroll cash,5,2026-06-19 12:00:00,2026,6
20728,2026-06-19,2,0.0,2108.07,PayrollPayment,PRPAY-2026-006749,PayrollPayment,6749,,4.0,Disburse payroll cash,5,2026-06-19 12:00:00,2026,6
20730,2026-06-19,2,0.0,1743.68,PayrollPayment,PRPAY-2026-006750,PayrollPayment,6750,,4.0,Disburse payroll cash,5,2026-06-19 12:00:00,2026,6
20732,2026-06-19,2,0.0,1963.78,PayrollPayment,PRPAY-2026-006751,PayrollPayment,6751,,4.0,Disburse payroll cash,5,2026-06-19 12:00:00,2026,6
20734,2026-06-19,2,0.0,2114.7,PayrollPayment,PRPAY-2026-006752,PayrollPayment,6752,,4.0,Disburse payroll cash,5,2026-06-19 12:00:00,2026,6
20736,2026-06-19,2,0.0,1754.59,PayrollPayment,PRPAY-2026-006753,PayrollPayment,6753,,4.0,Disburse payroll cash,5,2026-06-19 12:00:00,2026,6
20738,2026-06-19,2,0.0,1721.0,PayrollPayment,PRPAY-2026-006754,PayrollPayment,6754,,4.0,Disburse payroll cash,5,2026-06-19 12:00:00,2026,6
20740,2026-06-19,2,0.0,1900.95,PayrollPayment,PRPAY-2026-006755,PayrollPayment,6755,,4.0,Disburse payroll cash,5,2026-06-19 12:00:00,2026,6
20742,2026-06-19,2,0.0,1827.24,PayrollPayment,PRPAY-2026-006756,PayrollPayment,6756,,4.0,Disburse payroll cash,5,2026-06-19 12:00:00,2026,6
20744,2026-06-19,2,0.0,1789.2,PayrollPayment,PRPAY-2026-006757,PayrollPayment,6757,,4.0,Disburse payroll cash,5,2026-06-19 12:00:00,2026,6
20746,2026-06-19,2,0.0,2097.01,PayrollPayment,PRPAY-2026-006758,PayrollPayment,6758,,4.0,Disburse payroll cash,5,2026-06-19 12:00:00,2026,6
20748,2026-06-19,2,0.0,1830.07,PayrollPayment,PRPAY-2026-006759,PayrollPayment,6759,,4.0,Disburse payroll cash,5,2026-06-19 12:00:00,2026,6
20750,2026-06-19,2,0.0,1929.26,PayrollPayment,PRPAY-2026-006760,PayrollPayment,6760,,4.0,Disburse payroll cash,5,2026-06-19 12:00:00,2026,6
20752,2026-06-19,2,0.0,1619.81,PayrollPayment,PRPAY-2026-006761,PayrollPayment,6761,,4.0,Disburse payroll cash,5,2026-06-19 12:00:00,2026,6
20754,2026-06-19,2,0.0,2076.42,PayrollPayment,PRPAY-2026-006762,PayrollPayment,6762,,4.0,Disburse payroll cash,5,2026-06-19 12:00:00,2026,6
20756,2026-06-19,2,0.0,1971.03,PayrollPayment,PRPAY-2026-006763,PayrollPayment,6763,,4.0,Disburse payroll cash,5,2026-06-19 12:00:00,2026,6
20758,2026-06-19,2,0.0,2344.14,PayrollPayment,PRPAY-2026-006764,PayrollPayment,6764,,4.0,Disburse payroll cash,5,2026-06-19 12:00:00,2026,6
20760,2026-06-19,2,0.0,1904.47,PayrollPayment,PRPAY-2026-006765,PayrollPayment,6765,,4.0,Disburse payroll cash,5,2026-06-19 12:00:00,2026,6
20762,2026-06-19,2,0.0,1853.48,PayrollPayment,PRPAY-2026-006766,PayrollPayment,6766,,4.0,Disburse payroll cash,5,2026-06-19 12:00:00,2026,6
20764,2026-06-19,2,0.0,1889.27,PayrollPayment,PRPAY-2026-006767,PayrollPayment,6767,,4.0,Disburse payroll cash,5,2026-06-19 12:00:00,2026,6
20766,2026-06-19,2,0.0,2162.55,PayrollPayment,PRPAY-2026-006768,PayrollPayment,6768,,4.0,Disburse payroll cash,5,2026-06-19 12:00:00,2026,6
20768,2026-06-19,2,0.0,1830.23,PayrollPayment,PRPAY-2026-006769,PayrollPayment,6769,,4.0,Disburse payroll cash,5,2026-06-19 12:00:00,2026,6
20770,2026-06-19,2,0.0,1950.72,PayrollPayment,PRPAY-2026-006770,PayrollPayment,6770,,4.0,Disburse payroll cash,5,2026-06-19 12:00:00,2026,6
20772,2026-06-19,2,0.0,2292.46,PayrollPayment,PRPAY-2026-006771,PayrollPayment,6771,,4.0,Disburse payroll cash,5,2026-06-19 12:00:00,2026,6
20774,2026-06-19,2,0.0,1956.39,PayrollPayment,PRPAY-2026-006772,PayrollPayment,6772,,4.0,Disburse payroll cash,5,2026-06-19 12:00:00,2026,6
20776,2026-06-19,2,0.0,2155.87,PayrollPayment,PRPAY-2026-006773,PayrollPayment,6773,,4.0,Disburse payroll cash,5,2026-06-19 12:00:00,2026,6
20778,2026-06-19,2,0.0,2187.26,PayrollPayment,PRPAY-2026-006774,PayrollPayment,6774,,4.0,Disburse payroll cash,5,2026-06-19 12:00:00,2026,6
20780,2026-06-19,2,0.0,1959.18,PayrollPayment,PRPAY-2026-006775,PayrollPayment,6775,,4.0,Disburse payroll cash,5,2026-06-19 12:00:00,2026,6
20782,2026-06-19,2,0.0,2322.78,PayrollPayment,PRPAY-2026-006776,PayrollPayment,6776,,4.0,Disburse payroll cash,5,2026-06-19 12:00:00,2026,6
20784,2026-06-19,2,0.0,2240.46,PayrollPayment,PRPAY-2026-006777,PayrollPayment,6777,,4.0,Disburse payroll cash,5,2026-06-19 12:00:00,2026,6
20786,2026-06-19,2,0.0,1830.73,PayrollPayment,PRPAY-2026-006778,PayrollPayment,6778,,4.0,Disburse payroll cash,5,2026-06-19 12:00:00,2026,6
20788,2026-06-19,2,0.0,2063.93,PayrollPayment,PRPAY-2026-006779,PayrollPayment,6779,,4.0,Disburse payroll cash,5,2026-06-19 12:00:00,2026,6
20790,2026-06-19,2,0.0,2023.38,PayrollPayment,PRPAY-2026-006780,PayrollPayment,6780,,4.0,Disburse payroll cash,5,2026-06-19 12:00:00,2026,6
20792,2026-06-19,2,0.0,1807.89,PayrollPayment,PRPAY-2026-006781,PayrollPayment,6781,,2.0,Disburse payroll cash,5,2026-06-19 12:00:00,2026,6
20794,2026-06-19,2,0.0,1732.1,PayrollPayment,PRPAY-2026-006782,PayrollPayment,6782,,2.0,Disburse payroll cash,5,2026-06-19 12:00:00,2026,6
20796,2026-06-19,2,0.0,1899.64,PayrollPayment,PRPAY-2026-006783,PayrollPayment,6783,,3.0,Disburse payroll cash,5,2026-06-19 12:00:00,2026,6
20798,2026-06-19,2,0.0,1442.85,PayrollPayment,PRPAY-2026-006784,PayrollPayment,6784,,3.0,Disburse payroll cash,5,2026-06-19 12:00:00,2026,6
20800,2026-06-19,2,0.0,1711.08,PayrollPayment,PRPAY-2026-006785,PayrollPayment,6785,,5.0,Disburse payroll cash,5,2026-06-19 12:00:00,2026,6
20802,2026-06-19,2,0.0,1622.39,PayrollPayment,PRPAY-2026-006786,PayrollPayment,6786,,5.0,Disburse payroll cash,5,2026-06-19 12:00:00,2026,6
20804,2026-06-19,2,0.0,1747.82,PayrollPayment,PRPAY-2026-006787,PayrollPayment,6787,,6.0,Disburse payroll cash,5,2026-06-19 12:00:00,2026,6
20806,2026-06-19,2,0.0,1584.33,PayrollPayment,PRPAY-2026-006788,PayrollPayment,6788,,6.0,Disburse payroll cash,5,2026-06-19 12:00:00,2026,6
20808,2026-06-19,2,0.0,1616.84,PayrollPayment,PRPAY-2026-006789,PayrollPayment,6789,,7.0,Disburse payroll cash,5,2026-06-19 12:00:00,2026,6
20810,2026-06-19,2,0.0,1939.81,PayrollPayment,PRPAY-2026-006790,PayrollPayment,6790,,8.0,Disburse payroll cash,5,2026-06-19 12:00:00,2026,6
20812,2026-06-19,2,0.0,1785.98,PayrollPayment,PRPAY-2026-006791,PayrollPayment,6791,,9.0,Disburse payroll cash,5,2026-06-19 12:00:00,2026,6
20814,2026-06-19,2,0.0,1804.89,PayrollPayment,PRPAY-2026-006792,PayrollPayment,6792,,10.0,Disburse payroll cash,5,2026-06-19 12:00:00,2026,6
20816,2026-06-19,2,0.0,1873.84,PayrollPayment,PRPAY-2026-006793,PayrollPayment,6793,,10.0,Disburse payroll cash,5,2026-06-19 12:00:00,2026,6
20818,2026-06-19,2,0.0,1788.71,PayrollPayment,PRPAY-2026-006794,PayrollPayment,6794,,2.0,Disburse payroll cash,5,2026-06-19 12:00:00,2026,6
20820,2026-06-19,2,0.0,1825.07,PayrollPayment,PRPAY-2026-006795,PayrollPayment,6795,,2.0,Disburse payroll cash,5,2026-06-19 12:00:00,2026,6
20822,2026-06-19,2,0.0,1717.97,PayrollPayment,PRPAY-2026-006796,PayrollPayment,6796,,3.0,Disburse payroll cash,5,2026-06-19 12:00:00,2026,6
20824,2026-06-19,2,0.0,1380.66,PayrollPayment,PRPAY-2026-006797,PayrollPayment,6797,,3.0,Disburse payroll cash,5,2026-06-19 12:00:00,2026,6
20826,2026-06-19,2,0.0,1711.74,PayrollPayment,PRPAY-2026-006798,PayrollPayment,6798,,5.0,Disburse payroll cash,5,2026-06-19 12:00:00,2026,6
20828,2026-06-19,2,0.0,1696.08,PayrollPayment,PRPAY-2026-006799,PayrollPayment,6799,,5.0,Disburse payroll cash,5,2026-06-19 12:00:00,2026,6
20830,2026-06-19,2,0.0,1681.72,PayrollPayment,PRPAY-2026-006800,PayrollPayment,6800,,6.0,Disburse payroll cash,5,2026-06-19 12:00:00,2026,6
20832,2026-06-19,2,0.0,1704.14,PayrollPayment,PRPAY-2026-006801,PayrollPayment,6801,,6.0,Disburse payroll cash,5,2026-06-19 12:00:00,2026,6
20834,2026-06-19,2,0.0,1439.64,PayrollPayment,PRPAY-2026-006802,PayrollPayment,6802,,7.0,Disburse payroll cash,5,2026-06-19 12:00:00,2026,6
20836,2026-06-19,2,0.0,1807.5,PayrollPayment,PRPAY-2026-006803,PayrollPayment,6803,,8.0,Disburse payroll cash,5,2026-06-19 12:00:00,2026,6
20838,2026-06-19,2,0.0,1924.39,PayrollPayment,PRPAY-2026-006804,PayrollPayment,6804,,9.0,Disburse payroll cash,5,2026-06-19 12:00:00,2026,6
20840,2026-06-19,2,0.0,1917.21,PayrollPayment,PRPAY-2026-006805,PayrollPayment,6805,,10.0,Disburse payroll cash,5,2026-06-19 12:00:00,2026,6
20842,2026-06-19,2,0.0,1753.27,PayrollPayment,PRPAY-2026-006806,PayrollPayment,6806,,10.0,Disburse payroll cash,5,2026-06-19 12:00:00,2026,6
20844,2026-06-19,2,0.0,1756.0,PayrollPayment,PRPAY-2026-006807,PayrollPayment,6807,,2.0,Disburse payroll cash,5,2026-06-19 12:00:00,2026,6
