JournalEntryID,EntryNumber,PostingDate,EntryType,Description,TotalAmount,CreatedByEmployeeID,CreatedDate,ApprovedByEmployeeID,ApprovedDate,ReversesJournalEntryID
1,JE-2024-000001,2024-01-01,Opening,"Opening balance entry for January 1, 2024",13817192.58,2,2024-01-06 10:00:00,2,2024-01-06 11:00:00,
2,JE-2024-000002,2024-01-01,Rent,Office rent for 2024-01,16421.1,5,2024-01-06 10:00:00,3,2024-01-06 11:00:00,
3,JE-2024-000003,2024-01-01,Rent,Warehouse rent for 2024-01,21983.68,5,2024-01-01 08:00:00,5,2024-01-01 09:00:00,
4,JE-2024-000004,2024-01-31,Utilities,Utilities expense for 2024-01,10051.19,5,2024-01-31 08:00:00,5,2024-01-31 09:00:00,
5,JE-2024-000005,2024-01-31,Factory Overhead,Factory overhead for 2024-01,9354.82,4,2024-01-31 08:00:00,3,2024-01-31 09:00:00,
6,JE-2024-000006,2024-01-31,Depreciation,Monthly fixed asset depreciation for 2024-01,38950.0,3,2024-01-31 08:00:00,2,2024-01-31 09:00:00,
7,JE-2024-000007,2024-01-31,Accrual,Month-end insurance accrued expense for 2024-01,4301.77,5,2024-01-31 08:00:00,3,2024-01-31 09:00:00,
8,JE-2024-000008,2024-01-31,Accrual,Month-end office supplies accrued expense for 2024-01,6083.8,5,2024-01-31 08:00:00,3,2024-01-31 09:00:00,
9,JE-2024-000009,2024-01-31,Accrual,Month-end repairs and maintenance accrued expense for 2024-01,10039.33,5,2024-01-31 08:00:00,3,2024-01-31 09:00:00,
10,JE-2024-000010,2024-01-31,Accrual,Month-end it and software accrued expense for 2024-01,5488.26,5,2024-01-31 08:00:00,3,2024-01-31 09:00:00,
11,JE-2024-000011,2024-01-31,Accrual,Month-end marketing and promotion accrued expense for 2024-01,28537.13,5,2024-01-31 08:00:00,3,2024-01-31 09:00:00,
12,JE-2024-000012,2024-01-31,Accrual,Month-end travel and entertainment accrued expense for 2024-01,8965.29,5,2024-01-31 08:00:00,3,2024-01-31 09:00:00,
13,JE-2024-000013,2024-01-31,Accrual,Month-end professional fees accrued expense for 2024-01,4589.57,5,2024-01-31 08:00:00,3,2024-01-31 09:00:00,
14,JE-2024-000014,2024-01-31,Accrual,Month-end bank fees accrued expense for 2024-01,3181.91,5,2024-01-31 08:00:00,3,2024-01-31 09:00:00,
15,JE-2024-000015,2024-01-31,Accrual,Month-end miscellaneous administrative accrued expense for 2024-01,7562.58,5,2024-01-31 08:00:00,3,2024-01-31 09:00:00,
16,JE-2024-000016,2024-01-31,Accrual,Month-end warehouse supplies accrued expense for 2024-01,8371.47,5,2024-01-31 08:00:00,3,2024-01-31 09:00:00,
17,JE-2024-000017,2024-01-31,Accrual,Month-end research and development accrued expense for 2024-01,22699.04,5,2024-01-31 08:00:00,3,2024-01-31 09:00:00,
18,JE-2024-000018,2024-02-01,Rent,Office rent for 2024-02,16432.71,5,2024-02-01 08:00:00,3,2024-02-01 09:00:00,
19,JE-2024-000019,2024-02-01,Rent,Warehouse rent for 2024-02,22754.17,5,2024-02-01 08:00:00,3,2024-02-01 09:00:00,
20,JE-2024-000020,2024-02-01,Freight Settlement,Settle outbound freight accruals through 2024-01,20774.56,5,2024-02-01 08:00:00,3,2024-02-01 09:00:00,
21,JE-2024-000021,2024-02-29,Utilities,Utilities expense for 2024-02,9910.03,5,2024-02-29 08:00:00,3,2024-02-29 09:00:00,
22,JE-2024-000022,2024-02-29,Factory Overhead,Factory overhead for 2024-02,166266.69,4,2024-02-29 08:00:00,3,2024-02-29 09:00:00,
23,JE-2024-000023,2024-02-29,Depreciation,Monthly fixed asset depreciation for 2024-02,38950.0,3,2024-02-29 08:00:00,2,2024-02-29 09:00:00,
24,JE-2024-000024,2024-02-29,Accrual,Month-end insurance accrued expense for 2024-02,4073.32,5,2024-02-29 08:00:00,3,2024-02-29 09:00:00,
25,JE-2024-000025,2024-02-29,Accrual,Month-end office supplies accrued expense for 2024-02,6057.78,5,2024-02-29 08:00:00,3,2024-02-29 09:00:00,
26,JE-2024-000026,2024-02-29,Accrual,Month-end repairs and maintenance accrued expense for 2024-02,9551.39,5,2024-02-29 08:00:00,3,2024-02-29 09:00:00,
27,JE-2024-000027,2024-02-29,Accrual,Month-end it and software accrued expense for 2024-02,5518.57,5,2024-02-29 08:00:00,3,2024-02-29 09:00:00,
28,JE-2024-000028,2024-02-29,Accrual,Month-end marketing and promotion accrued expense for 2024-02,28699.04,5,2024-02-29 08:00:00,3,2024-02-29 09:00:00,
29,JE-2024-000029,2024-02-29,Accrual,Month-end travel and entertainment accrued expense for 2024-02,8639.02,5,2024-02-29 08:00:00,3,2024-02-29 09:00:00,
30,JE-2024-000030,2024-02-29,Accrual,Month-end professional fees accrued expense for 2024-02,4730.01,5,2024-02-29 08:00:00,3,2024-02-29 09:00:00,
31,JE-2024-000031,2024-02-29,Accrual,Month-end bank fees accrued expense for 2024-02,3245.53,5,2024-02-29 08:00:00,3,2024-02-29 09:00:00,
32,JE-2024-000032,2024-02-29,Accrual,Month-end miscellaneous administrative accrued expense for 2024-02,7352.42,5,2024-02-29 08:00:00,3,2024-02-29 09:00:00,
33,JE-2024-000033,2024-02-29,Accrual,Month-end warehouse supplies accrued expense for 2024-02,8319.66,5,2024-02-29 08:00:00,3,2024-02-29 09:00:00,
34,JE-2024-000034,2024-02-29,Accrual,Month-end research and development accrued expense for 2024-02,22840.99,5,2024-02-29 08:00:00,3,2024-02-29 09:00:00,
35,JE-2024-000035,2024-03-01,Rent,Office rent for 2024-03,16877.59,5,2024-03-01 08:00:00,3,2024-03-01 09:00:00,
36,JE-2024-000036,2024-03-01,Rent,Warehouse rent for 2024-03,22708.95,5,2024-03-01 08:00:00,3,2024-03-01 09:00:00,
37,JE-2024-000037,2024-03-01,Freight Settlement,Settle outbound freight accruals through 2024-02,35666.04,5,2024-03-01 08:00:00,3,2024-03-01 09:00:00,
38,JE-2024-000038,2024-03-29,Utilities,Utilities expense for 2024-03,8626.83,5,2024-03-29 08:00:00,3,2024-03-29 09:00:00,
39,JE-2024-000039,2024-03-29,Factory Overhead,Factory overhead for 2024-03,159426.7,4,2024-03-29 08:00:00,3,2024-03-29 09:00:00,
40,JE-2024-000040,2024-03-31,Depreciation,Monthly fixed asset depreciation for 2024-03,38950.0,3,2024-03-31 08:00:00,2,2024-03-31 09:00:00,
41,JE-2024-000041,2024-03-29,Accrual,Month-end insurance accrued expense for 2024-03,4232.67,5,2024-03-29 08:00:00,3,2024-03-29 09:00:00,
42,JE-2024-000042,2024-03-29,Accrual,Month-end office supplies accrued expense for 2024-03,5982.53,5,2024-03-29 08:00:00,3,2024-03-29 09:00:00,
43,JE-2024-000043,2024-03-29,Accrual,Month-end repairs and maintenance accrued expense for 2024-03,9721.85,5,2024-03-29 08:00:00,3,2024-03-29 09:00:00,
44,JE-2024-000044,2024-03-29,Accrual,Month-end it and software accrued expense for 2024-03,5737.18,5,2024-03-29 08:00:00,3,2024-03-29 09:00:00,
45,JE-2024-000045,2024-03-29,Accrual,Month-end marketing and promotion accrued expense for 2024-03,27738.85,5,2024-03-29 08:00:00,3,2024-03-29 09:00:00,
46,JE-2024-000046,2024-03-29,Accrual,Month-end travel and entertainment accrued expense for 2024-03,8774.95,5,2024-03-29 08:00:00,3,2024-03-29 09:00:00,
47,JE-2024-000047,2024-03-29,Accrual,Month-end professional fees accrued expense for 2024-03,4759.77,5,2024-03-29 08:00:00,3,2024-03-29 09:00:00,
48,JE-2024-000048,2024-03-29,Accrual,Month-end bank fees accrued expense for 2024-03,3311.41,5,2024-03-29 08:00:00,3,2024-03-29 09:00:00,
49,JE-2024-000049,2024-03-29,Accrual,Month-end miscellaneous administrative accrued expense for 2024-03,7256.43,5,2024-03-29 08:00:00,3,2024-03-29 09:00:00,
50,JE-2024-000050,2024-03-29,Accrual,Month-end warehouse supplies accrued expense for 2024-03,8459.92,5,2024-03-29 08:00:00,3,2024-03-29 09:00:00,
51,JE-2024-000051,2024-03-29,Accrual,Month-end research and development accrued expense for 2024-03,21869.59,5,2024-03-29 08:00:00,3,2024-03-29 09:00:00,
52,JE-2024-000052,2024-04-01,Rent,Office rent for 2024-04,16668.49,5,2024-04-01 08:00:00,3,2024-04-01 09:00:00,
53,JE-2024-000053,2024-04-01,Rent,Warehouse rent for 2024-04,21939.01,5,2024-04-01 08:00:00,3,2024-04-01 09:00:00,
54,JE-2024-000054,2024-04-01,Freight Settlement,Settle outbound freight accruals through 2024-03,34651.96,5,2024-04-01 08:00:00,3,2024-04-01 09:00:00,
55,JE-2024-000055,2024-04-30,Utilities,Utilities expense for 2024-04,9110.55,5,2024-04-30 08:00:00,3,2024-04-30 09:00:00,
56,JE-2024-000056,2024-04-30,Factory Overhead,Factory overhead for 2024-04,162112.75,4,2024-04-30 08:00:00,3,2024-04-30 09:00:00,
57,JE-2024-000057,2024-04-30,Depreciation,Monthly fixed asset depreciation for 2024-04,40720.83,3,2024-04-30 08:00:00,2,2024-04-30 09:00:00,
58,JE-2024-000058,2024-04-30,Accrual,Month-end insurance accrued expense for 2024-04,4215.95,5,2024-04-30 08:00:00,3,2024-04-30 09:00:00,
59,JE-2024-000059,2024-04-30,Accrual,Month-end office supplies accrued expense for 2024-04,5994.93,5,2024-04-30 08:00:00,3,2024-04-30 09:00:00,
60,JE-2024-000060,2024-04-30,Accrual,Month-end repairs and maintenance accrued expense for 2024-04,10037.31,5,2024-04-30 08:00:00,3,2024-04-30 09:00:00,
61,JE-2024-000061,2024-04-30,Accrual,Month-end it and software accrued expense for 2024-04,5592.05,5,2024-04-30 08:00:00,3,2024-04-30 09:00:00,
62,JE-2024-000062,2024-04-30,Accrual,Month-end marketing and promotion accrued expense for 2024-04,27874.39,5,2024-04-30 08:00:00,3,2024-04-30 09:00:00,
63,JE-2024-000063,2024-04-30,Accrual,Month-end travel and entertainment accrued expense for 2024-04,8858.68,5,2024-04-30 08:00:00,3,2024-04-30 09:00:00,
64,JE-2024-000064,2024-04-30,Accrual,Month-end professional fees accrued expense for 2024-04,4600.47,5,2024-04-30 08:00:00,3,2024-04-30 09:00:00,
65,JE-2024-000065,2024-04-30,Accrual,Month-end bank fees accrued expense for 2024-04,3227.32,5,2024-04-30 08:00:00,3,2024-04-30 09:00:00,
66,JE-2024-000066,2024-04-30,Accrual,Month-end miscellaneous administrative accrued expense for 2024-04,7617.6,5,2024-04-30 08:00:00,3,2024-04-30 09:00:00,
67,JE-2024-000067,2024-04-30,Accrual,Month-end warehouse supplies accrued expense for 2024-04,8228.27,5,2024-04-30 08:00:00,3,2024-04-30 09:00:00,
68,JE-2024-000068,2024-04-30,Accrual,Month-end research and development accrued expense for 2024-04,22183.28,5,2024-04-30 08:00:00,3,2024-04-30 09:00:00,
69,JE-2024-000069,2024-05-01,Rent,Office rent for 2024-05,16615.77,5,2024-05-01 08:00:00,3,2024-05-01 09:00:00,
70,JE-2024-000070,2024-05-01,Rent,Warehouse rent for 2024-05,22280.81,5,2024-05-01 08:00:00,3,2024-05-01 09:00:00,
71,JE-2024-000071,2024-05-01,Freight Settlement,Settle outbound freight accruals through 2024-04,40932.49,5,2024-05-01 08:00:00,3,2024-05-01 09:00:00,
72,JE-2024-000072,2024-05-31,Utilities,Utilities expense for 2024-05,8689.88,5,2024-05-31 08:00:00,3,2024-05-31 09:00:00,
73,JE-2024-000073,2024-05-31,Factory Overhead,Factory overhead for 2024-05,119399.06,4,2024-05-31 08:00:00,3,2024-05-31 09:00:00,
74,JE-2024-000074,2024-05-31,Depreciation,Monthly fixed asset depreciation for 2024-05,40720.83,3,2024-05-31 08:00:00,2,2024-05-31 09:00:00,
75,JE-2024-000075,2024-05-31,Accrual,Month-end insurance accrued expense for 2024-05,4165.79,5,2024-05-31 08:00:00,3,2024-05-31 09:00:00,
76,JE-2024-000076,2024-05-31,Accrual,Month-end office supplies accrued expense for 2024-05,6021.79,5,2024-05-31 08:00:00,3,2024-05-31 09:00:00,
77,JE-2024-000077,2024-05-31,Accrual,Month-end repairs and maintenance accrued expense for 2024-05,9700.85,5,2024-05-31 08:00:00,3,2024-05-31 09:00:00,
78,JE-2024-000078,2024-05-31,Accrual,Month-end it and software accrued expense for 2024-05,5556.23,5,2024-05-31 08:00:00,3,2024-05-31 09:00:00,
79,JE-2024-000079,2024-05-31,Accrual,Month-end marketing and promotion accrued expense for 2024-05,28062.6,5,2024-05-31 08:00:00,3,2024-05-31 09:00:00,
80,JE-2024-000080,2024-05-31,Accrual,Month-end travel and entertainment accrued expense for 2024-05,8591.85,5,2024-05-31 08:00:00,3,2024-05-31 09:00:00,
81,JE-2024-000081,2024-05-31,Accrual,Month-end professional fees accrued expense for 2024-05,4650.62,5,2024-05-31 08:00:00,3,2024-05-31 09:00:00,
82,JE-2024-000082,2024-05-31,Accrual,Month-end bank fees accrued expense for 2024-05,3240.66,5,2024-05-31 08:00:00,3,2024-05-31 09:00:00,
83,JE-2024-000083,2024-05-31,Accrual,Month-end miscellaneous administrative accrued expense for 2024-05,7444.23,5,2024-05-31 08:00:00,3,2024-05-31 09:00:00,
84,JE-2024-000084,2024-05-31,Accrual,Month-end warehouse supplies accrued expense for 2024-05,8151.3,5,2024-05-31 08:00:00,3,2024-05-31 09:00:00,
85,JE-2024-000085,2024-05-31,Accrual,Month-end research and development accrued expense for 2024-05,22337.62,5,2024-05-31 08:00:00,3,2024-05-31 09:00:00,
86,JE-2024-000086,2024-06-03,Rent,Office rent for 2024-06,16533.51,5,2024-06-03 08:00:00,3,2024-06-03 09:00:00,
87,JE-2024-000087,2024-06-03,Rent,Warehouse rent for 2024-06,22442.31,5,2024-06-03 08:00:00,3,2024-06-03 09:00:00,
88,JE-2024-000088,2024-06-03,Freight Settlement,Settle outbound freight accruals through 2024-05,43378.15,5,2024-06-03 08:00:00,3,2024-06-03 09:00:00,
89,JE-2024-000089,2024-06-28,Utilities,Utilities expense for 2024-06,9731.6,5,2024-06-28 08:00:00,3,2024-06-28 09:00:00,
90,JE-2024-000090,2024-06-28,Factory Overhead,Factory overhead for 2024-06,158775.76,4,2024-06-28 08:00:00,3,2024-06-28 09:00:00,
91,JE-2024-000091,2024-06-30,Depreciation,Monthly fixed asset depreciation for 2024-06,40720.83,3,2024-06-30 08:00:00,2,2024-06-30 09:00:00,
92,JE-2024-000092,2024-06-28,Accrual,Month-end insurance accrued expense for 2024-06,4083.74,5,2024-06-28 08:00:00,3,2024-06-28 09:00:00,
93,JE-2024-000093,2024-06-28,Accrual,Month-end office supplies accrued expense for 2024-06,6166.04,5,2024-06-28 08:00:00,3,2024-06-28 09:00:00,
94,JE-2024-000094,2024-06-28,Accrual,Month-end repairs and maintenance accrued expense for 2024-06,9836.39,5,2024-06-28 08:00:00,3,2024-06-28 09:00:00,
95,JE-2024-000095,2024-06-28,Accrual,Month-end it and software accrued expense for 2024-06,5485.53,5,2024-06-28 08:00:00,3,2024-06-28 09:00:00,
96,JE-2024-000096,2024-06-28,Accrual,Month-end marketing and promotion accrued expense for 2024-06,27703.17,5,2024-06-28 08:00:00,3,2024-06-28 09:00:00,
97,JE-2024-000097,2024-06-28,Accrual,Month-end travel and entertainment accrued expense for 2024-06,8808.53,5,2024-06-28 08:00:00,3,2024-06-28 09:00:00,
98,JE-2024-000098,2024-06-28,Accrual,Month-end professional fees accrued expense for 2024-06,4515.5,5,2024-06-28 08:00:00,3,2024-06-28 09:00:00,
99,JE-2024-000099,2024-06-28,Accrual,Month-end bank fees accrued expense for 2024-06,3186.02,5,2024-06-28 08:00:00,3,2024-06-28 09:00:00,
100,JE-2024-000100,2024-06-28,Accrual,Month-end miscellaneous administrative accrued expense for 2024-06,7502.65,5,2024-06-28 08:00:00,3,2024-06-28 09:00:00,
101,JE-2024-000101,2024-06-28,Accrual,Month-end warehouse supplies accrued expense for 2024-06,8464.64,5,2024-06-28 08:00:00,3,2024-06-28 09:00:00,
102,JE-2024-000102,2024-06-28,Accrual,Month-end research and development accrued expense for 2024-06,22312.38,5,2024-06-28 08:00:00,3,2024-06-28 09:00:00,
103,JE-2024-000103,2024-07-18,Debt Reclass,Reclass note-financed CAPEX invoice 3160 to notes payable,360000.0,5,2024-07-18 08:00:00,3,2024-07-18 09:00:00,
104,JE-2024-000104,2024-07-01,Rent,Office rent for 2024-07,16644.29,5,2024-07-01 08:00:00,3,2024-07-01 09:00:00,
105,JE-2024-000105,2024-07-01,Rent,Warehouse rent for 2024-07,22314.92,5,2024-07-01 08:00:00,3,2024-07-01 09:00:00,
106,JE-2024-000106,2024-07-01,Freight Settlement,Settle outbound freight accruals through 2024-06,40862.63,5,2024-07-01 08:00:00,3,2024-07-01 09:00:00,
107,JE-2024-000107,2024-07-31,Utilities,Utilities expense for 2024-07,10241.29,5,2024-07-31 08:00:00,3,2024-07-31 09:00:00,
108,JE-2024-000108,2024-07-31,Factory Overhead,Factory overhead for 2024-07,85803.76,4,2024-07-31 08:00:00,3,2024-07-31 09:00:00,
109,JE-2024-000109,2024-07-31,Depreciation,Monthly fixed asset depreciation for 2024-07,40720.83,3,2024-07-31 08:00:00,2,2024-07-31 09:00:00,
110,JE-2024-000110,2024-07-31,Accrual,Month-end insurance accrued expense for 2024-07,4175.43,5,2024-07-31 08:00:00,3,2024-07-31 09:00:00,
111,JE-2024-000111,2024-07-31,Accrual,Month-end office supplies accrued expense for 2024-07,6079.37,5,2024-07-31 08:00:00,3,2024-07-31 09:00:00,
112,JE-2024-000112,2024-07-31,Accrual,Month-end repairs and maintenance accrued expense for 2024-07,9669.0,5,2024-07-31 08:00:00,3,2024-07-31 09:00:00,
113,JE-2024-000113,2024-07-31,Accrual,Month-end it and software accrued expense for 2024-07,5422.29,5,2024-07-31 08:00:00,3,2024-07-31 09:00:00,
114,JE-2024-000114,2024-07-31,Accrual,Month-end marketing and promotion accrued expense for 2024-07,27480.9,5,2024-07-31 08:00:00,3,2024-07-31 09:00:00,
115,JE-2024-000115,2024-07-31,Accrual,Month-end travel and entertainment accrued expense for 2024-07,8866.8,5,2024-07-31 08:00:00,3,2024-07-31 09:00:00,
116,JE-2024-000116,2024-07-31,Accrual,Month-end professional fees accrued expense for 2024-07,4598.73,5,2024-07-31 08:00:00,3,2024-07-31 09:00:00,
117,JE-2024-000117,2024-07-31,Accrual,Month-end bank fees accrued expense for 2024-07,3334.88,5,2024-07-31 08:00:00,3,2024-07-31 09:00:00,
118,JE-2024-000118,2024-07-31,Accrual,Month-end miscellaneous administrative accrued expense for 2024-07,7523.22,5,2024-07-31 08:00:00,3,2024-07-31 09:00:00,
119,JE-2024-000119,2024-07-31,Accrual,Month-end warehouse supplies accrued expense for 2024-07,8247.59,5,2024-07-31 08:00:00,3,2024-07-31 09:00:00,
120,JE-2024-000120,2024-07-31,Accrual,Month-end research and development accrued expense for 2024-07,21966.4,5,2024-07-31 08:00:00,3,2024-07-31 09:00:00,
121,JE-2024-000121,2024-08-01,Debt Principal Payment,Principal payment for Assembly Automation Cell Addition,6553.95,5,2024-08-01 08:00:00,3,2024-08-01 09:00:00,
122,JE-2024-000122,2024-08-01,Interest Payment,Interest payment for Assembly Automation Cell Addition,2025.0,5,2024-08-01 08:00:00,3,2024-08-01 09:00:00,
123,JE-2024-000123,2024-08-01,Rent,Office rent for 2024-08,16807.32,5,2024-08-01 08:00:00,3,2024-08-01 09:00:00,
124,JE-2024-000124,2024-08-01,Rent,Warehouse rent for 2024-08,21949.76,5,2024-08-01 08:00:00,3,2024-08-01 09:00:00,
125,JE-2024-000125,2024-08-01,Freight Settlement,Settle outbound freight accruals through 2024-07,38381.87,5,2024-08-01 08:00:00,3,2024-08-01 09:00:00,
126,JE-2024-000126,2024-08-30,Utilities,Utilities expense for 2024-08,9826.47,5,2024-08-30 08:00:00,3,2024-08-30 09:00:00,
127,JE-2024-000127,2024-08-30,Factory Overhead,Factory overhead for 2024-08,86875.21,4,2024-08-30 08:00:00,3,2024-08-30 09:00:00,
128,JE-2024-000128,2024-08-31,Depreciation,Monthly fixed asset depreciation for 2024-08,44470.83,3,2024-08-31 08:00:00,2,2024-08-31 09:00:00,
129,JE-2024-000129,2024-08-30,Accrual,Month-end insurance accrued expense for 2024-08,4268.57,5,2024-08-30 08:00:00,3,2024-08-30 09:00:00,
130,JE-2024-000130,2024-08-30,Accrual,Month-end office supplies accrued expense for 2024-08,6163.13,5,2024-08-30 08:00:00,3,2024-08-30 09:00:00,
131,JE-2024-000131,2024-08-30,Accrual,Month-end repairs and maintenance accrued expense for 2024-08,9967.05,5,2024-08-30 08:00:00,3,2024-08-30 09:00:00,
132,JE-2024-000132,2024-08-30,Accrual,Month-end it and software accrued expense for 2024-08,5572.08,5,2024-08-30 08:00:00,3,2024-08-30 09:00:00,
133,JE-2024-000133,2024-08-30,Accrual,Month-end marketing and promotion accrued expense for 2024-08,28488.8,5,2024-08-30 08:00:00,3,2024-08-30 09:00:00,
134,JE-2024-000134,2024-08-30,Accrual,Month-end travel and entertainment accrued expense for 2024-08,8595.29,5,2024-08-30 08:00:00,3,2024-08-30 09:00:00,
135,JE-2024-000135,2024-08-30,Accrual,Month-end professional fees accrued expense for 2024-08,4624.81,5,2024-08-30 08:00:00,3,2024-08-30 09:00:00,
136,JE-2024-000136,2024-08-30,Accrual,Month-end bank fees accrued expense for 2024-08,3228.79,5,2024-08-30 08:00:00,3,2024-08-30 09:00:00,
137,JE-2024-000137,2024-08-30,Accrual,Month-end miscellaneous administrative accrued expense for 2024-08,7453.53,5,2024-08-30 08:00:00,3,2024-08-30 09:00:00,
138,JE-2024-000138,2024-08-30,Accrual,Month-end warehouse supplies accrued expense for 2024-08,8309.09,5,2024-08-30 08:00:00,3,2024-08-30 09:00:00,
139,JE-2024-000139,2024-08-30,Accrual,Month-end research and development accrued expense for 2024-08,22975.99,5,2024-08-30 08:00:00,3,2024-08-30 09:00:00,
140,JE-2024-000140,2024-09-02,Debt Principal Payment,Principal payment for Assembly Automation Cell Addition,6590.82,5,2024-09-02 08:00:00,3,2024-09-02 09:00:00,
141,JE-2024-000141,2024-09-02,Interest Payment,Interest payment for Assembly Automation Cell Addition,1988.13,5,2024-09-02 08:00:00,3,2024-09-02 09:00:00,
142,JE-2024-000142,2024-09-02,Rent,Office rent for 2024-09,16666.63,5,2024-09-02 08:00:00,3,2024-09-02 09:00:00,
143,JE-2024-000143,2024-09-02,Rent,Warehouse rent for 2024-09,22360.35,5,2024-09-02 08:00:00,3,2024-09-02 09:00:00,
144,JE-2024-000144,2024-09-02,Freight Settlement,Settle outbound freight accruals through 2024-08,37783.24,5,2024-09-02 08:00:00,3,2024-09-02 09:00:00,
145,JE-2024-000145,2024-09-30,Utilities,Utilities expense for 2024-09,9125.22,5,2024-09-30 08:00:00,3,2024-09-30 09:00:00,
146,JE-2024-000146,2024-09-30,Factory Overhead,Factory overhead for 2024-09,56044.32,4,2024-09-30 08:00:00,3,2024-09-30 09:00:00,
147,JE-2024-000147,2024-09-30,Depreciation,Monthly fixed asset depreciation for 2024-09,44470.83,3,2024-09-30 08:00:00,2,2024-09-30 09:00:00,
148,JE-2024-000148,2024-09-30,Accrual,Month-end insurance accrued expense for 2024-09,4276.18,5,2024-09-30 08:00:00,3,2024-09-30 09:00:00,
149,JE-2024-000149,2024-09-30,Accrual,Month-end office supplies accrued expense for 2024-09,6178.02,5,2024-09-30 08:00:00,3,2024-09-30 09:00:00,
150,JE-2024-000150,2024-09-30,Accrual,Month-end repairs and maintenance accrued expense for 2024-09,10030.3,5,2024-09-30 08:00:00,3,2024-09-30 09:00:00,
151,JE-2024-000151,2024-09-30,Accrual,Month-end it and software accrued expense for 2024-09,5717.44,5,2024-09-30 08:00:00,3,2024-09-30 09:00:00,
152,JE-2024-000152,2024-09-30,Accrual,Month-end marketing and promotion accrued expense for 2024-09,28695.1,5,2024-09-30 08:00:00,3,2024-09-30 09:00:00,
153,JE-2024-000153,2024-09-30,Accrual,Month-end travel and entertainment accrued expense for 2024-09,8845.87,5,2024-09-30 08:00:00,3,2024-09-30 09:00:00,
154,JE-2024-000154,2024-09-30,Accrual,Month-end professional fees accrued expense for 2024-09,4615.32,5,2024-09-30 08:00:00,3,2024-09-30 09:00:00,
155,JE-2024-000155,2024-09-30,Accrual,Month-end bank fees accrued expense for 2024-09,3224.34,5,2024-09-30 08:00:00,3,2024-09-30 09:00:00,
156,JE-2024-000156,2024-09-30,Accrual,Month-end miscellaneous administrative accrued expense for 2024-09,7532.38,5,2024-09-30 08:00:00,3,2024-09-30 09:00:00,
157,JE-2024-000157,2024-09-30,Accrual,Month-end warehouse supplies accrued expense for 2024-09,8419.83,5,2024-09-30 08:00:00,3,2024-09-30 09:00:00,
158,JE-2024-000158,2024-09-30,Accrual,Month-end research and development accrued expense for 2024-09,22414.11,5,2024-09-30 08:00:00,3,2024-09-30 09:00:00,
159,JE-2024-000159,2024-10-01,Debt Principal Payment,Principal payment for Assembly Automation Cell Addition,6627.89,5,2024-10-01 08:00:00,3,2024-10-01 09:00:00,
160,JE-2024-000160,2024-10-01,Interest Payment,Interest payment for Assembly Automation Cell Addition,1951.06,5,2024-10-01 08:00:00,3,2024-10-01 09:00:00,
161,JE-2024-000161,2024-10-01,Rent,Office rent for 2024-10,16662.27,5,2024-10-01 08:00:00,3,2024-10-01 09:00:00,
162,JE-2024-000162,2024-10-01,Rent,Warehouse rent for 2024-10,22293.77,5,2024-10-01 08:00:00,3,2024-10-01 09:00:00,
163,JE-2024-000163,2024-10-01,Freight Settlement,Settle outbound freight accruals through 2024-09,40715.76,5,2024-10-01 08:00:00,3,2024-10-01 09:00:00,
164,JE-2024-000164,2024-10-31,Utilities,Utilities expense for 2024-10,8858.45,5,2024-10-31 08:00:00,3,2024-10-31 09:00:00,
165,JE-2024-000165,2024-10-31,Factory Overhead,Factory overhead for 2024-10,105752.25,4,2024-10-31 08:00:00,3,2024-10-31 09:00:00,
166,JE-2024-000166,2024-10-31,Depreciation,Monthly fixed asset depreciation for 2024-10,44470.83,3,2024-10-31 08:00:00,2,2024-10-31 09:00:00,
167,JE-2024-000167,2024-10-31,Accrual,Month-end insurance accrued expense for 2024-10,4225.97,5,2024-10-31 08:00:00,3,2024-10-31 09:00:00,
168,JE-2024-000168,2024-10-31,Accrual,Month-end office supplies accrued expense for 2024-10,6157.66,5,2024-10-31 08:00:00,3,2024-10-31 09:00:00,
169,JE-2024-000169,2024-10-31,Accrual,Month-end repairs and maintenance accrued expense for 2024-10,9551.72,5,2024-10-31 08:00:00,3,2024-10-31 09:00:00,
170,JE-2024-000170,2024-10-31,Accrual,Month-end it and software accrued expense for 2024-10,5678.37,5,2024-10-31 08:00:00,3,2024-10-31 09:00:00,
171,JE-2024-000171,2024-10-31,Accrual,Month-end marketing and promotion accrued expense for 2024-10,27674.85,5,2024-10-31 08:00:00,3,2024-10-31 09:00:00,
172,JE-2024-000172,2024-10-31,Accrual,Month-end travel and entertainment accrued expense for 2024-10,8906.53,5,2024-10-31 08:00:00,3,2024-10-31 09:00:00,
173,JE-2024-000173,2024-10-31,Accrual,Month-end professional fees accrued expense for 2024-10,4559.31,5,2024-10-31 08:00:00,3,2024-10-31 09:00:00,
174,JE-2024-000174,2024-10-31,Accrual,Month-end bank fees accrued expense for 2024-10,3278.05,5,2024-10-31 08:00:00,3,2024-10-31 09:00:00,
175,JE-2024-000175,2024-10-31,Accrual,Month-end miscellaneous administrative accrued expense for 2024-10,7595.57,5,2024-10-31 08:00:00,3,2024-10-31 09:00:00,
176,JE-2024-000176,2024-10-31,Accrual,Month-end warehouse supplies accrued expense for 2024-10,8449.17,5,2024-10-31 08:00:00,3,2024-10-31 09:00:00,
177,JE-2024-000177,2024-10-31,Accrual,Month-end research and development accrued expense for 2024-10,22327.69,5,2024-10-31 08:00:00,3,2024-10-31 09:00:00,
178,JE-2024-000178,2024-11-01,Debt Principal Payment,Principal payment for Assembly Automation Cell Addition,6665.17,5,2024-11-01 08:00:00,3,2024-11-01 09:00:00,
179,JE-2024-000179,2024-11-01,Interest Payment,Interest payment for Assembly Automation Cell Addition,1913.78,5,2024-11-01 08:00:00,3,2024-11-01 09:00:00,
180,JE-2024-000180,2024-11-01,Rent,Office rent for 2024-11,16547.97,5,2024-11-01 08:00:00,3,2024-11-01 09:00:00,
181,JE-2024-000181,2024-11-01,Rent,Warehouse rent for 2024-11,22451.94,5,2024-11-01 08:00:00,3,2024-11-01 09:00:00,
182,JE-2024-000182,2024-11-01,Freight Settlement,Settle outbound freight accruals through 2024-10,38831.44,5,2024-11-01 08:00:00,3,2024-11-01 09:00:00,
183,JE-2024-000183,2024-11-29,Utilities,Utilities expense for 2024-11,9010.04,5,2024-11-29 08:00:00,3,2024-11-29 09:00:00,
184,JE-2024-000184,2024-11-29,Factory Overhead,Factory overhead for 2024-11,97062.5,4,2024-11-29 08:00:00,3,2024-11-29 09:00:00,
185,JE-2024-000185,2024-11-30,Depreciation,Monthly fixed asset depreciation for 2024-11,44470.83,3,2024-11-30 08:00:00,2,2024-11-30 09:00:00,
186,JE-2024-000186,2024-11-29,Accrual,Month-end insurance accrued expense for 2024-11,4295.81,5,2024-11-29 08:00:00,3,2024-11-29 09:00:00,
187,JE-2024-000187,2024-11-29,Accrual,Month-end office supplies accrued expense for 2024-11,6124.27,5,2024-11-29 08:00:00,3,2024-11-29 09:00:00,
188,JE-2024-000188,2024-11-29,Accrual,Month-end repairs and maintenance accrued expense for 2024-11,10034.92,5,2024-11-29 08:00:00,3,2024-11-29 09:00:00,
189,JE-2024-000189,2024-11-29,Accrual,Month-end it and software accrued expense for 2024-11,5468.99,5,2024-11-29 08:00:00,3,2024-11-29 09:00:00,
190,JE-2024-000190,2024-11-29,Accrual,Month-end marketing and promotion accrued expense for 2024-11,27484.56,5,2024-11-29 08:00:00,3,2024-11-29 09:00:00,
191,JE-2024-000191,2024-11-29,Accrual,Month-end travel and entertainment accrued expense for 2024-11,9056.1,5,2024-11-29 08:00:00,3,2024-11-29 09:00:00,
192,JE-2024-000192,2024-11-29,Accrual,Month-end professional fees accrued expense for 2024-11,4636.18,5,2024-11-29 08:00:00,3,2024-11-29 09:00:00,
193,JE-2024-000193,2024-11-29,Accrual,Month-end bank fees accrued expense for 2024-11,3217.61,5,2024-11-29 08:00:00,3,2024-11-29 09:00:00,
194,JE-2024-000194,2024-11-29,Accrual,Month-end miscellaneous administrative accrued expense for 2024-11,7591.79,5,2024-11-29 08:00:00,3,2024-11-29 09:00:00,
195,JE-2024-000195,2024-11-29,Accrual,Month-end warehouse supplies accrued expense for 2024-11,8276.83,5,2024-11-29 08:00:00,3,2024-11-29 09:00:00,
196,JE-2024-000196,2024-11-29,Accrual,Month-end research and development accrued expense for 2024-11,22746.09,5,2024-11-29 08:00:00,3,2024-11-29 09:00:00,
197,JE-2024-000197,2024-12-02,Debt Principal Payment,Principal payment for Assembly Automation Cell Addition,6702.66,5,2024-12-02 08:00:00,3,2024-12-02 09:00:00,
198,JE-2024-000198,2024-12-02,Interest Payment,Interest payment for Assembly Automation Cell Addition,1876.29,5,2024-12-02 08:00:00,3,2024-12-02 09:00:00,
199,JE-2024-000199,2024-12-02,Rent,Office rent for 2024-12,16516.47,5,2024-12-02 08:00:00,3,2024-12-02 09:00:00,
200,JE-2024-000200,2024-12-02,Rent,Warehouse rent for 2024-12,22651.84,5,2024-12-02 08:00:00,3,2024-12-02 09:00:00,
201,JE-2024-000201,2024-12-02,Freight Settlement,Settle outbound freight accruals through 2024-11,43795.25,5,2024-12-02 08:00:00,3,2024-12-02 09:00:00,
202,JE-2024-000202,2024-12-31,Utilities,Utilities expense for 2024-12,9567.78,5,2024-12-31 08:00:00,3,2024-12-31 09:00:00,
203,JE-2024-000203,2024-12-31,Factory Overhead,Factory overhead for 2024-12,154239.98,4,2024-12-31 08:00:00,3,2024-12-31 09:00:00,
204,JE-2024-000204,2024-12-31,Depreciation,Monthly fixed asset depreciation for 2024-12,44470.83,3,2024-12-31 08:00:00,2,2024-12-31 09:00:00,
205,JE-2024-000205,2024-12-31,Accrual,Month-end insurance accrued expense for 2024-12,4215.58,5,2024-12-31 08:00:00,3,2024-12-31 09:00:00,
206,JE-2024-000206,2024-12-31,Accrual,Month-end office supplies accrued expense for 2024-12,5909.88,5,2024-12-31 08:00:00,3,2024-12-31 09:00:00,
207,JE-2024-000207,2024-12-31,Accrual,Month-end repairs and maintenance accrued expense for 2024-12,9761.77,5,2024-12-31 08:00:00,3,2024-12-31 09:00:00,
208,JE-2024-000208,2024-12-31,Accrual,Month-end it and software accrued expense for 2024-12,5461.32,5,2024-12-31 08:00:00,3,2024-12-31 09:00:00,
209,JE-2024-000209,2024-12-31,Accrual,Month-end marketing and promotion accrued expense for 2024-12,28614.38,5,2024-12-31 08:00:00,3,2024-12-31 09:00:00,
210,JE-2024-000210,2024-12-31,Accrual,Month-end travel and entertainment accrued expense for 2024-12,8818.52,5,2024-12-31 08:00:00,3,2024-12-31 09:00:00,
211,JE-2024-000211,2024-12-31,Accrual,Month-end professional fees accrued expense for 2024-12,4715.15,5,2024-12-31 08:00:00,3,2024-12-31 09:00:00,
212,JE-2024-000212,2024-12-31,Accrual,Month-end bank fees accrued expense for 2024-12,3262.43,5,2024-12-31 08:00:00,3,2024-12-31 09:00:00,
213,JE-2024-000213,2024-12-31,Accrual,Month-end miscellaneous administrative accrued expense for 2024-12,7639.01,5,2024-12-31 08:00:00,3,2024-12-31 09:00:00,
214,JE-2024-000214,2024-12-31,Accrual,Month-end warehouse supplies accrued expense for 2024-12,8166.67,5,2024-12-31 08:00:00,3,2024-12-31 09:00:00,
215,JE-2024-000215,2024-12-31,Accrual,Month-end research and development accrued expense for 2024-12,22185.13,5,2024-12-31 08:00:00,3,2024-12-31 09:00:00,
216,JE-2025-000001,2025-01-01,Debt Principal Payment,Principal payment for Assembly Automation Cell Addition,6740.37,5,2025-01-04 10:00:00,3,2025-01-04 11:00:00,
217,JE-2025-000002,2025-01-01,Interest Payment,Interest payment for Assembly Automation Cell Addition,1838.58,5,2025-01-04 10:00:00,3,2025-01-04 11:00:00,
218,JE-2025-000003,2025-01-01,Rent,Office rent for 2025-01,17068.75,5,2025-01-01 08:00:00,5,2025-01-01 09:00:00,
219,JE-2025-000004,2025-01-01,Rent,Warehouse rent for 2025-01,23538.31,5,2025-01-01 08:00:00,5,2025-01-01 09:00:00,
220,JE-2025-000005,2025-01-01,Freight Settlement,Settle outbound freight accruals through 2024-12,46233.92,5,2025-01-01 08:00:00,3,2025-01-01 09:00:00,
221,JE-2025-000006,2025-01-31,Utilities,Utilities expense for 2025-01,10376.38,5,2025-01-31 08:00:00,3,2025-01-31 09:00:00,
222,JE-2025-000007,2025-01-31,Factory Overhead,Factory overhead for 2025-01,101850.5,4,2025-01-31 08:00:00,3,2025-01-31 09:00:00,
223,JE-2025-000008,2025-01-31,Depreciation,Monthly fixed asset depreciation for 2025-01,44470.83,3,2025-01-31 08:00:00,2,2025-01-31 09:00:00,
224,JE-2025-000009,2025-01-31,Accrual,Month-end insurance accrued expense for 2025-01,4422.84,5,2025-01-31 08:00:00,3,2025-01-31 09:00:00,
225,JE-2025-000010,2025-01-31,Accrual,Month-end office supplies accrued expense for 2025-01,6304.7,5,2025-01-31 08:00:00,3,2025-01-31 09:00:00,
226,JE-2025-000011,2025-01-31,Accrual,Month-end repairs and maintenance accrued expense for 2025-01,9978.23,5,2025-01-31 08:00:00,3,2025-01-31 09:00:00,
227,JE-2025-000012,2025-01-31,Accrual,Month-end it and software accrued expense for 2025-01,5892.7,5,2025-01-31 08:00:00,3,2025-01-31 09:00:00,
228,JE-2025-000013,2025-01-31,Accrual,Month-end marketing and promotion accrued expense for 2025-01,28273.59,5,2025-01-31 08:00:00,3,2025-01-31 09:00:00,
229,JE-2025-000014,2025-01-31,Accrual,Month-end travel and entertainment accrued expense for 2025-01,9361.23,5,2025-01-31 08:00:00,3,2025-01-31 09:00:00,
230,JE-2025-000015,2025-01-31,Accrual,Month-end professional fees accrued expense for 2025-01,4808.48,5,2025-01-31 08:00:00,3,2025-01-31 09:00:00,
231,JE-2025-000016,2025-01-31,Accrual,Month-end bank fees accrued expense for 2025-01,3416.51,5,2025-01-31 08:00:00,3,2025-01-31 09:00:00,
232,JE-2025-000017,2025-01-31,Accrual,Month-end miscellaneous administrative accrued expense for 2025-01,7509.37,5,2025-01-31 08:00:00,3,2025-01-31 09:00:00,
233,JE-2025-000018,2025-01-31,Accrual,Month-end warehouse supplies accrued expense for 2025-01,8499.63,5,2025-01-31 08:00:00,3,2025-01-31 09:00:00,
234,JE-2025-000019,2025-01-31,Accrual,Month-end research and development accrued expense for 2025-01,23370.92,5,2025-01-31 08:00:00,3,2025-01-31 09:00:00,
235,JE-2025-000020,2025-02-03,Debt Principal Payment,Principal payment for Assembly Automation Cell Addition,6778.28,5,2025-02-03 08:00:00,3,2025-02-03 09:00:00,
236,JE-2025-000021,2025-02-03,Interest Payment,Interest payment for Assembly Automation Cell Addition,1800.67,5,2025-02-03 08:00:00,3,2025-02-03 09:00:00,
237,JE-2025-000022,2025-02-03,Rent,Office rent for 2025-02,17413.88,5,2025-02-03 08:00:00,3,2025-02-03 09:00:00,
238,JE-2025-000023,2025-02-03,Rent,Warehouse rent for 2025-02,22705.58,5,2025-02-03 08:00:00,3,2025-02-03 09:00:00,
239,JE-2025-000024,2025-02-03,Freight Settlement,Settle outbound freight accruals through 2025-01,42342.2,5,2025-02-03 08:00:00,3,2025-02-03 09:00:00,
240,JE-2025-000025,2025-02-28,Utilities,Utilities expense for 2025-02,10005.67,5,2025-02-28 08:00:00,3,2025-02-28 09:00:00,
241,JE-2025-000026,2025-02-28,Factory Overhead,Factory overhead for 2025-02,94845.73,4,2025-02-28 08:00:00,3,2025-02-28 09:00:00,
242,JE-2025-000027,2025-02-28,Depreciation,Monthly fixed asset depreciation for 2025-02,42470.83,3,2025-02-28 08:00:00,2,2025-02-28 09:00:00,
243,JE-2025-000028,2025-02-12,Asset Disposal,Dispose Forklift A And Charging Rack,168000.0,5,2025-02-12 08:00:00,3,2025-02-12 09:00:00,
244,JE-2025-000029,2025-02-28,Accrual,Month-end insurance accrued expense for 2025-02,4439.24,5,2025-02-28 08:00:00,3,2025-02-28 09:00:00,
245,JE-2025-000030,2025-02-28,Accrual,Month-end office supplies accrued expense for 2025-02,6109.66,5,2025-02-28 08:00:00,3,2025-02-28 09:00:00,
246,JE-2025-000031,2025-02-28,Accrual,Month-end repairs and maintenance accrued expense for 2025-02,10187.15,5,2025-02-28 08:00:00,3,2025-02-28 09:00:00,
247,JE-2025-000032,2025-02-28,Accrual,Month-end it and software accrued expense for 2025-02,5897.98,5,2025-02-28 08:00:00,3,2025-02-28 09:00:00,
248,JE-2025-000033,2025-02-28,Accrual,Month-end marketing and promotion accrued expense for 2025-02,29813.48,5,2025-02-28 08:00:00,3,2025-02-28 09:00:00,
249,JE-2025-000034,2025-02-28,Accrual,Month-end travel and entertainment accrued expense for 2025-02,8987.05,5,2025-02-28 08:00:00,3,2025-02-28 09:00:00,
250,JE-2025-000035,2025-02-28,Accrual,Month-end professional fees accrued expense for 2025-02,4757.95,5,2025-02-28 08:00:00,3,2025-02-28 09:00:00,
251,JE-2025-000036,2025-02-28,Accrual,Month-end bank fees accrued expense for 2025-02,3408.46,5,2025-02-28 08:00:00,3,2025-02-28 09:00:00,
252,JE-2025-000037,2025-02-28,Accrual,Month-end miscellaneous administrative accrued expense for 2025-02,7941.44,5,2025-02-28 08:00:00,3,2025-02-28 09:00:00,
253,JE-2025-000038,2025-02-28,Accrual,Month-end warehouse supplies accrued expense for 2025-02,8776.3,5,2025-02-28 08:00:00,3,2025-02-28 09:00:00,
254,JE-2025-000039,2025-02-28,Accrual,Month-end research and development accrued expense for 2025-02,23341.54,5,2025-02-28 08:00:00,3,2025-02-28 09:00:00,
255,JE-2025-000040,2025-03-03,Debt Principal Payment,Principal payment for Assembly Automation Cell Addition,6816.41,5,2025-03-03 08:00:00,3,2025-03-03 09:00:00,
256,JE-2025-000041,2025-03-03,Interest Payment,Interest payment for Assembly Automation Cell Addition,1762.54,5,2025-03-03 08:00:00,3,2025-03-03 09:00:00,
257,JE-2025-000042,2025-03-03,Rent,Office rent for 2025-03,17458.35,5,2025-03-03 08:00:00,3,2025-03-03 09:00:00,
258,JE-2025-000043,2025-03-03,Rent,Warehouse rent for 2025-03,22761.25,5,2025-03-03 08:00:00,3,2025-03-03 09:00:00,
259,JE-2025-000044,2025-03-03,Freight Settlement,Settle outbound freight accruals through 2025-02,35562.75,5,2025-03-03 08:00:00,3,2025-03-03 09:00:00,
260,JE-2025-000045,2025-03-31,Utilities,Utilities expense for 2025-03,9320.86,5,2025-03-31 08:00:00,3,2025-03-31 09:00:00,
261,JE-2025-000046,2025-03-31,Factory Overhead,Factory overhead for 2025-03,75920.85,4,2025-03-31 08:00:00,3,2025-03-31 09:00:00,
262,JE-2025-000047,2025-03-31,Depreciation,Monthly fixed asset depreciation for 2025-03,45089.88,3,2025-03-31 08:00:00,2,2025-03-31 09:00:00,
263,JE-2025-000048,2025-03-31,Accrual,Month-end insurance accrued expense for 2025-03,4450.0,5,2025-03-31 08:00:00,3,2025-03-31 09:00:00,
264,JE-2025-000049,2025-03-31,Accrual,Month-end office supplies accrued expense for 2025-03,6410.25,5,2025-03-31 08:00:00,3,2025-03-31 09:00:00,
265,JE-2025-000050,2025-03-31,Accrual,Month-end repairs and maintenance accrued expense for 2025-03,10097.64,5,2025-03-31 08:00:00,3,2025-03-31 09:00:00,
266,JE-2025-000051,2025-03-31,Accrual,Month-end it and software accrued expense for 2025-03,5792.61,5,2025-03-31 08:00:00,3,2025-03-31 09:00:00,
267,JE-2025-000052,2025-03-31,Accrual,Month-end marketing and promotion accrued expense for 2025-03,29347.94,5,2025-03-31 08:00:00,3,2025-03-31 09:00:00,
268,JE-2025-000053,2025-03-31,Accrual,Month-end travel and entertainment accrued expense for 2025-03,9077.3,5,2025-03-31 08:00:00,3,2025-03-31 09:00:00,
269,JE-2025-000054,2025-03-31,Accrual,Month-end professional fees accrued expense for 2025-03,4785.33,5,2025-03-31 08:00:00,3,2025-03-31 09:00:00,
270,JE-2025-000055,2025-03-31,Accrual,Month-end bank fees accrued expense for 2025-03,3320.19,5,2025-03-31 08:00:00,3,2025-03-31 09:00:00,
271,JE-2025-000056,2025-03-31,Accrual,Month-end miscellaneous administrative accrued expense for 2025-03,7797.94,5,2025-03-31 08:00:00,3,2025-03-31 09:00:00,
272,JE-2025-000057,2025-03-31,Accrual,Month-end warehouse supplies accrued expense for 2025-03,8443.96,5,2025-03-31 08:00:00,3,2025-03-31 09:00:00,
273,JE-2025-000058,2025-03-31,Accrual,Month-end research and development accrued expense for 2025-03,22917.08,5,2025-03-31 08:00:00,3,2025-03-31 09:00:00,
274,JE-2025-000059,2025-04-01,Debt Principal Payment,Principal payment for Assembly Automation Cell Addition,6854.75,5,2025-04-01 08:00:00,3,2025-04-01 09:00:00,
275,JE-2025-000060,2025-04-01,Interest Payment,Interest payment for Assembly Automation Cell Addition,1724.2,5,2025-04-01 08:00:00,3,2025-04-01 09:00:00,
276,JE-2025-000061,2025-04-01,Rent,Office rent for 2025-04,17201.29,5,2025-04-01 08:00:00,3,2025-04-01 09:00:00,
277,JE-2025-000062,2025-04-01,Rent,Warehouse rent for 2025-04,22747.27,5,2025-04-01 08:00:00,3,2025-04-01 09:00:00,
278,JE-2025-000063,2025-04-01,Freight Settlement,Settle outbound freight accruals through 2025-03,44756.89,5,2025-04-01 08:00:00,3,2025-04-01 09:00:00,
279,JE-2025-000064,2025-04-30,Utilities,Utilities expense for 2025-04,8977.01,5,2025-04-30 08:00:00,3,2025-04-30 09:00:00,
280,JE-2025-000065,2025-04-30,Factory Overhead,Factory overhead for 2025-04,91555.26,4,2025-04-30 08:00:00,3,2025-04-30 09:00:00,
281,JE-2025-000066,2025-04-30,Depreciation,Monthly fixed asset depreciation for 2025-04,45089.88,3,2025-04-30 08:00:00,2,2025-04-30 09:00:00,
282,JE-2025-000067,2025-04-30,Accrual,Month-end insurance accrued expense for 2025-04,4354.53,5,2025-04-30 08:00:00,3,2025-04-30 09:00:00,
283,JE-2025-000068,2025-04-30,Accrual,Month-end office supplies accrued expense for 2025-04,6211.94,5,2025-04-30 08:00:00,3,2025-04-30 09:00:00,
284,JE-2025-000069,2025-04-30,Accrual,Month-end repairs and maintenance accrued expense for 2025-04,10101.28,5,2025-04-30 08:00:00,3,2025-04-30 09:00:00,
285,JE-2025-000070,2025-04-30,Accrual,Month-end it and software accrued expense for 2025-04,5651.47,5,2025-04-30 08:00:00,3,2025-04-30 09:00:00,
286,JE-2025-000071,2025-04-30,Accrual,Month-end marketing and promotion accrued expense for 2025-04,28179.61,5,2025-04-30 08:00:00,3,2025-04-30 09:00:00,
287,JE-2025-000072,2025-04-30,Accrual,Month-end travel and entertainment accrued expense for 2025-04,9051.59,5,2025-04-30 08:00:00,3,2025-04-30 09:00:00,
288,JE-2025-000073,2025-04-30,Accrual,Month-end professional fees accrued expense for 2025-04,4949.37,5,2025-04-30 08:00:00,3,2025-04-30 09:00:00,
289,JE-2025-000074,2025-04-30,Accrual,Month-end bank fees accrued expense for 2025-04,3303.64,5,2025-04-30 08:00:00,3,2025-04-30 09:00:00,
290,JE-2025-000075,2025-04-30,Accrual,Month-end miscellaneous administrative accrued expense for 2025-04,7805.54,5,2025-04-30 08:00:00,3,2025-04-30 09:00:00,
291,JE-2025-000076,2025-04-30,Accrual,Month-end warehouse supplies accrued expense for 2025-04,8469.23,5,2025-04-30 08:00:00,3,2025-04-30 09:00:00,
292,JE-2025-000077,2025-04-30,Accrual,Month-end research and development accrued expense for 2025-04,23028.77,5,2025-04-30 08:00:00,3,2025-04-30 09:00:00,
293,JE-2025-000078,2025-05-01,Debt Principal Payment,Principal payment for Assembly Automation Cell Addition,6893.31,5,2025-05-01 08:00:00,3,2025-05-01 09:00:00,
294,JE-2025-000079,2025-05-01,Interest Payment,Interest payment for Assembly Automation Cell Addition,1685.64,5,2025-05-01 08:00:00,3,2025-05-01 09:00:00,
295,JE-2025-000080,2025-05-01,Rent,Office rent for 2025-05,17617.0,5,2025-05-01 08:00:00,3,2025-05-01 09:00:00,
296,JE-2025-000081,2025-05-01,Rent,Warehouse rent for 2025-05,23442.72,5,2025-05-01 08:00:00,3,2025-05-01 09:00:00,
297,JE-2025-000082,2025-05-01,Freight Settlement,Settle outbound freight accruals through 2025-04,35545.09,5,2025-05-01 08:00:00,3,2025-05-01 09:00:00,
298,JE-2025-000083,2025-05-30,Utilities,Utilities expense for 2025-05,8993.21,5,2025-05-30 08:00:00,3,2025-05-30 09:00:00,
299,JE-2025-000084,2025-05-30,Factory Overhead,Factory overhead for 2025-05,94380.27,4,2025-05-30 08:00:00,3,2025-05-30 09:00:00,
300,JE-2025-000085,2025-05-31,Depreciation,Monthly fixed asset depreciation for 2025-05,45089.88,3,2025-05-31 08:00:00,2,2025-05-31 09:00:00,
301,JE-2025-000086,2025-05-30,Accrual,Month-end insurance accrued expense for 2025-05,4232.74,5,2025-05-30 08:00:00,3,2025-05-30 09:00:00,
302,JE-2025-000087,2025-05-30,Accrual,Month-end office supplies accrued expense for 2025-05,6441.96,5,2025-05-30 08:00:00,3,2025-05-30 09:00:00,
303,JE-2025-000088,2025-05-30,Accrual,Month-end repairs and maintenance accrued expense for 2025-05,10130.16,5,2025-05-30 08:00:00,3,2025-05-30 09:00:00,
304,JE-2025-000089,2025-05-30,Accrual,Month-end it and software accrued expense for 2025-05,5899.5,5,2025-05-30 08:00:00,3,2025-05-30 09:00:00,
305,JE-2025-000090,2025-05-30,Accrual,Month-end marketing and promotion accrued expense for 2025-05,29271.8,5,2025-05-30 08:00:00,3,2025-05-30 09:00:00,
306,JE-2025-000091,2025-05-30,Accrual,Month-end travel and entertainment accrued expense for 2025-05,9386.44,5,2025-05-30 08:00:00,3,2025-05-30 09:00:00,
307,JE-2025-000092,2025-05-30,Accrual,Month-end professional fees accrued expense for 2025-05,4934.27,5,2025-05-30 08:00:00,3,2025-05-30 09:00:00,
308,JE-2025-000093,2025-05-30,Accrual,Month-end bank fees accrued expense for 2025-05,3378.86,5,2025-05-30 08:00:00,3,2025-05-30 09:00:00,
309,JE-2025-000094,2025-05-30,Accrual,Month-end miscellaneous administrative accrued expense for 2025-05,7839.61,5,2025-05-30 08:00:00,3,2025-05-30 09:00:00,
310,JE-2025-000095,2025-05-30,Accrual,Month-end warehouse supplies accrued expense for 2025-05,8544.42,5,2025-05-30 08:00:00,3,2025-05-30 09:00:00,
311,JE-2025-000096,2025-05-30,Accrual,Month-end research and development accrued expense for 2025-05,22938.66,5,2025-05-30 08:00:00,3,2025-05-30 09:00:00,
312,JE-2025-000097,2025-06-02,Debt Principal Payment,Principal payment for Assembly Automation Cell Addition,6932.08,5,2025-06-02 08:00:00,3,2025-06-02 09:00:00,
313,JE-2025-000098,2025-06-02,Interest Payment,Interest payment for Assembly Automation Cell Addition,1646.87,5,2025-06-02 08:00:00,3,2025-06-02 09:00:00,
314,JE-2025-000099,2025-06-02,Rent,Office rent for 2025-06,17060.93,5,2025-06-02 08:00:00,3,2025-06-02 09:00:00,
315,JE-2025-000100,2025-06-02,Rent,Warehouse rent for 2025-06,23061.57,5,2025-06-02 08:00:00,3,2025-06-02 09:00:00,
316,JE-2025-000101,2025-06-02,Freight Settlement,Settle outbound freight accruals through 2025-05,47141.94,5,2025-06-02 08:00:00,3,2025-06-02 09:00:00,
317,JE-2025-000102,2025-06-30,Utilities,Utilities expense for 2025-06,10372.04,5,2025-06-30 08:00:00,3,2025-06-30 09:00:00,
318,JE-2025-000103,2025-06-30,Factory Overhead,Factory overhead for 2025-06,109216.82,4,2025-06-30 08:00:00,3,2025-06-30 09:00:00,
319,JE-2025-000104,2025-06-30,Depreciation,Monthly fixed asset depreciation for 2025-06,45089.88,3,2025-06-30 08:00:00,2,2025-06-30 09:00:00,
320,JE-2025-000105,2025-06-30,Accrual,Month-end insurance accrued expense for 2025-06,4333.18,5,2025-06-30 08:00:00,3,2025-06-30 09:00:00,
321,JE-2025-000106,2025-06-30,Accrual,Month-end office supplies accrued expense for 2025-06,6228.13,5,2025-06-30 08:00:00,3,2025-06-30 09:00:00,
322,JE-2025-000107,2025-06-30,Accrual,Month-end repairs and maintenance accrued expense for 2025-06,10132.79,5,2025-06-30 08:00:00,3,2025-06-30 09:00:00,
323,JE-2025-000108,2025-06-30,Accrual,Month-end it and software accrued expense for 2025-06,5850.49,5,2025-06-30 08:00:00,3,2025-06-30 09:00:00,
324,JE-2025-000109,2025-06-30,Accrual,Month-end marketing and promotion accrued expense for 2025-06,29364.9,5,2025-06-30 08:00:00,3,2025-06-30 09:00:00,
325,JE-2025-000110,2025-06-30,Accrual,Month-end travel and entertainment accrued expense for 2025-06,8913.64,5,2025-06-30 08:00:00,3,2025-06-30 09:00:00,
326,JE-2025-000111,2025-06-30,Accrual,Month-end professional fees accrued expense for 2025-06,4780.36,5,2025-06-30 08:00:00,3,2025-06-30 09:00:00,
327,JE-2025-000112,2025-06-30,Accrual,Month-end bank fees accrued expense for 2025-06,3295.69,5,2025-06-30 08:00:00,3,2025-06-30 09:00:00,
328,JE-2025-000113,2025-06-30,Accrual,Month-end miscellaneous administrative accrued expense for 2025-06,7574.61,5,2025-06-30 08:00:00,3,2025-06-30 09:00:00,
329,JE-2025-000114,2025-06-30,Accrual,Month-end warehouse supplies accrued expense for 2025-06,8701.44,5,2025-06-30 08:00:00,3,2025-06-30 09:00:00,
330,JE-2025-000115,2025-06-30,Accrual,Month-end research and development accrued expense for 2025-06,23098.12,5,2025-06-30 08:00:00,3,2025-06-30 09:00:00,
331,JE-2025-000116,2025-07-01,Debt Principal Payment,Principal payment for Assembly Automation Cell Addition,6971.08,5,2025-07-01 08:00:00,3,2025-07-01 09:00:00,
332,JE-2025-000117,2025-07-01,Interest Payment,Interest payment for Assembly Automation Cell Addition,1607.87,5,2025-07-01 08:00:00,3,2025-07-01 09:00:00,
333,JE-2025-000118,2025-07-01,Rent,Office rent for 2025-07,17509.58,5,2025-07-01 08:00:00,3,2025-07-01 09:00:00,
334,JE-2025-000119,2025-07-01,Rent,Warehouse rent for 2025-07,23107.78,5,2025-07-01 08:00:00,3,2025-07-01 09:00:00,
335,JE-2025-000120,2025-07-01,Freight Settlement,Settle outbound freight accruals through 2025-06,41918.02,5,2025-07-01 08:00:00,3,2025-07-01 09:00:00,
336,JE-2025-000121,2025-07-31,Utilities,Utilities expense for 2025-07,9944.78,5,2025-07-31 08:00:00,3,2025-07-31 09:00:00,
337,JE-2025-000122,2025-07-31,Factory Overhead,Factory overhead for 2025-07,99511.49,4,2025-07-31 08:00:00,3,2025-07-31 09:00:00,
338,JE-2025-000123,2025-07-31,Depreciation,Monthly fixed asset depreciation for 2025-07,45089.88,3,2025-07-31 08:00:00,2,2025-07-31 09:00:00,
339,JE-2025-000124,2025-07-31,Accrual,Month-end insurance accrued expense for 2025-07,4456.79,5,2025-07-31 08:00:00,3,2025-07-31 09:00:00,
340,JE-2025-000125,2025-07-31,Accrual,Month-end office supplies accrued expense for 2025-07,6433.21,5,2025-07-31 08:00:00,3,2025-07-31 09:00:00,
341,JE-2025-000126,2025-07-31,Accrual,Month-end repairs and maintenance accrued expense for 2025-07,10096.01,5,2025-07-31 08:00:00,3,2025-07-31 09:00:00,
342,JE-2025-000127,2025-07-31,Accrual,Month-end it and software accrued expense for 2025-07,5810.83,5,2025-07-31 08:00:00,3,2025-07-31 09:00:00,
343,JE-2025-000128,2025-07-31,Accrual,Month-end marketing and promotion accrued expense for 2025-07,29260.78,5,2025-07-31 08:00:00,3,2025-07-31 09:00:00,
344,JE-2025-000129,2025-07-31,Accrual,Month-end travel and entertainment accrued expense for 2025-07,9278.89,5,2025-07-31 08:00:00,3,2025-07-31 09:00:00,
345,JE-2025-000130,2025-07-31,Accrual,Month-end professional fees accrued expense for 2025-07,4962.61,5,2025-07-31 08:00:00,3,2025-07-31 09:00:00,
346,JE-2025-000131,2025-07-31,Accrual,Month-end bank fees accrued expense for 2025-07,3371.52,5,2025-07-31 08:00:00,3,2025-07-31 09:00:00,
347,JE-2025-000132,2025-07-31,Accrual,Month-end miscellaneous administrative accrued expense for 2025-07,7924.42,5,2025-07-31 08:00:00,3,2025-07-31 09:00:00,
348,JE-2025-000133,2025-07-31,Accrual,Month-end warehouse supplies accrued expense for 2025-07,8899.65,5,2025-07-31 08:00:00,3,2025-07-31 09:00:00,
349,JE-2025-000134,2025-07-31,Accrual,Month-end research and development accrued expense for 2025-07,23379.05,5,2025-07-31 08:00:00,3,2025-07-31 09:00:00,
350,JE-2025-000135,2025-08-01,Debt Principal Payment,Principal payment for Assembly Automation Cell Addition,7010.29,5,2025-08-01 08:00:00,3,2025-08-01 09:00:00,
351,JE-2025-000136,2025-08-01,Interest Payment,Interest payment for Assembly Automation Cell Addition,1568.66,5,2025-08-01 08:00:00,3,2025-08-01 09:00:00,
352,JE-2025-000137,2025-08-01,Rent,Office rent for 2025-08,17415.53,5,2025-08-01 08:00:00,3,2025-08-01 09:00:00,
353,JE-2025-000138,2025-08-01,Rent,Warehouse rent for 2025-08,23137.99,5,2025-08-01 08:00:00,3,2025-08-01 09:00:00,
354,JE-2025-000139,2025-08-01,Freight Settlement,Settle outbound freight accruals through 2025-07,40301.03,5,2025-08-01 08:00:00,3,2025-08-01 09:00:00,
355,JE-2025-000140,2025-08-29,Utilities,Utilities expense for 2025-08,10345.43,5,2025-08-29 08:00:00,3,2025-08-29 09:00:00,
356,JE-2025-000141,2025-08-29,Factory Overhead,Factory overhead for 2025-08,110705.98,4,2025-08-29 08:00:00,3,2025-08-29 09:00:00,
357,JE-2025-000142,2025-08-31,Depreciation,Monthly fixed asset depreciation for 2025-08,45089.88,3,2025-08-31 08:00:00,2,2025-08-31 09:00:00,
358,JE-2025-000143,2025-08-29,Accrual,Month-end insurance accrued expense for 2025-08,4264.3,5,2025-08-29 08:00:00,3,2025-08-29 09:00:00,
359,JE-2025-000144,2025-08-29,Accrual,Month-end office supplies accrued expense for 2025-08,6447.7,5,2025-08-29 08:00:00,3,2025-08-29 09:00:00,
360,JE-2025-000145,2025-08-29,Accrual,Month-end repairs and maintenance accrued expense for 2025-08,9952.61,5,2025-08-29 08:00:00,3,2025-08-29 09:00:00,
361,JE-2025-000146,2025-08-29,Accrual,Month-end it and software accrued expense for 2025-08,5775.07,5,2025-08-29 08:00:00,3,2025-08-29 09:00:00,
362,JE-2025-000147,2025-08-29,Accrual,Month-end marketing and promotion accrued expense for 2025-08,28734.05,5,2025-08-29 08:00:00,3,2025-08-29 09:00:00,
363,JE-2025-000148,2025-08-29,Accrual,Month-end travel and entertainment accrued expense for 2025-08,9097.53,5,2025-08-29 08:00:00,3,2025-08-29 09:00:00,
364,JE-2025-000149,2025-08-29,Accrual,Month-end professional fees accrued expense for 2025-08,4701.62,5,2025-08-29 08:00:00,3,2025-08-29 09:00:00,
365,JE-2025-000150,2025-08-29,Accrual,Month-end bank fees accrued expense for 2025-08,3316.74,5,2025-08-29 08:00:00,3,2025-08-29 09:00:00,
366,JE-2025-000151,2025-08-29,Accrual,Month-end miscellaneous administrative accrued expense for 2025-08,7948.3,5,2025-08-29 08:00:00,3,2025-08-29 09:00:00,
367,JE-2025-000152,2025-08-29,Accrual,Month-end warehouse supplies accrued expense for 2025-08,8766.04,5,2025-08-29 08:00:00,3,2025-08-29 09:00:00,
368,JE-2025-000153,2025-08-29,Accrual,Month-end research and development accrued expense for 2025-08,22627.84,5,2025-08-29 08:00:00,3,2025-08-29 09:00:00,
369,JE-2025-000154,2025-09-01,Debt Principal Payment,Principal payment for Assembly Automation Cell Addition,7049.72,5,2025-09-01 08:00:00,3,2025-09-01 09:00:00,
370,JE-2025-000155,2025-09-01,Interest Payment,Interest payment for Assembly Automation Cell Addition,1529.23,5,2025-09-01 08:00:00,3,2025-09-01 09:00:00,
371,JE-2025-000156,2025-09-01,Rent,Office rent for 2025-09,17674.82,5,2025-09-01 08:00:00,3,2025-09-01 09:00:00,
372,JE-2025-000157,2025-09-01,Rent,Warehouse rent for 2025-09,23014.9,5,2025-09-01 08:00:00,3,2025-09-01 09:00:00,
373,JE-2025-000158,2025-09-01,Freight Settlement,Settle outbound freight accruals through 2025-08,43545.94,5,2025-09-01 08:00:00,3,2025-09-01 09:00:00,
374,JE-2025-000159,2025-09-30,Utilities,Utilities expense for 2025-09,8979.57,5,2025-09-30 08:00:00,3,2025-09-30 09:00:00,
375,JE-2025-000160,2025-09-30,Factory Overhead,Factory overhead for 2025-09,98050.81,4,2025-09-30 08:00:00,3,2025-09-30 09:00:00,
376,JE-2025-000161,2025-09-30,Depreciation,Monthly fixed asset depreciation for 2025-09,45089.88,3,2025-09-30 08:00:00,2,2025-09-30 09:00:00,
377,JE-2025-000162,2025-09-30,Accrual,Month-end insurance accrued expense for 2025-09,4459.62,5,2025-09-30 08:00:00,3,2025-09-30 09:00:00,
378,JE-2025-000163,2025-09-30,Accrual,Month-end office supplies accrued expense for 2025-09,6280.92,5,2025-09-30 08:00:00,3,2025-09-30 09:00:00,
379,JE-2025-000164,2025-09-30,Accrual,Month-end repairs and maintenance accrued expense for 2025-09,10009.57,5,2025-09-30 08:00:00,3,2025-09-30 09:00:00,
380,JE-2025-000165,2025-09-30,Accrual,Month-end it and software accrued expense for 2025-09,5949.78,5,2025-09-30 08:00:00,3,2025-09-30 09:00:00,
381,JE-2025-000166,2025-09-30,Accrual,Month-end marketing and promotion accrued expense for 2025-09,28641.28,5,2025-09-30 08:00:00,3,2025-09-30 09:00:00,
382,JE-2025-000167,2025-09-30,Accrual,Month-end travel and entertainment accrued expense for 2025-09,9400.04,5,2025-09-30 08:00:00,3,2025-09-30 09:00:00,
383,JE-2025-000168,2025-09-30,Accrual,Month-end professional fees accrued expense for 2025-09,4818.28,5,2025-09-30 08:00:00,3,2025-09-30 09:00:00,
384,JE-2025-000169,2025-09-30,Accrual,Month-end bank fees accrued expense for 2025-09,3379.76,5,2025-09-30 08:00:00,3,2025-09-30 09:00:00,
385,JE-2025-000170,2025-09-30,Accrual,Month-end miscellaneous administrative accrued expense for 2025-09,7881.44,5,2025-09-30 08:00:00,3,2025-09-30 09:00:00,
386,JE-2025-000171,2025-09-30,Accrual,Month-end warehouse supplies accrued expense for 2025-09,8536.05,5,2025-09-30 08:00:00,3,2025-09-30 09:00:00,
387,JE-2025-000172,2025-09-30,Accrual,Month-end research and development accrued expense for 2025-09,23625.52,5,2025-09-30 08:00:00,3,2025-09-30 09:00:00,
388,JE-2025-000173,2025-10-01,Debt Principal Payment,Principal payment for Assembly Automation Cell Addition,7089.38,5,2025-10-01 08:00:00,3,2025-10-01 09:00:00,
389,JE-2025-000174,2025-10-01,Interest Payment,Interest payment for Assembly Automation Cell Addition,1489.57,5,2025-10-01 08:00:00,3,2025-10-01 09:00:00,
390,JE-2025-000175,2025-10-01,Rent,Office rent for 2025-10,17033.02,5,2025-10-01 08:00:00,3,2025-10-01 09:00:00,
391,JE-2025-000176,2025-10-01,Rent,Warehouse rent for 2025-10,23013.17,5,2025-10-01 08:00:00,3,2025-10-01 09:00:00,
392,JE-2025-000177,2025-10-01,Freight Settlement,Settle outbound freight accruals through 2025-09,39188.5,5,2025-10-01 08:00:00,3,2025-10-01 09:00:00,
393,JE-2025-000178,2025-10-31,Utilities,Utilities expense for 2025-10,9101.55,5,2025-10-31 08:00:00,3,2025-10-31 09:00:00,
394,JE-2025-000179,2025-10-31,Factory Overhead,Factory overhead for 2025-10,146930.79,4,2025-10-31 08:00:00,3,2025-10-31 09:00:00,
395,JE-2025-000180,2025-10-31,Depreciation,Monthly fixed asset depreciation for 2025-10,46256.55,3,2025-10-31 08:00:00,2,2025-10-31 09:00:00,
396,JE-2025-000181,2025-10-31,Accrual,Month-end insurance accrued expense for 2025-10,4221.95,5,2025-10-31 08:00:00,3,2025-10-31 09:00:00,
397,JE-2025-000182,2025-10-31,Accrual,Month-end office supplies accrued expense for 2025-10,6116.26,5,2025-10-31 08:00:00,3,2025-10-31 09:00:00,
398,JE-2025-000183,2025-10-31,Accrual,Month-end repairs and maintenance accrued expense for 2025-10,10045.63,5,2025-10-31 08:00:00,3,2025-10-31 09:00:00,
399,JE-2025-000184,2025-10-31,Accrual,Month-end it and software accrued expense for 2025-10,5797.84,5,2025-10-31 08:00:00,3,2025-10-31 09:00:00,
400,JE-2025-000185,2025-10-31,Accrual,Month-end marketing and promotion accrued expense for 2025-10,29530.12,5,2025-10-31 08:00:00,3,2025-10-31 09:00:00,
401,JE-2025-000186,2025-10-31,Accrual,Month-end travel and entertainment accrued expense for 2025-10,9345.88,5,2025-10-31 08:00:00,3,2025-10-31 09:00:00,
402,JE-2025-000187,2025-10-31,Accrual,Month-end professional fees accrued expense for 2025-10,4926.86,5,2025-10-31 08:00:00,3,2025-10-31 09:00:00,
403,JE-2025-000188,2025-10-31,Accrual,Month-end bank fees accrued expense for 2025-10,3474.53,5,2025-10-31 08:00:00,3,2025-10-31 09:00:00,
404,JE-2025-000189,2025-10-31,Accrual,Month-end miscellaneous administrative accrued expense for 2025-10,7598.4,5,2025-10-31 08:00:00,3,2025-10-31 09:00:00,
405,JE-2025-000190,2025-10-31,Accrual,Month-end warehouse supplies accrued expense for 2025-10,8453.5,5,2025-10-31 08:00:00,3,2025-10-31 09:00:00,
406,JE-2025-000191,2025-10-31,Accrual,Month-end research and development accrued expense for 2025-10,22604.26,5,2025-10-31 08:00:00,3,2025-10-31 09:00:00,
407,JE-2025-000192,2025-11-03,Debt Principal Payment,Principal payment for Assembly Automation Cell Addition,7129.25,5,2025-11-03 08:00:00,3,2025-11-03 09:00:00,
408,JE-2025-000193,2025-11-03,Interest Payment,Interest payment for Assembly Automation Cell Addition,1449.7,5,2025-11-03 08:00:00,3,2025-11-03 09:00:00,
409,JE-2025-000194,2025-11-03,Rent,Office rent for 2025-11,17289.43,5,2025-11-03 08:00:00,3,2025-11-03 09:00:00,
410,JE-2025-000195,2025-11-03,Rent,Warehouse rent for 2025-11,23509.7,5,2025-11-03 08:00:00,3,2025-11-03 09:00:00,
411,JE-2025-000196,2025-11-03,Freight Settlement,Settle outbound freight accruals through 2025-10,47349.83,5,2025-11-03 08:00:00,3,2025-11-03 09:00:00,
412,JE-2025-000197,2025-11-28,Utilities,Utilities expense for 2025-11,8988.25,5,2025-11-28 08:00:00,3,2025-11-28 09:00:00,
413,JE-2025-000198,2025-11-28,Factory Overhead,Factory overhead for 2025-11,115923.16,4,2025-11-28 08:00:00,3,2025-11-28 09:00:00,
414,JE-2025-000199,2025-11-30,Depreciation,Monthly fixed asset depreciation for 2025-11,46256.55,3,2025-11-30 08:00:00,2,2025-11-30 09:00:00,
415,JE-2025-000200,2025-11-28,Accrual,Month-end insurance accrued expense for 2025-11,4388.38,5,2025-11-28 08:00:00,3,2025-11-28 09:00:00,
416,JE-2025-000201,2025-11-28,Accrual,Month-end office supplies accrued expense for 2025-11,6234.31,5,2025-11-28 08:00:00,3,2025-11-28 09:00:00,
417,JE-2025-000202,2025-11-28,Accrual,Month-end repairs and maintenance accrued expense for 2025-11,10198.72,5,2025-11-28 08:00:00,3,2025-11-28 09:00:00,
418,JE-2025-000203,2025-11-28,Accrual,Month-end it and software accrued expense for 2025-11,5810.6,5,2025-11-28 08:00:00,3,2025-11-28 09:00:00,
419,JE-2025-000204,2025-11-28,Accrual,Month-end marketing and promotion accrued expense for 2025-11,28260.13,5,2025-11-28 08:00:00,3,2025-11-28 09:00:00,
420,JE-2025-000205,2025-11-28,Accrual,Month-end travel and entertainment accrued expense for 2025-11,9272.44,5,2025-11-28 08:00:00,3,2025-11-28 09:00:00,
421,JE-2025-000206,2025-11-28,Accrual,Month-end professional fees accrued expense for 2025-11,4722.65,5,2025-11-28 08:00:00,3,2025-11-28 09:00:00,
422,JE-2025-000207,2025-11-28,Accrual,Month-end bank fees accrued expense for 2025-11,3336.31,5,2025-11-28 08:00:00,3,2025-11-28 09:00:00,
423,JE-2025-000208,2025-11-28,Accrual,Month-end miscellaneous administrative accrued expense for 2025-11,7587.85,5,2025-11-28 08:00:00,3,2025-11-28 09:00:00,
424,JE-2025-000209,2025-11-28,Accrual,Month-end warehouse supplies accrued expense for 2025-11,8605.2,5,2025-11-28 08:00:00,3,2025-11-28 09:00:00,
425,JE-2025-000210,2025-11-28,Accrual,Month-end research and development accrued expense for 2025-11,22863.22,5,2025-11-28 08:00:00,3,2025-11-28 09:00:00,
426,JE-2025-000211,2025-12-01,Debt Principal Payment,Principal payment for Assembly Automation Cell Addition,7169.36,5,2025-12-01 08:00:00,3,2025-12-01 09:00:00,
427,JE-2025-000212,2025-12-01,Interest Payment,Interest payment for Assembly Automation Cell Addition,1409.59,5,2025-12-01 08:00:00,3,2025-12-01 09:00:00,
428,JE-2025-000213,2025-12-01,Rent,Office rent for 2025-12,17441.64,5,2025-12-01 08:00:00,3,2025-12-01 09:00:00,
429,JE-2025-000214,2025-12-01,Rent,Warehouse rent for 2025-12,22745.45,5,2025-12-01 08:00:00,3,2025-12-01 09:00:00,
430,JE-2025-000215,2025-12-01,Freight Settlement,Settle outbound freight accruals through 2025-11,37314.58,5,2025-12-01 08:00:00,3,2025-12-01 09:00:00,
431,JE-2025-000216,2025-12-31,Utilities,Utilities expense for 2025-12,9784.99,5,2025-12-31 08:00:00,3,2025-12-31 09:00:00,
432,JE-2025-000217,2025-12-31,Factory Overhead,Factory overhead for 2025-12,129359.84,4,2025-12-31 08:00:00,3,2025-12-31 09:00:00,
433,JE-2025-000218,2025-12-31,Depreciation,Monthly fixed asset depreciation for 2025-12,47339.88,3,2025-12-31 08:00:00,2,2025-12-31 09:00:00,
434,JE-2025-000219,2025-12-31,Accrual,Month-end insurance accrued expense for 2025-12,4433.07,5,2025-12-31 08:00:00,3,2025-12-31 09:00:00,
435,JE-2025-000220,2025-12-31,Accrual,Month-end office supplies accrued expense for 2025-12,6432.91,5,2025-12-31 08:00:00,3,2025-12-31 09:00:00,
436,JE-2025-000221,2025-12-31,Accrual,Month-end repairs and maintenance accrued expense for 2025-12,10161.35,5,2025-12-31 08:00:00,3,2025-12-31 09:00:00,
437,JE-2025-000222,2025-12-31,Accrual,Month-end it and software accrued expense for 2025-12,5702.13,5,2025-12-31 08:00:00,3,2025-12-31 09:00:00,
438,JE-2025-000223,2025-12-31,Accrual,Month-end marketing and promotion accrued expense for 2025-12,28681.27,5,2025-12-31 08:00:00,3,2025-12-31 09:00:00,
439,JE-2025-000224,2025-12-31,Accrual,Month-end travel and entertainment accrued expense for 2025-12,9365.33,5,2025-12-31 08:00:00,3,2025-12-31 09:00:00,
440,JE-2025-000225,2025-12-31,Accrual,Month-end professional fees accrued expense for 2025-12,4908.42,5,2025-12-31 08:00:00,3,2025-12-31 09:00:00,
441,JE-2025-000226,2025-12-31,Accrual,Month-end bank fees accrued expense for 2025-12,3388.66,5,2025-12-31 08:00:00,3,2025-12-31 09:00:00,
442,JE-2025-000227,2025-12-31,Accrual,Month-end miscellaneous administrative accrued expense for 2025-12,7581.83,5,2025-12-31 08:00:00,3,2025-12-31 09:00:00,
443,JE-2025-000228,2025-12-31,Accrual,Month-end warehouse supplies accrued expense for 2025-12,8468.89,5,2025-12-31 08:00:00,3,2025-12-31 09:00:00,
444,JE-2025-000229,2025-12-31,Accrual,Month-end research and development accrued expense for 2025-12,23481.64,5,2025-12-31 08:00:00,3,2025-12-31 09:00:00,
445,JE-2026-000001,2026-01-14,Debt Reclass,Reclass note-financed CAPEX invoice 21692 to notes payable,280000.0,5,2026-01-14 08:00:00,3,2026-01-14 09:00:00,
446,JE-2026-000002,2026-01-01,Debt Principal Payment,Principal payment for Assembly Automation Cell Addition,7209.68,5,2026-01-03 10:00:00,3,2026-01-03 11:00:00,
447,JE-2026-000003,2026-01-01,Interest Payment,Interest payment for Assembly Automation Cell Addition,1369.27,5,2026-01-03 10:00:00,3,2026-01-03 11:00:00,
448,JE-2026-000004,2026-01-01,Rent,Office rent for 2026-01,18243.45,5,2026-01-01 08:00:00,5,2026-01-01 09:00:00,
449,JE-2026-000005,2026-01-01,Rent,Warehouse rent for 2026-01,23727.93,5,2026-01-01 08:00:00,5,2026-01-01 09:00:00,
450,JE-2026-000006,2026-01-01,Freight Settlement,Settle outbound freight accruals through 2025-12,42054.95,5,2026-01-01 08:00:00,3,2026-01-01 09:00:00,
451,JE-2026-000007,2026-01-30,Utilities,Utilities expense for 2026-01,10497.17,5,2026-01-30 08:00:00,3,2026-01-30 09:00:00,
452,JE-2026-000008,2026-01-30,Factory Overhead,Factory overhead for 2026-01,106211.83,4,2026-01-30 08:00:00,3,2026-01-30 09:00:00,
453,JE-2026-000009,2026-01-31,Depreciation,Monthly fixed asset depreciation for 2026-01,47339.88,3,2026-01-31 08:00:00,2,2026-01-31 09:00:00,
454,JE-2026-000010,2026-01-30,Accrual,Month-end insurance accrued expense for 2026-01,4512.08,5,2026-01-30 08:00:00,3,2026-01-30 09:00:00,
455,JE-2026-000011,2026-01-30,Accrual,Month-end office supplies accrued expense for 2026-01,6458.47,5,2026-01-30 08:00:00,3,2026-01-30 09:00:00,
456,JE-2026-000012,2026-01-30,Accrual,Month-end repairs and maintenance accrued expense for 2026-01,10682.64,5,2026-01-30 08:00:00,3,2026-01-30 09:00:00,
457,JE-2026-000013,2026-01-30,Accrual,Month-end it and software accrued expense for 2026-01,5885.77,5,2026-01-30 08:00:00,3,2026-01-30 09:00:00,
458,JE-2026-000014,2026-01-30,Accrual,Month-end marketing and promotion accrued expense for 2026-01,29309.26,5,2026-01-30 08:00:00,3,2026-01-30 09:00:00,
459,JE-2026-000015,2026-01-30,Accrual,Month-end travel and entertainment accrued expense for 2026-01,9499.72,5,2026-01-30 08:00:00,3,2026-01-30 09:00:00,
460,JE-2026-000016,2026-01-30,Accrual,Month-end professional fees accrued expense for 2026-01,5148.43,5,2026-01-30 08:00:00,3,2026-01-30 09:00:00,
461,JE-2026-000017,2026-01-30,Accrual,Month-end bank fees accrued expense for 2026-01,3498.53,5,2026-01-30 08:00:00,3,2026-01-30 09:00:00,
462,JE-2026-000018,2026-01-30,Accrual,Month-end miscellaneous administrative accrued expense for 2026-01,8225.6,5,2026-01-30 08:00:00,3,2026-01-30 09:00:00,
463,JE-2026-000019,2026-01-30,Accrual,Month-end warehouse supplies accrued expense for 2026-01,8929.13,5,2026-01-30 08:00:00,3,2026-01-30 09:00:00,
464,JE-2026-000020,2026-01-30,Accrual,Month-end research and development accrued expense for 2026-01,24625.62,5,2026-01-30 08:00:00,3,2026-01-30 09:00:00,
465,JE-2026-000021,2026-02-02,Debt Principal Payment,Principal payment for Assembly Automation Cell Addition,7250.24,5,2026-02-02 08:00:00,3,2026-02-02 09:00:00,
466,JE-2026-000022,2026-02-02,Interest Payment,Interest payment for Assembly Automation Cell Addition,1328.71,5,2026-02-02 08:00:00,3,2026-02-02 09:00:00,
467,JE-2026-000023,2026-02-02,Debt Principal Payment,Principal payment for Finishing Booth Upgrade And Air Handling Retrofit,3972.09,5,2026-02-02 08:00:00,3,2026-02-02 09:00:00,
468,JE-2026-000024,2026-02-02,Interest Payment,Interest payment for Finishing Booth Upgrade And Air Handling Retrofit,1493.33,5,2026-02-02 08:00:00,3,2026-02-02 09:00:00,
469,JE-2026-000025,2026-02-02,Rent,Office rent for 2026-02,18073.32,5,2026-02-02 08:00:00,3,2026-02-02 09:00:00,
470,JE-2026-000026,2026-02-02,Rent,Warehouse rent for 2026-02,23945.11,5,2026-02-02 08:00:00,3,2026-02-02 09:00:00,
471,JE-2026-000027,2026-02-02,Freight Settlement,Settle outbound freight accruals through 2026-01,44951.48,5,2026-02-02 08:00:00,3,2026-02-02 09:00:00,
472,JE-2026-000028,2026-02-27,Utilities,Utilities expense for 2026-02,10232.64,5,2026-02-27 08:00:00,3,2026-02-27 09:00:00,
473,JE-2026-000029,2026-02-27,Factory Overhead,Factory overhead for 2026-02,87769.08,4,2026-02-27 08:00:00,3,2026-02-27 09:00:00,
474,JE-2026-000030,2026-02-28,Depreciation,Monthly fixed asset depreciation for 2026-02,49673.21,3,2026-02-28 08:00:00,2,2026-02-28 09:00:00,
475,JE-2026-000031,2026-02-27,Accrual,Month-end insurance accrued expense for 2026-02,4421.73,5,2026-02-27 08:00:00,3,2026-02-27 09:00:00,
476,JE-2026-000032,2026-02-27,Accrual,Month-end office supplies accrued expense for 2026-02,6354.25,5,2026-02-27 08:00:00,3,2026-02-27 09:00:00,
477,JE-2026-000033,2026-02-27,Accrual,Month-end repairs and maintenance accrued expense for 2026-02,10635.99,5,2026-02-27 08:00:00,3,2026-02-27 09:00:00,
478,JE-2026-000034,2026-02-27,Accrual,Month-end it and software accrued expense for 2026-02,5947.01,5,2026-02-27 08:00:00,3,2026-02-27 09:00:00,
479,JE-2026-000035,2026-02-27,Accrual,Month-end marketing and promotion accrued expense for 2026-02,30200.69,5,2026-02-27 08:00:00,3,2026-02-27 09:00:00,
480,JE-2026-000036,2026-02-27,Accrual,Month-end travel and entertainment accrued expense for 2026-02,9738.63,5,2026-02-27 08:00:00,3,2026-02-27 09:00:00,
481,JE-2026-000037,2026-02-27,Accrual,Month-end professional fees accrued expense for 2026-02,5109.79,5,2026-02-27 08:00:00,3,2026-02-27 09:00:00,
482,JE-2026-000038,2026-02-27,Accrual,Month-end bank fees accrued expense for 2026-02,3412.03,5,2026-02-27 08:00:00,3,2026-02-27 09:00:00,
483,JE-2026-000039,2026-02-27,Accrual,Month-end miscellaneous administrative accrued expense for 2026-02,8008.22,5,2026-02-27 08:00:00,3,2026-02-27 09:00:00,
484,JE-2026-000040,2026-02-27,Accrual,Month-end warehouse supplies accrued expense for 2026-02,8733.44,5,2026-02-27 08:00:00,3,2026-02-27 09:00:00,
485,JE-2026-000041,2026-02-27,Accrual,Month-end research and development accrued expense for 2026-02,23553.67,5,2026-02-27 08:00:00,3,2026-02-27 09:00:00,
486,JE-2026-000042,2026-03-02,Debt Principal Payment,Principal payment for Assembly Automation Cell Addition,7291.02,5,2026-03-02 08:00:00,3,2026-03-02 09:00:00,
487,JE-2026-000043,2026-03-02,Interest Payment,Interest payment for Assembly Automation Cell Addition,1287.93,5,2026-03-02 08:00:00,3,2026-03-02 09:00:00,
488,JE-2026-000044,2026-03-02,Debt Principal Payment,Principal payment for Finishing Booth Upgrade And Air Handling Retrofit,3993.27,5,2026-03-02 08:00:00,3,2026-03-02 09:00:00,
489,JE-2026-000045,2026-03-02,Interest Payment,Interest payment for Finishing Booth Upgrade And Air Handling Retrofit,1472.15,5,2026-03-02 08:00:00,3,2026-03-02 09:00:00,
490,JE-2026-000046,2026-03-02,Rent,Office rent for 2026-03,17739.75,5,2026-03-02 08:00:00,3,2026-03-02 09:00:00,
491,JE-2026-000047,2026-03-02,Rent,Warehouse rent for 2026-03,24082.28,5,2026-03-02 08:00:00,3,2026-03-02 09:00:00,
492,JE-2026-000048,2026-03-02,Freight Settlement,Settle outbound freight accruals through 2026-02,40341.4,5,2026-03-02 08:00:00,3,2026-03-02 09:00:00,
493,JE-2026-000049,2026-03-31,Utilities,Utilities expense for 2026-03,9876.28,5,2026-03-31 08:00:00,3,2026-03-31 09:00:00,
494,JE-2026-000050,2026-03-31,Factory Overhead,Factory overhead for 2026-03,92012.67,4,2026-03-31 08:00:00,3,2026-03-31 09:00:00,
495,JE-2026-000051,2026-03-31,Depreciation,Monthly fixed asset depreciation for 2026-03,49673.21,3,2026-03-31 08:00:00,2,2026-03-31 09:00:00,
496,JE-2026-000052,2026-03-31,Accrual,Month-end insurance accrued expense for 2026-03,4390.01,5,2026-03-31 08:00:00,3,2026-03-31 09:00:00,
497,JE-2026-000053,2026-03-31,Accrual,Month-end office supplies accrued expense for 2026-03,6668.12,5,2026-03-31 08:00:00,3,2026-03-31 09:00:00,
498,JE-2026-000054,2026-03-31,Accrual,Month-end repairs and maintenance accrued expense for 2026-03,10497.41,5,2026-03-31 08:00:00,3,2026-03-31 09:00:00,
499,JE-2026-000055,2026-03-31,Accrual,Month-end it and software accrued expense for 2026-03,5845.37,5,2026-03-31 08:00:00,3,2026-03-31 09:00:00,
500,JE-2026-000056,2026-03-31,Accrual,Month-end marketing and promotion accrued expense for 2026-03,29853.57,5,2026-03-31 08:00:00,3,2026-03-31 09:00:00,
501,JE-2026-000057,2026-03-31,Accrual,Month-end travel and entertainment accrued expense for 2026-03,9689.1,5,2026-03-31 08:00:00,3,2026-03-31 09:00:00,
502,JE-2026-000058,2026-03-31,Accrual,Month-end professional fees accrued expense for 2026-03,4975.12,5,2026-03-31 08:00:00,3,2026-03-31 09:00:00,
503,JE-2026-000059,2026-03-31,Accrual,Month-end bank fees accrued expense for 2026-03,3517.36,5,2026-03-31 08:00:00,3,2026-03-31 09:00:00,
504,JE-2026-000060,2026-03-31,Accrual,Month-end miscellaneous administrative accrued expense for 2026-03,8063.0,5,2026-03-31 08:00:00,3,2026-03-31 09:00:00,
505,JE-2026-000061,2026-03-31,Accrual,Month-end warehouse supplies accrued expense for 2026-03,9230.62,5,2026-03-31 08:00:00,3,2026-03-31 09:00:00,
506,JE-2026-000062,2026-03-31,Accrual,Month-end research and development accrued expense for 2026-03,24661.76,5,2026-03-31 08:00:00,3,2026-03-31 09:00:00,
507,JE-2026-000063,2026-04-01,Debt Principal Payment,Principal payment for Assembly Automation Cell Addition,7332.03,5,2026-04-01 08:00:00,3,2026-04-01 09:00:00,
508,JE-2026-000064,2026-04-01,Interest Payment,Interest payment for Assembly Automation Cell Addition,1246.92,5,2026-04-01 08:00:00,3,2026-04-01 09:00:00,
509,JE-2026-000065,2026-04-02,Debt Principal Payment,Principal payment for Finishing Booth Upgrade And Air Handling Retrofit,4014.57,5,2026-04-02 08:00:00,3,2026-04-02 09:00:00,
510,JE-2026-000066,2026-04-02,Interest Payment,Interest payment for Finishing Booth Upgrade And Air Handling Retrofit,1450.85,5,2026-04-02 08:00:00,3,2026-04-02 09:00:00,
511,JE-2026-000067,2026-04-01,Rent,Office rent for 2026-04,18160.54,5,2026-04-01 08:00:00,3,2026-04-01 09:00:00,
512,JE-2026-000068,2026-04-01,Rent,Warehouse rent for 2026-04,23883.98,5,2026-04-01 08:00:00,3,2026-04-01 09:00:00,
513,JE-2026-000069,2026-04-01,Freight Settlement,Settle outbound freight accruals through 2026-03,46509.01,5,2026-04-01 08:00:00,3,2026-04-01 09:00:00,
514,JE-2026-000070,2026-04-30,Utilities,Utilities expense for 2026-04,9192.16,5,2026-04-30 08:00:00,3,2026-04-30 09:00:00,
515,JE-2026-000071,2026-04-30,Factory Overhead,Factory overhead for 2026-04,103260.93,4,2026-04-30 08:00:00,3,2026-04-30 09:00:00,
516,JE-2026-000072,2026-04-30,Depreciation,Monthly fixed asset depreciation for 2026-04,49673.21,3,2026-04-30 08:00:00,2,2026-04-30 09:00:00,
517,JE-2026-000073,2026-04-30,Accrual,Month-end insurance accrued expense for 2026-04,4634.95,5,2026-04-30 08:00:00,3,2026-04-30 09:00:00,
518,JE-2026-000074,2026-04-30,Accrual,Month-end office supplies accrued expense for 2026-04,6481.91,5,2026-04-30 08:00:00,3,2026-04-30 09:00:00,
519,JE-2026-000075,2026-04-30,Accrual,Month-end repairs and maintenance accrued expense for 2026-04,10450.24,5,2026-04-30 08:00:00,3,2026-04-30 09:00:00,
520,JE-2026-000076,2026-04-30,Accrual,Month-end it and software accrued expense for 2026-04,6079.57,5,2026-04-30 08:00:00,3,2026-04-30 09:00:00,
521,JE-2026-000077,2026-04-30,Accrual,Month-end marketing and promotion accrued expense for 2026-04,30103.4,5,2026-04-30 08:00:00,3,2026-04-30 09:00:00,
522,JE-2026-000078,2026-04-30,Accrual,Month-end travel and entertainment accrued expense for 2026-04,9337.13,5,2026-04-30 08:00:00,3,2026-04-30 09:00:00,
523,JE-2026-000079,2026-04-30,Accrual,Month-end professional fees accrued expense for 2026-04,5032.47,5,2026-04-30 08:00:00,3,2026-04-30 09:00:00,
524,JE-2026-000080,2026-04-30,Accrual,Month-end bank fees accrued expense for 2026-04,3571.32,5,2026-04-30 08:00:00,3,2026-04-30 09:00:00,
525,JE-2026-000081,2026-04-30,Accrual,Month-end miscellaneous administrative accrued expense for 2026-04,8204.39,5,2026-04-30 08:00:00,3,2026-04-30 09:00:00,
526,JE-2026-000082,2026-04-30,Accrual,Month-end warehouse supplies accrued expense for 2026-04,8794.11,5,2026-04-30 08:00:00,3,2026-04-30 09:00:00,
527,JE-2026-000083,2026-04-30,Accrual,Month-end research and development accrued expense for 2026-04,24340.93,5,2026-04-30 08:00:00,3,2026-04-30 09:00:00,
528,JE-2026-000084,2026-05-01,Debt Principal Payment,Principal payment for Assembly Automation Cell Addition,7373.27,5,2026-05-01 08:00:00,3,2026-05-01 09:00:00,
529,JE-2026-000085,2026-05-01,Interest Payment,Interest payment for Assembly Automation Cell Addition,1205.68,5,2026-05-01 08:00:00,3,2026-05-01 09:00:00,
530,JE-2026-000086,2026-05-04,Debt Principal Payment,Principal payment for Finishing Booth Upgrade And Air Handling Retrofit,4035.98,5,2026-05-04 08:00:00,3,2026-05-04 09:00:00,
531,JE-2026-000087,2026-05-04,Interest Payment,Interest payment for Finishing Booth Upgrade And Air Handling Retrofit,1429.44,5,2026-05-04 08:00:00,3,2026-05-04 09:00:00,
532,JE-2026-000088,2026-05-01,Rent,Office rent for 2026-05,18055.59,5,2026-05-01 08:00:00,3,2026-05-01 09:00:00,
533,JE-2026-000089,2026-05-01,Rent,Warehouse rent for 2026-05,23960.47,5,2026-05-01 08:00:00,3,2026-05-01 09:00:00,
534,JE-2026-000090,2026-05-01,Freight Settlement,Settle outbound freight accruals through 2026-04,42496.19,5,2026-05-01 08:00:00,3,2026-05-01 09:00:00,
535,JE-2026-000091,2026-05-29,Utilities,Utilities expense for 2026-05,9860.58,5,2026-05-29 08:00:00,3,2026-05-29 09:00:00,
536,JE-2026-000092,2026-05-29,Factory Overhead,Factory overhead for 2026-05,101954.69,4,2026-05-29 08:00:00,3,2026-05-29 09:00:00,
537,JE-2026-000093,2026-05-31,Depreciation,Monthly fixed asset depreciation for 2026-05,49673.21,3,2026-05-31 08:00:00,2,2026-05-31 09:00:00,
538,JE-2026-000094,2026-05-29,Accrual,Month-end insurance accrued expense for 2026-05,4375.37,5,2026-05-29 08:00:00,3,2026-05-29 09:00:00,
539,JE-2026-000095,2026-05-29,Accrual,Month-end office supplies accrued expense for 2026-05,6551.78,5,2026-05-29 08:00:00,3,2026-05-29 09:00:00,
540,JE-2026-000096,2026-05-29,Accrual,Month-end repairs and maintenance accrued expense for 2026-05,10294.21,5,2026-05-29 08:00:00,3,2026-05-29 09:00:00,
541,JE-2026-000097,2026-05-29,Accrual,Month-end it and software accrued expense for 2026-05,5925.81,5,2026-05-29 08:00:00,3,2026-05-29 09:00:00,
542,JE-2026-000098,2026-05-29,Accrual,Month-end marketing and promotion accrued expense for 2026-05,29341.22,5,2026-05-29 08:00:00,3,2026-05-29 09:00:00,
543,JE-2026-000099,2026-05-29,Accrual,Month-end travel and entertainment accrued expense for 2026-05,9382.97,5,2026-05-29 08:00:00,3,2026-05-29 09:00:00,
544,JE-2026-000100,2026-05-29,Accrual,Month-end professional fees accrued expense for 2026-05,5116.17,5,2026-05-29 08:00:00,3,2026-05-29 09:00:00,
545,JE-2026-000101,2026-05-29,Accrual,Month-end bank fees accrued expense for 2026-05,3539.22,5,2026-05-29 08:00:00,3,2026-05-29 09:00:00,
546,JE-2026-000102,2026-05-29,Accrual,Month-end miscellaneous administrative accrued expense for 2026-05,7829.3,5,2026-05-29 08:00:00,3,2026-05-29 09:00:00,
547,JE-2026-000103,2026-05-29,Accrual,Month-end warehouse supplies accrued expense for 2026-05,9231.4,5,2026-05-29 08:00:00,3,2026-05-29 09:00:00,
548,JE-2026-000104,2026-05-29,Accrual,Month-end research and development accrued expense for 2026-05,24066.69,5,2026-05-29 08:00:00,3,2026-05-29 09:00:00,
549,JE-2026-000105,2026-06-01,Debt Principal Payment,Principal payment for Assembly Automation Cell Addition,7414.75,5,2026-06-01 08:00:00,3,2026-06-01 09:00:00,
550,JE-2026-000106,2026-06-01,Interest Payment,Interest payment for Assembly Automation Cell Addition,1164.2,5,2026-06-01 08:00:00,3,2026-06-01 09:00:00,
551,JE-2026-000107,2026-06-02,Debt Principal Payment,Principal payment for Finishing Booth Upgrade And Air Handling Retrofit,4057.5,5,2026-06-02 08:00:00,3,2026-06-02 09:00:00,
552,JE-2026-000108,2026-06-02,Interest Payment,Interest payment for Finishing Booth Upgrade And Air Handling Retrofit,1407.92,5,2026-06-02 08:00:00,3,2026-06-02 09:00:00,
553,JE-2026-000109,2026-06-01,Rent,Office rent for 2026-06,17899.53,5,2026-06-01 08:00:00,3,2026-06-01 09:00:00,
554,JE-2026-000110,2026-06-01,Rent,Warehouse rent for 2026-06,24151.43,5,2026-06-01 08:00:00,3,2026-06-01 09:00:00,
555,JE-2026-000111,2026-06-01,Freight Settlement,Settle outbound freight accruals through 2026-05,45451.42,5,2026-06-01 08:00:00,3,2026-06-01 09:00:00,
556,JE-2026-000112,2026-06-30,Utilities,Utilities expense for 2026-06,10390.26,5,2026-06-30 08:00:00,3,2026-06-30 09:00:00,
557,JE-2026-000113,2026-06-30,Factory Overhead,Factory overhead for 2026-06,133175.68,4,2026-06-30 08:00:00,3,2026-06-30 09:00:00,
558,JE-2026-000114,2026-06-30,Depreciation,Monthly fixed asset depreciation for 2026-06,47173.21,3,2026-06-30 08:00:00,2,2026-06-30 09:00:00,
559,JE-2026-000115,2026-06-05,Asset Disposal,Dispose Packing Line Conveyors And Sealers,210000.0,5,2026-06-05 08:00:00,3,2026-06-05 09:00:00,
560,JE-2026-000116,2026-06-30,Accrual,Month-end insurance accrued expense for 2026-06,4376.93,5,2026-06-30 08:00:00,3,2026-06-30 09:00:00,
561,JE-2026-000117,2026-06-30,Accrual,Month-end office supplies accrued expense for 2026-06,6604.81,5,2026-06-30 08:00:00,3,2026-06-30 09:00:00,
562,JE-2026-000118,2026-06-30,Accrual,Month-end repairs and maintenance accrued expense for 2026-06,10267.49,5,2026-06-30 08:00:00,3,2026-06-30 09:00:00,
563,JE-2026-000119,2026-06-30,Accrual,Month-end it and software accrued expense for 2026-06,6173.07,5,2026-06-30 08:00:00,3,2026-06-30 09:00:00,
564,JE-2026-000120,2026-06-30,Accrual,Month-end marketing and promotion accrued expense for 2026-06,29886.58,5,2026-06-30 08:00:00,3,2026-06-30 09:00:00,
565,JE-2026-000121,2026-06-30,Accrual,Month-end travel and entertainment accrued expense for 2026-06,9382.82,5,2026-06-30 08:00:00,3,2026-06-30 09:00:00,
566,JE-2026-000122,2026-06-30,Accrual,Month-end professional fees accrued expense for 2026-06,4989.77,5,2026-06-30 08:00:00,3,2026-06-30 09:00:00,
567,JE-2026-000123,2026-06-30,Accrual,Month-end bank fees accrued expense for 2026-06,3421.86,5,2026-06-30 08:00:00,3,2026-06-30 09:00:00,
568,JE-2026-000124,2026-06-30,Accrual,Month-end miscellaneous administrative accrued expense for 2026-06,8030.65,5,2026-06-30 08:00:00,3,2026-06-30 09:00:00,
569,JE-2026-000125,2026-06-30,Accrual,Month-end warehouse supplies accrued expense for 2026-06,8938.88,5,2026-06-30 08:00:00,3,2026-06-30 09:00:00,
570,JE-2026-000126,2026-06-30,Accrual,Month-end research and development accrued expense for 2026-06,24373.34,5,2026-06-30 08:00:00,3,2026-06-30 09:00:00,
571,JE-2026-000127,2026-07-01,Debt Principal Payment,Principal payment for Assembly Automation Cell Addition,7456.46,5,2026-07-01 08:00:00,3,2026-07-01 09:00:00,
572,JE-2026-000128,2026-07-01,Interest Payment,Interest payment for Assembly Automation Cell Addition,1122.49,5,2026-07-01 08:00:00,3,2026-07-01 09:00:00,
573,JE-2026-000129,2026-07-02,Debt Principal Payment,Principal payment for Finishing Booth Upgrade And Air Handling Retrofit,4079.14,5,2026-07-02 08:00:00,3,2026-07-02 09:00:00,
574,JE-2026-000130,2026-07-02,Interest Payment,Interest payment for Finishing Booth Upgrade And Air Handling Retrofit,1386.28,5,2026-07-02 08:00:00,3,2026-07-02 09:00:00,
575,JE-2026-000131,2026-07-01,Rent,Office rent for 2026-07,18297.69,5,2026-07-01 08:00:00,3,2026-07-01 09:00:00,
576,JE-2026-000132,2026-07-01,Rent,Warehouse rent for 2026-07,24197.01,5,2026-07-01 08:00:00,3,2026-07-01 09:00:00,
577,JE-2026-000133,2026-07-01,Freight Settlement,Settle outbound freight accruals through 2026-06,43852.39,5,2026-07-01 08:00:00,3,2026-07-01 09:00:00,
578,JE-2026-000134,2026-07-31,Utilities,Utilities expense for 2026-07,11010.92,5,2026-07-31 08:00:00,3,2026-07-31 09:00:00,
579,JE-2026-000135,2026-07-31,Factory Overhead,Factory overhead for 2026-07,116234.8,4,2026-07-31 08:00:00,3,2026-07-31 09:00:00,
580,JE-2026-000136,2026-07-31,Depreciation,Monthly fixed asset depreciation for 2026-07,47173.21,3,2026-07-31 08:00:00,2,2026-07-31 09:00:00,
581,JE-2026-000137,2026-07-31,Accrual,Month-end insurance accrued expense for 2026-07,4414.82,5,2026-07-31 08:00:00,3,2026-07-31 09:00:00,
582,JE-2026-000138,2026-07-31,Accrual,Month-end office supplies accrued expense for 2026-07,6540.8,5,2026-07-31 08:00:00,3,2026-07-31 09:00:00,
583,JE-2026-000139,2026-07-31,Accrual,Month-end repairs and maintenance accrued expense for 2026-07,10653.84,5,2026-07-31 08:00:00,3,2026-07-31 09:00:00,
584,JE-2026-000140,2026-07-31,Accrual,Month-end it and software accrued expense for 2026-07,5834.08,5,2026-07-31 08:00:00,3,2026-07-31 09:00:00,
585,JE-2026-000141,2026-07-31,Accrual,Month-end marketing and promotion accrued expense for 2026-07,30621.0,5,2026-07-31 08:00:00,3,2026-07-31 09:00:00,
586,JE-2026-000142,2026-07-31,Accrual,Month-end travel and entertainment accrued expense for 2026-07,9539.07,5,2026-07-31 08:00:00,3,2026-07-31 09:00:00,
587,JE-2026-000143,2026-07-31,Accrual,Month-end professional fees accrued expense for 2026-07,4944.82,5,2026-07-31 08:00:00,3,2026-07-31 09:00:00,
588,JE-2026-000144,2026-07-31,Accrual,Month-end bank fees accrued expense for 2026-07,3575.69,5,2026-07-31 08:00:00,3,2026-07-31 09:00:00,
589,JE-2026-000145,2026-07-31,Accrual,Month-end miscellaneous administrative accrued expense for 2026-07,8153.79,5,2026-07-31 08:00:00,3,2026-07-31 09:00:00,
590,JE-2026-000146,2026-07-31,Accrual,Month-end warehouse supplies accrued expense for 2026-07,8879.22,5,2026-07-31 08:00:00,3,2026-07-31 09:00:00,
591,JE-2026-000147,2026-07-31,Accrual,Month-end research and development accrued expense for 2026-07,24463.96,5,2026-07-31 08:00:00,3,2026-07-31 09:00:00,
592,JE-2026-000148,2026-08-03,Debt Principal Payment,Principal payment for Assembly Automation Cell Addition,7498.4,5,2026-08-03 08:00:00,3,2026-08-03 09:00:00,
593,JE-2026-000149,2026-08-03,Interest Payment,Interest payment for Assembly Automation Cell Addition,1080.55,5,2026-08-03 08:00:00,3,2026-08-03 09:00:00,
594,JE-2026-000150,2026-08-03,Debt Principal Payment,Principal payment for Finishing Booth Upgrade And Air Handling Retrofit,4100.9,5,2026-08-03 08:00:00,3,2026-08-03 09:00:00,
595,JE-2026-000151,2026-08-03,Interest Payment,Interest payment for Finishing Booth Upgrade And Air Handling Retrofit,1364.52,5,2026-08-03 08:00:00,3,2026-08-03 09:00:00,
596,JE-2026-000152,2026-08-03,Rent,Office rent for 2026-08,18191.33,5,2026-08-03 08:00:00,3,2026-08-03 09:00:00,
597,JE-2026-000153,2026-08-03,Rent,Warehouse rent for 2026-08,24077.02,5,2026-08-03 08:00:00,3,2026-08-03 09:00:00,
598,JE-2026-000154,2026-08-03,Freight Settlement,Settle outbound freight accruals through 2026-07,39787.8,5,2026-08-03 08:00:00,3,2026-08-03 09:00:00,
599,JE-2026-000155,2026-08-31,Utilities,Utilities expense for 2026-08,10873.25,5,2026-08-31 08:00:00,3,2026-08-31 09:00:00,
600,JE-2026-000156,2026-08-31,Factory Overhead,Factory overhead for 2026-08,104058.13,4,2026-08-31 08:00:00,3,2026-08-31 09:00:00,
601,JE-2026-000157,2026-08-31,Depreciation,Monthly fixed asset depreciation for 2026-08,47173.21,3,2026-08-31 08:00:00,2,2026-08-31 09:00:00,
602,JE-2026-000158,2026-08-31,Accrual,Month-end insurance accrued expense for 2026-08,4385.15,5,2026-08-31 08:00:00,3,2026-08-31 09:00:00,
603,JE-2026-000159,2026-08-31,Accrual,Month-end office supplies accrued expense for 2026-08,6524.28,5,2026-08-31 08:00:00,3,2026-08-31 09:00:00,
604,JE-2026-000160,2026-08-31,Accrual,Month-end repairs and maintenance accrued expense for 2026-08,10326.05,5,2026-08-31 08:00:00,3,2026-08-31 09:00:00,
605,JE-2026-000161,2026-08-31,Accrual,Month-end it and software accrued expense for 2026-08,5949.71,5,2026-08-31 08:00:00,3,2026-08-31 09:00:00,
606,JE-2026-000162,2026-08-31,Accrual,Month-end marketing and promotion accrued expense for 2026-08,29658.19,5,2026-08-31 08:00:00,3,2026-08-31 09:00:00,
607,JE-2026-000163,2026-08-31,Accrual,Month-end travel and entertainment accrued expense for 2026-08,9563.16,5,2026-08-31 08:00:00,3,2026-08-31 09:00:00,
608,JE-2026-000164,2026-08-31,Accrual,Month-end professional fees accrued expense for 2026-08,4945.12,5,2026-08-31 08:00:00,3,2026-08-31 09:00:00,
609,JE-2026-000165,2026-08-31,Accrual,Month-end bank fees accrued expense for 2026-08,3478.82,5,2026-08-31 08:00:00,3,2026-08-31 09:00:00,
610,JE-2026-000166,2026-08-31,Accrual,Month-end miscellaneous administrative accrued expense for 2026-08,7835.35,5,2026-08-31 08:00:00,3,2026-08-31 09:00:00,
611,JE-2026-000167,2026-08-31,Accrual,Month-end warehouse supplies accrued expense for 2026-08,8788.93,5,2026-08-31 08:00:00,3,2026-08-31 09:00:00,
612,JE-2026-000168,2026-08-31,Accrual,Month-end research and development accrued expense for 2026-08,23378.62,5,2026-08-31 08:00:00,3,2026-08-31 09:00:00,
613,JE-2026-000169,2026-09-01,Debt Principal Payment,Principal payment for Assembly Automation Cell Addition,7540.58,5,2026-09-01 08:00:00,3,2026-09-01 09:00:00,
614,JE-2026-000170,2026-09-01,Interest Payment,Interest payment for Assembly Automation Cell Addition,1038.37,5,2026-09-01 08:00:00,3,2026-09-01 09:00:00,
615,JE-2026-000171,2026-09-02,Debt Principal Payment,Principal payment for Finishing Booth Upgrade And Air Handling Retrofit,4122.77,5,2026-09-02 08:00:00,3,2026-09-02 09:00:00,
616,JE-2026-000172,2026-09-02,Interest Payment,Interest payment for Finishing Booth Upgrade And Air Handling Retrofit,1342.65,5,2026-09-02 08:00:00,3,2026-09-02 09:00:00,
617,JE-2026-000173,2026-09-01,Rent,Office rent for 2026-09,18172.96,5,2026-09-01 08:00:00,3,2026-09-01 09:00:00,
618,JE-2026-000174,2026-09-01,Rent,Warehouse rent for 2026-09,24148.93,5,2026-09-01 08:00:00,3,2026-09-01 09:00:00,
619,JE-2026-000175,2026-09-01,Freight Settlement,Settle outbound freight accruals through 2026-08,41183.64,5,2026-09-01 08:00:00,3,2026-09-01 09:00:00,
620,JE-2026-000176,2026-09-30,Utilities,Utilities expense for 2026-09,9182.26,5,2026-09-30 08:00:00,3,2026-09-30 09:00:00,
621,JE-2026-000177,2026-09-30,Factory Overhead,Factory overhead for 2026-09,103968.59,4,2026-09-30 08:00:00,3,2026-09-30 09:00:00,
622,JE-2026-000178,2026-09-30,Depreciation,Monthly fixed asset depreciation for 2026-09,47173.21,3,2026-09-30 08:00:00,2,2026-09-30 09:00:00,
623,JE-2026-000179,2026-09-30,Accrual,Month-end insurance accrued expense for 2026-09,4576.48,5,2026-09-30 08:00:00,3,2026-09-30 09:00:00,
624,JE-2026-000180,2026-09-30,Accrual,Month-end office supplies accrued expense for 2026-09,6573.14,5,2026-09-30 08:00:00,3,2026-09-30 09:00:00,
625,JE-2026-000181,2026-09-30,Accrual,Month-end repairs and maintenance accrued expense for 2026-09,10730.76,5,2026-09-30 08:00:00,3,2026-09-30 09:00:00,
626,JE-2026-000182,2026-09-30,Accrual,Month-end it and software accrued expense for 2026-09,6118.02,5,2026-09-30 08:00:00,3,2026-09-30 09:00:00,
627,JE-2026-000183,2026-09-30,Accrual,Month-end marketing and promotion accrued expense for 2026-09,30796.45,5,2026-09-30 08:00:00,3,2026-09-30 09:00:00,
628,JE-2026-000184,2026-09-30,Accrual,Month-end travel and entertainment accrued expense for 2026-09,9653.14,5,2026-09-30 08:00:00,3,2026-09-30 09:00:00,
629,JE-2026-000185,2026-09-30,Accrual,Month-end professional fees accrued expense for 2026-09,5136.5,5,2026-09-30 08:00:00,3,2026-09-30 09:00:00,
630,JE-2026-000186,2026-09-30,Accrual,Month-end bank fees accrued expense for 2026-09,3572.56,5,2026-09-30 08:00:00,3,2026-09-30 09:00:00,
631,JE-2026-000187,2026-09-30,Accrual,Month-end miscellaneous administrative accrued expense for 2026-09,8145.93,5,2026-09-30 08:00:00,3,2026-09-30 09:00:00,
632,JE-2026-000188,2026-09-30,Accrual,Month-end warehouse supplies accrued expense for 2026-09,8869.91,5,2026-09-30 08:00:00,3,2026-09-30 09:00:00,
633,JE-2026-000189,2026-09-30,Accrual,Month-end research and development accrued expense for 2026-09,23361.27,5,2026-09-30 08:00:00,3,2026-09-30 09:00:00,
634,JE-2026-000190,2026-10-01,Debt Principal Payment,Principal payment for Assembly Automation Cell Addition,7582.99,5,2026-10-01 08:00:00,3,2026-10-01 09:00:00,
635,JE-2026-000191,2026-10-01,Interest Payment,Interest payment for Assembly Automation Cell Addition,995.96,5,2026-10-01 08:00:00,3,2026-10-01 09:00:00,
636,JE-2026-000192,2026-10-02,Debt Principal Payment,Principal payment for Finishing Booth Upgrade And Air Handling Retrofit,4144.76,5,2026-10-02 08:00:00,3,2026-10-02 09:00:00,
637,JE-2026-000193,2026-10-02,Interest Payment,Interest payment for Finishing Booth Upgrade And Air Handling Retrofit,1320.66,5,2026-10-02 08:00:00,3,2026-10-02 09:00:00,
638,JE-2026-000194,2026-10-01,Rent,Office rent for 2026-10,17664.79,5,2026-10-01 08:00:00,3,2026-10-01 09:00:00,
639,JE-2026-000195,2026-10-01,Rent,Warehouse rent for 2026-10,24078.07,5,2026-10-01 08:00:00,3,2026-10-01 09:00:00,
640,JE-2026-000196,2026-10-01,Freight Settlement,Settle outbound freight accruals through 2026-09,44581.0,5,2026-10-01 08:00:00,3,2026-10-01 09:00:00,
641,JE-2026-000197,2026-10-30,Utilities,Utilities expense for 2026-10,9152.07,5,2026-10-30 08:00:00,3,2026-10-30 09:00:00,
642,JE-2026-000198,2026-10-30,Factory Overhead,Factory overhead for 2026-10,102414.44,4,2026-10-30 08:00:00,3,2026-10-30 09:00:00,
643,JE-2026-000199,2026-10-31,Depreciation,Monthly fixed asset depreciation for 2026-10,47173.21,3,2026-10-31 08:00:00,2,2026-10-31 09:00:00,
644,JE-2026-000200,2026-10-30,Accrual,Month-end insurance accrued expense for 2026-10,4541.01,5,2026-10-30 08:00:00,3,2026-10-30 09:00:00,
645,JE-2026-000201,2026-10-30,Accrual,Month-end office supplies accrued expense for 2026-10,6514.31,5,2026-10-30 08:00:00,3,2026-10-30 09:00:00,
646,JE-2026-000202,2026-10-30,Accrual,Month-end repairs and maintenance accrued expense for 2026-10,10593.4,5,2026-10-30 08:00:00,3,2026-10-30 09:00:00,
647,JE-2026-000203,2026-10-30,Accrual,Month-end it and software accrued expense for 2026-10,6068.33,5,2026-10-30 08:00:00,3,2026-10-30 09:00:00,
648,JE-2026-000204,2026-10-30,Accrual,Month-end marketing and promotion accrued expense for 2026-10,29419.78,5,2026-10-30 08:00:00,3,2026-10-30 09:00:00,
649,JE-2026-000205,2026-10-30,Accrual,Month-end travel and entertainment accrued expense for 2026-10,9457.5,5,2026-10-30 08:00:00,3,2026-10-30 09:00:00,
650,JE-2026-000206,2026-10-30,Accrual,Month-end professional fees accrued expense for 2026-10,4876.89,5,2026-10-30 08:00:00,3,2026-10-30 09:00:00,
651,JE-2026-000207,2026-10-30,Accrual,Month-end bank fees accrued expense for 2026-10,3412.98,5,2026-10-30 08:00:00,3,2026-10-30 09:00:00,
652,JE-2026-000208,2026-10-30,Accrual,Month-end miscellaneous administrative accrued expense for 2026-10,7918.11,5,2026-10-30 08:00:00,3,2026-10-30 09:00:00,
653,JE-2026-000209,2026-10-30,Accrual,Month-end warehouse supplies accrued expense for 2026-10,9149.51,5,2026-10-30 08:00:00,3,2026-10-30 09:00:00,
654,JE-2026-000210,2026-10-30,Accrual,Month-end research and development accrued expense for 2026-10,24277.56,5,2026-10-30 08:00:00,3,2026-10-30 09:00:00,
655,JE-2026-000211,2026-11-02,Debt Principal Payment,Principal payment for Assembly Automation Cell Addition,7625.65,5,2026-11-02 08:00:00,3,2026-11-02 09:00:00,
656,JE-2026-000212,2026-11-02,Interest Payment,Interest payment for Assembly Automation Cell Addition,953.3,5,2026-11-02 08:00:00,3,2026-11-02 09:00:00,
657,JE-2026-000213,2026-11-02,Debt Principal Payment,Principal payment for Finishing Booth Upgrade And Air Handling Retrofit,4166.87,5,2026-11-02 08:00:00,3,2026-11-02 09:00:00,
658,JE-2026-000214,2026-11-02,Interest Payment,Interest payment for Finishing Booth Upgrade And Air Handling Retrofit,1298.55,5,2026-11-02 08:00:00,3,2026-11-02 09:00:00,
659,JE-2026-000215,2026-11-02,Rent,Office rent for 2026-11,17832.36,5,2026-11-02 08:00:00,3,2026-11-02 09:00:00,
660,JE-2026-000216,2026-11-02,Rent,Warehouse rent for 2026-11,23658.67,5,2026-11-02 08:00:00,3,2026-11-02 09:00:00,
661,JE-2026-000217,2026-11-02,Freight Settlement,Settle outbound freight accruals through 2026-10,40077.42,5,2026-11-02 08:00:00,3,2026-11-02 09:00:00,
662,JE-2026-000218,2026-11-30,Utilities,Utilities expense for 2026-11,9828.56,5,2026-11-30 08:00:00,3,2026-11-30 09:00:00,
663,JE-2026-000219,2026-11-30,Factory Overhead,Factory overhead for 2026-11,145100.79,4,2026-11-30 08:00:00,3,2026-11-30 09:00:00,
664,JE-2026-000220,2026-11-30,Depreciation,Monthly fixed asset depreciation for 2026-11,47173.21,3,2026-11-30 08:00:00,2,2026-11-30 09:00:00,
665,JE-2026-000221,2026-11-30,Accrual,Month-end insurance accrued expense for 2026-11,4501.85,5,2026-11-30 08:00:00,3,2026-11-30 09:00:00,
666,JE-2026-000222,2026-11-30,Accrual,Month-end office supplies accrued expense for 2026-11,6415.58,5,2026-11-30 08:00:00,3,2026-11-30 09:00:00,
667,JE-2026-000223,2026-11-30,Accrual,Month-end repairs and maintenance accrued expense for 2026-11,10394.45,5,2026-11-30 08:00:00,3,2026-11-30 09:00:00,
668,JE-2026-000224,2026-11-30,Accrual,Month-end it and software accrued expense for 2026-11,6048.33,5,2026-11-30 08:00:00,3,2026-11-30 09:00:00,
669,JE-2026-000225,2026-11-30,Accrual,Month-end marketing and promotion accrued expense for 2026-11,30287.26,5,2026-11-30 08:00:00,3,2026-11-30 09:00:00,
670,JE-2026-000226,2026-11-30,Accrual,Month-end travel and entertainment accrued expense for 2026-11,9591.87,5,2026-11-30 08:00:00,3,2026-11-30 09:00:00,
671,JE-2026-000227,2026-11-30,Accrual,Month-end professional fees accrued expense for 2026-11,5107.57,5,2026-11-30 08:00:00,3,2026-11-30 09:00:00,
672,JE-2026-000228,2026-11-30,Accrual,Month-end bank fees accrued expense for 2026-11,3564.62,5,2026-11-30 08:00:00,3,2026-11-30 09:00:00,
673,JE-2026-000229,2026-11-30,Accrual,Month-end miscellaneous administrative accrued expense for 2026-11,7987.95,5,2026-11-30 08:00:00,3,2026-11-30 09:00:00,
674,JE-2026-000230,2026-11-30,Accrual,Month-end warehouse supplies accrued expense for 2026-11,8910.93,5,2026-11-30 08:00:00,3,2026-11-30 09:00:00,
675,JE-2026-000231,2026-11-30,Accrual,Month-end research and development accrued expense for 2026-11,23625.52,5,2026-11-30 08:00:00,3,2026-11-30 09:00:00,
676,JE-2026-000232,2026-12-01,Debt Principal Payment,Principal payment for Assembly Automation Cell Addition,7668.54,5,2026-12-01 08:00:00,3,2026-12-01 09:00:00,
677,JE-2026-000233,2026-12-01,Interest Payment,Interest payment for Assembly Automation Cell Addition,910.41,5,2026-12-01 08:00:00,3,2026-12-01 09:00:00,
678,JE-2026-000234,2026-12-02,Debt Principal Payment,Principal payment for Finishing Booth Upgrade And Air Handling Retrofit,4189.09,5,2026-12-02 08:00:00,3,2026-12-02 09:00:00,
679,JE-2026-000235,2026-12-02,Interest Payment,Interest payment for Finishing Booth Upgrade And Air Handling Retrofit,1276.33,5,2026-12-02 08:00:00,3,2026-12-02 09:00:00,
680,JE-2026-000236,2026-12-01,Rent,Office rent for 2026-12,17848.41,5,2026-12-01 08:00:00,3,2026-12-01 09:00:00,
681,JE-2026-000237,2026-12-01,Rent,Warehouse rent for 2026-12,24154.7,5,2026-12-01 08:00:00,3,2026-12-01 09:00:00,
682,JE-2026-000238,2026-12-01,Freight Settlement,Settle outbound freight accruals through 2026-11,44713.41,5,2026-12-01 08:00:00,3,2026-12-01 09:00:00,
683,JE-2026-000239,2026-12-31,Utilities,Utilities expense for 2026-12,10451.32,5,2026-12-31 08:00:00,3,2026-12-31 09:00:00,
684,JE-2026-000240,2026-12-31,Factory Overhead,Factory overhead for 2026-12,112707.43,4,2026-12-31 08:00:00,3,2026-12-31 09:00:00,
685,JE-2026-000241,2026-12-31,Depreciation,Monthly fixed asset depreciation for 2026-12,47173.21,3,2026-12-31 08:00:00,2,2026-12-31 09:00:00,
686,JE-2026-000242,2026-12-31,Accrual,Month-end insurance accrued expense for 2026-12,4579.35,5,2026-12-31 08:00:00,3,2026-12-31 09:00:00,
687,JE-2026-000243,2026-12-31,Accrual,Month-end office supplies accrued expense for 2026-12,6683.21,5,2026-12-31 08:00:00,3,2026-12-31 09:00:00,
688,JE-2026-000244,2026-12-31,Accrual,Month-end repairs and maintenance accrued expense for 2026-12,10812.27,5,2026-12-31 08:00:00,3,2026-12-31 09:00:00,
689,JE-2026-000245,2026-12-31,Accrual,Month-end it and software accrued expense for 2026-12,6029.79,5,2026-12-31 08:00:00,3,2026-12-31 09:00:00,
690,JE-2026-000246,2026-12-31,Accrual,Month-end marketing and promotion accrued expense for 2026-12,30364.95,5,2026-12-31 08:00:00,3,2026-12-31 09:00:00,
691,JE-2026-000247,2026-12-31,Accrual,Month-end travel and entertainment accrued expense for 2026-12,9712.95,5,2026-12-31 08:00:00,3,2026-12-31 09:00:00,
692,JE-2026-000248,2026-12-31,Accrual,Month-end professional fees accrued expense for 2026-12,5065.0,5,2026-12-31 08:00:00,3,2026-12-31 09:00:00,
693,JE-2026-000249,2026-12-31,Accrual,Month-end bank fees accrued expense for 2026-12,3513.0,5,2026-12-31 08:00:00,3,2026-12-31 09:00:00,
694,JE-2026-000250,2026-12-31,Accrual,Month-end miscellaneous administrative accrued expense for 2026-12,7926.58,5,2026-12-31 08:00:00,3,2026-12-31 09:00:00,
695,JE-2026-000251,2026-12-31,Accrual,Month-end warehouse supplies accrued expense for 2026-12,9155.63,5,2026-12-31 08:00:00,3,2026-12-31 09:00:00,
696,JE-2026-000252,2026-12-31,Accrual,Month-end research and development accrued expense for 2026-12,23571.34,5,2026-12-31 08:00:00,3,2026-12-31 09:00:00,
697,JE-2024-000216,2024-03-05,Accrual Adjustment,Settle residual miscellaneous administrative accrual after linked supplier invoice,244.2,5,2024-03-05 08:00:00,3,2024-03-05 09:00:00,15
698,JE-2024-000217,2024-03-11,Accrual Adjustment,Settle residual repairs and maintenance accrual after linked supplier invoice,19.74,5,2024-03-11 08:00:00,3,2024-03-11 09:00:00,9
699,JE-2024-000218,2024-03-18,Accrual Adjustment,Settle residual travel and entertainment accrual after linked supplier invoice,140.37,5,2024-03-18 08:00:00,3,2024-03-18 09:00:00,12
700,JE-2024-000219,2024-03-18,Accrual Adjustment,Settle residual it and software accrual after linked supplier invoice,240.36,5,2024-03-18 08:00:00,3,2024-03-18 09:00:00,27
701,JE-2024-000220,2024-03-18,Accrual Adjustment,Settle residual travel and entertainment accrual after linked supplier invoice,425.98,5,2024-03-18 08:00:00,3,2024-03-18 09:00:00,29
702,JE-2024-000221,2024-03-19,Accrual Adjustment,Settle residual miscellaneous administrative accrual after linked supplier invoice,409.21,5,2024-03-19 08:00:00,3,2024-03-19 09:00:00,32
703,JE-2024-000222,2024-03-25,Accrual Adjustment,Settle residual professional fees accrual after linked supplier invoice,241.2,5,2024-03-25 08:00:00,3,2024-03-25 09:00:00,13
704,JE-2024-000223,2024-03-25,Accrual Adjustment,Settle residual bank fees accrual after linked supplier invoice,168.95,5,2024-03-25 08:00:00,3,2024-03-25 09:00:00,31
705,JE-2024-000224,2024-04-01,Accrual Adjustment,Settle residual warehouse supplies accrual after linked supplier invoice,58.25,5,2024-04-01 08:00:00,3,2024-04-01 09:00:00,33
706,JE-2024-000225,2024-04-15,Accrual Adjustment,Settle residual insurance accrual after linked supplier invoice,186.02,5,2024-04-15 08:00:00,3,2024-04-15 09:00:00,24
707,JE-2024-000226,2024-04-17,Accrual Adjustment,Settle residual professional fees accrual after linked supplier invoice,247.91,5,2024-04-17 08:00:00,3,2024-04-17 09:00:00,30
708,JE-2024-000227,2024-04-17,Accrual Adjustment,Settle residual insurance accrual after linked supplier invoice,166.67,5,2024-04-17 08:00:00,3,2024-04-17 09:00:00,41
709,JE-2024-000228,2024-05-08,Accrual Adjustment,Settle residual professional fees accrual after linked supplier invoice,220.07,5,2024-05-08 08:00:00,3,2024-05-08 09:00:00,47
710,JE-2024-000229,2024-05-13,Accrual Adjustment,Settle residual warehouse supplies accrual after linked supplier invoice,197.25,5,2024-05-13 08:00:00,3,2024-05-13 09:00:00,50
711,JE-2024-000230,2024-05-27,Accrual Adjustment,Settle residual travel and entertainment accrual after linked supplier invoice,386.27,5,2024-05-27 08:00:00,3,2024-05-27 09:00:00,46
712,JE-2024-000231,2024-05-28,Accrual Adjustment,Settle residual marketing and promotion accrual after linked supplier invoice,552.03,5,2024-05-28 08:00:00,3,2024-05-28 09:00:00,45
713,JE-2024-000232,2024-06-13,Accrual Adjustment,Settle residual it and software accrual after linked supplier invoice,315.77,5,2024-06-13 08:00:00,3,2024-06-13 09:00:00,61
714,JE-2024-000233,2024-06-24,Accrual Adjustment,Settle residual marketing and promotion accrual after linked supplier invoice,901.17,5,2024-06-24 08:00:00,3,2024-06-24 09:00:00,62
715,JE-2024-000234,2024-07-19,Accrual Adjustment,Settle residual bank fees accrual after linked supplier invoice,33.14,5,2024-07-19 08:00:00,3,2024-07-19 09:00:00,99
716,JE-2024-000235,2024-07-29,Accrual Adjustment,Settle residual it and software accrual after linked supplier invoice,49.46,5,2024-07-29 08:00:00,3,2024-07-29 09:00:00,78
717,JE-2024-000236,2024-07-30,Accrual Adjustment,Settle residual marketing and promotion accrual after linked supplier invoice,229.73,5,2024-07-30 08:00:00,3,2024-07-30 09:00:00,96
718,JE-2024-000237,2024-08-14,Accrual Adjustment,Settle residual warehouse supplies accrual after linked supplier invoice,4.44,5,2024-08-14 08:00:00,3,2024-08-14 09:00:00,101
719,JE-2024-000238,2024-08-22,Accrual Adjustment,Settle residual it and software accrual after linked supplier invoice,67.48,5,2024-08-22 08:00:00,3,2024-08-22 09:00:00,113
720,JE-2024-000239,2024-08-26,Accrual Adjustment,Settle residual office supplies accrual after linked supplier invoice,328.4,5,2024-08-26 08:00:00,3,2024-08-26 09:00:00,111
721,JE-2024-000240,2024-08-26,Accrual Adjustment,Settle residual marketing and promotion accrual after linked supplier invoice,593.73,5,2024-08-26 08:00:00,3,2024-08-26 09:00:00,114
722,JE-2024-000241,2024-08-26,Accrual Adjustment,Settle residual travel and entertainment accrual after linked supplier invoice,474.54,5,2024-08-26 08:00:00,3,2024-08-26 09:00:00,115
723,JE-2024-000242,2024-08-30,Accrual Adjustment,Settle residual research and development accrual after linked supplier invoice,573.75,5,2024-08-30 08:00:00,3,2024-08-30 09:00:00,120
724,JE-2024-000243,2024-09-06,Accrual Adjustment,Settle residual repairs and maintenance accrual after linked supplier invoice,202.26,5,2024-09-06 08:00:00,3,2024-09-06 09:00:00,112
725,JE-2024-000244,2024-09-18,Accrual Adjustment,Settle residual insurance accrual after linked supplier invoice,43.17,5,2024-09-18 08:00:00,3,2024-09-18 09:00:00,110
726,JE-2024-000245,2024-09-19,Accrual Adjustment,Settle residual marketing and promotion accrual after linked supplier invoice,1488.28,5,2024-09-19 08:00:00,3,2024-09-19 09:00:00,133
727,JE-2024-000246,2024-09-20,Accrual Adjustment,Settle residual warehouse supplies accrual after linked supplier invoice,301.76,5,2024-09-20 08:00:00,3,2024-09-20 09:00:00,138
728,JE-2024-000247,2024-09-23,Accrual Adjustment,Settle residual office supplies accrual after linked supplier invoice,134.18,5,2024-09-23 08:00:00,3,2024-09-23 09:00:00,130
729,JE-2024-000248,2024-09-24,Accrual Adjustment,Settle residual professional fees accrual after linked supplier invoice,129.11,5,2024-09-24 08:00:00,3,2024-09-24 09:00:00,116
730,JE-2024-000249,2024-10-28,Accrual Adjustment,Settle residual travel and entertainment accrual after linked supplier invoice,487.82,5,2024-10-28 08:00:00,3,2024-10-28 09:00:00,153
731,JE-2024-000250,2024-11-04,Accrual Adjustment,Settle residual professional fees accrual after linked supplier invoice,222.56,5,2024-11-04 08:00:00,3,2024-11-04 09:00:00,154
732,JE-2024-000251,2024-11-13,Accrual Adjustment,Settle residual it and software accrual after linked supplier invoice,94.41,5,2024-11-13 08:00:00,3,2024-11-13 09:00:00,151
733,JE-2024-000252,2024-11-18,Accrual Adjustment,Settle residual professional fees accrual after linked supplier invoice,248.34,5,2024-11-18 08:00:00,3,2024-11-18 09:00:00,173
734,JE-2024-000253,2024-11-21,Accrual Adjustment,Settle residual bank fees accrual after linked supplier invoice,43.79,5,2024-11-21 08:00:00,3,2024-11-21 09:00:00,155
735,JE-2024-000254,2024-11-21,Accrual Adjustment,Settle residual marketing and promotion accrual after linked supplier invoice,152.14,5,2024-11-21 08:00:00,3,2024-11-21 09:00:00,171
736,JE-2024-000255,2024-11-22,Accrual Adjustment,Settle residual marketing and promotion accrual after linked supplier invoice,496.28,5,2024-11-22 08:00:00,3,2024-11-22 09:00:00,152
737,JE-2024-000256,2024-11-29,Accrual Adjustment,Settle residual office supplies accrual after linked supplier invoice,14.61,5,2024-11-29 08:00:00,3,2024-11-29 09:00:00,168
738,JE-2024-000257,2024-12-02,Accrual Adjustment,Settle residual insurance accrual after linked supplier invoice,102.2,5,2024-12-02 08:00:00,3,2024-12-02 09:00:00,167
739,JE-2024-000258,2024-12-13,Accrual Adjustment,Settle residual travel and entertainment accrual after linked supplier invoice,429.28,5,2024-12-13 08:00:00,3,2024-12-13 09:00:00,172
740,JE-2024-000259,2024-12-20,Accrual Adjustment,Settle residual bank fees accrual after linked supplier invoice,117.26,5,2024-12-20 08:00:00,3,2024-12-20 09:00:00,193
741,JE-2024-000260,2024-12-23,Accrual Adjustment,Settle residual miscellaneous administrative accrual after linked supplier invoice,61.63,5,2024-12-23 08:00:00,3,2024-12-23 09:00:00,194
742,JE-2024-000261,2024-12-25,Accrual Adjustment,Settle residual warehouse supplies accrual after linked supplier invoice,174.92,5,2024-12-25 08:00:00,3,2024-12-25 09:00:00,176
743,JE-2024-000262,2024-12-26,Accrual Adjustment,Settle residual marketing and promotion accrual after linked supplier invoice,41.52,5,2024-12-26 08:00:00,3,2024-12-26 09:00:00,190
744,JE-2024-000263,2024-12-30,Accrual Adjustment,Settle residual research and development accrual after linked supplier invoice,567.79,5,2024-12-30 08:00:00,3,2024-12-30 09:00:00,196
745,JE-2025-000230,2025-01-13,Accrual Adjustment,Settle residual professional fees accrual after linked supplier invoice,39.43,5,2025-01-13 08:00:00,3,2025-01-13 09:00:00,192
746,JE-2025-000231,2025-01-17,Accrual Adjustment,Settle residual it and software accrual after linked supplier invoice,253.5,5,2025-01-17 08:00:00,3,2025-01-17 09:00:00,208
747,JE-2025-000232,2025-01-20,Accrual Adjustment,Settle residual office supplies accrual after linked supplier invoice,236.72,5,2025-01-20 08:00:00,3,2025-01-20 09:00:00,187
748,JE-2025-000233,2025-01-20,Accrual Adjustment,Settle residual warehouse supplies accrual after linked supplier invoice,360.52,5,2025-01-20 08:00:00,3,2025-01-20 09:00:00,195
749,JE-2025-000234,2025-01-22,Accrual Adjustment,Settle residual travel and entertainment accrual after linked supplier invoice,314.44,5,2025-01-22 08:00:00,3,2025-01-22 09:00:00,191
750,JE-2025-000235,2025-02-26,Accrual Adjustment,Settle residual marketing and promotion accrual after linked supplier invoice,619.62,5,2025-02-26 08:00:00,3,2025-02-26 09:00:00,228
751,JE-2025-000236,2025-03-03,Accrual Adjustment,Settle residual bank fees accrual after linked supplier invoice,120.87,5,2025-03-03 08:00:00,3,2025-03-03 09:00:00,212
752,JE-2025-000237,2025-03-03,Accrual Adjustment,Settle residual bank fees accrual after linked supplier invoice,30.74,5,2025-03-03 08:00:00,3,2025-03-03 09:00:00,231
753,JE-2025-000238,2025-03-07,Accrual Adjustment,Settle residual professional fees accrual after linked supplier invoice,109.83,5,2025-03-07 08:00:00,3,2025-03-07 09:00:00,230
754,JE-2025-000239,2025-03-10,Accrual Adjustment,Settle residual miscellaneous administrative accrual after linked supplier invoice,88.15,5,2025-03-10 08:00:00,3,2025-03-10 09:00:00,232
755,JE-2025-000240,2025-03-19,Accrual Adjustment,Settle residual it and software accrual after linked supplier invoice,119.05,5,2025-03-19 08:00:00,3,2025-03-19 09:00:00,227
756,JE-2025-000241,2025-03-21,Accrual Adjustment,Settle residual it and software accrual after linked supplier invoice,236.53,5,2025-03-21 08:00:00,3,2025-03-21 09:00:00,247
757,JE-2025-000242,2025-03-24,Accrual Adjustment,Settle residual bank fees accrual after linked supplier invoice,21.93,5,2025-03-24 08:00:00,3,2025-03-24 09:00:00,251
758,JE-2025-000243,2025-04-04,Accrual Adjustment,Settle residual marketing and promotion accrual after linked supplier invoice,23.01,5,2025-04-04 08:00:00,3,2025-04-04 09:00:00,248
759,JE-2025-000244,2025-04-07,Accrual Adjustment,Settle residual repairs and maintenance accrual after linked supplier invoice,513.32,5,2025-04-07 08:00:00,3,2025-04-07 09:00:00,246
760,JE-2025-000245,2025-04-07,Accrual Adjustment,Settle residual professional fees accrual after linked supplier invoice,100.48,5,2025-04-07 08:00:00,3,2025-04-07 09:00:00,250
761,JE-2025-000246,2025-04-16,Accrual Adjustment,Settle residual insurance accrual after linked supplier invoice,93.11,5,2025-04-16 08:00:00,3,2025-04-16 09:00:00,244
762,JE-2025-000247,2025-04-23,Accrual Adjustment,Settle residual bank fees accrual after linked supplier invoice,159.2,5,2025-04-23 08:00:00,3,2025-04-23 09:00:00,270
763,JE-2025-000248,2025-04-30,Accrual Adjustment,Settle residual warehouse supplies accrual after linked supplier invoice,314.03,5,2025-04-30 08:00:00,3,2025-04-30 09:00:00,253
764,JE-2025-000249,2025-04-30,Accrual Adjustment,Settle residual research and development accrual after linked supplier invoice,1358.02,5,2025-04-30 08:00:00,3,2025-04-30 09:00:00,254
765,JE-2025-000250,2025-05-08,Accrual Adjustment,Settle residual office supplies accrual after linked supplier invoice,281.07,5,2025-05-08 08:00:00,3,2025-05-08 09:00:00,264
766,JE-2025-000251,2025-05-15,Accrual Adjustment,Settle residual travel and entertainment accrual after linked supplier invoice,172.69,5,2025-05-15 08:00:00,3,2025-05-15 09:00:00,287
767,JE-2025-000252,2025-05-22,Accrual Adjustment,Settle residual marketing and promotion accrual after linked supplier invoice,1529.27,5,2025-05-22 08:00:00,3,2025-05-22 09:00:00,286
768,JE-2025-000253,2025-05-26,Accrual Adjustment,Settle residual miscellaneous administrative accrual after linked supplier invoice,310.28,5,2025-05-26 08:00:00,3,2025-05-26 09:00:00,290
769,JE-2025-000254,2025-06-06,Accrual Adjustment,Settle residual professional fees accrual after linked supplier invoice,206.07,5,2025-06-06 08:00:00,3,2025-06-06 09:00:00,288
770,JE-2025-000255,2025-06-09,Accrual Adjustment,Settle residual bank fees accrual after linked supplier invoice,57.23,5,2025-06-09 08:00:00,3,2025-06-09 09:00:00,289
771,JE-2025-000256,2025-06-12,Accrual Adjustment,Settle residual it and software accrual after linked supplier invoice,203.87,5,2025-06-12 08:00:00,3,2025-06-12 09:00:00,285
772,JE-2025-000257,2025-06-20,Accrual Adjustment,Settle residual research and development accrual after linked supplier invoice,200.66,5,2025-06-20 08:00:00,3,2025-06-20 09:00:00,292
773,JE-2025-000258,2025-06-23,Accrual Adjustment,Settle residual research and development accrual after linked supplier invoice,945.08,5,2025-06-23 08:00:00,3,2025-06-23 09:00:00,311
774,JE-2025-000259,2025-06-30,Accrual Adjustment,Settle residual insurance accrual after linked supplier invoice,19.07,5,2025-06-30 08:00:00,3,2025-06-30 09:00:00,282
775,JE-2025-000260,2025-07-14,Accrual Adjustment,Settle residual it and software accrual after linked supplier invoice,265.62,5,2025-07-14 08:00:00,3,2025-07-14 09:00:00,304
776,JE-2025-000261,2025-07-17,Accrual Adjustment,Settle residual miscellaneous administrative accrual after linked supplier invoice,231.53,5,2025-07-17 08:00:00,3,2025-07-17 09:00:00,309
777,JE-2025-000262,2025-07-25,Accrual Adjustment,Settle residual marketing and promotion accrual after linked supplier invoice,366.75,5,2025-07-25 08:00:00,3,2025-07-25 09:00:00,324
778,JE-2025-000263,2025-07-31,Accrual Adjustment,Settle residual office supplies accrual after linked supplier invoice,153.93,5,2025-07-31 08:00:00,3,2025-07-31 09:00:00,302
779,JE-2025-000264,2025-08-19,Accrual Adjustment,Settle residual warehouse supplies accrual after linked supplier invoice,132.25,5,2025-08-19 08:00:00,3,2025-08-19 09:00:00,348
780,JE-2025-000265,2025-09-02,Accrual Adjustment,Settle residual research and development accrual after linked supplier invoice,933.59,5,2025-09-02 08:00:00,3,2025-09-02 09:00:00,349
781,JE-2025-000266,2025-09-09,Accrual Adjustment,Settle residual professional fees accrual after linked supplier invoice,160.08,5,2025-09-09 08:00:00,3,2025-09-09 09:00:00,345
782,JE-2025-000267,2025-09-11,Accrual Adjustment,Settle residual insurance accrual after linked supplier invoice,264.21,5,2025-09-11 08:00:00,3,2025-09-11 09:00:00,339
783,JE-2025-000268,2025-09-12,Accrual Adjustment,Settle residual bank fees accrual after linked supplier invoice,110.0,5,2025-09-12 08:00:00,3,2025-09-12 09:00:00,346
784,JE-2025-000269,2025-09-15,Accrual Adjustment,Settle residual office supplies accrual after linked supplier invoice,315.06,5,2025-09-15 08:00:00,3,2025-09-15 09:00:00,340
785,JE-2025-000270,2025-09-29,Accrual Adjustment,Settle residual travel and entertainment accrual after linked supplier invoice,403.63,5,2025-09-29 08:00:00,3,2025-09-29 09:00:00,344
786,JE-2025-000271,2025-09-29,Accrual Adjustment,Settle residual marketing and promotion accrual after linked supplier invoice,400.51,5,2025-09-29 08:00:00,3,2025-09-29 09:00:00,362
787,JE-2025-000272,2025-10-09,Accrual Adjustment,Settle residual insurance accrual after linked supplier invoice,10.36,5,2025-10-09 08:00:00,3,2025-10-09 09:00:00,358
788,JE-2025-000273,2025-10-17,Accrual Adjustment,Settle residual repairs and maintenance accrual after linked supplier invoice,367.33,5,2025-10-17 08:00:00,3,2025-10-17 09:00:00,379
789,JE-2025-000274,2025-10-22,Accrual Adjustment,Settle residual office supplies accrual after linked supplier invoice,215.88,5,2025-10-22 08:00:00,3,2025-10-22 09:00:00,378
790,JE-2025-000275,2025-10-24,Accrual Adjustment,Settle residual travel and entertainment accrual after linked supplier invoice,59.39,5,2025-10-24 08:00:00,3,2025-10-24 09:00:00,363
791,JE-2025-000276,2025-10-27,Accrual Adjustment,Settle residual repairs and maintenance accrual after linked supplier invoice,174.24,5,2025-10-27 08:00:00,3,2025-10-27 09:00:00,360
792,JE-2025-000277,2025-10-27,Accrual Adjustment,Settle residual it and software accrual after linked supplier invoice,195.26,5,2025-10-27 08:00:00,3,2025-10-27 09:00:00,361
793,JE-2025-000278,2025-10-27,Accrual Adjustment,Settle residual research and development accrual after linked supplier invoice,475.54,5,2025-10-27 08:00:00,3,2025-10-27 09:00:00,387
794,JE-2025-000279,2025-10-28,Accrual Adjustment,Settle residual miscellaneous administrative accrual after linked supplier invoice,269.36,5,2025-10-28 08:00:00,3,2025-10-28 09:00:00,366
795,JE-2025-000280,2025-10-29,Accrual Adjustment,Settle residual office supplies accrual after linked supplier invoice,129.75,5,2025-10-29 08:00:00,3,2025-10-29 09:00:00,359
796,JE-2025-000281,2025-11-24,Accrual Adjustment,Settle residual it and software accrual after linked supplier invoice,180.23,5,2025-11-24 08:00:00,3,2025-11-24 09:00:00,380
797,JE-2025-000282,2025-12-04,Accrual Adjustment,Settle residual marketing and promotion accrual after linked supplier invoice,728.45,5,2025-12-04 08:00:00,3,2025-12-04 09:00:00,400
798,JE-2025-000283,2025-12-08,Accrual Adjustment,Settle residual insurance accrual after linked supplier invoice,209.64,5,2025-12-08 08:00:00,3,2025-12-08 09:00:00,396
799,JE-2025-000284,2025-12-19,Accrual Adjustment,Settle residual warehouse supplies accrual after linked supplier invoice,302.32,5,2025-12-19 08:00:00,3,2025-12-19 09:00:00,405
800,JE-2025-000285,2025-12-29,Accrual Adjustment,Settle residual research and development accrual after linked supplier invoice,49.98,5,2025-12-29 08:00:00,3,2025-12-29 09:00:00,425
801,JE-2026-000253,2026-01-01,Accrual Adjustment,Settle residual bank fees accrual after linked supplier invoice,208.26,5,2026-01-01 08:00:00,3,2026-01-01 09:00:00,403
802,JE-2026-000254,2026-01-20,Accrual Adjustment,Settle residual it and software accrual after linked supplier invoice,340.94,5,2026-01-20 08:00:00,3,2026-01-20 09:00:00,418
803,JE-2026-000255,2026-01-28,Accrual Adjustment,Settle residual warehouse supplies accrual after linked supplier invoice,30.6,5,2026-01-28 08:00:00,3,2026-01-28 09:00:00,443
804,JE-2026-000256,2026-02-02,Accrual Adjustment,Settle residual office supplies accrual after linked supplier invoice,97.11,5,2026-02-02 08:00:00,3,2026-02-02 09:00:00,435
805,JE-2026-000257,2026-02-02,Accrual Adjustment,Settle residual it and software accrual after linked supplier invoice,181.78,5,2026-02-02 08:00:00,3,2026-02-02 09:00:00,437
806,JE-2026-000258,2026-02-16,Accrual Adjustment,Settle residual bank fees accrual after linked supplier invoice,194.18,5,2026-02-16 08:00:00,3,2026-02-16 09:00:00,461
807,JE-2026-000259,2026-02-20,Accrual Adjustment,Settle residual professional fees accrual after linked supplier invoice,149.09,5,2026-02-20 08:00:00,3,2026-02-20 09:00:00,440
808,JE-2026-000260,2026-02-20,Accrual Adjustment,Settle residual research and development accrual after linked supplier invoice,1126.91,5,2026-02-20 08:00:00,3,2026-02-20 09:00:00,444
809,JE-2026-000261,2026-03-03,Accrual Adjustment,Settle residual warehouse supplies accrual after linked supplier invoice,301.52,5,2026-03-03 08:00:00,3,2026-03-03 09:00:00,463
810,JE-2026-000262,2026-03-11,Accrual Adjustment,Settle residual insurance accrual after linked supplier invoice,85.41,5,2026-03-11 08:00:00,3,2026-03-11 09:00:00,454
811,JE-2026-000263,2026-03-12,Accrual Adjustment,Settle residual repairs and maintenance accrual after linked supplier invoice,442.43,5,2026-03-12 08:00:00,3,2026-03-12 09:00:00,456
812,JE-2026-000264,2026-03-23,Accrual Adjustment,Settle residual miscellaneous administrative accrual after linked supplier invoice,323.81,5,2026-03-23 08:00:00,3,2026-03-23 09:00:00,483
813,JE-2026-000265,2026-03-26,Accrual Adjustment,Settle residual marketing and promotion accrual after linked supplier invoice,1019.48,5,2026-03-26 08:00:00,3,2026-03-26 09:00:00,458
814,JE-2026-000266,2026-04-06,Accrual Adjustment,Settle residual office supplies accrual after linked supplier invoice,218.45,5,2026-04-06 08:00:00,3,2026-04-06 09:00:00,476
815,JE-2026-000267,2026-04-06,Accrual Adjustment,Settle residual professional fees accrual after linked supplier invoice,234.74,5,2026-04-06 08:00:00,3,2026-04-06 09:00:00,481
816,JE-2026-000268,2026-04-13,Accrual Adjustment,Settle residual bank fees accrual after linked supplier invoice,32.14,5,2026-04-13 08:00:00,3,2026-04-13 09:00:00,482
817,JE-2026-000269,2026-04-28,Accrual Adjustment,Settle residual professional fees accrual after linked supplier invoice,217.14,5,2026-04-28 08:00:00,3,2026-04-28 09:00:00,502
818,JE-2026-000270,2026-05-14,Accrual Adjustment,Settle residual warehouse supplies accrual after linked supplier invoice,14.36,5,2026-05-14 08:00:00,3,2026-05-14 09:00:00,505
819,JE-2026-000271,2026-05-15,Accrual Adjustment,Settle residual insurance accrual after linked supplier invoice,114.9,5,2026-05-15 08:00:00,3,2026-05-15 09:00:00,496
820,JE-2026-000272,2026-05-15,Accrual Adjustment,Settle residual travel and entertainment accrual after linked supplier invoice,572.5,5,2026-05-15 08:00:00,3,2026-05-15 09:00:00,501
821,JE-2026-000273,2026-05-25,Accrual Adjustment,Settle residual professional fees accrual after linked supplier invoice,232.28,5,2026-05-25 08:00:00,3,2026-05-25 09:00:00,523
822,JE-2026-000274,2026-06-01,Accrual Adjustment,Settle residual office supplies accrual after linked supplier invoice,151.86,5,2026-06-01 08:00:00,3,2026-06-01 09:00:00,518
823,JE-2026-000275,2026-06-15,Accrual Adjustment,Settle residual marketing and promotion accrual after linked supplier invoice,781.96,5,2026-06-15 08:00:00,3,2026-06-15 09:00:00,542
824,JE-2026-000276,2026-06-22,Accrual Adjustment,Settle residual repairs and maintenance accrual after linked supplier invoice,484.76,5,2026-06-22 08:00:00,3,2026-06-22 09:00:00,540
825,JE-2026-000277,2026-07-01,Accrual Adjustment,Settle residual office supplies accrual after linked supplier invoice,296.89,5,2026-07-01 08:00:00,3,2026-07-01 09:00:00,539
826,JE-2026-000278,2026-07-06,Accrual Adjustment,Settle residual research and development accrual after linked supplier invoice,872.91,5,2026-07-06 08:00:00,3,2026-07-06 09:00:00,548
827,JE-2026-000279,2026-07-09,Accrual Adjustment,Settle residual insurance accrual after linked supplier invoice,148.98,5,2026-07-09 08:00:00,3,2026-07-09 09:00:00,538
828,JE-2026-000280,2026-07-28,Accrual Adjustment,Settle residual it and software accrual after linked supplier invoice,176.34,5,2026-07-28 08:00:00,3,2026-07-28 09:00:00,563
829,JE-2026-000281,2026-08-03,Accrual Adjustment,Settle residual insurance accrual after linked supplier invoice,224.18,5,2026-08-03 08:00:00,3,2026-08-03 09:00:00,560
830,JE-2026-000282,2026-08-18,Accrual Adjustment,Settle residual travel and entertainment accrual after linked supplier invoice,438.01,5,2026-08-18 08:00:00,3,2026-08-18 09:00:00,565
831,JE-2026-000283,2026-08-31,Accrual Adjustment,Settle residual office supplies accrual after linked supplier invoice,377.96,5,2026-08-31 08:00:00,3,2026-08-31 09:00:00,582
832,JE-2026-000284,2026-09-22,Accrual Adjustment,Settle residual it and software accrual after linked supplier invoice,286.8,5,2026-09-22 08:00:00,3,2026-09-22 09:00:00,605
833,JE-2026-000285,2026-09-28,Accrual Adjustment,Settle residual research and development accrual after linked supplier invoice,534.99,5,2026-09-28 08:00:00,3,2026-09-28 09:00:00,591
834,JE-2026-000286,2026-10-13,Accrual Adjustment,Settle residual repairs and maintenance accrual after linked supplier invoice,335.29,5,2026-10-13 08:00:00,3,2026-10-13 09:00:00,604
835,JE-2026-000287,2026-10-15,Accrual Adjustment,Settle residual marketing and promotion accrual after linked supplier invoice,282.12,5,2026-10-15 08:00:00,3,2026-10-15 09:00:00,606
836,JE-2026-000288,2026-10-26,Accrual Adjustment,Settle residual insurance accrual after linked supplier invoice,257.6,5,2026-10-26 08:00:00,3,2026-10-26 09:00:00,623
837,JE-2026-000289,2026-10-27,Accrual Adjustment,Settle residual office supplies accrual after linked supplier invoice,341.69,5,2026-10-27 08:00:00,3,2026-10-27 09:00:00,624
838,JE-2026-000290,2026-10-28,Accrual Adjustment,Settle residual miscellaneous administrative accrual after linked supplier invoice,421.08,5,2026-10-28 08:00:00,3,2026-10-28 09:00:00,631
839,JE-2026-000291,2026-11-05,Accrual Adjustment,Settle residual warehouse supplies accrual after linked supplier invoice,127.6,5,2026-11-05 08:00:00,3,2026-11-05 09:00:00,632
840,JE-2026-000292,2026-11-25,Accrual Adjustment,Settle residual professional fees accrual after linked supplier invoice,268.08,5,2026-11-25 08:00:00,3,2026-11-25 09:00:00,650
841,JE-2026-000293,2026-11-27,Accrual Adjustment,Settle residual insurance accrual after linked supplier invoice,94.66,5,2026-11-27 08:00:00,3,2026-11-27 09:00:00,644
842,JE-2026-000294,2026-12-03,Accrual Adjustment,Settle residual miscellaneous administrative accrual after linked supplier invoice,71.38,5,2026-12-03 08:00:00,3,2026-12-03 09:00:00,652
843,JE-2024-000264,2024-05-01,Accrual Adjustment,Partial cleanup of residual office supplies accrual accrual from 2024-01-31,4608.31,5,2024-05-01 08:00:00,3,2024-05-01 09:00:00,8
844,JE-2025-000286,2025-01-01,Accrual Adjustment,Partial cleanup of residual office supplies accrual accrual from 2024-09-30,3113.98,5,2025-01-01 08:00:00,3,2025-01-01 09:00:00,149
845,JE-2026-000295,2026-03-02,Accrual Adjustment,Partial cleanup of residual repairs and maintenance accrual accrual from 2025-11-28,4608.37,5,2026-03-02 08:00:00,3,2026-03-02 09:00:00,417
846,JE-2024-000265,2024-12-31,Year-End Close - P&L to Income Summary,Close 2024 revenue and expense accounts to income summary,27503887.96,3,2024-12-31 08:00:00,2,2024-12-31 09:00:00,
847,JE-2024-000266,2024-12-31,Year-End Close - Income Summary to Retained Earnings,Close 2024 income summary to retained earnings,5110308.27,3,2024-12-31 08:00:00,2,2024-12-31 09:00:00,
848,JE-2025-000287,2025-12-31,Year-End Close - P&L to Income Summary,Close 2025 revenue and expense accounts to income summary,29586268.92,3,2025-12-31 08:00:00,2,2025-12-31 09:00:00,
849,JE-2025-000288,2025-12-31,Year-End Close - Income Summary to Retained Earnings,Close 2025 income summary to retained earnings,5134354.71,3,2025-12-31 08:00:00,2,2025-12-31 09:00:00,
850,JE-2026-000296,2026-12-31,Year-End Close - P&L to Income Summary,Close 2026 revenue and expense accounts to income summary,29973822.48,3,2026-12-31 08:00:00,2,2026-12-31 09:00:00,
851,JE-2026-000297,2026-12-31,Year-End Close - Income Summary to Retained Earnings,Close 2026 income summary to retained earnings,4503611.24,3,2026-12-31 08:00:00,2,2026-12-31 09:00:00,
