PayrollPaymentID,PayrollRegisterID,PaymentDate,PaymentMethod,ReferenceNumber,ClearedDate,RecordedByEmployeeID
2,2,2024-01-18,Direct Deposit,PRPAY-2024-000002,2024-01-22,5
3,3,2024-01-19,Direct Deposit,PRPAY-2024-000003,2024-01-22,5
4,4,2024-01-19,ACH,PRPAY-2024-000004,2024-01-22,5
5,5,2024-01-19,Direct Deposit,PRPAY-2024-000005,2024-01-22,5
6,6,2024-01-19,Direct Deposit,PRPAY-2024-000006,2024-01-22,5
7,7,2024-01-19,Direct Deposit,PRPAY-2024-000007,2024-01-22,5
8,8,2024-01-19,ACH,PRPAY-2024-000008,2024-01-22,5
9,9,2024-01-19,Direct Deposit,PRPAY-2024-000009,2024-01-22,5
10,10,2024-01-19,Direct Deposit,PRPAY-2024-000010,2024-01-22,5
11,11,2024-01-19,ACH,PRPAY-2024-000011,2024-01-22,5
12,12,2024-01-19,Direct Deposit,PRPAY-2024-000012,2024-01-22,5
13,13,2024-01-19,ACH,PRPAY-2024-000013,2024-01-22,5
14,14,2024-01-19,Direct Deposit,PRPAY-2024-000014,2024-01-22,5
15,15,2024-01-19,Direct Deposit,PRPAY-2024-000015,2024-01-22,5
16,16,2024-01-19,Direct Deposit,PRPAY-2024-000016,2024-01-22,5
17,17,2024-01-19,ACH,PRPAY-2024-000017,2024-01-22,5
18,18,2024-01-19,Direct Deposit,PRPAY-2024-000018,2024-01-22,5
19,19,2024-01-19,ACH,PRPAY-2024-000019,2024-01-22,5
20,20,2024-01-19,Direct Deposit,PRPAY-2024-000020,2024-01-22,5
21,21,2024-01-19,Direct Deposit,PRPAY-2024-000021,2024-01-22,5
22,22,2024-01-19,ACH,PRPAY-2024-000022,2024-01-22,5
23,23,2024-01-19,Direct Deposit,PRPAY-2024-000023,2024-01-22,5
24,24,2024-01-19,Direct Deposit,PRPAY-2024-000024,2024-01-22,5
25,25,2024-01-19,ACH,PRPAY-2024-000025,2024-01-22,5
26,26,2024-01-19,ACH,PRPAY-2024-000026,2024-01-22,5
27,27,2024-01-19,Direct Deposit,PRPAY-2024-000027,2024-01-22,5
28,28,2024-01-19,Direct Deposit,PRPAY-2024-000028,2024-01-22,5
29,29,2024-01-19,ACH,PRPAY-2024-000029,2024-01-22,5
30,30,2024-01-19,Direct Deposit,PRPAY-2024-000030,2024-01-22,5
31,31,2024-01-19,Direct Deposit,PRPAY-2024-000031,2024-01-22,5
32,32,2024-01-19,Direct Deposit,PRPAY-2024-000032,2024-01-22,5
33,33,2024-01-19,Direct Deposit,PRPAY-2024-000033,2024-01-22,5
34,34,2024-01-19,Direct Deposit,PRPAY-2024-000034,2024-01-22,5
35,35,2024-01-19,ACH,PRPAY-2024-000035,2024-01-22,5
36,36,2024-01-19,ACH,PRPAY-2024-000036,2024-01-22,5
37,37,2024-01-19,Direct Deposit,PRPAY-2024-000037,2024-01-22,5
38,38,2024-01-19,Direct Deposit,PRPAY-2024-000038,2024-01-22,5
39,39,2024-01-19,Direct Deposit,PRPAY-2024-000039,2024-01-22,5
40,40,2024-01-19,ACH,PRPAY-2024-000040,2024-01-22,5
41,41,2024-01-19,ACH,PRPAY-2024-000041,2024-01-22,5
42,42,2024-01-19,ACH,PRPAY-2024-000042,2024-01-22,5
43,43,2024-01-19,ACH,PRPAY-2024-000043,2024-01-22,5
44,44,2024-01-19,Direct Deposit,PRPAY-2024-000044,2024-01-22,5
45,45,2024-01-19,Direct Deposit,PRPAY-2024-000045,2024-01-22,5
46,46,2024-01-19,Direct Deposit,PRPAY-2024-000046,2024-01-22,5
47,47,2024-01-19,Direct Deposit,PRPAY-2024-000047,2024-01-22,5
48,48,2024-01-19,Direct Deposit,PRPAY-2024-000048,2024-01-22,5
49,49,2024-01-19,ACH,PRPAY-2024-000049,2024-01-22,5
50,50,2024-01-19,ACH,PRPAY-2024-000050,2024-01-22,5
51,51,2024-01-19,ACH,PRPAY-2024-000051,2024-01-22,5
52,52,2024-01-19,ACH,PRPAY-2024-000052,2024-01-22,5
53,53,2024-01-19,ACH,PRPAY-2024-000053,2024-01-22,5
54,54,2024-01-19,Direct Deposit,PRPAY-2024-000054,2024-01-22,5
55,55,2024-01-19,Direct Deposit,PRPAY-2024-000055,2024-01-22,5
56,56,2024-01-19,ACH,PRPAY-2024-000056,2024-01-22,5
57,57,2024-01-19,Direct Deposit,PRPAY-2024-000057,2024-01-22,5
58,58,2024-01-19,Direct Deposit,PRPAY-2024-000058,2024-01-22,5
59,59,2024-01-19,Direct Deposit,PRPAY-2024-000059,2024-01-22,5
60,60,2024-01-19,Direct Deposit,PRPAY-2024-000060,2024-01-22,5
61,61,2024-01-19,ACH,PRPAY-2024-000061,2024-01-22,5
62,62,2024-01-19,ACH,PRPAY-2024-000062,2024-01-22,5
63,63,2024-01-19,ACH,PRPAY-2024-000063,2024-01-22,5
64,64,2024-01-19,Direct Deposit,PRPAY-2024-000064,2024-01-22,5
65,65,2024-01-19,Direct Deposit,PRPAY-2024-000065,2024-01-22,5
66,66,2024-01-19,ACH,PRPAY-2024-000066,2024-01-22,5
67,67,2024-01-19,Direct Deposit,PRPAY-2024-000067,2024-01-22,5
68,68,2024-01-19,ACH,PRPAY-2024-000068,2024-01-22,5
69,69,2024-01-19,Direct Deposit,PRPAY-2024-000069,2024-01-22,5
70,70,2024-01-19,ACH,PRPAY-2024-000070,2024-01-22,5
71,71,2024-01-19,ACH,PRPAY-2024-000071,2024-01-22,5
72,72,2024-01-19,Direct Deposit,PRPAY-2024-000072,2024-01-22,5
73,73,2024-01-19,ACH,PRPAY-2024-000073,2024-01-22,5
74,74,2024-01-19,ACH,PRPAY-2024-000074,2024-01-22,5
75,75,2024-01-19,Direct Deposit,PRPAY-2024-000075,2024-01-22,5
76,76,2024-01-19,ACH,PRPAY-2024-000076,2024-01-22,5
77,77,2024-01-19,ACH,PRPAY-2024-000077,2024-01-22,5
78,78,2024-01-19,Direct Deposit,PRPAY-2024-000078,2024-01-22,5
79,79,2024-01-19,ACH,PRPAY-2024-000079,2024-01-22,5
80,80,2024-01-19,Direct Deposit,PRPAY-2024-000080,2024-01-22,5
81,81,2024-01-19,Direct Deposit,PRPAY-2024-000081,2024-01-22,5
82,82,2024-01-19,ACH,PRPAY-2024-000082,2024-01-22,5
83,83,2024-01-19,Direct Deposit,PRPAY-2024-000083,2024-01-22,5
84,84,2024-01-19,Direct Deposit,PRPAY-2024-000084,2024-01-22,5
85,85,2024-01-19,ACH,PRPAY-2024-000085,2024-01-22,5
86,86,2024-01-19,Direct Deposit,PRPAY-2024-000086,2024-01-22,5
87,87,2024-01-19,ACH,PRPAY-2024-000087,2024-01-22,5
88,88,2024-01-19,ACH,PRPAY-2024-000088,2024-01-22,5
89,89,2024-01-19,Direct Deposit,PRPAY-2024-000089,2024-01-22,5
90,90,2024-01-19,Direct Deposit,PRPAY-2024-000090,2024-01-22,5
91,91,2024-01-19,Direct Deposit,PRPAY-2024-000091,2024-01-22,5
92,92,2024-01-19,ACH,PRPAY-2024-000092,2024-01-22,5
93,93,2024-01-19,Direct Deposit,PRPAY-2024-000093,2024-01-22,5
94,94,2024-01-19,ACH,PRPAY-2024-000094,2024-01-22,5
95,95,2024-01-19,Direct Deposit,PRPAY-2024-000095,2024-01-22,5
96,96,2024-01-19,Direct Deposit,PRPAY-2024-000096,2024-01-22,5
97,97,2024-01-19,ACH,PRPAY-2024-000097,2024-01-22,5
98,98,2024-01-19,ACH,PRPAY-2024-000098,2024-01-22,5
99,99,2024-01-19,Direct Deposit,PRPAY-2024-000099,2024-01-22,5
100,100,2024-01-19,Direct Deposit,PRPAY-2024-000100,2024-01-22,5
101,101,2024-01-19,ACH,PRPAY-2024-000101,2024-01-22,5
102,102,2024-01-19,ACH,PRPAY-2024-000102,2024-01-22,5
103,103,2024-01-19,ACH,PRPAY-2024-000103,2024-01-22,5
104,104,2024-01-19,Direct Deposit,PRPAY-2024-000104,2024-01-22,5
105,105,2024-02-02,Direct Deposit,PRPAY-2024-000105,2024-02-05,5
106,106,2024-02-02,Direct Deposit,PRPAY-2024-000106,2024-02-05,5
107,107,2024-02-02,ACH,PRPAY-2024-000107,2024-02-05,5
108,108,2024-02-02,ACH,PRPAY-2024-000108,2024-02-05,5
109,109,2024-02-02,ACH,PRPAY-2024-000109,2024-02-05,5
110,110,2024-02-02,Direct Deposit,PRPAY-2024-000110,2024-02-05,5
111,111,2024-02-02,ACH,PRPAY-2024-000111,2024-02-05,5
112,112,2024-02-02,ACH,PRPAY-2024-000112,2024-02-05,5
113,113,2024-02-02,ACH,PRPAY-2024-000113,2024-02-05,5
114,114,2024-02-02,ACH,PRPAY-2024-000114,2024-02-05,5
115,115,2024-02-02,Direct Deposit,PRPAY-2024-000115,2024-02-05,5
116,116,2024-02-02,ACH,PRPAY-2024-000116,2024-02-05,5
117,117,2024-02-02,ACH,PRPAY-2024-000117,2024-02-05,5
118,118,2024-02-02,ACH,PRPAY-2024-000118,2024-02-05,5
119,119,2024-02-02,ACH,PRPAY-2024-000119,2024-02-05,5
120,120,2024-02-02,ACH,PRPAY-2024-000120,2024-02-05,5
121,121,2024-02-02,Direct Deposit,PRPAY-2024-000121,2024-02-05,5
122,122,2024-02-02,Direct Deposit,PRPAY-2024-000122,2024-02-05,5
123,123,2024-02-02,Direct Deposit,PRPAY-2024-000123,2024-02-05,5
124,124,2024-02-02,ACH,PRPAY-2024-000124,2024-02-05,5
125,125,2024-02-02,Direct Deposit,PRPAY-2024-000125,2024-02-05,5
126,126,2024-02-02,ACH,PRPAY-2024-000126,2024-02-05,5
127,127,2024-02-02,ACH,PRPAY-2024-000127,2024-02-05,5
128,128,2024-02-02,ACH,PRPAY-2024-000128,2024-02-05,5
129,129,2024-02-02,ACH,PRPAY-2024-000129,2024-02-05,5
130,130,2024-02-02,Direct Deposit,PRPAY-2024-000130,2024-02-05,5
131,131,2024-02-02,ACH,PRPAY-2024-000131,2024-02-05,5
132,132,2024-02-02,ACH,PRPAY-2024-000132,2024-02-05,5
133,133,2024-02-02,ACH,PRPAY-2024-000133,2024-02-05,5
134,134,2024-02-02,Direct Deposit,PRPAY-2024-000134,2024-02-05,5
135,135,2024-02-02,ACH,PRPAY-2024-000135,2024-02-05,5
136,136,2024-02-02,Direct Deposit,PRPAY-2024-000136,2024-02-05,5
137,137,2024-02-02,Direct Deposit,PRPAY-2024-000137,2024-02-05,5
138,138,2024-02-02,Direct Deposit,PRPAY-2024-000138,2024-02-05,5
139,139,2024-02-02,Direct Deposit,PRPAY-2024-000139,2024-02-05,5
140,140,2024-02-02,Direct Deposit,PRPAY-2024-000140,2024-02-05,5
141,141,2024-02-02,ACH,PRPAY-2024-000141,2024-02-05,5
142,142,2024-02-02,ACH,PRPAY-2024-000142,2024-02-05,5
143,143,2024-02-02,ACH,PRPAY-2024-000143,2024-02-05,5
144,144,2024-02-02,Direct Deposit,PRPAY-2024-000144,2024-02-05,5
145,145,2024-02-02,Direct Deposit,PRPAY-2024-000145,2024-02-05,5
146,146,2024-02-02,Direct Deposit,PRPAY-2024-000146,2024-02-05,5
147,147,2024-02-02,Direct Deposit,PRPAY-2024-000147,2024-02-05,5
148,148,2024-02-02,Direct Deposit,PRPAY-2024-000148,2024-02-05,5
149,149,2024-02-02,Direct Deposit,PRPAY-2024-000149,2024-02-05,5
150,150,2024-02-02,Direct Deposit,PRPAY-2024-000150,2024-02-05,5
151,151,2024-02-02,ACH,PRPAY-2024-000151,2024-02-05,5
152,152,2024-02-02,ACH,PRPAY-2024-000152,2024-02-05,5
153,153,2024-02-02,Direct Deposit,PRPAY-2024-000153,2024-02-05,5
154,154,2024-02-02,ACH,PRPAY-2024-000154,2024-02-05,5
155,155,2024-02-02,Direct Deposit,PRPAY-2024-000155,2024-02-05,5
156,156,2024-02-02,Direct Deposit,PRPAY-2024-000156,2024-02-05,5
157,157,2024-02-02,Direct Deposit,PRPAY-2024-000157,2024-02-05,5
158,158,2024-02-02,Direct Deposit,PRPAY-2024-000158,2024-02-05,5
159,159,2024-02-02,ACH,PRPAY-2024-000159,2024-02-05,5
160,160,2024-02-02,Direct Deposit,PRPAY-2024-000160,2024-02-05,5
161,161,2024-02-02,Direct Deposit,PRPAY-2024-000161,2024-02-05,5
162,162,2024-02-02,Direct Deposit,PRPAY-2024-000162,2024-02-05,5
163,163,2024-02-02,Direct Deposit,PRPAY-2024-000163,2024-02-05,5
164,164,2024-02-02,ACH,PRPAY-2024-000164,2024-02-05,5
165,165,2024-02-02,Direct Deposit,PRPAY-2024-000165,2024-02-05,5
166,166,2024-02-02,ACH,PRPAY-2024-000166,2024-02-05,5
167,167,2024-02-02,ACH,PRPAY-2024-000167,2024-02-05,5
168,168,2024-02-02,Direct Deposit,PRPAY-2024-000168,2024-02-05,5
169,169,2024-02-02,ACH,PRPAY-2024-000169,2024-02-05,5
170,170,2024-02-02,ACH,PRPAY-2024-000170,2024-02-05,5
171,171,2024-02-02,ACH,PRPAY-2024-000171,2024-02-05,5
172,172,2024-02-02,ACH,PRPAY-2024-000172,2024-02-05,5
173,173,2024-02-02,Direct Deposit,PRPAY-2024-000173,2024-02-05,5
174,174,2024-02-02,ACH,PRPAY-2024-000174,2024-02-05,5
175,175,2024-02-02,ACH,PRPAY-2024-000175,2024-02-05,5
176,176,2024-02-02,Direct Deposit,PRPAY-2024-000176,2024-02-05,5
177,177,2024-02-02,ACH,PRPAY-2024-000177,2024-02-05,5
178,178,2024-02-02,ACH,PRPAY-2024-000178,2024-02-05,5
179,179,2024-02-02,ACH,PRPAY-2024-000179,2024-02-05,5
180,180,2024-02-02,Direct Deposit,PRPAY-2024-000180,2024-02-05,5
181,181,2024-02-02,ACH,PRPAY-2024-000181,2024-02-05,5
182,182,2024-02-02,ACH,PRPAY-2024-000182,2024-02-05,5
183,183,2024-02-02,Direct Deposit,PRPAY-2024-000183,2024-02-05,5
184,184,2024-02-02,ACH,PRPAY-2024-000184,2024-02-05,5
185,185,2024-02-02,Direct Deposit,PRPAY-2024-000185,2024-02-05,5
186,186,2024-02-02,ACH,PRPAY-2024-000186,2024-02-05,5
187,187,2024-02-02,Direct Deposit,PRPAY-2024-000187,2024-02-05,5
188,188,2024-02-02,Direct Deposit,PRPAY-2024-000188,2024-02-05,5
189,189,2024-02-02,ACH,PRPAY-2024-000189,2024-02-05,5
190,190,2024-02-02,ACH,PRPAY-2024-000190,2024-02-05,5
191,191,2024-02-02,ACH,PRPAY-2024-000191,2024-02-05,5
192,192,2024-02-02,ACH,PRPAY-2024-000192,2024-02-05,5
193,193,2024-02-02,Direct Deposit,PRPAY-2024-000193,2024-02-05,5
194,194,2024-02-02,ACH,PRPAY-2024-000194,2024-02-05,5
195,195,2024-02-02,ACH,PRPAY-2024-000195,2024-02-05,5
196,196,2024-02-02,ACH,PRPAY-2024-000196,2024-02-05,5
197,197,2024-02-02,ACH,PRPAY-2024-000197,2024-02-05,5
198,198,2024-02-02,ACH,PRPAY-2024-000198,2024-02-05,5
199,199,2024-02-02,Direct Deposit,PRPAY-2024-000199,2024-02-05,5
200,200,2024-02-02,ACH,PRPAY-2024-000200,2024-02-05,5
201,201,2024-02-02,Direct Deposit,PRPAY-2024-000201,2024-02-05,5
202,202,2024-02-02,Direct Deposit,PRPAY-2024-000202,2024-02-05,5
203,203,2024-02-02,ACH,PRPAY-2024-000203,2024-02-05,5
204,204,2024-02-02,ACH,PRPAY-2024-000204,2024-02-05,5
205,205,2024-02-02,ACH,PRPAY-2024-000205,2024-02-05,5
206,206,2024-02-02,Direct Deposit,PRPAY-2024-000206,2024-02-05,5
207,207,2024-02-02,Direct Deposit,PRPAY-2024-000207,2024-02-05,5
208,208,2024-02-02,Direct Deposit,PRPAY-2024-000208,2024-02-05,5
209,209,2024-02-02,ACH,PRPAY-2024-000209,2024-02-05,5
210,210,2024-02-16,Direct Deposit,PRPAY-2024-000210,2024-02-19,5
211,211,2024-02-16,Direct Deposit,PRPAY-2024-000211,2024-02-19,5
212,212,2024-02-16,Direct Deposit,PRPAY-2024-000212,2024-02-19,5
213,213,2024-02-16,ACH,PRPAY-2024-000213,2024-02-19,5
214,214,2024-02-16,Direct Deposit,PRPAY-2024-000214,2024-02-19,5
215,215,2024-02-16,ACH,PRPAY-2024-000215,2024-02-19,5
216,216,2024-02-16,Direct Deposit,PRPAY-2024-000216,2024-02-19,5
217,217,2024-02-16,Direct Deposit,PRPAY-2024-000217,2024-02-19,5
218,218,2024-02-16,Direct Deposit,PRPAY-2024-000218,2024-02-19,5
219,219,2024-02-16,ACH,PRPAY-2024-000219,2024-02-19,5
220,220,2024-02-16,Direct Deposit,PRPAY-2024-000220,2024-02-19,5
221,221,2024-02-16,Direct Deposit,PRPAY-2024-000221,2024-02-19,5
222,222,2024-02-16,Direct Deposit,PRPAY-2024-000222,2024-02-19,5
223,223,2024-02-16,ACH,PRPAY-2024-000223,2024-02-19,5
224,224,2024-02-16,ACH,PRPAY-2024-000224,2024-02-19,5
225,225,2024-02-16,Direct Deposit,PRPAY-2024-000225,2024-02-19,5
226,226,2024-02-16,ACH,PRPAY-2024-000226,2024-02-19,5
227,227,2024-02-16,ACH,PRPAY-2024-000227,2024-02-19,5
228,228,2024-02-16,ACH,PRPAY-2024-000228,2024-02-19,5
229,229,2024-02-16,ACH,PRPAY-2024-000229,2024-02-19,5
230,230,2024-02-16,Direct Deposit,PRPAY-2024-000230,2024-02-19,5
231,231,2024-02-16,ACH,PRPAY-2024-000231,2024-02-19,5
232,232,2024-02-16,ACH,PRPAY-2024-000232,2024-02-19,5
233,233,2024-02-16,Direct Deposit,PRPAY-2024-000233,2024-02-19,5
234,234,2024-02-16,Direct Deposit,PRPAY-2024-000234,2024-02-19,5
235,235,2024-02-16,Direct Deposit,PRPAY-2024-000235,2024-02-19,5
236,236,2024-02-16,Direct Deposit,PRPAY-2024-000236,2024-02-19,5
237,237,2024-02-16,ACH,PRPAY-2024-000237,2024-02-19,5
238,238,2024-02-16,Direct Deposit,PRPAY-2024-000238,2024-02-19,5
239,239,2024-02-16,Direct Deposit,PRPAY-2024-000239,2024-02-19,5
240,240,2024-02-16,ACH,PRPAY-2024-000240,2024-02-19,5
241,241,2024-02-16,Direct Deposit,PRPAY-2024-000241,2024-02-19,5
242,242,2024-02-16,ACH,PRPAY-2024-000242,2024-02-19,5
243,243,2024-02-16,ACH,PRPAY-2024-000243,2024-02-19,5
244,244,2024-02-16,Direct Deposit,PRPAY-2024-000244,2024-02-19,5
245,245,2024-02-16,ACH,PRPAY-2024-000245,2024-02-19,5
246,246,2024-02-16,ACH,PRPAY-2024-000246,2024-02-19,5
247,247,2024-02-16,ACH,PRPAY-2024-000247,2024-02-19,5
248,248,2024-02-16,Direct Deposit,PRPAY-2024-000248,2024-02-19,5
249,249,2024-02-16,ACH,PRPAY-2024-000249,2024-02-19,5
250,250,2024-02-16,Direct Deposit,PRPAY-2024-000250,2024-02-19,5
251,251,2024-02-16,Direct Deposit,PRPAY-2024-000251,2024-02-19,5
252,252,2024-02-16,Direct Deposit,PRPAY-2024-000252,2024-02-19,5
253,253,2024-02-16,ACH,PRPAY-2024-000253,2024-02-19,5
254,254,2024-02-16,Direct Deposit,PRPAY-2024-000254,2024-02-19,5
255,255,2024-02-16,Direct Deposit,PRPAY-2024-000255,2024-02-19,5
256,256,2024-02-16,Direct Deposit,PRPAY-2024-000256,2024-02-19,5
257,257,2024-02-16,ACH,PRPAY-2024-000257,2024-02-19,5
258,258,2024-02-16,Direct Deposit,PRPAY-2024-000258,2024-02-19,5
259,259,2024-02-16,ACH,PRPAY-2024-000259,2024-02-19,5
260,260,2024-02-16,ACH,PRPAY-2024-000260,2024-02-19,5
261,261,2024-02-16,ACH,PRPAY-2024-000261,2024-02-19,5
262,262,2024-02-16,ACH,PRPAY-2024-000262,2024-02-19,5
263,263,2024-02-16,ACH,PRPAY-2024-000263,2024-02-19,5
264,264,2024-02-16,ACH,PRPAY-2024-000264,2024-02-19,5
265,265,2024-02-16,ACH,PRPAY-2024-000265,2024-02-19,5
266,266,2024-02-16,Direct Deposit,PRPAY-2024-000266,2024-02-19,5
267,267,2024-02-16,ACH,PRPAY-2024-000267,2024-02-19,5
268,268,2024-02-16,ACH,PRPAY-2024-000268,2024-02-19,5
269,269,2024-02-16,Direct Deposit,PRPAY-2024-000269,2024-02-19,5
270,270,2024-02-16,ACH,PRPAY-2024-000270,2024-02-19,5
271,271,2024-02-16,Direct Deposit,PRPAY-2024-000271,2024-02-19,5
272,272,2024-02-16,Direct Deposit,PRPAY-2024-000272,2024-02-19,5
273,273,2024-02-16,Direct Deposit,PRPAY-2024-000273,2024-02-19,5
274,274,2024-02-16,Direct Deposit,PRPAY-2024-000274,2024-02-19,5
275,275,2024-02-16,ACH,PRPAY-2024-000275,2024-02-19,5
276,276,2024-02-16,Direct Deposit,PRPAY-2024-000276,2024-02-19,5
277,277,2024-02-16,ACH,PRPAY-2024-000277,2024-02-19,5
278,278,2024-02-16,ACH,PRPAY-2024-000278,2024-02-19,5
279,279,2024-02-16,Direct Deposit,PRPAY-2024-000279,2024-02-19,5
280,280,2024-02-16,Direct Deposit,PRPAY-2024-000280,2024-02-19,5
281,281,2024-02-16,Direct Deposit,PRPAY-2024-000281,2024-02-19,5
282,282,2024-02-16,Direct Deposit,PRPAY-2024-000282,2024-02-19,5
283,283,2024-02-16,ACH,PRPAY-2024-000283,2024-02-19,5
284,284,2024-02-16,Direct Deposit,PRPAY-2024-000284,2024-02-19,5
285,285,2024-02-16,Direct Deposit,PRPAY-2024-000285,2024-02-19,5
286,286,2024-02-16,Direct Deposit,PRPAY-2024-000286,2024-02-19,5
287,287,2024-02-16,ACH,PRPAY-2024-000287,2024-02-19,5
288,288,2024-02-16,Direct Deposit,PRPAY-2024-000288,2024-02-19,5
289,289,2024-02-16,Direct Deposit,PRPAY-2024-000289,2024-02-19,5
290,290,2024-02-16,Direct Deposit,PRPAY-2024-000290,2024-02-19,5
291,291,2024-02-16,Direct Deposit,PRPAY-2024-000291,2024-02-19,5
292,292,2024-02-16,ACH,PRPAY-2024-000292,2024-02-19,5
293,293,2024-02-16,ACH,PRPAY-2024-000293,2024-02-19,5
294,294,2024-02-16,Direct Deposit,PRPAY-2024-000294,2024-02-19,5
295,295,2024-02-16,Direct Deposit,PRPAY-2024-000295,2024-02-19,5
296,296,2024-02-16,Direct Deposit,PRPAY-2024-000296,2024-02-19,5
297,297,2024-02-16,Direct Deposit,PRPAY-2024-000297,2024-02-19,5
298,298,2024-02-16,ACH,PRPAY-2024-000298,2024-02-19,5
299,299,2024-02-16,ACH,PRPAY-2024-000299,2024-02-19,5
300,300,2024-02-16,Direct Deposit,PRPAY-2024-000300,2024-02-19,5
301,301,2024-02-16,Direct Deposit,PRPAY-2024-000301,2024-02-19,5
302,302,2024-02-16,Direct Deposit,PRPAY-2024-000302,2024-02-19,5
303,303,2024-02-16,ACH,PRPAY-2024-000303,2024-02-19,5
304,304,2024-02-16,Direct Deposit,PRPAY-2024-000304,2024-02-19,5
305,305,2024-02-16,Direct Deposit,PRPAY-2024-000305,2024-02-19,5
306,306,2024-02-16,Direct Deposit,PRPAY-2024-000306,2024-02-19,5
307,307,2024-02-16,Direct Deposit,PRPAY-2024-000307,2024-02-19,5
308,308,2024-02-16,ACH,PRPAY-2024-000308,2024-02-19,5
309,309,2024-02-16,Direct Deposit,PRPAY-2024-000309,2024-02-19,5
310,310,2024-02-16,Direct Deposit,PRPAY-2024-000310,2024-02-19,5
311,311,2024-02-16,Direct Deposit,PRPAY-2024-000311,2024-02-19,5
312,312,2024-02-16,Direct Deposit,PRPAY-2024-000312,2024-02-19,5
313,313,2024-02-16,Direct Deposit,PRPAY-2024-000313,2024-02-19,5
314,314,2024-02-16,Direct Deposit,PRPAY-2024-000314,2024-02-19,5
315,315,2024-03-01,Direct Deposit,PRPAY-2024-000315,2024-03-04,5
316,316,2024-03-01,Direct Deposit,PRPAY-2024-000316,2024-03-04,5
317,317,2024-03-01,ACH,PRPAY-2024-000317,2024-03-04,5
318,318,2024-03-01,ACH,PRPAY-2024-000318,2024-03-04,5
319,319,2024-03-01,ACH,PRPAY-2024-000319,2024-03-04,5
320,320,2024-03-01,Direct Deposit,PRPAY-2024-000320,2024-03-04,5
321,321,2024-03-01,ACH,PRPAY-2024-000321,2024-03-04,5
322,322,2024-03-01,ACH,PRPAY-2024-000322,2024-03-04,5
323,323,2024-03-01,ACH,PRPAY-2024-000323,2024-03-04,5
324,324,2024-03-01,ACH,PRPAY-2024-000324,2024-03-04,5
325,325,2024-03-01,Direct Deposit,PRPAY-2024-000325,2024-03-04,5
326,326,2024-03-01,ACH,PRPAY-2024-000326,2024-03-04,5
327,327,2024-03-01,ACH,PRPAY-2024-000327,2024-03-04,5
328,328,2024-03-01,ACH,PRPAY-2024-000328,2024-03-04,5
329,329,2024-03-01,ACH,PRPAY-2024-000329,2024-03-04,5
330,330,2024-03-01,ACH,PRPAY-2024-000330,2024-03-04,5
331,331,2024-03-01,Direct Deposit,PRPAY-2024-000331,2024-03-04,5
332,332,2024-03-01,Direct Deposit,PRPAY-2024-000332,2024-03-04,5
333,333,2024-03-01,Direct Deposit,PRPAY-2024-000333,2024-03-04,5
334,334,2024-03-01,ACH,PRPAY-2024-000334,2024-03-04,5
335,335,2024-03-01,Direct Deposit,PRPAY-2024-000335,2024-03-04,5
336,336,2024-03-01,ACH,PRPAY-2024-000336,2024-03-04,5
337,337,2024-03-01,ACH,PRPAY-2024-000337,2024-03-04,5
338,338,2024-03-01,ACH,PRPAY-2024-000338,2024-03-04,5
339,339,2024-03-01,ACH,PRPAY-2024-000339,2024-03-04,5
340,340,2024-03-01,Direct Deposit,PRPAY-2024-000340,2024-03-04,5
341,341,2024-03-01,ACH,PRPAY-2024-000341,2024-03-04,5
342,342,2024-03-01,ACH,PRPAY-2024-000342,2024-03-04,5
343,343,2024-03-01,ACH,PRPAY-2024-000343,2024-03-04,5
344,344,2024-03-01,Direct Deposit,PRPAY-2024-000344,2024-03-04,5
345,345,2024-03-01,ACH,PRPAY-2024-000345,2024-03-04,5
346,346,2024-03-01,Direct Deposit,PRPAY-2024-000346,2024-03-04,5
347,347,2024-03-01,Direct Deposit,PRPAY-2024-000347,2024-03-04,5
348,348,2024-03-01,Direct Deposit,PRPAY-2024-000348,2024-03-04,5
349,349,2024-03-01,Direct Deposit,PRPAY-2024-000349,2024-03-04,5
350,350,2024-03-01,Direct Deposit,PRPAY-2024-000350,2024-03-04,5
351,351,2024-03-01,ACH,PRPAY-2024-000351,2024-03-04,5
352,352,2024-03-01,ACH,PRPAY-2024-000352,2024-03-04,5
353,353,2024-03-01,ACH,PRPAY-2024-000353,2024-03-04,5
354,354,2024-03-01,Direct Deposit,PRPAY-2024-000354,2024-03-04,5
355,355,2024-03-01,Direct Deposit,PRPAY-2024-000355,2024-03-04,5
356,356,2024-03-01,Direct Deposit,PRPAY-2024-000356,2024-03-04,5
357,357,2024-03-01,Direct Deposit,PRPAY-2024-000357,2024-03-04,5
358,358,2024-03-01,Direct Deposit,PRPAY-2024-000358,2024-03-04,5
359,359,2024-03-01,Direct Deposit,PRPAY-2024-000359,2024-03-04,5
360,360,2024-03-01,Direct Deposit,PRPAY-2024-000360,2024-03-04,5
361,361,2024-03-01,ACH,PRPAY-2024-000361,2024-03-04,5
362,362,2024-03-01,ACH,PRPAY-2024-000362,2024-03-04,5
363,363,2024-03-01,Direct Deposit,PRPAY-2024-000363,2024-03-04,5
364,364,2024-03-01,ACH,PRPAY-2024-000364,2024-03-04,5
365,365,2024-03-01,Direct Deposit,PRPAY-2024-000365,2024-03-04,5
366,366,2024-03-01,Direct Deposit,PRPAY-2024-000366,2024-03-04,5
367,367,2024-03-01,Direct Deposit,PRPAY-2024-000367,2024-03-04,5
368,368,2024-03-01,Direct Deposit,PRPAY-2024-000368,2024-03-04,5
369,369,2024-03-01,ACH,PRPAY-2024-000369,2024-03-04,5
370,370,2024-03-01,Direct Deposit,PRPAY-2024-000370,2024-03-04,5
371,371,2024-03-01,Direct Deposit,PRPAY-2024-000371,2024-03-04,5
372,372,2024-03-01,Direct Deposit,PRPAY-2024-000372,2024-03-04,5
373,373,2024-03-01,Direct Deposit,PRPAY-2024-000373,2024-03-04,5
374,374,2024-03-01,ACH,PRPAY-2024-000374,2024-03-04,5
375,375,2024-03-01,Direct Deposit,PRPAY-2024-000375,2024-03-04,5
376,376,2024-03-01,ACH,PRPAY-2024-000376,2024-03-04,5
377,377,2024-03-01,ACH,PRPAY-2024-000377,2024-03-04,5
378,378,2024-03-01,Direct Deposit,PRPAY-2024-000378,2024-03-04,5
379,379,2024-03-01,ACH,PRPAY-2024-000379,2024-03-04,5
380,380,2024-03-01,ACH,PRPAY-2024-000380,2024-03-04,5
381,381,2024-03-01,ACH,PRPAY-2024-000381,2024-03-04,5
382,382,2024-03-01,ACH,PRPAY-2024-000382,2024-03-04,5
383,383,2024-03-01,Direct Deposit,PRPAY-2024-000383,2024-03-04,5
384,384,2024-03-01,ACH,PRPAY-2024-000384,2024-03-04,5
385,385,2024-03-01,ACH,PRPAY-2024-000385,2024-03-04,5
386,386,2024-03-01,Direct Deposit,PRPAY-2024-000386,2024-03-04,5
387,387,2024-03-01,ACH,PRPAY-2024-000387,2024-03-04,5
388,388,2024-03-01,ACH,PRPAY-2024-000388,2024-03-04,5
389,389,2024-03-01,ACH,PRPAY-2024-000389,2024-03-04,5
390,390,2024-03-01,Direct Deposit,PRPAY-2024-000390,2024-03-04,5
391,391,2024-03-01,ACH,PRPAY-2024-000391,2024-03-04,5
392,392,2024-03-01,ACH,PRPAY-2024-000392,2024-03-04,5
393,393,2024-03-01,Direct Deposit,PRPAY-2024-000393,2024-03-04,5
394,394,2024-03-01,ACH,PRPAY-2024-000394,2024-03-04,5
395,395,2024-03-01,Direct Deposit,PRPAY-2024-000395,2024-03-04,5
396,396,2024-03-01,ACH,PRPAY-2024-000396,2024-03-04,5
397,397,2024-03-01,Direct Deposit,PRPAY-2024-000397,2024-03-04,5
398,398,2024-03-01,Direct Deposit,PRPAY-2024-000398,2024-03-04,5
399,399,2024-03-01,ACH,PRPAY-2024-000399,2024-03-04,5
400,400,2024-03-01,ACH,PRPAY-2024-000400,2024-03-04,5
401,401,2024-03-01,ACH,PRPAY-2024-000401,2024-03-04,5
402,402,2024-03-01,ACH,PRPAY-2024-000402,2024-03-04,5
403,403,2024-03-01,Direct Deposit,PRPAY-2024-000403,2024-03-04,5
404,404,2024-03-01,ACH,PRPAY-2024-000404,2024-03-04,5
405,405,2024-03-01,ACH,PRPAY-2024-000405,2024-03-04,5
406,406,2024-03-01,ACH,PRPAY-2024-000406,2024-03-04,5
407,407,2024-03-01,ACH,PRPAY-2024-000407,2024-03-04,5
408,408,2024-03-01,ACH,PRPAY-2024-000408,2024-03-04,5
409,409,2024-03-01,Direct Deposit,PRPAY-2024-000409,2024-03-04,5
410,410,2024-03-01,ACH,PRPAY-2024-000410,2024-03-04,5
411,411,2024-03-01,Direct Deposit,PRPAY-2024-000411,2024-03-04,5
412,412,2024-03-01,Direct Deposit,PRPAY-2024-000412,2024-03-04,5
413,413,2024-03-01,ACH,PRPAY-2024-000413,2024-03-04,5
414,414,2024-03-01,ACH,PRPAY-2024-000414,2024-03-04,5
415,415,2024-03-01,ACH,PRPAY-2024-000415,2024-03-04,5
416,416,2024-03-01,Direct Deposit,PRPAY-2024-000416,2024-03-04,5
417,417,2024-03-01,Direct Deposit,PRPAY-2024-000417,2024-03-04,5
418,418,2024-03-01,Direct Deposit,PRPAY-2024-000418,2024-03-04,5
419,419,2024-03-01,ACH,PRPAY-2024-000419,2024-03-04,5
420,420,2024-03-15,Direct Deposit,PRPAY-2024-000420,2024-03-18,5
421,421,2024-03-15,Direct Deposit,PRPAY-2024-000421,2024-03-18,5
422,422,2024-03-15,Direct Deposit,PRPAY-2024-000422,2024-03-18,5
423,423,2024-03-15,ACH,PRPAY-2024-000423,2024-03-18,5
424,424,2024-03-15,Direct Deposit,PRPAY-2024-000424,2024-03-18,5
425,425,2024-03-15,ACH,PRPAY-2024-000425,2024-03-18,5
426,426,2024-03-15,Direct Deposit,PRPAY-2024-000426,2024-03-18,5
427,427,2024-03-15,Direct Deposit,PRPAY-2024-000427,2024-03-18,5
428,428,2024-03-15,Direct Deposit,PRPAY-2024-000428,2024-03-18,5
429,429,2024-03-15,ACH,PRPAY-2024-000429,2024-03-18,5
430,430,2024-03-15,Direct Deposit,PRPAY-2024-000430,2024-03-18,5
431,431,2024-03-15,Direct Deposit,PRPAY-2024-000431,2024-03-18,5
432,432,2024-03-15,Direct Deposit,PRPAY-2024-000432,2024-03-18,5
433,433,2024-03-15,ACH,PRPAY-2024-000433,2024-03-18,5
434,434,2024-03-15,ACH,PRPAY-2024-000434,2024-03-18,5
435,435,2024-03-15,Direct Deposit,PRPAY-2024-000435,2024-03-18,5
436,436,2024-03-15,ACH,PRPAY-2024-000436,2024-03-18,5
437,437,2024-03-15,ACH,PRPAY-2024-000437,2024-03-18,5
438,438,2024-03-15,ACH,PRPAY-2024-000438,2024-03-18,5
439,439,2024-03-15,ACH,PRPAY-2024-000439,2024-03-18,5
440,440,2024-03-15,Direct Deposit,PRPAY-2024-000440,2024-03-18,5
441,441,2024-03-15,ACH,PRPAY-2024-000441,2024-03-18,5
442,442,2024-03-15,ACH,PRPAY-2024-000442,2024-03-18,5
443,443,2024-03-15,Direct Deposit,PRPAY-2024-000443,2024-03-18,5
444,444,2024-03-15,Direct Deposit,PRPAY-2024-000444,2024-03-18,5
445,445,2024-03-15,Direct Deposit,PRPAY-2024-000445,2024-03-18,5
446,446,2024-03-15,Direct Deposit,PRPAY-2024-000446,2024-03-18,5
447,447,2024-03-15,ACH,PRPAY-2024-000447,2024-03-18,5
448,448,2024-03-15,Direct Deposit,PRPAY-2024-000448,2024-03-18,5
449,449,2024-03-15,Direct Deposit,PRPAY-2024-000449,2024-03-18,5
450,450,2024-03-15,ACH,PRPAY-2024-000450,2024-03-18,5
451,451,2024-03-15,Direct Deposit,PRPAY-2024-000451,2024-03-18,5
452,452,2024-03-15,ACH,PRPAY-2024-000452,2024-03-18,5
453,453,2024-03-15,ACH,PRPAY-2024-000453,2024-03-18,5
454,454,2024-03-15,Direct Deposit,PRPAY-2024-000454,2024-03-18,5
455,455,2024-03-15,ACH,PRPAY-2024-000455,2024-03-18,5
456,456,2024-03-15,ACH,PRPAY-2024-000456,2024-03-18,5
457,457,2024-03-15,ACH,PRPAY-2024-000457,2024-03-18,5
458,458,2024-03-15,Direct Deposit,PRPAY-2024-000458,2024-03-18,5
459,459,2024-03-15,ACH,PRPAY-2024-000459,2024-03-18,5
460,460,2024-03-15,Direct Deposit,PRPAY-2024-000460,2024-03-18,5
461,461,2024-03-15,Direct Deposit,PRPAY-2024-000461,2024-03-18,5
462,462,2024-03-15,Direct Deposit,PRPAY-2024-000462,2024-03-18,5
463,463,2024-03-15,ACH,PRPAY-2024-000463,2024-03-18,5
464,464,2024-03-15,Direct Deposit,PRPAY-2024-000464,2024-03-18,5
465,465,2024-03-15,Direct Deposit,PRPAY-2024-000465,2024-03-18,5
466,466,2024-03-15,Direct Deposit,PRPAY-2024-000466,2024-03-18,5
467,467,2024-03-15,ACH,PRPAY-2024-000467,2024-03-18,5
468,468,2024-03-15,Direct Deposit,PRPAY-2024-000468,2024-03-18,5
469,469,2024-03-15,ACH,PRPAY-2024-000469,2024-03-18,5
470,470,2024-03-15,ACH,PRPAY-2024-000470,2024-03-18,5
471,471,2024-03-15,ACH,PRPAY-2024-000471,2024-03-18,5
472,472,2024-03-15,ACH,PRPAY-2024-000472,2024-03-18,5
473,473,2024-03-15,ACH,PRPAY-2024-000473,2024-03-18,5
474,474,2024-03-15,ACH,PRPAY-2024-000474,2024-03-18,5
475,475,2024-03-15,ACH,PRPAY-2024-000475,2024-03-18,5
476,476,2024-03-15,Direct Deposit,PRPAY-2024-000476,2024-03-18,5
477,477,2024-03-15,ACH,PRPAY-2024-000477,2024-03-18,5
478,478,2024-03-15,ACH,PRPAY-2024-000478,2024-03-18,5
479,479,2024-03-15,Direct Deposit,PRPAY-2024-000479,2024-03-18,5
480,480,2024-03-15,ACH,PRPAY-2024-000480,2024-03-18,5
481,481,2024-03-15,Direct Deposit,PRPAY-2024-000481,2024-03-18,5
482,482,2024-03-15,Direct Deposit,PRPAY-2024-000482,2024-03-18,5
483,483,2024-03-15,Direct Deposit,PRPAY-2024-000483,2024-03-18,5
484,484,2024-03-15,Direct Deposit,PRPAY-2024-000484,2024-03-18,5
485,485,2024-03-15,ACH,PRPAY-2024-000485,2024-03-18,5
486,486,2024-03-15,Direct Deposit,PRPAY-2024-000486,2024-03-18,5
487,487,2024-03-15,ACH,PRPAY-2024-000487,2024-03-18,5
488,488,2024-03-15,ACH,PRPAY-2024-000488,2024-03-18,5
489,489,2024-03-15,Direct Deposit,PRPAY-2024-000489,2024-03-18,5
490,490,2024-03-15,Direct Deposit,PRPAY-2024-000490,2024-03-18,5
491,491,2024-03-15,Direct Deposit,PRPAY-2024-000491,2024-03-18,5
492,492,2024-03-15,Direct Deposit,PRPAY-2024-000492,2024-03-18,5
493,493,2024-03-15,ACH,PRPAY-2024-000493,2024-03-18,5
494,494,2024-03-15,Direct Deposit,PRPAY-2024-000494,2024-03-18,5
495,495,2024-03-15,Direct Deposit,PRPAY-2024-000495,2024-03-18,5
496,496,2024-03-15,Direct Deposit,PRPAY-2024-000496,2024-03-18,5
497,497,2024-03-15,ACH,PRPAY-2024-000497,2024-03-18,5
498,498,2024-03-15,Direct Deposit,PRPAY-2024-000498,2024-03-18,5
499,499,2024-03-15,Direct Deposit,PRPAY-2024-000499,2024-03-18,5
500,500,2024-03-15,Direct Deposit,PRPAY-2024-000500,2024-03-18,5
501,501,2024-03-15,Direct Deposit,PRPAY-2024-000501,2024-03-18,5
502,502,2024-03-15,ACH,PRPAY-2024-000502,2024-03-18,5
503,503,2024-03-15,ACH,PRPAY-2024-000503,2024-03-18,5
504,504,2024-03-15,Direct Deposit,PRPAY-2024-000504,2024-03-18,5
505,505,2024-03-15,Direct Deposit,PRPAY-2024-000505,2024-03-18,5
506,506,2024-03-15,Direct Deposit,PRPAY-2024-000506,2024-03-18,5
507,507,2024-03-15,Direct Deposit,PRPAY-2024-000507,2024-03-18,5
508,508,2024-03-15,ACH,PRPAY-2024-000508,2024-03-18,5
509,509,2024-03-15,ACH,PRPAY-2024-000509,2024-03-18,5
510,510,2024-03-15,Direct Deposit,PRPAY-2024-000510,2024-03-18,5
511,511,2024-03-15,Direct Deposit,PRPAY-2024-000511,2024-03-18,5
512,512,2024-03-15,Direct Deposit,PRPAY-2024-000512,2024-03-18,5
513,513,2024-03-15,ACH,PRPAY-2024-000513,2024-03-18,5
514,514,2024-03-15,Direct Deposit,PRPAY-2024-000514,2024-03-18,5
515,515,2024-03-15,Direct Deposit,PRPAY-2024-000515,2024-03-18,5
516,516,2024-03-15,Direct Deposit,PRPAY-2024-000516,2024-03-18,5
517,517,2024-03-15,Direct Deposit,PRPAY-2024-000517,2024-03-18,5
518,518,2024-03-15,ACH,PRPAY-2024-000518,2024-03-18,5
519,519,2024-03-15,Direct Deposit,PRPAY-2024-000519,2024-03-18,5
520,520,2024-03-15,Direct Deposit,PRPAY-2024-000520,2024-03-18,5
521,521,2024-03-15,Direct Deposit,PRPAY-2024-000521,2024-03-18,5
522,522,2024-03-15,Direct Deposit,PRPAY-2024-000522,2024-03-18,5
523,523,2024-03-15,Direct Deposit,PRPAY-2024-000523,2024-03-18,5
524,524,2024-03-15,Direct Deposit,PRPAY-2024-000524,2024-03-18,5
525,525,2024-03-29,ACH,PRPAY-2024-000525,2024-04-01,5
526,526,2024-03-29,ACH,PRPAY-2024-000526,2024-04-01,5
527,527,2024-03-29,Direct Deposit,PRPAY-2024-000527,2024-04-01,5
528,528,2024-03-29,Direct Deposit,PRPAY-2024-000528,2024-04-01,5
529,529,2024-03-29,Direct Deposit,PRPAY-2024-000529,2024-04-01,5
530,530,2024-03-29,ACH,PRPAY-2024-000530,2024-04-01,5
531,531,2024-03-29,ACH,PRPAY-2024-000531,2024-04-01,5
532,532,2024-03-29,ACH,PRPAY-2024-000532,2024-04-01,5
533,533,2024-03-29,Direct Deposit,PRPAY-2024-000533,2024-04-01,5
534,534,2024-03-29,Direct Deposit,PRPAY-2024-000534,2024-04-01,5
535,535,2024-03-29,Direct Deposit,PRPAY-2024-000535,2024-04-01,5
536,536,2024-03-29,Direct Deposit,PRPAY-2024-000536,2024-04-01,5
537,537,2024-03-29,Direct Deposit,PRPAY-2024-000537,2024-04-01,5
538,538,2024-03-29,ACH,PRPAY-2024-000538,2024-04-01,5
539,539,2024-03-29,ACH,PRPAY-2024-000539,2024-04-01,5
540,540,2024-03-29,Direct Deposit,PRPAY-2024-000540,2024-04-01,5
541,541,2024-03-29,ACH,PRPAY-2024-000541,2024-04-01,5
542,542,2024-03-29,Direct Deposit,PRPAY-2024-000542,2024-04-01,5
543,543,2024-03-29,Direct Deposit,PRPAY-2024-000543,2024-04-01,5
544,544,2024-03-29,Direct Deposit,PRPAY-2024-000544,2024-04-01,5
545,545,2024-03-29,ACH,PRPAY-2024-000545,2024-04-01,5
546,546,2024-03-29,ACH,PRPAY-2024-000546,2024-04-01,5
547,547,2024-03-29,ACH,PRPAY-2024-000547,2024-04-01,5
548,548,2024-03-29,ACH,PRPAY-2024-000548,2024-04-01,5
549,549,2024-03-29,Direct Deposit,PRPAY-2024-000549,2024-04-01,5
550,550,2024-03-29,ACH,PRPAY-2024-000550,2024-04-01,5
551,551,2024-03-29,ACH,PRPAY-2024-000551,2024-04-01,5
552,552,2024-03-29,ACH,PRPAY-2024-000552,2024-04-01,5
553,553,2024-03-29,ACH,PRPAY-2024-000553,2024-04-01,5
554,554,2024-03-29,Direct Deposit,PRPAY-2024-000554,2024-04-01,5
555,555,2024-03-29,Direct Deposit,PRPAY-2024-000555,2024-04-01,5
556,556,2024-03-29,ACH,PRPAY-2024-000556,2024-04-01,5
557,557,2024-03-29,ACH,PRPAY-2024-000557,2024-04-01,5
558,558,2024-03-29,ACH,PRPAY-2024-000558,2024-04-01,5
559,559,2024-03-29,Direct Deposit,PRPAY-2024-000559,2024-04-01,5
560,560,2024-03-29,ACH,PRPAY-2024-000560,2024-04-01,5
561,561,2024-03-29,Direct Deposit,PRPAY-2024-000561,2024-04-01,5
562,562,2024-03-29,ACH,PRPAY-2024-000562,2024-04-01,5
563,563,2024-03-29,Direct Deposit,PRPAY-2024-000563,2024-04-01,5
564,564,2024-03-29,Direct Deposit,PRPAY-2024-000564,2024-04-01,5
565,565,2024-03-29,ACH,PRPAY-2024-000565,2024-04-01,5
566,566,2024-03-29,Direct Deposit,PRPAY-2024-000566,2024-04-01,5
567,567,2024-03-29,ACH,PRPAY-2024-000567,2024-04-01,5
568,568,2024-03-29,Direct Deposit,PRPAY-2024-000568,2024-04-01,5
569,569,2024-03-29,ACH,PRPAY-2024-000569,2024-04-01,5
570,570,2024-03-29,Direct Deposit,PRPAY-2024-000570,2024-04-01,5
571,571,2024-03-29,Direct Deposit,PRPAY-2024-000571,2024-04-01,5
572,572,2024-03-29,Direct Deposit,PRPAY-2024-000572,2024-04-01,5
573,573,2024-03-29,ACH,PRPAY-2024-000573,2024-04-01,5
574,574,2024-03-29,ACH,PRPAY-2024-000574,2024-04-01,5
575,575,2024-03-29,Direct Deposit,PRPAY-2024-000575,2024-04-01,5
576,576,2024-03-29,ACH,PRPAY-2024-000576,2024-04-01,5
577,577,2024-03-29,ACH,PRPAY-2024-000577,2024-04-01,5
578,578,2024-03-29,ACH,PRPAY-2024-000578,2024-04-01,5
579,579,2024-03-29,ACH,PRPAY-2024-000579,2024-04-01,5
580,580,2024-03-29,ACH,PRPAY-2024-000580,2024-04-01,5
581,581,2024-03-29,Direct Deposit,PRPAY-2024-000581,2024-04-01,5
582,582,2024-03-29,ACH,PRPAY-2024-000582,2024-04-01,5
583,583,2024-03-29,Direct Deposit,PRPAY-2024-000583,2024-04-01,5
584,584,2024-03-29,ACH,PRPAY-2024-000584,2024-04-01,5
585,585,2024-03-29,ACH,PRPAY-2024-000585,2024-04-01,5
586,586,2024-03-29,ACH,PRPAY-2024-000586,2024-04-01,5
587,587,2024-03-29,ACH,PRPAY-2024-000587,2024-04-01,5
588,588,2024-03-29,ACH,PRPAY-2024-000588,2024-04-01,5
589,589,2024-03-29,Direct Deposit,PRPAY-2024-000589,2024-04-01,5
590,590,2024-03-29,ACH,PRPAY-2024-000590,2024-04-01,5
591,591,2024-03-29,ACH,PRPAY-2024-000591,2024-04-01,5
592,592,2024-03-29,Direct Deposit,PRPAY-2024-000592,2024-04-01,5
593,593,2024-03-29,ACH,PRPAY-2024-000593,2024-04-01,5
594,594,2024-03-29,Direct Deposit,PRPAY-2024-000594,2024-04-01,5
595,595,2024-03-29,ACH,PRPAY-2024-000595,2024-04-01,5
596,596,2024-03-29,Direct Deposit,PRPAY-2024-000596,2024-04-01,5
597,597,2024-03-29,ACH,PRPAY-2024-000597,2024-04-01,5
598,598,2024-03-29,Direct Deposit,PRPAY-2024-000598,2024-04-01,5
599,599,2024-03-29,Direct Deposit,PRPAY-2024-000599,2024-04-01,5
600,600,2024-03-29,ACH,PRPAY-2024-000600,2024-04-01,5
601,601,2024-03-29,Direct Deposit,PRPAY-2024-000601,2024-04-01,5
602,602,2024-03-29,ACH,PRPAY-2024-000602,2024-04-01,5
603,603,2024-03-29,Direct Deposit,PRPAY-2024-000603,2024-04-01,5
604,604,2024-03-29,ACH,PRPAY-2024-000604,2024-04-01,5
605,605,2024-03-29,Direct Deposit,PRPAY-2024-000605,2024-04-01,5
606,606,2024-03-29,ACH,PRPAY-2024-000606,2024-04-01,5
607,607,2024-03-29,ACH,PRPAY-2024-000607,2024-04-01,5
608,608,2024-03-29,Direct Deposit,PRPAY-2024-000608,2024-04-01,5
609,609,2024-03-29,Direct Deposit,PRPAY-2024-000609,2024-04-01,5
610,610,2024-03-29,Direct Deposit,PRPAY-2024-000610,2024-04-01,5
611,611,2024-03-29,Direct Deposit,PRPAY-2024-000611,2024-04-01,5
612,612,2024-03-29,ACH,PRPAY-2024-000612,2024-04-01,5
613,613,2024-03-29,Direct Deposit,PRPAY-2024-000613,2024-04-01,5
614,614,2024-03-29,Direct Deposit,PRPAY-2024-000614,2024-04-01,5
615,615,2024-03-29,ACH,PRPAY-2024-000615,2024-04-01,5
616,616,2024-03-29,Direct Deposit,PRPAY-2024-000616,2024-04-01,5
617,617,2024-03-29,ACH,PRPAY-2024-000617,2024-04-01,5
618,618,2024-03-29,ACH,PRPAY-2024-000618,2024-04-01,5
619,619,2024-03-29,ACH,PRPAY-2024-000619,2024-04-01,5
620,620,2024-03-29,Direct Deposit,PRPAY-2024-000620,2024-04-01,5
621,621,2024-03-29,ACH,PRPAY-2024-000621,2024-04-01,5
622,622,2024-03-29,Direct Deposit,PRPAY-2024-000622,2024-04-01,5
623,623,2024-03-29,Direct Deposit,PRPAY-2024-000623,2024-04-01,5
624,624,2024-03-29,Direct Deposit,PRPAY-2024-000624,2024-04-01,5
625,625,2024-03-29,Direct Deposit,PRPAY-2024-000625,2024-04-01,5
626,626,2024-03-29,ACH,PRPAY-2024-000626,2024-04-01,5
627,627,2024-03-29,Direct Deposit,PRPAY-2024-000627,2024-04-01,5
628,628,2024-03-29,Direct Deposit,PRPAY-2024-000628,2024-04-01,5
629,629,2024-03-29,Direct Deposit,PRPAY-2024-000629,2024-04-01,5
630,630,2024-04-12,Direct Deposit,PRPAY-2024-000630,2024-04-15,5
631,631,2024-04-12,Direct Deposit,PRPAY-2024-000631,2024-04-15,5
632,632,2024-04-12,Direct Deposit,PRPAY-2024-000632,2024-04-15,5
633,633,2024-04-12,Direct Deposit,PRPAY-2024-000633,2024-04-15,5
634,634,2024-04-12,ACH,PRPAY-2024-000634,2024-04-15,5
635,635,2024-04-12,ACH,PRPAY-2024-000635,2024-04-15,5
636,636,2024-04-12,Direct Deposit,PRPAY-2024-000636,2024-04-15,5
637,637,2024-04-12,Direct Deposit,PRPAY-2024-000637,2024-04-15,5
638,638,2024-04-12,Direct Deposit,PRPAY-2024-000638,2024-04-15,5
639,639,2024-04-12,Direct Deposit,PRPAY-2024-000639,2024-04-15,5
640,640,2024-04-12,ACH,PRPAY-2024-000640,2024-04-15,5
641,641,2024-04-12,Direct Deposit,PRPAY-2024-000641,2024-04-15,5
642,642,2024-04-12,ACH,PRPAY-2024-000642,2024-04-15,5
643,643,2024-04-12,ACH,PRPAY-2024-000643,2024-04-15,5
644,644,2024-04-12,ACH,PRPAY-2024-000644,2024-04-15,5
645,645,2024-04-12,Direct Deposit,PRPAY-2024-000645,2024-04-15,5
646,646,2024-04-12,Direct Deposit,PRPAY-2024-000646,2024-04-15,5
647,647,2024-04-12,ACH,PRPAY-2024-000647,2024-04-15,5
648,648,2024-04-12,ACH,PRPAY-2024-000648,2024-04-15,5
649,649,2024-04-12,ACH,PRPAY-2024-000649,2024-04-15,5
650,650,2024-04-12,ACH,PRPAY-2024-000650,2024-04-15,5
651,651,2024-04-12,ACH,PRPAY-2024-000651,2024-04-15,5
652,652,2024-04-12,Direct Deposit,PRPAY-2024-000652,2024-04-15,5
653,653,2024-04-12,Direct Deposit,PRPAY-2024-000653,2024-04-15,5
654,654,2024-04-12,ACH,PRPAY-2024-000654,2024-04-15,5
655,655,2024-04-12,Direct Deposit,PRPAY-2024-000655,2024-04-15,5
656,656,2024-04-12,Direct Deposit,PRPAY-2024-000656,2024-04-15,5
657,657,2024-04-12,ACH,PRPAY-2024-000657,2024-04-15,5
658,658,2024-04-12,Direct Deposit,PRPAY-2024-000658,2024-04-15,5
659,659,2024-04-12,Direct Deposit,PRPAY-2024-000659,2024-04-15,5
660,660,2024-04-12,ACH,PRPAY-2024-000660,2024-04-15,5
661,661,2024-04-12,Direct Deposit,PRPAY-2024-000661,2024-04-15,5
662,662,2024-04-12,Direct Deposit,PRPAY-2024-000662,2024-04-15,5
663,663,2024-04-12,Direct Deposit,PRPAY-2024-000663,2024-04-15,5
664,664,2024-04-12,Direct Deposit,PRPAY-2024-000664,2024-04-15,5
665,665,2024-04-12,Direct Deposit,PRPAY-2024-000665,2024-04-15,5
666,666,2024-04-12,ACH,PRPAY-2024-000666,2024-04-15,5
667,667,2024-04-12,ACH,PRPAY-2024-000667,2024-04-15,5
668,668,2024-04-12,ACH,PRPAY-2024-000668,2024-04-15,5
669,669,2024-04-12,Direct Deposit,PRPAY-2024-000669,2024-04-15,5
670,670,2024-04-12,Direct Deposit,PRPAY-2024-000670,2024-04-15,5
671,671,2024-04-12,ACH,PRPAY-2024-000671,2024-04-15,5
672,672,2024-04-12,ACH,PRPAY-2024-000672,2024-04-15,5
673,673,2024-04-12,ACH,PRPAY-2024-000673,2024-04-15,5
674,674,2024-04-12,ACH,PRPAY-2024-000674,2024-04-15,5
675,675,2024-04-12,ACH,PRPAY-2024-000675,2024-04-15,5
676,676,2024-04-12,ACH,PRPAY-2024-000676,2024-04-15,5
677,677,2024-04-12,Direct Deposit,PRPAY-2024-000677,2024-04-15,5
678,678,2024-04-12,Direct Deposit,PRPAY-2024-000678,2024-04-15,5
679,679,2024-04-12,ACH,PRPAY-2024-000679,2024-04-15,5
680,680,2024-04-12,ACH,PRPAY-2024-000680,2024-04-15,5
681,681,2024-04-12,ACH,PRPAY-2024-000681,2024-04-15,5
682,682,2024-04-12,Direct Deposit,PRPAY-2024-000682,2024-04-15,5
683,683,2024-04-12,Direct Deposit,PRPAY-2024-000683,2024-04-15,5
684,684,2024-04-12,ACH,PRPAY-2024-000684,2024-04-15,5
685,685,2024-04-12,ACH,PRPAY-2024-000685,2024-04-15,5
686,686,2024-04-12,ACH,PRPAY-2024-000686,2024-04-15,5
687,687,2024-04-12,Direct Deposit,PRPAY-2024-000687,2024-04-15,5
688,688,2024-04-12,ACH,PRPAY-2024-000688,2024-04-15,5
689,689,2024-04-12,Direct Deposit,PRPAY-2024-000689,2024-04-15,5
690,690,2024-04-12,Direct Deposit,PRPAY-2024-000690,2024-04-15,5
691,691,2024-04-12,ACH,PRPAY-2024-000691,2024-04-15,5
692,692,2024-04-12,ACH,PRPAY-2024-000692,2024-04-15,5
693,693,2024-04-12,ACH,PRPAY-2024-000693,2024-04-15,5
694,694,2024-04-12,ACH,PRPAY-2024-000694,2024-04-15,5
695,695,2024-04-12,Direct Deposit,PRPAY-2024-000695,2024-04-15,5
696,696,2024-04-12,ACH,PRPAY-2024-000696,2024-04-15,5
697,697,2024-04-12,Direct Deposit,PRPAY-2024-000697,2024-04-15,5
698,698,2024-04-12,Direct Deposit,PRPAY-2024-000698,2024-04-15,5
699,699,2024-04-12,Direct Deposit,PRPAY-2024-000699,2024-04-15,5
700,700,2024-04-12,Direct Deposit,PRPAY-2024-000700,2024-04-15,5
701,701,2024-04-12,ACH,PRPAY-2024-000701,2024-04-15,5
702,702,2024-04-12,ACH,PRPAY-2024-000702,2024-04-15,5
703,703,2024-04-12,Direct Deposit,PRPAY-2024-000703,2024-04-15,5
704,704,2024-04-12,Direct Deposit,PRPAY-2024-000704,2024-04-15,5
705,705,2024-04-12,Direct Deposit,PRPAY-2024-000705,2024-04-15,5
706,706,2024-04-12,Direct Deposit,PRPAY-2024-000706,2024-04-15,5
707,707,2024-04-12,Direct Deposit,PRPAY-2024-000707,2024-04-15,5
708,708,2024-04-12,Direct Deposit,PRPAY-2024-000708,2024-04-15,5
709,709,2024-04-12,Direct Deposit,PRPAY-2024-000709,2024-04-15,5
710,710,2024-04-12,Direct Deposit,PRPAY-2024-000710,2024-04-15,5
711,711,2024-04-12,Direct Deposit,PRPAY-2024-000711,2024-04-15,5
712,712,2024-04-12,ACH,PRPAY-2024-000712,2024-04-15,5
713,713,2024-04-12,Direct Deposit,PRPAY-2024-000713,2024-04-15,5
714,714,2024-04-12,Direct Deposit,PRPAY-2024-000714,2024-04-15,5
715,715,2024-04-12,Direct Deposit,PRPAY-2024-000715,2024-04-15,5
716,716,2024-04-12,Direct Deposit,PRPAY-2024-000716,2024-04-15,5
717,717,2024-04-12,ACH,PRPAY-2024-000717,2024-04-15,5
718,718,2024-04-12,Direct Deposit,PRPAY-2024-000718,2024-04-15,5
719,719,2024-04-12,ACH,PRPAY-2024-000719,2024-04-15,5
720,720,2024-04-12,ACH,PRPAY-2024-000720,2024-04-15,5
721,721,2024-04-12,ACH,PRPAY-2024-000721,2024-04-15,5
722,722,2024-04-12,ACH,PRPAY-2024-000722,2024-04-15,5
723,723,2024-04-12,Direct Deposit,PRPAY-2024-000723,2024-04-15,5
724,724,2024-04-12,ACH,PRPAY-2024-000724,2024-04-15,5
725,725,2024-04-12,ACH,PRPAY-2024-000725,2024-04-15,5
726,726,2024-04-12,ACH,PRPAY-2024-000726,2024-04-15,5
727,727,2024-04-12,ACH,PRPAY-2024-000727,2024-04-15,5
728,728,2024-04-12,ACH,PRPAY-2024-000728,2024-04-15,5
729,729,2024-04-12,Direct Deposit,PRPAY-2024-000729,2024-04-15,5
730,730,2024-04-12,ACH,PRPAY-2024-000730,2024-04-15,5
731,731,2024-04-12,Direct Deposit,PRPAY-2024-000731,2024-04-15,5
732,732,2024-04-12,Direct Deposit,PRPAY-2024-000732,2024-04-15,5
733,733,2024-04-12,ACH,PRPAY-2024-000733,2024-04-15,5
734,734,2024-04-12,ACH,PRPAY-2024-000734,2024-04-15,5
735,735,2024-04-26,ACH,PRPAY-2024-000735,2024-04-29,5
736,736,2024-04-26,ACH,PRPAY-2024-000736,2024-04-29,5
737,737,2024-04-26,ACH,PRPAY-2024-000737,2024-04-29,5
738,738,2024-04-26,ACH,PRPAY-2024-000738,2024-04-29,5
739,739,2024-04-26,Direct Deposit,PRPAY-2024-000739,2024-04-29,5
740,740,2024-04-26,ACH,PRPAY-2024-000740,2024-04-29,5
741,741,2024-04-26,Direct Deposit,PRPAY-2024-000741,2024-04-29,5
742,742,2024-04-26,ACH,PRPAY-2024-000742,2024-04-29,5
743,743,2024-04-26,ACH,PRPAY-2024-000743,2024-04-29,5
744,744,2024-04-26,ACH,PRPAY-2024-000744,2024-04-29,5
745,745,2024-04-26,Direct Deposit,PRPAY-2024-000745,2024-04-29,5
746,746,2024-04-26,ACH,PRPAY-2024-000746,2024-04-29,5
747,747,2024-04-26,Direct Deposit,PRPAY-2024-000747,2024-04-29,5
748,748,2024-04-26,ACH,PRPAY-2024-000748,2024-04-29,5
749,749,2024-04-26,ACH,PRPAY-2024-000749,2024-04-29,5
750,750,2024-04-26,ACH,PRPAY-2024-000750,2024-04-29,5
751,751,2024-04-26,ACH,PRPAY-2024-000751,2024-04-29,5
752,752,2024-04-26,ACH,PRPAY-2024-000752,2024-04-29,5
753,753,2024-04-26,Direct Deposit,PRPAY-2024-000753,2024-04-29,5
754,754,2024-04-26,ACH,PRPAY-2024-000754,2024-04-29,5
755,755,2024-04-26,Direct Deposit,PRPAY-2024-000755,2024-04-29,5
756,756,2024-04-26,Direct Deposit,PRPAY-2024-000756,2024-04-29,5
757,757,2024-04-26,ACH,PRPAY-2024-000757,2024-04-29,5
758,758,2024-04-26,Direct Deposit,PRPAY-2024-000758,2024-04-29,5
759,759,2024-04-26,ACH,PRPAY-2024-000759,2024-04-29,5
760,760,2024-04-26,Direct Deposit,PRPAY-2024-000760,2024-04-29,5
761,761,2024-04-26,ACH,PRPAY-2024-000761,2024-04-29,5
762,762,2024-04-26,Direct Deposit,PRPAY-2024-000762,2024-04-29,5
763,763,2024-04-26,Direct Deposit,PRPAY-2024-000763,2024-04-29,5
764,764,2024-04-26,ACH,PRPAY-2024-000764,2024-04-29,5
765,765,2024-04-26,Direct Deposit,PRPAY-2024-000765,2024-04-29,5
766,766,2024-04-26,Direct Deposit,PRPAY-2024-000766,2024-04-29,5
767,767,2024-04-26,Direct Deposit,PRPAY-2024-000767,2024-04-29,5
768,768,2024-04-26,Direct Deposit,PRPAY-2024-000768,2024-04-29,5
769,769,2024-04-26,Direct Deposit,PRPAY-2024-000769,2024-04-29,5
770,770,2024-04-26,Direct Deposit,PRPAY-2024-000770,2024-04-29,5
771,771,2024-04-26,Direct Deposit,PRPAY-2024-000771,2024-04-29,5
772,772,2024-04-26,Direct Deposit,PRPAY-2024-000772,2024-04-29,5
773,773,2024-04-26,Direct Deposit,PRPAY-2024-000773,2024-04-29,5
774,774,2024-04-26,ACH,PRPAY-2024-000774,2024-04-29,5
775,775,2024-04-26,Direct Deposit,PRPAY-2024-000775,2024-04-29,5
776,776,2024-04-26,ACH,PRPAY-2024-000776,2024-04-29,5
777,777,2024-04-26,ACH,PRPAY-2024-000777,2024-04-29,5
778,778,2024-04-26,ACH,PRPAY-2024-000778,2024-04-29,5
779,779,2024-04-26,Direct Deposit,PRPAY-2024-000779,2024-04-29,5
780,780,2024-04-26,Direct Deposit,PRPAY-2024-000780,2024-04-29,5
781,781,2024-04-26,Direct Deposit,PRPAY-2024-000781,2024-04-29,5
782,782,2024-04-26,ACH,PRPAY-2024-000782,2024-04-29,5
783,783,2024-04-26,Direct Deposit,PRPAY-2024-000783,2024-04-29,5
784,784,2024-04-26,Direct Deposit,PRPAY-2024-000784,2024-04-29,5
785,785,2024-04-26,Direct Deposit,PRPAY-2024-000785,2024-04-29,5
786,786,2024-04-26,ACH,PRPAY-2024-000786,2024-04-29,5
787,787,2024-04-26,Direct Deposit,PRPAY-2024-000787,2024-04-29,5
788,788,2024-04-26,ACH,PRPAY-2024-000788,2024-04-29,5
789,789,2024-04-26,ACH,PRPAY-2024-000789,2024-04-29,5
790,790,2024-04-26,Direct Deposit,PRPAY-2024-000790,2024-04-29,5
791,791,2024-04-26,Direct Deposit,PRPAY-2024-000791,2024-04-29,5
792,792,2024-04-26,Direct Deposit,PRPAY-2024-000792,2024-04-29,5
793,793,2024-04-26,ACH,PRPAY-2024-000793,2024-04-29,5
794,794,2024-04-26,ACH,PRPAY-2024-000794,2024-04-29,5
795,795,2024-04-26,Direct Deposit,PRPAY-2024-000795,2024-04-29,5
796,796,2024-04-26,ACH,PRPAY-2024-000796,2024-04-29,5
797,797,2024-04-26,ACH,PRPAY-2024-000797,2024-04-29,5
798,798,2024-04-26,ACH,PRPAY-2024-000798,2024-04-29,5
799,799,2024-04-26,ACH,PRPAY-2024-000799,2024-04-29,5
800,800,2024-04-26,ACH,PRPAY-2024-000800,2024-04-29,5
801,801,2024-04-26,Direct Deposit,PRPAY-2024-000801,2024-04-29,5
802,802,2024-04-26,Direct Deposit,PRPAY-2024-000802,2024-04-29,5
803,803,2024-04-26,ACH,PRPAY-2024-000803,2024-04-29,5
804,804,2024-04-26,Direct Deposit,PRPAY-2024-000804,2024-04-29,5
805,805,2024-04-26,ACH,PRPAY-2024-000805,2024-04-29,5
806,806,2024-04-26,Direct Deposit,PRPAY-2024-000806,2024-04-29,5
807,807,2024-04-26,ACH,PRPAY-2024-000807,2024-04-29,5
808,808,2024-04-26,ACH,PRPAY-2024-000808,2024-04-29,5
809,809,2024-04-26,Direct Deposit,PRPAY-2024-000809,2024-04-29,5
810,810,2024-04-26,Direct Deposit,PRPAY-2024-000810,2024-04-29,5
811,811,2024-04-26,Direct Deposit,PRPAY-2024-000811,2024-04-29,5
812,812,2024-04-26,ACH,PRPAY-2024-000812,2024-04-29,5
813,813,2024-04-26,ACH,PRPAY-2024-000813,2024-04-29,5
814,814,2024-04-26,Direct Deposit,PRPAY-2024-000814,2024-04-29,5
815,815,2024-04-26,Direct Deposit,PRPAY-2024-000815,2024-04-29,5
816,816,2024-04-26,Direct Deposit,PRPAY-2024-000816,2024-04-29,5
817,817,2024-04-26,Direct Deposit,PRPAY-2024-000817,2024-04-29,5
818,818,2024-04-26,Direct Deposit,PRPAY-2024-000818,2024-04-29,5
819,819,2024-04-26,ACH,PRPAY-2024-000819,2024-04-29,5
820,820,2024-04-26,Direct Deposit,PRPAY-2024-000820,2024-04-29,5
821,821,2024-04-26,Direct Deposit,PRPAY-2024-000821,2024-04-29,5
822,822,2024-04-26,ACH,PRPAY-2024-000822,2024-04-29,5
823,823,2024-04-26,Direct Deposit,PRPAY-2024-000823,2024-04-29,5
824,824,2024-04-26,Direct Deposit,PRPAY-2024-000824,2024-04-29,5
825,825,2024-04-26,Direct Deposit,PRPAY-2024-000825,2024-04-29,5
826,826,2024-04-26,Direct Deposit,PRPAY-2024-000826,2024-04-29,5
827,827,2024-04-26,Direct Deposit,PRPAY-2024-000827,2024-04-29,5
828,828,2024-04-26,ACH,PRPAY-2024-000828,2024-04-29,5
829,829,2024-04-26,Direct Deposit,PRPAY-2024-000829,2024-04-29,5
830,830,2024-04-26,ACH,PRPAY-2024-000830,2024-04-29,5
831,831,2024-04-26,Direct Deposit,PRPAY-2024-000831,2024-04-29,5
832,832,2024-04-26,ACH,PRPAY-2024-000832,2024-04-29,5
833,833,2024-04-26,Direct Deposit,PRPAY-2024-000833,2024-04-29,5
834,834,2024-04-26,ACH,PRPAY-2024-000834,2024-04-29,5
835,835,2024-04-26,ACH,PRPAY-2024-000835,2024-04-29,5
836,836,2024-04-26,ACH,PRPAY-2024-000836,2024-04-29,5
837,837,2024-04-26,ACH,PRPAY-2024-000837,2024-04-29,5
838,838,2024-04-26,ACH,PRPAY-2024-000838,2024-04-29,5
839,839,2024-04-26,ACH,PRPAY-2024-000839,2024-04-29,5
840,840,2024-05-10,ACH,PRPAY-2024-000840,2024-05-13,5
841,841,2024-05-10,Direct Deposit,PRPAY-2024-000841,2024-05-13,5
842,842,2024-05-10,Direct Deposit,PRPAY-2024-000842,2024-05-13,5
843,843,2024-05-10,ACH,PRPAY-2024-000843,2024-05-13,5
844,844,2024-05-10,ACH,PRPAY-2024-000844,2024-05-13,5
845,845,2024-05-10,ACH,PRPAY-2024-000845,2024-05-13,5
846,846,2024-05-10,Direct Deposit,PRPAY-2024-000846,2024-05-13,5
847,847,2024-05-10,Direct Deposit,PRPAY-2024-000847,2024-05-13,5
848,848,2024-05-10,ACH,PRPAY-2024-000848,2024-05-13,5
849,849,2024-05-10,ACH,PRPAY-2024-000849,2024-05-13,5
850,850,2024-05-10,Direct Deposit,PRPAY-2024-000850,2024-05-13,5
851,851,2024-05-10,Direct Deposit,PRPAY-2024-000851,2024-05-13,5
852,852,2024-05-10,Direct Deposit,PRPAY-2024-000852,2024-05-13,5
853,853,2024-05-10,ACH,PRPAY-2024-000853,2024-05-13,5
854,854,2024-05-10,Direct Deposit,PRPAY-2024-000854,2024-05-13,5
855,855,2024-05-10,ACH,PRPAY-2024-000855,2024-05-13,5
856,856,2024-05-10,Direct Deposit,PRPAY-2024-000856,2024-05-13,5
857,857,2024-05-10,Direct Deposit,PRPAY-2024-000857,2024-05-13,5
858,858,2024-05-10,Direct Deposit,PRPAY-2024-000858,2024-05-13,5
859,859,2024-05-10,Direct Deposit,PRPAY-2024-000859,2024-05-13,5
860,860,2024-05-10,Direct Deposit,PRPAY-2024-000860,2024-05-13,5
861,861,2024-05-10,Direct Deposit,PRPAY-2024-000861,2024-05-13,5
862,862,2024-05-10,ACH,PRPAY-2024-000862,2024-05-13,5
863,863,2024-05-10,Direct Deposit,PRPAY-2024-000863,2024-05-13,5
864,864,2024-05-10,Direct Deposit,PRPAY-2024-000864,2024-05-13,5
865,865,2024-05-10,ACH,PRPAY-2024-000865,2024-05-13,5
866,866,2024-05-10,Direct Deposit,PRPAY-2024-000866,2024-05-13,5
867,867,2024-05-10,ACH,PRPAY-2024-000867,2024-05-13,5
868,868,2024-05-10,Direct Deposit,PRPAY-2024-000868,2024-05-13,5
869,869,2024-05-10,ACH,PRPAY-2024-000869,2024-05-13,5
870,870,2024-05-10,Direct Deposit,PRPAY-2024-000870,2024-05-13,5
871,871,2024-05-10,ACH,PRPAY-2024-000871,2024-05-13,5
872,872,2024-05-10,Direct Deposit,PRPAY-2024-000872,2024-05-13,5
873,873,2024-05-10,ACH,PRPAY-2024-000873,2024-05-13,5
874,874,2024-05-10,Direct Deposit,PRPAY-2024-000874,2024-05-13,5
875,875,2024-05-10,ACH,PRPAY-2024-000875,2024-05-13,5
876,876,2024-05-10,ACH,PRPAY-2024-000876,2024-05-13,5
877,877,2024-05-10,Direct Deposit,PRPAY-2024-000877,2024-05-13,5
878,878,2024-05-10,ACH,PRPAY-2024-000878,2024-05-13,5
879,879,2024-05-10,Direct Deposit,PRPAY-2024-000879,2024-05-13,5
880,880,2024-05-10,ACH,PRPAY-2024-000880,2024-05-13,5
881,881,2024-05-10,Direct Deposit,PRPAY-2024-000881,2024-05-13,5
882,882,2024-05-10,Direct Deposit,PRPAY-2024-000882,2024-05-13,5
883,883,2024-05-10,ACH,PRPAY-2024-000883,2024-05-13,5
884,884,2024-05-10,Direct Deposit,PRPAY-2024-000884,2024-05-13,5
885,885,2024-05-10,Direct Deposit,PRPAY-2024-000885,2024-05-13,5
886,886,2024-05-10,Direct Deposit,PRPAY-2024-000886,2024-05-13,5
887,887,2024-05-10,Direct Deposit,PRPAY-2024-000887,2024-05-13,5
888,888,2024-05-10,ACH,PRPAY-2024-000888,2024-05-13,5
889,889,2024-05-10,Direct Deposit,PRPAY-2024-000889,2024-05-13,5
890,890,2024-05-10,ACH,PRPAY-2024-000890,2024-05-13,5
891,891,2024-05-10,Direct Deposit,PRPAY-2024-000891,2024-05-13,5
892,892,2024-05-10,ACH,PRPAY-2024-000892,2024-05-13,5
893,893,2024-05-10,ACH,PRPAY-2024-000893,2024-05-13,5
894,894,2024-05-10,ACH,PRPAY-2024-000894,2024-05-13,5
895,895,2024-05-10,ACH,PRPAY-2024-000895,2024-05-13,5
896,896,2024-05-10,Direct Deposit,PRPAY-2024-000896,2024-05-13,5
897,897,2024-05-10,Direct Deposit,PRPAY-2024-000897,2024-05-13,5
898,898,2024-05-10,ACH,PRPAY-2024-000898,2024-05-13,5
899,899,2024-05-10,ACH,PRPAY-2024-000899,2024-05-13,5
900,900,2024-05-10,Direct Deposit,PRPAY-2024-000900,2024-05-13,5
901,901,2024-05-10,Direct Deposit,PRPAY-2024-000901,2024-05-13,5
902,902,2024-05-10,Direct Deposit,PRPAY-2024-000902,2024-05-13,5
903,903,2024-05-10,ACH,PRPAY-2024-000903,2024-05-13,5
904,904,2024-05-10,Direct Deposit,PRPAY-2024-000904,2024-05-13,5
905,905,2024-05-10,Direct Deposit,PRPAY-2024-000905,2024-05-13,5
906,906,2024-05-10,ACH,PRPAY-2024-000906,2024-05-13,5
907,907,2024-05-10,ACH,PRPAY-2024-000907,2024-05-13,5
908,908,2024-05-10,ACH,PRPAY-2024-000908,2024-05-13,5
909,909,2024-05-10,Direct Deposit,PRPAY-2024-000909,2024-05-13,5
910,910,2024-05-10,Direct Deposit,PRPAY-2024-000910,2024-05-13,5
911,911,2024-05-10,Direct Deposit,PRPAY-2024-000911,2024-05-13,5
912,912,2024-05-10,Direct Deposit,PRPAY-2024-000912,2024-05-13,5
913,913,2024-05-10,ACH,PRPAY-2024-000913,2024-05-13,5
914,914,2024-05-10,Direct Deposit,PRPAY-2024-000914,2024-05-13,5
915,915,2024-05-10,Direct Deposit,PRPAY-2024-000915,2024-05-13,5
916,916,2024-05-10,Direct Deposit,PRPAY-2024-000916,2024-05-13,5
917,917,2024-05-10,Direct Deposit,PRPAY-2024-000917,2024-05-13,5
918,918,2024-05-10,Direct Deposit,PRPAY-2024-000918,2024-05-13,5
919,919,2024-05-10,Direct Deposit,PRPAY-2024-000919,2024-05-13,5
920,920,2024-05-10,ACH,PRPAY-2024-000920,2024-05-13,5
921,921,2024-05-10,Direct Deposit,PRPAY-2024-000921,2024-05-13,5
922,922,2024-05-10,ACH,PRPAY-2024-000922,2024-05-13,5
923,923,2024-05-10,Direct Deposit,PRPAY-2024-000923,2024-05-13,5
924,924,2024-05-10,Direct Deposit,PRPAY-2024-000924,2024-05-13,5
925,925,2024-05-10,Direct Deposit,PRPAY-2024-000925,2024-05-13,5
926,926,2024-05-10,Direct Deposit,PRPAY-2024-000926,2024-05-13,5
927,927,2024-05-10,ACH,PRPAY-2024-000927,2024-05-13,5
928,928,2024-05-10,ACH,PRPAY-2024-000928,2024-05-13,5
929,929,2024-05-10,ACH,PRPAY-2024-000929,2024-05-13,5
930,930,2024-05-10,ACH,PRPAY-2024-000930,2024-05-13,5
931,931,2024-05-10,ACH,PRPAY-2024-000931,2024-05-13,5
932,932,2024-05-10,Direct Deposit,PRPAY-2024-000932,2024-05-13,5
933,933,2024-05-10,Direct Deposit,PRPAY-2024-000933,2024-05-13,5
934,934,2024-05-10,ACH,PRPAY-2024-000934,2024-05-13,5
935,935,2024-05-10,ACH,PRPAY-2024-000935,2024-05-13,5
936,936,2024-05-10,Direct Deposit,PRPAY-2024-000936,2024-05-13,5
937,937,2024-05-10,ACH,PRPAY-2024-000937,2024-05-13,5
938,938,2024-05-10,Direct Deposit,PRPAY-2024-000938,2024-05-13,5
939,939,2024-05-10,Direct Deposit,PRPAY-2024-000939,2024-05-13,5
940,940,2024-05-10,Direct Deposit,PRPAY-2024-000940,2024-05-13,5
941,941,2024-05-10,Direct Deposit,PRPAY-2024-000941,2024-05-13,5
942,942,2024-05-10,Direct Deposit,PRPAY-2024-000942,2024-05-13,5
943,943,2024-05-10,Direct Deposit,PRPAY-2024-000943,2024-05-13,5
944,944,2024-05-24,Direct Deposit,PRPAY-2024-000944,2024-05-27,5
945,945,2024-05-24,Direct Deposit,PRPAY-2024-000945,2024-05-27,5
946,946,2024-05-24,Direct Deposit,PRPAY-2024-000946,2024-05-27,5
947,947,2024-05-24,ACH,PRPAY-2024-000947,2024-05-27,5
948,948,2024-05-24,Direct Deposit,PRPAY-2024-000948,2024-05-27,5
949,949,2024-05-24,Direct Deposit,PRPAY-2024-000949,2024-05-27,5
950,950,2024-05-24,Direct Deposit,PRPAY-2024-000950,2024-05-27,5
951,951,2024-05-24,ACH,PRPAY-2024-000951,2024-05-27,5
952,952,2024-05-24,Direct Deposit,PRPAY-2024-000952,2024-05-27,5
953,953,2024-05-24,Direct Deposit,PRPAY-2024-000953,2024-05-27,5
954,954,2024-05-24,ACH,PRPAY-2024-000954,2024-05-27,5
955,955,2024-05-24,Direct Deposit,PRPAY-2024-000955,2024-05-27,5
956,956,2024-05-24,ACH,PRPAY-2024-000956,2024-05-27,5
957,957,2024-05-24,Direct Deposit,PRPAY-2024-000957,2024-05-27,5
958,958,2024-05-24,Direct Deposit,PRPAY-2024-000958,2024-05-27,5
959,959,2024-05-24,Direct Deposit,PRPAY-2024-000959,2024-05-27,5
960,960,2024-05-24,ACH,PRPAY-2024-000960,2024-05-27,5
961,961,2024-05-24,Direct Deposit,PRPAY-2024-000961,2024-05-27,5
962,962,2024-05-24,ACH,PRPAY-2024-000962,2024-05-27,5
963,963,2024-05-24,Direct Deposit,PRPAY-2024-000963,2024-05-27,5
964,964,2024-05-24,Direct Deposit,PRPAY-2024-000964,2024-05-27,5
965,965,2024-05-24,ACH,PRPAY-2024-000965,2024-05-27,5
966,966,2024-05-24,Direct Deposit,PRPAY-2024-000966,2024-05-27,5
967,967,2024-05-24,Direct Deposit,PRPAY-2024-000967,2024-05-27,5
968,968,2024-05-24,ACH,PRPAY-2024-000968,2024-05-27,5
969,969,2024-05-24,ACH,PRPAY-2024-000969,2024-05-27,5
970,970,2024-05-24,Direct Deposit,PRPAY-2024-000970,2024-05-27,5
971,971,2024-05-24,Direct Deposit,PRPAY-2024-000971,2024-05-27,5
972,972,2024-05-24,ACH,PRPAY-2024-000972,2024-05-27,5
973,973,2024-05-24,Direct Deposit,PRPAY-2024-000973,2024-05-27,5
974,974,2024-05-24,Direct Deposit,PRPAY-2024-000974,2024-05-27,5
975,975,2024-05-24,Direct Deposit,PRPAY-2024-000975,2024-05-27,5
976,976,2024-05-24,Direct Deposit,PRPAY-2024-000976,2024-05-27,5
977,977,2024-05-24,Direct Deposit,PRPAY-2024-000977,2024-05-27,5
978,978,2024-05-24,ACH,PRPAY-2024-000978,2024-05-27,5
979,979,2024-05-24,ACH,PRPAY-2024-000979,2024-05-27,5
980,980,2024-05-24,Direct Deposit,PRPAY-2024-000980,2024-05-27,5
981,981,2024-05-24,Direct Deposit,PRPAY-2024-000981,2024-05-27,5
982,982,2024-05-24,Direct Deposit,PRPAY-2024-000982,2024-05-27,5
983,983,2024-05-24,ACH,PRPAY-2024-000983,2024-05-27,5
984,984,2024-05-24,ACH,PRPAY-2024-000984,2024-05-27,5
985,985,2024-05-24,ACH,PRPAY-2024-000985,2024-05-27,5
986,986,2024-05-24,ACH,PRPAY-2024-000986,2024-05-27,5
987,987,2024-05-24,Direct Deposit,PRPAY-2024-000987,2024-05-27,5
988,988,2024-05-24,Direct Deposit,PRPAY-2024-000988,2024-05-27,5
989,989,2024-05-24,Direct Deposit,PRPAY-2024-000989,2024-05-27,5
990,990,2024-05-24,Direct Deposit,PRPAY-2024-000990,2024-05-27,5
991,991,2024-05-24,Direct Deposit,PRPAY-2024-000991,2024-05-27,5
992,992,2024-05-24,ACH,PRPAY-2024-000992,2024-05-27,5
993,993,2024-05-24,ACH,PRPAY-2024-000993,2024-05-27,5
994,994,2024-05-24,ACH,PRPAY-2024-000994,2024-05-27,5
995,995,2024-05-24,ACH,PRPAY-2024-000995,2024-05-27,5
996,996,2024-05-24,ACH,PRPAY-2024-000996,2024-05-27,5
997,997,2024-05-24,Direct Deposit,PRPAY-2024-000997,2024-05-27,5
998,998,2024-05-24,Direct Deposit,PRPAY-2024-000998,2024-05-27,5
999,999,2024-05-24,ACH,PRPAY-2024-000999,2024-05-27,5
1000,1000,2024-05-24,Direct Deposit,PRPAY-2024-001000,2024-05-27,5
1001,1001,2024-05-24,Direct Deposit,PRPAY-2024-001001,2024-05-27,5
1002,1002,2024-05-24,Direct Deposit,PRPAY-2024-001002,2024-05-27,5
1003,1003,2024-05-24,Direct Deposit,PRPAY-2024-001003,2024-05-27,5
1004,1004,2024-05-24,ACH,PRPAY-2024-001004,2024-05-27,5
1005,1005,2024-05-24,ACH,PRPAY-2024-001005,2024-05-27,5
1006,1006,2024-05-24,ACH,PRPAY-2024-001006,2024-05-27,5
1007,1007,2024-05-24,Direct Deposit,PRPAY-2024-001007,2024-05-27,5
1008,1008,2024-05-24,Direct Deposit,PRPAY-2024-001008,2024-05-27,5
1009,1009,2024-05-24,ACH,PRPAY-2024-001009,2024-05-27,5
1010,1010,2024-05-24,Direct Deposit,PRPAY-2024-001010,2024-05-27,5
1011,1011,2024-05-24,ACH,PRPAY-2024-001011,2024-05-27,5
1012,1012,2024-05-24,Direct Deposit,PRPAY-2024-001012,2024-05-27,5
1013,1013,2024-05-24,ACH,PRPAY-2024-001013,2024-05-27,5
1014,1014,2024-05-24,ACH,PRPAY-2024-001014,2024-05-27,5
1015,1015,2024-05-24,Direct Deposit,PRPAY-2024-001015,2024-05-27,5
1016,1016,2024-05-24,ACH,PRPAY-2024-001016,2024-05-27,5
1017,1017,2024-05-24,ACH,PRPAY-2024-001017,2024-05-27,5
1018,1018,2024-05-24,Direct Deposit,PRPAY-2024-001018,2024-05-27,5
1019,1019,2024-05-24,ACH,PRPAY-2024-001019,2024-05-27,5
1020,1020,2024-05-24,ACH,PRPAY-2024-001020,2024-05-27,5
1021,1021,2024-05-24,Direct Deposit,PRPAY-2024-001021,2024-05-27,5
1022,1022,2024-05-24,ACH,PRPAY-2024-001022,2024-05-27,5
1023,1023,2024-05-24,Direct Deposit,PRPAY-2024-001023,2024-05-27,5
1024,1024,2024-05-24,Direct Deposit,PRPAY-2024-001024,2024-05-27,5
1025,1025,2024-05-24,ACH,PRPAY-2024-001025,2024-05-27,5
1026,1026,2024-05-24,Direct Deposit,PRPAY-2024-001026,2024-05-27,5
1027,1027,2024-05-24,Direct Deposit,PRPAY-2024-001027,2024-05-27,5
1028,1028,2024-05-24,ACH,PRPAY-2024-001028,2024-05-27,5
1029,1029,2024-05-24,Direct Deposit,PRPAY-2024-001029,2024-05-27,5
1030,1030,2024-05-24,ACH,PRPAY-2024-001030,2024-05-27,5
1031,1031,2024-05-24,ACH,PRPAY-2024-001031,2024-05-27,5
1032,1032,2024-05-24,Direct Deposit,PRPAY-2024-001032,2024-05-27,5
1033,1033,2024-05-24,Direct Deposit,PRPAY-2024-001033,2024-05-27,5
1034,1034,2024-05-24,Direct Deposit,PRPAY-2024-001034,2024-05-27,5
1035,1035,2024-05-24,ACH,PRPAY-2024-001035,2024-05-27,5
1036,1036,2024-05-24,Direct Deposit,PRPAY-2024-001036,2024-05-27,5
1037,1037,2024-05-24,ACH,PRPAY-2024-001037,2024-05-27,5
1038,1038,2024-05-24,Direct Deposit,PRPAY-2024-001038,2024-05-27,5
1039,1039,2024-05-24,Direct Deposit,PRPAY-2024-001039,2024-05-27,5
1040,1040,2024-05-24,ACH,PRPAY-2024-001040,2024-05-27,5
1041,1041,2024-05-24,ACH,PRPAY-2024-001041,2024-05-27,5
1042,1042,2024-05-24,Direct Deposit,PRPAY-2024-001042,2024-05-27,5
1043,1043,2024-05-24,Direct Deposit,PRPAY-2024-001043,2024-05-27,5
1044,1044,2024-05-24,ACH,PRPAY-2024-001044,2024-05-27,5
1045,1045,2024-05-24,ACH,PRPAY-2024-001045,2024-05-27,5
1046,1046,2024-05-24,ACH,PRPAY-2024-001046,2024-05-27,5
1047,1047,2024-05-24,Direct Deposit,PRPAY-2024-001047,2024-05-27,5
1048,1048,2024-06-07,ACH,PRPAY-2024-001048,2024-06-10,5
1049,1049,2024-06-07,ACH,PRPAY-2024-001049,2024-06-10,5
1050,1050,2024-06-07,ACH,PRPAY-2024-001050,2024-06-10,5
1051,1051,2024-06-07,Direct Deposit,PRPAY-2024-001051,2024-06-10,5
1052,1052,2024-06-07,ACH,PRPAY-2024-001052,2024-06-10,5
1053,1053,2024-06-07,Direct Deposit,PRPAY-2024-001053,2024-06-10,5
1054,1054,2024-06-07,Direct Deposit,PRPAY-2024-001054,2024-06-10,5
1055,1055,2024-06-07,Direct Deposit,PRPAY-2024-001055,2024-06-10,5
1056,1056,2024-06-07,ACH,PRPAY-2024-001056,2024-06-10,5
1057,1057,2024-06-07,ACH,PRPAY-2024-001057,2024-06-10,5
1058,1058,2024-06-07,Direct Deposit,PRPAY-2024-001058,2024-06-10,5
1059,1059,2024-06-07,Direct Deposit,PRPAY-2024-001059,2024-06-10,5
1060,1060,2024-06-07,ACH,PRPAY-2024-001060,2024-06-10,5
1061,1061,2024-06-07,ACH,PRPAY-2024-001061,2024-06-10,5
1062,1062,2024-06-07,Direct Deposit,PRPAY-2024-001062,2024-06-10,5
1063,1063,2024-06-07,ACH,PRPAY-2024-001063,2024-06-10,5
1064,1064,2024-06-07,ACH,PRPAY-2024-001064,2024-06-10,5
1065,1065,2024-06-07,Direct Deposit,PRPAY-2024-001065,2024-06-10,5
1066,1066,2024-06-07,Direct Deposit,PRPAY-2024-001066,2024-06-10,5
1067,1067,2024-06-07,Direct Deposit,PRPAY-2024-001067,2024-06-10,5
1068,1068,2024-06-07,Direct Deposit,PRPAY-2024-001068,2024-06-10,5
1069,1069,2024-06-07,ACH,PRPAY-2024-001069,2024-06-10,5
1070,1070,2024-06-07,ACH,PRPAY-2024-001070,2024-06-10,5
1071,1071,2024-06-07,Direct Deposit,PRPAY-2024-001071,2024-06-10,5
1072,1072,2024-06-07,ACH,PRPAY-2024-001072,2024-06-10,5
1073,1073,2024-06-07,Direct Deposit,PRPAY-2024-001073,2024-06-10,5
1074,1074,2024-06-07,Direct Deposit,PRPAY-2024-001074,2024-06-10,5
1075,1075,2024-06-07,Direct Deposit,PRPAY-2024-001075,2024-06-10,5
1076,1076,2024-06-07,ACH,PRPAY-2024-001076,2024-06-10,5
1077,1077,2024-06-07,Direct Deposit,PRPAY-2024-001077,2024-06-10,5
1078,1078,2024-06-07,Direct Deposit,PRPAY-2024-001078,2024-06-10,5
1079,1079,2024-06-07,ACH,PRPAY-2024-001079,2024-06-10,5
1080,1080,2024-06-07,Direct Deposit,PRPAY-2024-001080,2024-06-10,5
1081,1081,2024-06-07,ACH,PRPAY-2024-001081,2024-06-10,5
1082,1082,2024-06-07,ACH,PRPAY-2024-001082,2024-06-10,5
1083,1083,2024-06-07,Direct Deposit,PRPAY-2024-001083,2024-06-10,5
1084,1084,2024-06-07,Direct Deposit,PRPAY-2024-001084,2024-06-10,5
1085,1085,2024-06-07,ACH,PRPAY-2024-001085,2024-06-10,5
1086,1086,2024-06-07,Direct Deposit,PRPAY-2024-001086,2024-06-10,5
1087,1087,2024-06-07,ACH,PRPAY-2024-001087,2024-06-10,5
1088,1088,2024-06-07,Direct Deposit,PRPAY-2024-001088,2024-06-10,5
1089,1089,2024-06-07,ACH,PRPAY-2024-001089,2024-06-10,5
1090,1090,2024-06-07,ACH,PRPAY-2024-001090,2024-06-10,5
1091,1091,2024-06-07,Direct Deposit,PRPAY-2024-001091,2024-06-10,5
1092,1092,2024-06-07,Direct Deposit,PRPAY-2024-001092,2024-06-10,5
1093,1093,2024-06-07,ACH,PRPAY-2024-001093,2024-06-10,5
1094,1094,2024-06-07,Direct Deposit,PRPAY-2024-001094,2024-06-10,5
1095,1095,2024-06-07,Direct Deposit,PRPAY-2024-001095,2024-06-10,5
1096,1096,2024-06-07,ACH,PRPAY-2024-001096,2024-06-10,5
1097,1097,2024-06-07,ACH,PRPAY-2024-001097,2024-06-10,5
1098,1098,2024-06-07,ACH,PRPAY-2024-001098,2024-06-10,5
1099,1099,2024-06-07,ACH,PRPAY-2024-001099,2024-06-10,5
1100,1100,2024-06-07,ACH,PRPAY-2024-001100,2024-06-10,5
1101,1101,2024-06-07,ACH,PRPAY-2024-001101,2024-06-10,5
1102,1102,2024-06-07,ACH,PRPAY-2024-001102,2024-06-10,5
1103,1103,2024-06-07,ACH,PRPAY-2024-001103,2024-06-10,5
1104,1104,2024-06-07,ACH,PRPAY-2024-001104,2024-06-10,5
1105,1105,2024-06-07,Direct Deposit,PRPAY-2024-001105,2024-06-10,5
1106,1106,2024-06-07,ACH,PRPAY-2024-001106,2024-06-10,5
1107,1107,2024-06-07,Direct Deposit,PRPAY-2024-001107,2024-06-10,5
1108,1108,2024-06-07,Direct Deposit,PRPAY-2024-001108,2024-06-10,5
1109,1109,2024-06-07,Direct Deposit,PRPAY-2024-001109,2024-06-10,5
1110,1110,2024-06-07,ACH,PRPAY-2024-001110,2024-06-10,5
1111,1111,2024-06-07,Direct Deposit,PRPAY-2024-001111,2024-06-10,5
1112,1112,2024-06-07,Direct Deposit,PRPAY-2024-001112,2024-06-10,5
1113,1113,2024-06-07,ACH,PRPAY-2024-001113,2024-06-10,5
1114,1114,2024-06-07,Direct Deposit,PRPAY-2024-001114,2024-06-10,5
1115,1115,2024-06-07,ACH,PRPAY-2024-001115,2024-06-10,5
1116,1116,2024-06-07,Direct Deposit,PRPAY-2024-001116,2024-06-10,5
1117,1117,2024-06-07,Direct Deposit,PRPAY-2024-001117,2024-06-10,5
1118,1118,2024-06-07,Direct Deposit,PRPAY-2024-001118,2024-06-10,5
1119,1119,2024-06-07,ACH,PRPAY-2024-001119,2024-06-10,5
1120,1120,2024-06-07,Direct Deposit,PRPAY-2024-001120,2024-06-10,5
1121,1121,2024-06-07,Direct Deposit,PRPAY-2024-001121,2024-06-10,5
1122,1122,2024-06-07,ACH,PRPAY-2024-001122,2024-06-10,5
1123,1123,2024-06-07,ACH,PRPAY-2024-001123,2024-06-10,5
1124,1124,2024-06-07,ACH,PRPAY-2024-001124,2024-06-10,5
1125,1125,2024-06-07,Direct Deposit,PRPAY-2024-001125,2024-06-10,5
1126,1126,2024-06-07,Direct Deposit,PRPAY-2024-001126,2024-06-10,5
1127,1127,2024-06-07,ACH,PRPAY-2024-001127,2024-06-10,5
1128,1128,2024-06-07,ACH,PRPAY-2024-001128,2024-06-10,5
1129,1129,2024-06-07,ACH,PRPAY-2024-001129,2024-06-10,5
1130,1130,2024-06-07,ACH,PRPAY-2024-001130,2024-06-10,5
1131,1131,2024-06-07,ACH,PRPAY-2024-001131,2024-06-10,5
1132,1132,2024-06-07,ACH,PRPAY-2024-001132,2024-06-10,5
1133,1133,2024-06-07,Direct Deposit,PRPAY-2024-001133,2024-06-10,5
1134,1134,2024-06-07,Direct Deposit,PRPAY-2024-001134,2024-06-10,5
1135,1135,2024-06-07,Direct Deposit,PRPAY-2024-001135,2024-06-10,5
1136,1136,2024-06-07,Direct Deposit,PRPAY-2024-001136,2024-06-10,5
1137,1137,2024-06-07,Direct Deposit,PRPAY-2024-001137,2024-06-10,5
1138,1138,2024-06-07,Direct Deposit,PRPAY-2024-001138,2024-06-10,5
1139,1139,2024-06-07,ACH,PRPAY-2024-001139,2024-06-10,5
1140,1140,2024-06-07,ACH,PRPAY-2024-001140,2024-06-10,5
1141,1141,2024-06-07,Direct Deposit,PRPAY-2024-001141,2024-06-10,5
1142,1142,2024-06-07,Direct Deposit,PRPAY-2024-001142,2024-06-10,5
1143,1143,2024-06-07,ACH,PRPAY-2024-001143,2024-06-10,5
1144,1144,2024-06-07,Direct Deposit,PRPAY-2024-001144,2024-06-10,5
1145,1145,2024-06-07,ACH,PRPAY-2024-001145,2024-06-10,5
1146,1146,2024-06-07,Direct Deposit,PRPAY-2024-001146,2024-06-10,5
1147,1147,2024-06-07,ACH,PRPAY-2024-001147,2024-06-10,5
1148,1148,2024-06-07,Direct Deposit,PRPAY-2024-001148,2024-06-10,5
1149,1149,2024-06-07,Direct Deposit,PRPAY-2024-001149,2024-06-10,5
1150,1150,2024-06-07,ACH,PRPAY-2024-001150,2024-06-10,5
1151,1151,2024-06-07,Direct Deposit,PRPAY-2024-001151,2024-06-10,5
1152,1152,2024-06-07,Direct Deposit,PRPAY-2024-001152,2024-06-10,5
1153,1153,2024-06-07,ACH,PRPAY-2024-001153,2024-06-10,5
1154,1154,2024-06-21,Direct Deposit,PRPAY-2024-001154,2024-06-24,5
1155,1155,2024-06-21,Direct Deposit,PRPAY-2024-001155,2024-06-24,5
1156,1156,2024-06-21,Direct Deposit,PRPAY-2024-001156,2024-06-24,5
1157,1157,2024-06-21,ACH,PRPAY-2024-001157,2024-06-24,5
1158,1158,2024-06-21,Direct Deposit,PRPAY-2024-001158,2024-06-24,5
1159,1159,2024-06-21,ACH,PRPAY-2024-001159,2024-06-24,5
1160,1160,2024-06-21,Direct Deposit,PRPAY-2024-001160,2024-06-24,5
1161,1161,2024-06-21,Direct Deposit,PRPAY-2024-001161,2024-06-24,5
1162,1162,2024-06-21,Direct Deposit,PRPAY-2024-001162,2024-06-24,5
1163,1163,2024-06-21,ACH,PRPAY-2024-001163,2024-06-24,5
1164,1164,2024-06-21,Direct Deposit,PRPAY-2024-001164,2024-06-24,5
1165,1165,2024-06-21,Direct Deposit,PRPAY-2024-001165,2024-06-24,5
1166,1166,2024-06-21,Direct Deposit,PRPAY-2024-001166,2024-06-24,5
1167,1167,2024-06-21,ACH,PRPAY-2024-001167,2024-06-24,5
1168,1168,2024-06-21,ACH,PRPAY-2024-001168,2024-06-24,5
1169,1169,2024-06-21,Direct Deposit,PRPAY-2024-001169,2024-06-24,5
1170,1170,2024-06-21,ACH,PRPAY-2024-001170,2024-06-24,5
1171,1171,2024-06-21,ACH,PRPAY-2024-001171,2024-06-24,5
1172,1172,2024-06-21,ACH,PRPAY-2024-001172,2024-06-24,5
1173,1173,2024-06-21,ACH,PRPAY-2024-001173,2024-06-24,5
1174,1174,2024-06-21,Direct Deposit,PRPAY-2024-001174,2024-06-24,5
1175,1175,2024-06-21,ACH,PRPAY-2024-001175,2024-06-24,5
1176,1176,2024-06-21,ACH,PRPAY-2024-001176,2024-06-24,5
1177,1177,2024-06-21,Direct Deposit,PRPAY-2024-001177,2024-06-24,5
1178,1178,2024-06-21,Direct Deposit,PRPAY-2024-001178,2024-06-24,5
1179,1179,2024-06-21,Direct Deposit,PRPAY-2024-001179,2024-06-24,5
1180,1180,2024-06-21,Direct Deposit,PRPAY-2024-001180,2024-06-24,5
1181,1181,2024-06-21,ACH,PRPAY-2024-001181,2024-06-24,5
1182,1182,2024-06-21,Direct Deposit,PRPAY-2024-001182,2024-06-24,5
1183,1183,2024-06-21,Direct Deposit,PRPAY-2024-001183,2024-06-24,5
1184,1184,2024-06-21,ACH,PRPAY-2024-001184,2024-06-24,5
1185,1185,2024-06-21,Direct Deposit,PRPAY-2024-001185,2024-06-24,5
1186,1186,2024-06-21,ACH,PRPAY-2024-001186,2024-06-24,5
1187,1187,2024-06-21,ACH,PRPAY-2024-001187,2024-06-24,5
1188,1188,2024-06-21,Direct Deposit,PRPAY-2024-001188,2024-06-24,5
1189,1189,2024-06-21,ACH,PRPAY-2024-001189,2024-06-24,5
1190,1190,2024-06-21,ACH,PRPAY-2024-001190,2024-06-24,5
1191,1191,2024-06-21,ACH,PRPAY-2024-001191,2024-06-24,5
1192,1192,2024-06-21,Direct Deposit,PRPAY-2024-001192,2024-06-24,5
1193,1193,2024-06-21,ACH,PRPAY-2024-001193,2024-06-24,5
1194,1194,2024-06-21,Direct Deposit,PRPAY-2024-001194,2024-06-24,5
1195,1195,2024-06-21,Direct Deposit,PRPAY-2024-001195,2024-06-24,5
1196,1196,2024-06-21,Direct Deposit,PRPAY-2024-001196,2024-06-24,5
1197,1197,2024-06-21,ACH,PRPAY-2024-001197,2024-06-24,5
1198,1198,2024-06-21,Direct Deposit,PRPAY-2024-001198,2024-06-24,5
1199,1199,2024-06-21,Direct Deposit,PRPAY-2024-001199,2024-06-24,5
1200,1200,2024-06-21,Direct Deposit,PRPAY-2024-001200,2024-06-24,5
1201,1201,2024-06-21,ACH,PRPAY-2024-001201,2024-06-24,5
1202,1202,2024-06-21,Direct Deposit,PRPAY-2024-001202,2024-06-24,5
1203,1203,2024-06-21,ACH,PRPAY-2024-001203,2024-06-24,5
1204,1204,2024-06-21,ACH,PRPAY-2024-001204,2024-06-24,5
1205,1205,2024-06-21,ACH,PRPAY-2024-001205,2024-06-24,5
1206,1206,2024-06-21,ACH,PRPAY-2024-001206,2024-06-24,5
1207,1207,2024-06-21,ACH,PRPAY-2024-001207,2024-06-24,5
1208,1208,2024-06-21,ACH,PRPAY-2024-001208,2024-06-24,5
1209,1209,2024-06-21,ACH,PRPAY-2024-001209,2024-06-24,5
1210,1210,2024-06-21,Direct Deposit,PRPAY-2024-001210,2024-06-24,5
1211,1211,2024-06-21,ACH,PRPAY-2024-001211,2024-06-24,5
1212,1212,2024-06-21,ACH,PRPAY-2024-001212,2024-06-24,5
1213,1213,2024-06-21,Direct Deposit,PRPAY-2024-001213,2024-06-24,5
1214,1214,2024-06-21,ACH,PRPAY-2024-001214,2024-06-24,5
1215,1215,2024-06-21,Direct Deposit,PRPAY-2024-001215,2024-06-24,5
1216,1216,2024-06-21,Direct Deposit,PRPAY-2024-001216,2024-06-24,5
1217,1217,2024-06-21,Direct Deposit,PRPAY-2024-001217,2024-06-24,5
1218,1218,2024-06-21,Direct Deposit,PRPAY-2024-001218,2024-06-24,5
1219,1219,2024-06-21,ACH,PRPAY-2024-001219,2024-06-24,5
1220,1220,2024-06-21,Direct Deposit,PRPAY-2024-001220,2024-06-24,5
1221,1221,2024-06-21,ACH,PRPAY-2024-001221,2024-06-24,5
1222,1222,2024-06-21,ACH,PRPAY-2024-001222,2024-06-24,5
1223,1223,2024-06-21,Direct Deposit,PRPAY-2024-001223,2024-06-24,5
1224,1224,2024-06-21,Direct Deposit,PRPAY-2024-001224,2024-06-24,5
1225,1225,2024-06-21,Direct Deposit,PRPAY-2024-001225,2024-06-24,5
1226,1226,2024-06-21,Direct Deposit,PRPAY-2024-001226,2024-06-24,5
1227,1227,2024-06-21,ACH,PRPAY-2024-001227,2024-06-24,5
1228,1228,2024-06-21,Direct Deposit,PRPAY-2024-001228,2024-06-24,5
1229,1229,2024-06-21,Direct Deposit,PRPAY-2024-001229,2024-06-24,5
1230,1230,2024-06-21,Direct Deposit,PRPAY-2024-001230,2024-06-24,5
1231,1231,2024-06-21,ACH,PRPAY-2024-001231,2024-06-24,5
1232,1232,2024-06-21,Direct Deposit,PRPAY-2024-001232,2024-06-24,5
1233,1233,2024-06-21,Direct Deposit,PRPAY-2024-001233,2024-06-24,5
1234,1234,2024-06-21,Direct Deposit,PRPAY-2024-001234,2024-06-24,5
1235,1235,2024-06-21,Direct Deposit,PRPAY-2024-001235,2024-06-24,5
1236,1236,2024-06-21,ACH,PRPAY-2024-001236,2024-06-24,5
1237,1237,2024-06-21,ACH,PRPAY-2024-001237,2024-06-24,5
1238,1238,2024-06-21,Direct Deposit,PRPAY-2024-001238,2024-06-24,5
1239,1239,2024-06-21,Direct Deposit,PRPAY-2024-001239,2024-06-24,5
1240,1240,2024-06-21,Direct Deposit,PRPAY-2024-001240,2024-06-24,5
1241,1241,2024-06-21,Direct Deposit,PRPAY-2024-001241,2024-06-24,5
1242,1242,2024-06-21,ACH,PRPAY-2024-001242,2024-06-24,5
1243,1243,2024-06-21,ACH,PRPAY-2024-001243,2024-06-24,5
1244,1244,2024-06-21,Direct Deposit,PRPAY-2024-001244,2024-06-24,5
1245,1245,2024-06-21,Direct Deposit,PRPAY-2024-001245,2024-06-24,5
1246,1246,2024-06-21,Direct Deposit,PRPAY-2024-001246,2024-06-24,5
1247,1247,2024-06-21,ACH,PRPAY-2024-001247,2024-06-24,5
1248,1248,2024-06-21,Direct Deposit,PRPAY-2024-001248,2024-06-24,5
1249,1249,2024-06-21,Direct Deposit,PRPAY-2024-001249,2024-06-24,5
1250,1250,2024-06-21,Direct Deposit,PRPAY-2024-001250,2024-06-24,5
1251,1251,2024-06-21,Direct Deposit,PRPAY-2024-001251,2024-06-24,5
1252,1252,2024-06-21,ACH,PRPAY-2024-001252,2024-06-24,5
1253,1253,2024-06-21,Direct Deposit,PRPAY-2024-001253,2024-06-24,5
1254,1254,2024-06-21,Direct Deposit,PRPAY-2024-001254,2024-06-24,5
1255,1255,2024-06-21,Direct Deposit,PRPAY-2024-001255,2024-06-24,5
1256,1256,2024-06-21,Direct Deposit,PRPAY-2024-001256,2024-06-24,5
1257,1257,2024-06-21,Direct Deposit,PRPAY-2024-001257,2024-06-24,5
1258,1258,2024-06-21,Direct Deposit,PRPAY-2024-001258,2024-06-24,5
1259,1259,2024-06-21,Direct Deposit,PRPAY-2024-001259,2024-06-24,5
1260,1260,2024-07-05,ACH,PRPAY-2024-001260,2024-07-08,5
1261,1261,2024-07-05,ACH,PRPAY-2024-001261,2024-07-08,5
1262,1262,2024-07-05,ACH,PRPAY-2024-001262,2024-07-08,5
1263,1263,2024-07-05,ACH,PRPAY-2024-001263,2024-07-08,5
1264,1264,2024-07-05,Direct Deposit,PRPAY-2024-001264,2024-07-08,5
1265,1265,2024-07-05,ACH,PRPAY-2024-001265,2024-07-08,5
1266,1266,2024-07-05,Direct Deposit,PRPAY-2024-001266,2024-07-08,5
1267,1267,2024-07-05,ACH,PRPAY-2024-001267,2024-07-08,5
1268,1268,2024-07-05,ACH,PRPAY-2024-001268,2024-07-08,5
1269,1269,2024-07-05,ACH,PRPAY-2024-001269,2024-07-08,5
1270,1270,2024-07-05,Direct Deposit,PRPAY-2024-001270,2024-07-08,5
1271,1271,2024-07-05,ACH,PRPAY-2024-001271,2024-07-08,5
1272,1272,2024-07-05,Direct Deposit,PRPAY-2024-001272,2024-07-08,5
1273,1273,2024-07-05,ACH,PRPAY-2024-001273,2024-07-08,5
1274,1274,2024-07-05,ACH,PRPAY-2024-001274,2024-07-08,5
1275,1275,2024-07-05,ACH,PRPAY-2024-001275,2024-07-08,5
1276,1276,2024-07-05,ACH,PRPAY-2024-001276,2024-07-08,5
1277,1277,2024-07-05,ACH,PRPAY-2024-001277,2024-07-08,5
1278,1278,2024-07-05,Direct Deposit,PRPAY-2024-001278,2024-07-08,5
1279,1279,2024-07-05,ACH,PRPAY-2024-001279,2024-07-08,5
1280,1280,2024-07-05,Direct Deposit,PRPAY-2024-001280,2024-07-08,5
1281,1281,2024-07-05,Direct Deposit,PRPAY-2024-001281,2024-07-08,5
1282,1282,2024-07-05,ACH,PRPAY-2024-001282,2024-07-08,5
1283,1283,2024-07-05,Direct Deposit,PRPAY-2024-001283,2024-07-08,5
1284,1284,2024-07-05,ACH,PRPAY-2024-001284,2024-07-08,5
1285,1285,2024-07-05,Direct Deposit,PRPAY-2024-001285,2024-07-08,5
1286,1286,2024-07-05,ACH,PRPAY-2024-001286,2024-07-08,5
1287,1287,2024-07-05,Direct Deposit,PRPAY-2024-001287,2024-07-08,5
1288,1288,2024-07-05,Direct Deposit,PRPAY-2024-001288,2024-07-08,5
1289,1289,2024-07-05,ACH,PRPAY-2024-001289,2024-07-08,5
1290,1290,2024-07-05,Direct Deposit,PRPAY-2024-001290,2024-07-08,5
1291,1291,2024-07-05,Direct Deposit,PRPAY-2024-001291,2024-07-08,5
1292,1292,2024-07-05,Direct Deposit,PRPAY-2024-001292,2024-07-08,5
1293,1293,2024-07-05,Direct Deposit,PRPAY-2024-001293,2024-07-08,5
1294,1294,2024-07-05,Direct Deposit,PRPAY-2024-001294,2024-07-08,5
1295,1295,2024-07-05,Direct Deposit,PRPAY-2024-001295,2024-07-08,5
1296,1296,2024-07-05,Direct Deposit,PRPAY-2024-001296,2024-07-08,5
1297,1297,2024-07-05,Direct Deposit,PRPAY-2024-001297,2024-07-08,5
1298,1298,2024-07-05,Direct Deposit,PRPAY-2024-001298,2024-07-08,5
1299,1299,2024-07-05,ACH,PRPAY-2024-001299,2024-07-08,5
1300,1300,2024-07-05,Direct Deposit,PRPAY-2024-001300,2024-07-08,5
1301,1301,2024-07-05,ACH,PRPAY-2024-001301,2024-07-08,5
1302,1302,2024-07-05,ACH,PRPAY-2024-001302,2024-07-08,5
1303,1303,2024-07-05,ACH,PRPAY-2024-001303,2024-07-08,5
1304,1304,2024-07-05,Direct Deposit,PRPAY-2024-001304,2024-07-08,5
1305,1305,2024-07-05,Direct Deposit,PRPAY-2024-001305,2024-07-08,5
1306,1306,2024-07-05,Direct Deposit,PRPAY-2024-001306,2024-07-08,5
1307,1307,2024-07-05,ACH,PRPAY-2024-001307,2024-07-08,5
1308,1308,2024-07-05,Direct Deposit,PRPAY-2024-001308,2024-07-08,5
1309,1309,2024-07-05,Direct Deposit,PRPAY-2024-001309,2024-07-08,5
1310,1310,2024-07-05,Direct Deposit,PRPAY-2024-001310,2024-07-08,5
1311,1311,2024-07-05,ACH,PRPAY-2024-001311,2024-07-08,5
1312,1312,2024-07-05,Direct Deposit,PRPAY-2024-001312,2024-07-08,5
1313,1313,2024-07-05,ACH,PRPAY-2024-001313,2024-07-08,5
1314,1314,2024-07-05,ACH,PRPAY-2024-001314,2024-07-08,5
1315,1315,2024-07-05,Direct Deposit,PRPAY-2024-001315,2024-07-08,5
1316,1316,2024-07-05,Direct Deposit,PRPAY-2024-001316,2024-07-08,5
1317,1317,2024-07-05,Direct Deposit,PRPAY-2024-001317,2024-07-08,5
1318,1318,2024-07-05,ACH,PRPAY-2024-001318,2024-07-08,5
1319,1319,2024-07-05,ACH,PRPAY-2024-001319,2024-07-08,5
1320,1320,2024-07-05,Direct Deposit,PRPAY-2024-001320,2024-07-08,5
1321,1321,2024-07-05,ACH,PRPAY-2024-001321,2024-07-08,5
1322,1322,2024-07-05,ACH,PRPAY-2024-001322,2024-07-08,5
1323,1323,2024-07-05,ACH,PRPAY-2024-001323,2024-07-08,5
1324,1324,2024-07-05,ACH,PRPAY-2024-001324,2024-07-08,5
1325,1325,2024-07-05,ACH,PRPAY-2024-001325,2024-07-08,5
1326,1326,2024-07-05,Direct Deposit,PRPAY-2024-001326,2024-07-08,5
1327,1327,2024-07-05,Direct Deposit,PRPAY-2024-001327,2024-07-08,5
1328,1328,2024-07-05,ACH,PRPAY-2024-001328,2024-07-08,5
1329,1329,2024-07-05,Direct Deposit,PRPAY-2024-001329,2024-07-08,5
1330,1330,2024-07-05,ACH,PRPAY-2024-001330,2024-07-08,5
1331,1331,2024-07-05,Direct Deposit,PRPAY-2024-001331,2024-07-08,5
1332,1332,2024-07-05,ACH,PRPAY-2024-001332,2024-07-08,5
1333,1333,2024-07-05,ACH,PRPAY-2024-001333,2024-07-08,5
1334,1334,2024-07-05,Direct Deposit,PRPAY-2024-001334,2024-07-08,5
1335,1335,2024-07-05,Direct Deposit,PRPAY-2024-001335,2024-07-08,5
1336,1336,2024-07-05,Direct Deposit,PRPAY-2024-001336,2024-07-08,5
1337,1337,2024-07-05,ACH,PRPAY-2024-001337,2024-07-08,5
1338,1338,2024-07-05,ACH,PRPAY-2024-001338,2024-07-08,5
1339,1339,2024-07-05,Direct Deposit,PRPAY-2024-001339,2024-07-08,5
1340,1340,2024-07-05,Direct Deposit,PRPAY-2024-001340,2024-07-08,5
1341,1341,2024-07-05,Direct Deposit,PRPAY-2024-001341,2024-07-08,5
1342,1342,2024-07-05,Direct Deposit,PRPAY-2024-001342,2024-07-08,5
1343,1343,2024-07-05,Direct Deposit,PRPAY-2024-001343,2024-07-08,5
1344,1344,2024-07-05,ACH,PRPAY-2024-001344,2024-07-08,5
1345,1345,2024-07-05,Direct Deposit,PRPAY-2024-001345,2024-07-08,5
1346,1346,2024-07-05,Direct Deposit,PRPAY-2024-001346,2024-07-08,5
1347,1347,2024-07-05,ACH,PRPAY-2024-001347,2024-07-08,5
1348,1348,2024-07-05,Direct Deposit,PRPAY-2024-001348,2024-07-08,5
1349,1349,2024-07-05,Direct Deposit,PRPAY-2024-001349,2024-07-08,5
1350,1350,2024-07-05,Direct Deposit,PRPAY-2024-001350,2024-07-08,5
1351,1351,2024-07-05,Direct Deposit,PRPAY-2024-001351,2024-07-08,5
1352,1352,2024-07-05,Direct Deposit,PRPAY-2024-001352,2024-07-08,5
1353,1353,2024-07-05,ACH,PRPAY-2024-001353,2024-07-08,5
1354,1354,2024-07-05,Direct Deposit,PRPAY-2024-001354,2024-07-08,5
1355,1355,2024-07-05,ACH,PRPAY-2024-001355,2024-07-08,5
1356,1356,2024-07-05,Direct Deposit,PRPAY-2024-001356,2024-07-08,5
1357,1357,2024-07-05,ACH,PRPAY-2024-001357,2024-07-08,5
1358,1358,2024-07-05,Direct Deposit,PRPAY-2024-001358,2024-07-08,5
1359,1359,2024-07-05,ACH,PRPAY-2024-001359,2024-07-08,5
1360,1360,2024-07-05,ACH,PRPAY-2024-001360,2024-07-08,5
1361,1361,2024-07-05,ACH,PRPAY-2024-001361,2024-07-08,5
1362,1362,2024-07-05,ACH,PRPAY-2024-001362,2024-07-08,5
1363,1363,2024-07-05,ACH,PRPAY-2024-001363,2024-07-08,5
1364,1364,2024-07-05,ACH,PRPAY-2024-001364,2024-07-08,5
1365,1365,2024-07-19,ACH,PRPAY-2024-001365,2024-07-22,5
1366,1366,2024-07-19,ACH,PRPAY-2024-001366,2024-07-22,5
1367,1367,2024-07-19,Direct Deposit,PRPAY-2024-001367,2024-07-22,5
1368,1368,2024-07-19,Direct Deposit,PRPAY-2024-001368,2024-07-22,5
1369,1369,2024-07-19,Direct Deposit,PRPAY-2024-001369,2024-07-22,5
1370,1370,2024-07-19,ACH,PRPAY-2024-001370,2024-07-22,5
1371,1371,2024-07-19,ACH,PRPAY-2024-001371,2024-07-22,5
1372,1372,2024-07-19,Direct Deposit,PRPAY-2024-001372,2024-07-22,5
1373,1373,2024-07-19,ACH,PRPAY-2024-001373,2024-07-22,5
1374,1374,2024-07-19,ACH,PRPAY-2024-001374,2024-07-22,5
1375,1375,2024-07-19,ACH,PRPAY-2024-001375,2024-07-22,5
1376,1376,2024-07-19,Direct Deposit,PRPAY-2024-001376,2024-07-22,5
1377,1377,2024-07-19,Direct Deposit,PRPAY-2024-001377,2024-07-22,5
1378,1378,2024-07-19,ACH,PRPAY-2024-001378,2024-07-22,5
1379,1379,2024-07-19,ACH,PRPAY-2024-001379,2024-07-22,5
1380,1380,2024-07-19,ACH,PRPAY-2024-001380,2024-07-22,5
1381,1381,2024-07-19,Direct Deposit,PRPAY-2024-001381,2024-07-22,5
1382,1382,2024-07-19,ACH,PRPAY-2024-001382,2024-07-22,5
1383,1383,2024-07-19,ACH,PRPAY-2024-001383,2024-07-22,5
1384,1384,2024-07-19,Direct Deposit,PRPAY-2024-001384,2024-07-22,5
1385,1385,2024-07-19,Direct Deposit,PRPAY-2024-001385,2024-07-22,5
1386,1386,2024-07-19,Direct Deposit,PRPAY-2024-001386,2024-07-22,5
1387,1387,2024-07-19,Direct Deposit,PRPAY-2024-001387,2024-07-22,5
1388,1388,2024-07-19,ACH,PRPAY-2024-001388,2024-07-22,5
1389,1389,2024-07-19,Direct Deposit,PRPAY-2024-001389,2024-07-22,5
1390,1390,2024-07-19,ACH,PRPAY-2024-001390,2024-07-22,5
1391,1391,2024-07-19,ACH,PRPAY-2024-001391,2024-07-22,5
1392,1392,2024-07-19,ACH,PRPAY-2024-001392,2024-07-22,5
1393,1393,2024-07-19,ACH,PRPAY-2024-001393,2024-07-22,5
1394,1394,2024-07-19,Direct Deposit,PRPAY-2024-001394,2024-07-22,5
1395,1395,2024-07-19,ACH,PRPAY-2024-001395,2024-07-22,5
1396,1396,2024-07-19,Direct Deposit,PRPAY-2024-001396,2024-07-22,5
1397,1397,2024-07-19,Direct Deposit,PRPAY-2024-001397,2024-07-22,5
1398,1398,2024-07-19,ACH,PRPAY-2024-001398,2024-07-22,5
1399,1399,2024-07-19,ACH,PRPAY-2024-001399,2024-07-22,5
1400,1400,2024-07-19,Direct Deposit,PRPAY-2024-001400,2024-07-22,5
1401,1401,2024-07-19,ACH,PRPAY-2024-001401,2024-07-22,5
1402,1402,2024-07-19,ACH,PRPAY-2024-001402,2024-07-22,5
1403,1403,2024-07-19,Direct Deposit,PRPAY-2024-001403,2024-07-22,5
1404,1404,2024-07-19,Direct Deposit,PRPAY-2024-001404,2024-07-22,5
1405,1405,2024-07-19,ACH,PRPAY-2024-001405,2024-07-22,5
1406,1406,2024-07-19,ACH,PRPAY-2024-001406,2024-07-22,5
1407,1407,2024-07-19,Direct Deposit,PRPAY-2024-001407,2024-07-22,5
1408,1408,2024-07-19,Direct Deposit,PRPAY-2024-001408,2024-07-22,5
1409,1409,2024-07-19,ACH,PRPAY-2024-001409,2024-07-22,5
1410,1410,2024-07-19,Direct Deposit,PRPAY-2024-001410,2024-07-22,5
1411,1411,2024-07-19,Direct Deposit,PRPAY-2024-001411,2024-07-22,5
1412,1412,2024-07-19,ACH,PRPAY-2024-001412,2024-07-22,5
1413,1413,2024-07-19,Direct Deposit,PRPAY-2024-001413,2024-07-22,5
1414,1414,2024-07-19,ACH,PRPAY-2024-001414,2024-07-22,5
1415,1415,2024-07-19,ACH,PRPAY-2024-001415,2024-07-22,5
1416,1416,2024-07-19,ACH,PRPAY-2024-001416,2024-07-22,5
1417,1417,2024-07-19,Direct Deposit,PRPAY-2024-001417,2024-07-22,5
1418,1418,2024-07-19,Direct Deposit,PRPAY-2024-001418,2024-07-22,5
1419,1419,2024-07-19,Direct Deposit,PRPAY-2024-001419,2024-07-22,5
1420,1420,2024-07-19,Direct Deposit,PRPAY-2024-001420,2024-07-22,5
1421,1421,2024-07-19,Direct Deposit,PRPAY-2024-001421,2024-07-22,5
1422,1422,2024-07-19,ACH,PRPAY-2024-001422,2024-07-22,5
1423,1423,2024-07-19,Direct Deposit,PRPAY-2024-001423,2024-07-22,5
1424,1424,2024-07-19,ACH,PRPAY-2024-001424,2024-07-22,5
1425,1425,2024-07-19,ACH,PRPAY-2024-001425,2024-07-22,5
1426,1426,2024-07-19,ACH,PRPAY-2024-001426,2024-07-22,5
1427,1427,2024-07-19,ACH,PRPAY-2024-001427,2024-07-22,5
1428,1428,2024-07-19,Direct Deposit,PRPAY-2024-001428,2024-07-22,5
1429,1429,2024-07-19,ACH,PRPAY-2024-001429,2024-07-22,5
1430,1430,2024-07-19,Direct Deposit,PRPAY-2024-001430,2024-07-22,5
1431,1431,2024-07-19,Direct Deposit,PRPAY-2024-001431,2024-07-22,5
1432,1432,2024-07-19,ACH,PRPAY-2024-001432,2024-07-22,5
1433,1433,2024-07-19,Direct Deposit,PRPAY-2024-001433,2024-07-22,5
1434,1434,2024-07-19,ACH,PRPAY-2024-001434,2024-07-22,5
1435,1435,2024-07-19,Direct Deposit,PRPAY-2024-001435,2024-07-22,5
1436,1436,2024-07-19,Direct Deposit,PRPAY-2024-001436,2024-07-22,5
1437,1437,2024-07-19,ACH,PRPAY-2024-001437,2024-07-22,5
1438,1438,2024-07-19,ACH,PRPAY-2024-001438,2024-07-22,5
1439,1439,2024-07-19,ACH,PRPAY-2024-001439,2024-07-22,5
1440,1440,2024-07-19,Direct Deposit,PRPAY-2024-001440,2024-07-22,5
1441,1441,2024-07-19,Direct Deposit,PRPAY-2024-001441,2024-07-22,5
1442,1442,2024-07-19,Direct Deposit,PRPAY-2024-001442,2024-07-22,5
1443,1443,2024-07-19,ACH,PRPAY-2024-001443,2024-07-22,5
1444,1444,2024-07-19,Direct Deposit,PRPAY-2024-001444,2024-07-22,5
1445,1445,2024-07-19,Direct Deposit,PRPAY-2024-001445,2024-07-22,5
1446,1446,2024-07-19,ACH,PRPAY-2024-001446,2024-07-22,5
1447,1447,2024-07-19,Direct Deposit,PRPAY-2024-001447,2024-07-22,5
1448,1448,2024-07-19,Direct Deposit,PRPAY-2024-001448,2024-07-22,5
1449,1449,2024-07-19,Direct Deposit,PRPAY-2024-001449,2024-07-22,5
1450,1450,2024-07-19,ACH,PRPAY-2024-001450,2024-07-22,5
1451,1451,2024-07-19,Direct Deposit,PRPAY-2024-001451,2024-07-22,5
1452,1452,2024-07-19,Direct Deposit,PRPAY-2024-001452,2024-07-22,5
1453,1453,2024-07-19,Direct Deposit,PRPAY-2024-001453,2024-07-22,5
1454,1454,2024-07-19,Direct Deposit,PRPAY-2024-001454,2024-07-22,5
1455,1455,2024-07-19,Direct Deposit,PRPAY-2024-001455,2024-07-22,5
1456,1456,2024-07-19,Direct Deposit,PRPAY-2024-001456,2024-07-22,5
1457,1457,2024-07-19,Direct Deposit,PRPAY-2024-001457,2024-07-22,5
1458,1458,2024-07-19,Direct Deposit,PRPAY-2024-001458,2024-07-22,5
1459,1459,2024-07-19,Direct Deposit,PRPAY-2024-001459,2024-07-22,5
1460,1460,2024-07-19,ACH,PRPAY-2024-001460,2024-07-22,5
1461,1461,2024-07-19,ACH,PRPAY-2024-001461,2024-07-22,5
1462,1462,2024-07-19,ACH,PRPAY-2024-001462,2024-07-22,5
1463,1463,2024-07-19,Direct Deposit,PRPAY-2024-001463,2024-07-22,5
1464,1464,2024-07-19,ACH,PRPAY-2024-001464,2024-07-22,5
1465,1465,2024-07-19,ACH,PRPAY-2024-001465,2024-07-22,5
1466,1466,2024-07-19,Direct Deposit,PRPAY-2024-001466,2024-07-22,5
1467,1467,2024-07-19,ACH,PRPAY-2024-001467,2024-07-22,5
1468,1468,2024-07-19,Direct Deposit,PRPAY-2024-001468,2024-07-22,5
1469,1469,2024-07-19,ACH,PRPAY-2024-001469,2024-07-22,5
1470,1470,2024-07-19,ACH,PRPAY-2024-001470,2024-07-22,5
1471,1471,2024-08-02,ACH,PRPAY-2024-001471,2024-08-05,5
1472,1472,2024-08-02,ACH,PRPAY-2024-001472,2024-08-05,5
1473,1473,2024-08-02,ACH,PRPAY-2024-001473,2024-08-05,5
1474,1474,2024-08-02,ACH,PRPAY-2024-001474,2024-08-05,5
1475,1475,2024-08-02,Direct Deposit,PRPAY-2024-001475,2024-08-05,5
1476,1476,2024-08-02,ACH,PRPAY-2024-001476,2024-08-05,5
1477,1477,2024-08-02,Direct Deposit,PRPAY-2024-001477,2024-08-05,5
1478,1478,2024-08-02,Direct Deposit,PRPAY-2024-001478,2024-08-05,5
1479,1479,2024-08-02,ACH,PRPAY-2024-001479,2024-08-05,5
1480,1480,2024-08-02,ACH,PRPAY-2024-001480,2024-08-05,5
1481,1481,2024-08-02,Direct Deposit,PRPAY-2024-001481,2024-08-05,5
1482,1482,2024-08-02,ACH,PRPAY-2024-001482,2024-08-05,5
1483,1483,2024-08-02,Direct Deposit,PRPAY-2024-001483,2024-08-05,5
1484,1484,2024-08-02,Direct Deposit,PRPAY-2024-001484,2024-08-05,5
1485,1485,2024-08-02,ACH,PRPAY-2024-001485,2024-08-05,5
1486,1486,2024-08-02,Direct Deposit,PRPAY-2024-001486,2024-08-05,5
1487,1487,2024-08-02,Direct Deposit,PRPAY-2024-001487,2024-08-05,5
1488,1488,2024-08-02,Direct Deposit,PRPAY-2024-001488,2024-08-05,5
1489,1489,2024-08-02,ACH,PRPAY-2024-001489,2024-08-05,5
1490,1490,2024-08-02,Direct Deposit,PRPAY-2024-001490,2024-08-05,5
1491,1491,2024-08-02,Direct Deposit,PRPAY-2024-001491,2024-08-05,5
1492,1492,2024-08-02,ACH,PRPAY-2024-001492,2024-08-05,5
1493,1493,2024-08-02,ACH,PRPAY-2024-001493,2024-08-05,5
1494,1494,2024-08-02,ACH,PRPAY-2024-001494,2024-08-05,5
1495,1495,2024-08-02,ACH,PRPAY-2024-001495,2024-08-05,5
1496,1496,2024-08-02,ACH,PRPAY-2024-001496,2024-08-05,5
1497,1497,2024-08-02,ACH,PRPAY-2024-001497,2024-08-05,5
1498,1498,2024-08-02,ACH,PRPAY-2024-001498,2024-08-05,5
1499,1499,2024-08-02,Direct Deposit,PRPAY-2024-001499,2024-08-05,5
1500,1500,2024-08-02,ACH,PRPAY-2024-001500,2024-08-05,5
1501,1501,2024-08-02,ACH,PRPAY-2024-001501,2024-08-05,5
1502,1502,2024-08-02,Direct Deposit,PRPAY-2024-001502,2024-08-05,5
1503,1503,2024-08-02,ACH,PRPAY-2024-001503,2024-08-05,5
1504,1504,2024-08-02,ACH,PRPAY-2024-001504,2024-08-05,5
1505,1505,2024-08-02,ACH,PRPAY-2024-001505,2024-08-05,5
1506,1506,2024-08-02,Direct Deposit,PRPAY-2024-001506,2024-08-05,5
1507,1507,2024-08-02,Direct Deposit,PRPAY-2024-001507,2024-08-05,5
1508,1508,2024-08-02,Direct Deposit,PRPAY-2024-001508,2024-08-05,5
1509,1509,2024-08-02,Direct Deposit,PRPAY-2024-001509,2024-08-05,5
1510,1510,2024-08-02,Direct Deposit,PRPAY-2024-001510,2024-08-05,5
1511,1511,2024-08-02,ACH,PRPAY-2024-001511,2024-08-05,5
1512,1512,2024-08-02,ACH,PRPAY-2024-001512,2024-08-05,5
1513,1513,2024-08-02,ACH,PRPAY-2024-001513,2024-08-05,5
1514,1514,2024-08-02,ACH,PRPAY-2024-001514,2024-08-05,5
1515,1515,2024-08-02,ACH,PRPAY-2024-001515,2024-08-05,5
1516,1516,2024-08-02,Direct Deposit,PRPAY-2024-001516,2024-08-05,5
1517,1517,2024-08-02,ACH,PRPAY-2024-001517,2024-08-05,5
1518,1518,2024-08-02,Direct Deposit,PRPAY-2024-001518,2024-08-05,5
1519,1519,2024-08-02,Direct Deposit,PRPAY-2024-001519,2024-08-05,5
1520,1520,2024-08-02,Direct Deposit,PRPAY-2024-001520,2024-08-05,5
1521,1521,2024-08-02,Direct Deposit,PRPAY-2024-001521,2024-08-05,5
1522,1522,2024-08-02,ACH,PRPAY-2024-001522,2024-08-05,5
1523,1523,2024-08-02,ACH,PRPAY-2024-001523,2024-08-05,5
1524,1524,2024-08-02,Direct Deposit,PRPAY-2024-001524,2024-08-05,5
1525,1525,2024-08-02,Direct Deposit,PRPAY-2024-001525,2024-08-05,5
1526,1526,2024-08-02,Direct Deposit,PRPAY-2024-001526,2024-08-05,5
1527,1527,2024-08-02,Direct Deposit,PRPAY-2024-001527,2024-08-05,5
1528,1528,2024-08-02,Direct Deposit,PRPAY-2024-001528,2024-08-05,5
1529,1529,2024-08-02,ACH,PRPAY-2024-001529,2024-08-05,5
1530,1530,2024-08-02,Direct Deposit,PRPAY-2024-001530,2024-08-05,5
1531,1531,2024-08-02,Direct Deposit,PRPAY-2024-001531,2024-08-05,5
1532,1532,2024-08-02,ACH,PRPAY-2024-001532,2024-08-05,5
1533,1533,2024-08-02,ACH,PRPAY-2024-001533,2024-08-05,5
1534,1534,2024-08-02,ACH,PRPAY-2024-001534,2024-08-05,5
1535,1535,2024-08-02,Direct Deposit,PRPAY-2024-001535,2024-08-05,5
1536,1536,2024-08-02,ACH,PRPAY-2024-001536,2024-08-05,5
1537,1537,2024-08-02,ACH,PRPAY-2024-001537,2024-08-05,5
1538,1538,2024-08-02,Direct Deposit,PRPAY-2024-001538,2024-08-05,5
1539,1539,2024-08-02,Direct Deposit,PRPAY-2024-001539,2024-08-05,5
1540,1540,2024-08-02,Direct Deposit,PRPAY-2024-001540,2024-08-05,5
1541,1541,2024-08-02,ACH,PRPAY-2024-001541,2024-08-05,5
1542,1542,2024-08-02,Direct Deposit,PRPAY-2024-001542,2024-08-05,5
1543,1543,2024-08-02,Direct Deposit,PRPAY-2024-001543,2024-08-05,5
1544,1544,2024-08-02,Direct Deposit,PRPAY-2024-001544,2024-08-05,5
1545,1545,2024-08-02,ACH,PRPAY-2024-001545,2024-08-05,5
1546,1546,2024-08-02,Direct Deposit,PRPAY-2024-001546,2024-08-05,5
1547,1547,2024-08-02,ACH,PRPAY-2024-001547,2024-08-05,5
1548,1548,2024-08-02,ACH,PRPAY-2024-001548,2024-08-05,5
1549,1549,2024-08-02,Direct Deposit,PRPAY-2024-001549,2024-08-05,5
1550,1550,2024-08-02,Direct Deposit,PRPAY-2024-001550,2024-08-05,5
1551,1551,2024-08-02,Direct Deposit,PRPAY-2024-001551,2024-08-05,5
1552,1552,2024-08-02,Direct Deposit,PRPAY-2024-001552,2024-08-05,5
1553,1553,2024-08-02,Direct Deposit,PRPAY-2024-001553,2024-08-05,5
1554,1554,2024-08-02,Direct Deposit,PRPAY-2024-001554,2024-08-05,5
1555,1555,2024-08-02,Direct Deposit,PRPAY-2024-001555,2024-08-05,5
1556,1556,2024-08-02,ACH,PRPAY-2024-001556,2024-08-05,5
1557,1557,2024-08-02,Direct Deposit,PRPAY-2024-001557,2024-08-05,5
1558,1558,2024-08-02,Direct Deposit,PRPAY-2024-001558,2024-08-05,5
1559,1559,2024-08-02,ACH,PRPAY-2024-001559,2024-08-05,5
1560,1560,2024-08-02,Direct Deposit,PRPAY-2024-001560,2024-08-05,5
1561,1561,2024-08-02,Direct Deposit,PRPAY-2024-001561,2024-08-05,5
1562,1562,2024-08-02,ACH,PRPAY-2024-001562,2024-08-05,5
1563,1563,2024-08-02,Direct Deposit,PRPAY-2024-001563,2024-08-05,5
1564,1564,2024-08-02,ACH,PRPAY-2024-001564,2024-08-05,5
1565,1565,2024-08-02,ACH,PRPAY-2024-001565,2024-08-05,5
1566,1566,2024-08-02,Direct Deposit,PRPAY-2024-001566,2024-08-05,5
1567,1567,2024-08-02,ACH,PRPAY-2024-001567,2024-08-05,5
1568,1568,2024-08-02,ACH,PRPAY-2024-001568,2024-08-05,5
1569,1569,2024-08-02,Direct Deposit,PRPAY-2024-001569,2024-08-05,5
1570,1570,2024-08-02,ACH,PRPAY-2024-001570,2024-08-05,5
1571,1571,2024-08-02,Direct Deposit,PRPAY-2024-001571,2024-08-05,5
1572,1572,2024-08-02,ACH,PRPAY-2024-001572,2024-08-05,5
1573,1573,2024-08-02,Direct Deposit,PRPAY-2024-001573,2024-08-05,5
1574,1574,2024-08-02,ACH,PRPAY-2024-001574,2024-08-05,5
1575,1575,2024-08-02,ACH,PRPAY-2024-001575,2024-08-05,5
1576,1576,2024-08-02,ACH,PRPAY-2024-001576,2024-08-05,5
1577,1577,2024-08-02,Direct Deposit,PRPAY-2024-001577,2024-08-05,5
1578,1578,2024-08-16,ACH,PRPAY-2024-001578,2024-08-19,5
1579,1579,2024-08-16,Direct Deposit,PRPAY-2024-001579,2024-08-19,5
1580,1580,2024-08-16,ACH,PRPAY-2024-001580,2024-08-19,5
1581,1581,2024-08-16,ACH,PRPAY-2024-001581,2024-08-19,5
1582,1582,2024-08-16,Direct Deposit,PRPAY-2024-001582,2024-08-19,5
1583,1583,2024-08-16,ACH,PRPAY-2024-001583,2024-08-19,5
1584,1584,2024-08-16,Direct Deposit,PRPAY-2024-001584,2024-08-19,5
1585,1585,2024-08-16,ACH,PRPAY-2024-001585,2024-08-19,5
1586,1586,2024-08-16,Direct Deposit,PRPAY-2024-001586,2024-08-19,5
1587,1587,2024-08-16,ACH,PRPAY-2024-001587,2024-08-19,5
1588,1588,2024-08-16,Direct Deposit,PRPAY-2024-001588,2024-08-19,5
1589,1589,2024-08-16,Direct Deposit,PRPAY-2024-001589,2024-08-19,5
1590,1590,2024-08-16,Direct Deposit,PRPAY-2024-001590,2024-08-19,5
1591,1591,2024-08-16,ACH,PRPAY-2024-001591,2024-08-19,5
1592,1592,2024-08-16,Direct Deposit,PRPAY-2024-001592,2024-08-19,5
1593,1593,2024-08-16,ACH,PRPAY-2024-001593,2024-08-19,5
1594,1594,2024-08-16,ACH,PRPAY-2024-001594,2024-08-19,5
1595,1595,2024-08-16,ACH,PRPAY-2024-001595,2024-08-19,5
1596,1596,2024-08-16,ACH,PRPAY-2024-001596,2024-08-19,5
1597,1597,2024-08-16,ACH,PRPAY-2024-001597,2024-08-19,5
1598,1598,2024-08-16,ACH,PRPAY-2024-001598,2024-08-19,5
1599,1599,2024-08-16,Direct Deposit,PRPAY-2024-001599,2024-08-19,5
1600,1600,2024-08-16,ACH,PRPAY-2024-001600,2024-08-19,5
1601,1601,2024-08-16,Direct Deposit,PRPAY-2024-001601,2024-08-19,5
1602,1602,2024-08-16,Direct Deposit,PRPAY-2024-001602,2024-08-19,5
1603,1603,2024-08-16,Direct Deposit,PRPAY-2024-001603,2024-08-19,5
1604,1604,2024-08-16,Direct Deposit,PRPAY-2024-001604,2024-08-19,5
1605,1605,2024-08-16,ACH,PRPAY-2024-001605,2024-08-19,5
1606,1606,2024-08-16,ACH,PRPAY-2024-001606,2024-08-19,5
1607,1607,2024-08-16,ACH,PRPAY-2024-001607,2024-08-19,5
1608,1608,2024-08-16,Direct Deposit,PRPAY-2024-001608,2024-08-19,5
1609,1609,2024-08-16,ACH,PRPAY-2024-001609,2024-08-19,5
1610,1610,2024-08-16,Direct Deposit,PRPAY-2024-001610,2024-08-19,5
1611,1611,2024-08-16,ACH,PRPAY-2024-001611,2024-08-19,5
1612,1612,2024-08-16,ACH,PRPAY-2024-001612,2024-08-19,5
1613,1613,2024-08-16,ACH,PRPAY-2024-001613,2024-08-19,5
1614,1614,2024-08-16,Direct Deposit,PRPAY-2024-001614,2024-08-19,5
1615,1615,2024-08-16,ACH,PRPAY-2024-001615,2024-08-19,5
1616,1616,2024-08-16,Direct Deposit,PRPAY-2024-001616,2024-08-19,5
1617,1617,2024-08-16,ACH,PRPAY-2024-001617,2024-08-19,5
1618,1618,2024-08-16,ACH,PRPAY-2024-001618,2024-08-19,5
1619,1619,2024-08-16,Direct Deposit,PRPAY-2024-001619,2024-08-19,5
1620,1620,2024-08-16,ACH,PRPAY-2024-001620,2024-08-19,5
1621,1621,2024-08-16,ACH,PRPAY-2024-001621,2024-08-19,5
1622,1622,2024-08-16,ACH,PRPAY-2024-001622,2024-08-19,5
1623,1623,2024-08-16,ACH,PRPAY-2024-001623,2024-08-19,5
1624,1624,2024-08-16,ACH,PRPAY-2024-001624,2024-08-19,5
1625,1625,2024-08-16,ACH,PRPAY-2024-001625,2024-08-19,5
1626,1626,2024-08-16,ACH,PRPAY-2024-001626,2024-08-19,5
1627,1627,2024-08-16,Direct Deposit,PRPAY-2024-001627,2024-08-19,5
1628,1628,2024-08-16,Direct Deposit,PRPAY-2024-001628,2024-08-19,5
1629,1629,2024-08-16,Direct Deposit,PRPAY-2024-001629,2024-08-19,5
1630,1630,2024-08-16,Direct Deposit,PRPAY-2024-001630,2024-08-19,5
1631,1631,2024-08-16,Direct Deposit,PRPAY-2024-001631,2024-08-19,5
1632,1632,2024-08-16,Direct Deposit,PRPAY-2024-001632,2024-08-19,5
1633,1633,2024-08-16,ACH,PRPAY-2024-001633,2024-08-19,5
1634,1634,2024-08-16,ACH,PRPAY-2024-001634,2024-08-19,5
1635,1635,2024-08-16,ACH,PRPAY-2024-001635,2024-08-19,5
1636,1636,2024-08-16,Direct Deposit,PRPAY-2024-001636,2024-08-19,5
1637,1637,2024-08-16,ACH,PRPAY-2024-001637,2024-08-19,5
1638,1638,2024-08-16,Direct Deposit,PRPAY-2024-001638,2024-08-19,5
1639,1639,2024-08-16,ACH,PRPAY-2024-001639,2024-08-19,5
1640,1640,2024-08-16,ACH,PRPAY-2024-001640,2024-08-19,5
1641,1641,2024-08-16,ACH,PRPAY-2024-001641,2024-08-19,5
1642,1642,2024-08-16,ACH,PRPAY-2024-001642,2024-08-19,5
1643,1643,2024-08-16,ACH,PRPAY-2024-001643,2024-08-19,5
1644,1644,2024-08-16,Direct Deposit,PRPAY-2024-001644,2024-08-19,5
1645,1645,2024-08-16,Direct Deposit,PRPAY-2024-001645,2024-08-19,5
1646,1646,2024-08-16,ACH,PRPAY-2024-001646,2024-08-19,5
1647,1647,2024-08-16,Direct Deposit,PRPAY-2024-001647,2024-08-19,5
1648,1648,2024-08-16,Direct Deposit,PRPAY-2024-001648,2024-08-19,5
1649,1649,2024-08-16,Direct Deposit,PRPAY-2024-001649,2024-08-19,5
1650,1650,2024-08-16,ACH,PRPAY-2024-001650,2024-08-19,5
1651,1651,2024-08-16,Direct Deposit,PRPAY-2024-001651,2024-08-19,5
1652,1652,2024-08-16,Direct Deposit,PRPAY-2024-001652,2024-08-19,5
1653,1653,2024-08-16,Direct Deposit,PRPAY-2024-001653,2024-08-19,5
1654,1654,2024-08-16,ACH,PRPAY-2024-001654,2024-08-19,5
1655,1655,2024-08-16,Direct Deposit,PRPAY-2024-001655,2024-08-19,5
1656,1656,2024-08-16,Direct Deposit,PRPAY-2024-001656,2024-08-19,5
1657,1657,2024-08-16,ACH,PRPAY-2024-001657,2024-08-19,5
1658,1658,2024-08-16,Direct Deposit,PRPAY-2024-001658,2024-08-19,5
1659,1659,2024-08-16,Direct Deposit,PRPAY-2024-001659,2024-08-19,5
1660,1660,2024-08-16,Direct Deposit,PRPAY-2024-001660,2024-08-19,5
1661,1661,2024-08-16,ACH,PRPAY-2024-001661,2024-08-19,5
1662,1662,2024-08-16,Direct Deposit,PRPAY-2024-001662,2024-08-19,5
1663,1663,2024-08-16,ACH,PRPAY-2024-001663,2024-08-19,5
1664,1664,2024-08-16,ACH,PRPAY-2024-001664,2024-08-19,5
1665,1665,2024-08-16,Direct Deposit,PRPAY-2024-001665,2024-08-19,5
1666,1666,2024-08-16,Direct Deposit,PRPAY-2024-001666,2024-08-19,5
1667,1667,2024-08-16,ACH,PRPAY-2024-001667,2024-08-19,5
1668,1668,2024-08-16,Direct Deposit,PRPAY-2024-001668,2024-08-19,5
1669,1669,2024-08-16,ACH,PRPAY-2024-001669,2024-08-19,5
1670,1670,2024-08-16,Direct Deposit,PRPAY-2024-001670,2024-08-19,5
1671,1671,2024-08-16,ACH,PRPAY-2024-001671,2024-08-19,5
1672,1672,2024-08-16,Direct Deposit,PRPAY-2024-001672,2024-08-19,5
1673,1673,2024-08-16,Direct Deposit,PRPAY-2024-001673,2024-08-19,5
1674,1674,2024-08-16,Direct Deposit,PRPAY-2024-001674,2024-08-19,5
1675,1675,2024-08-16,ACH,PRPAY-2024-001675,2024-08-19,5
1676,1676,2024-08-16,ACH,PRPAY-2024-001676,2024-08-19,5
1677,1677,2024-08-16,Direct Deposit,PRPAY-2024-001677,2024-08-19,5
1678,1678,2024-08-16,ACH,PRPAY-2024-001678,2024-08-19,5
1679,1679,2024-08-16,ACH,PRPAY-2024-001679,2024-08-19,5
1680,1680,2024-08-16,Direct Deposit,PRPAY-2024-001680,2024-08-19,5
1681,1681,2024-08-16,ACH,PRPAY-2024-001681,2024-08-19,5
1682,1682,2024-08-16,Direct Deposit,PRPAY-2024-001682,2024-08-19,5
1683,1683,2024-08-16,ACH,PRPAY-2024-001683,2024-08-19,5
1684,1684,2024-08-16,Direct Deposit,PRPAY-2024-001684,2024-08-19,5
1685,1685,2024-08-30,Direct Deposit,PRPAY-2024-001685,2024-09-02,5
1686,1686,2024-08-30,Direct Deposit,PRPAY-2024-001686,2024-09-02,5
1687,1687,2024-08-30,Direct Deposit,PRPAY-2024-001687,2024-09-02,5
1688,1688,2024-08-30,ACH,PRPAY-2024-001688,2024-09-02,5
1689,1689,2024-08-30,Direct Deposit,PRPAY-2024-001689,2024-09-02,5
1690,1690,2024-08-30,Direct Deposit,PRPAY-2024-001690,2024-09-02,5
1691,1691,2024-08-30,Direct Deposit,PRPAY-2024-001691,2024-09-02,5
1692,1692,2024-08-30,ACH,PRPAY-2024-001692,2024-09-02,5
1693,1693,2024-08-30,Direct Deposit,PRPAY-2024-001693,2024-09-02,5
1694,1694,2024-08-30,Direct Deposit,PRPAY-2024-001694,2024-09-02,5
1695,1695,2024-08-30,ACH,PRPAY-2024-001695,2024-09-02,5
1696,1696,2024-08-30,Direct Deposit,PRPAY-2024-001696,2024-09-02,5
1697,1697,2024-08-30,ACH,PRPAY-2024-001697,2024-09-02,5
1698,1698,2024-08-30,Direct Deposit,PRPAY-2024-001698,2024-09-02,5
1699,1699,2024-08-30,Direct Deposit,PRPAY-2024-001699,2024-09-02,5
1700,1700,2024-08-30,Direct Deposit,PRPAY-2024-001700,2024-09-02,5
1701,1701,2024-08-30,ACH,PRPAY-2024-001701,2024-09-02,5
1702,1702,2024-08-30,Direct Deposit,PRPAY-2024-001702,2024-09-02,5
1703,1703,2024-08-30,ACH,PRPAY-2024-001703,2024-09-02,5
1704,1704,2024-08-30,Direct Deposit,PRPAY-2024-001704,2024-09-02,5
1705,1705,2024-08-30,Direct Deposit,PRPAY-2024-001705,2024-09-02,5
1706,1706,2024-08-30,ACH,PRPAY-2024-001706,2024-09-02,5
1707,1707,2024-08-30,Direct Deposit,PRPAY-2024-001707,2024-09-02,5
1708,1708,2024-08-30,Direct Deposit,PRPAY-2024-001708,2024-09-02,5
1709,1709,2024-08-30,ACH,PRPAY-2024-001709,2024-09-02,5
1710,1710,2024-08-30,ACH,PRPAY-2024-001710,2024-09-02,5
1711,1711,2024-08-30,Direct Deposit,PRPAY-2024-001711,2024-09-02,5
1712,1712,2024-08-30,Direct Deposit,PRPAY-2024-001712,2024-09-02,5
1713,1713,2024-08-30,ACH,PRPAY-2024-001713,2024-09-02,5
1714,1714,2024-08-30,Direct Deposit,PRPAY-2024-001714,2024-09-02,5
1715,1715,2024-08-30,Direct Deposit,PRPAY-2024-001715,2024-09-02,5
1716,1716,2024-08-30,Direct Deposit,PRPAY-2024-001716,2024-09-02,5
1717,1717,2024-08-30,Direct Deposit,PRPAY-2024-001717,2024-09-02,5
1718,1718,2024-08-30,Direct Deposit,PRPAY-2024-001718,2024-09-02,5
1719,1719,2024-08-30,ACH,PRPAY-2024-001719,2024-09-02,5
1720,1720,2024-08-30,ACH,PRPAY-2024-001720,2024-09-02,5
1721,1721,2024-08-30,Direct Deposit,PRPAY-2024-001721,2024-09-02,5
1722,1722,2024-08-30,Direct Deposit,PRPAY-2024-001722,2024-09-02,5
1723,1723,2024-08-30,Direct Deposit,PRPAY-2024-001723,2024-09-02,5
1724,1724,2024-08-30,ACH,PRPAY-2024-001724,2024-09-02,5
1725,1725,2024-08-30,ACH,PRPAY-2024-001725,2024-09-02,5
1726,1726,2024-08-30,ACH,PRPAY-2024-001726,2024-09-02,5
1727,1727,2024-08-30,ACH,PRPAY-2024-001727,2024-09-02,5
1728,1728,2024-08-30,Direct Deposit,PRPAY-2024-001728,2024-09-02,5
1729,1729,2024-08-30,Direct Deposit,PRPAY-2024-001729,2024-09-02,5
1730,1730,2024-08-30,Direct Deposit,PRPAY-2024-001730,2024-09-02,5
1731,1731,2024-08-30,Direct Deposit,PRPAY-2024-001731,2024-09-02,5
1732,1732,2024-08-30,Direct Deposit,PRPAY-2024-001732,2024-09-02,5
1733,1733,2024-08-30,ACH,PRPAY-2024-001733,2024-09-02,5
1734,1734,2024-08-30,ACH,PRPAY-2024-001734,2024-09-02,5
1735,1735,2024-08-30,ACH,PRPAY-2024-001735,2024-09-02,5
1736,1736,2024-08-30,ACH,PRPAY-2024-001736,2024-09-02,5
1737,1737,2024-08-30,ACH,PRPAY-2024-001737,2024-09-02,5
1738,1738,2024-08-30,Direct Deposit,PRPAY-2024-001738,2024-09-02,5
1739,1739,2024-08-30,Direct Deposit,PRPAY-2024-001739,2024-09-02,5
1740,1740,2024-08-30,ACH,PRPAY-2024-001740,2024-09-02,5
1741,1741,2024-08-30,Direct Deposit,PRPAY-2024-001741,2024-09-02,5
1742,1742,2024-08-30,Direct Deposit,PRPAY-2024-001742,2024-09-02,5
1743,1743,2024-08-30,Direct Deposit,PRPAY-2024-001743,2024-09-02,5
1744,1744,2024-08-30,Direct Deposit,PRPAY-2024-001744,2024-09-02,5
1745,1745,2024-08-30,ACH,PRPAY-2024-001745,2024-09-02,5
1746,1746,2024-08-30,ACH,PRPAY-2024-001746,2024-09-02,5
1747,1747,2024-08-30,ACH,PRPAY-2024-001747,2024-09-02,5
1748,1748,2024-08-30,Direct Deposit,PRPAY-2024-001748,2024-09-02,5
1749,1749,2024-08-30,Direct Deposit,PRPAY-2024-001749,2024-09-02,5
1750,1750,2024-08-30,ACH,PRPAY-2024-001750,2024-09-02,5
1751,1751,2024-08-30,Direct Deposit,PRPAY-2024-001751,2024-09-02,5
1752,1752,2024-08-30,ACH,PRPAY-2024-001752,2024-09-02,5
1753,1753,2024-08-30,Direct Deposit,PRPAY-2024-001753,2024-09-02,5
1754,1754,2024-08-30,ACH,PRPAY-2024-001754,2024-09-02,5
1755,1755,2024-08-30,ACH,PRPAY-2024-001755,2024-09-02,5
1756,1756,2024-08-30,Direct Deposit,PRPAY-2024-001756,2024-09-02,5
1757,1757,2024-08-30,ACH,PRPAY-2024-001757,2024-09-02,5
1758,1758,2024-08-30,ACH,PRPAY-2024-001758,2024-09-02,5
1759,1759,2024-08-30,Direct Deposit,PRPAY-2024-001759,2024-09-02,5
1760,1760,2024-08-30,ACH,PRPAY-2024-001760,2024-09-02,5
1761,1761,2024-08-30,ACH,PRPAY-2024-001761,2024-09-02,5
1762,1762,2024-08-30,Direct Deposit,PRPAY-2024-001762,2024-09-02,5
1763,1763,2024-08-30,ACH,PRPAY-2024-001763,2024-09-02,5
1764,1764,2024-08-30,Direct Deposit,PRPAY-2024-001764,2024-09-02,5
1765,1765,2024-08-30,Direct Deposit,PRPAY-2024-001765,2024-09-02,5
1766,1766,2024-08-30,ACH,PRPAY-2024-001766,2024-09-02,5
1767,1767,2024-08-30,Direct Deposit,PRPAY-2024-001767,2024-09-02,5
1768,1768,2024-08-30,Direct Deposit,PRPAY-2024-001768,2024-09-02,5
1769,1769,2024-08-30,ACH,PRPAY-2024-001769,2024-09-02,5
1770,1770,2024-08-30,Direct Deposit,PRPAY-2024-001770,2024-09-02,5
1771,1771,2024-08-30,ACH,PRPAY-2024-001771,2024-09-02,5
1772,1772,2024-08-30,ACH,PRPAY-2024-001772,2024-09-02,5
1773,1773,2024-08-30,Direct Deposit,PRPAY-2024-001773,2024-09-02,5
1774,1774,2024-08-30,Direct Deposit,PRPAY-2024-001774,2024-09-02,5
1775,1775,2024-08-30,Direct Deposit,PRPAY-2024-001775,2024-09-02,5
1776,1776,2024-08-30,ACH,PRPAY-2024-001776,2024-09-02,5
1777,1777,2024-08-30,Direct Deposit,PRPAY-2024-001777,2024-09-02,5
1778,1778,2024-08-30,ACH,PRPAY-2024-001778,2024-09-02,5
1779,1779,2024-08-30,Direct Deposit,PRPAY-2024-001779,2024-09-02,5
1780,1780,2024-08-30,Direct Deposit,PRPAY-2024-001780,2024-09-02,5
1781,1781,2024-08-30,ACH,PRPAY-2024-001781,2024-09-02,5
1782,1782,2024-08-30,ACH,PRPAY-2024-001782,2024-09-02,5
1783,1783,2024-08-30,Direct Deposit,PRPAY-2024-001783,2024-09-02,5
1784,1784,2024-08-30,Direct Deposit,PRPAY-2024-001784,2024-09-02,5
1785,1785,2024-08-30,ACH,PRPAY-2024-001785,2024-09-02,5
1786,1786,2024-08-30,ACH,PRPAY-2024-001786,2024-09-02,5
1787,1787,2024-08-30,ACH,PRPAY-2024-001787,2024-09-02,5
1788,1788,2024-08-30,Direct Deposit,PRPAY-2024-001788,2024-09-02,5
1789,1789,2024-08-30,ACH,PRPAY-2024-001789,2024-09-02,5
1790,1790,2024-08-30,ACH,PRPAY-2024-001790,2024-09-02,5
1791,1791,2024-08-30,Direct Deposit,PRPAY-2024-001791,2024-09-02,5
1792,1792,2024-09-13,ACH,PRPAY-2024-001792,2024-09-16,5
1793,1793,2024-09-13,ACH,PRPAY-2024-001793,2024-09-16,5
1794,1794,2024-09-13,ACH,PRPAY-2024-001794,2024-09-16,5
1795,1795,2024-09-13,Direct Deposit,PRPAY-2024-001795,2024-09-16,5
1796,1796,2024-09-13,ACH,PRPAY-2024-001796,2024-09-16,5
1797,1797,2024-09-13,Direct Deposit,PRPAY-2024-001797,2024-09-16,5
1798,1798,2024-09-13,Direct Deposit,PRPAY-2024-001798,2024-09-16,5
1799,1799,2024-09-13,Direct Deposit,PRPAY-2024-001799,2024-09-16,5
1800,1800,2024-09-13,ACH,PRPAY-2024-001800,2024-09-16,5
1801,1801,2024-09-13,ACH,PRPAY-2024-001801,2024-09-16,5
1802,1802,2024-09-13,Direct Deposit,PRPAY-2024-001802,2024-09-16,5
1803,1803,2024-09-13,Direct Deposit,PRPAY-2024-001803,2024-09-16,5
1804,1804,2024-09-13,ACH,PRPAY-2024-001804,2024-09-16,5
1805,1805,2024-09-13,ACH,PRPAY-2024-001805,2024-09-16,5
1806,1806,2024-09-13,Direct Deposit,PRPAY-2024-001806,2024-09-16,5
1807,1807,2024-09-13,ACH,PRPAY-2024-001807,2024-09-16,5
1808,1808,2024-09-13,ACH,PRPAY-2024-001808,2024-09-16,5
1809,1809,2024-09-13,Direct Deposit,PRPAY-2024-001809,2024-09-16,5
1810,1810,2024-09-13,Direct Deposit,PRPAY-2024-001810,2024-09-16,5
1811,1811,2024-09-13,Direct Deposit,PRPAY-2024-001811,2024-09-16,5
1812,1812,2024-09-13,Direct Deposit,PRPAY-2024-001812,2024-09-16,5
1813,1813,2024-09-13,ACH,PRPAY-2024-001813,2024-09-16,5
1814,1814,2024-09-13,ACH,PRPAY-2024-001814,2024-09-16,5
1815,1815,2024-09-13,Direct Deposit,PRPAY-2024-001815,2024-09-16,5
1816,1816,2024-09-13,ACH,PRPAY-2024-001816,2024-09-16,5
1817,1817,2024-09-13,Direct Deposit,PRPAY-2024-001817,2024-09-16,5
1818,1818,2024-09-13,Direct Deposit,PRPAY-2024-001818,2024-09-16,5
1819,1819,2024-09-13,Direct Deposit,PRPAY-2024-001819,2024-09-16,5
1820,1820,2024-09-13,ACH,PRPAY-2024-001820,2024-09-16,5
1821,1821,2024-09-13,Direct Deposit,PRPAY-2024-001821,2024-09-16,5
1822,1822,2024-09-13,Direct Deposit,PRPAY-2024-001822,2024-09-16,5
1823,1823,2024-09-13,ACH,PRPAY-2024-001823,2024-09-16,5
1824,1824,2024-09-13,Direct Deposit,PRPAY-2024-001824,2024-09-16,5
1825,1825,2024-09-13,ACH,PRPAY-2024-001825,2024-09-16,5
1826,1826,2024-09-13,ACH,PRPAY-2024-001826,2024-09-16,5
1827,1827,2024-09-13,Direct Deposit,PRPAY-2024-001827,2024-09-16,5
1828,1828,2024-09-13,Direct Deposit,PRPAY-2024-001828,2024-09-16,5
1829,1829,2024-09-13,ACH,PRPAY-2024-001829,2024-09-16,5
1830,1830,2024-09-13,Direct Deposit,PRPAY-2024-001830,2024-09-16,5
1831,1831,2024-09-13,ACH,PRPAY-2024-001831,2024-09-16,5
1832,1832,2024-09-13,Direct Deposit,PRPAY-2024-001832,2024-09-16,5
1833,1833,2024-09-13,ACH,PRPAY-2024-001833,2024-09-16,5
1834,1834,2024-09-13,ACH,PRPAY-2024-001834,2024-09-16,5
1835,1835,2024-09-13,Direct Deposit,PRPAY-2024-001835,2024-09-16,5
1836,1836,2024-09-13,Direct Deposit,PRPAY-2024-001836,2024-09-16,5
1837,1837,2024-09-13,ACH,PRPAY-2024-001837,2024-09-16,5
1838,1838,2024-09-13,Direct Deposit,PRPAY-2024-001838,2024-09-16,5
1839,1839,2024-09-13,Direct Deposit,PRPAY-2024-001839,2024-09-16,5
1840,1840,2024-09-13,ACH,PRPAY-2024-001840,2024-09-16,5
1841,1841,2024-09-13,ACH,PRPAY-2024-001841,2024-09-16,5
1842,1842,2024-09-13,ACH,PRPAY-2024-001842,2024-09-16,5
1843,1843,2024-09-13,ACH,PRPAY-2024-001843,2024-09-16,5
1844,1844,2024-09-13,ACH,PRPAY-2024-001844,2024-09-16,5
1845,1845,2024-09-13,ACH,PRPAY-2024-001845,2024-09-16,5
1846,1846,2024-09-13,ACH,PRPAY-2024-001846,2024-09-16,5
1847,1847,2024-09-13,ACH,PRPAY-2024-001847,2024-09-16,5
1848,1848,2024-09-13,ACH,PRPAY-2024-001848,2024-09-16,5
1849,1849,2024-09-13,Direct Deposit,PRPAY-2024-001849,2024-09-16,5
1850,1850,2024-09-13,ACH,PRPAY-2024-001850,2024-09-16,5
1851,1851,2024-09-13,Direct Deposit,PRPAY-2024-001851,2024-09-16,5
1852,1852,2024-09-13,Direct Deposit,PRPAY-2024-001852,2024-09-16,5
1853,1853,2024-09-13,Direct Deposit,PRPAY-2024-001853,2024-09-16,5
1854,1854,2024-09-13,ACH,PRPAY-2024-001854,2024-09-16,5
1855,1855,2024-09-13,Direct Deposit,PRPAY-2024-001855,2024-09-16,5
1856,1856,2024-09-13,Direct Deposit,PRPAY-2024-001856,2024-09-16,5
1857,1857,2024-09-13,ACH,PRPAY-2024-001857,2024-09-16,5
1858,1858,2024-09-13,Direct Deposit,PRPAY-2024-001858,2024-09-16,5
1859,1859,2024-09-13,ACH,PRPAY-2024-001859,2024-09-16,5
1860,1860,2024-09-13,Direct Deposit,PRPAY-2024-001860,2024-09-16,5
1861,1861,2024-09-13,Direct Deposit,PRPAY-2024-001861,2024-09-16,5
1862,1862,2024-09-13,Direct Deposit,PRPAY-2024-001862,2024-09-16,5
1863,1863,2024-09-13,ACH,PRPAY-2024-001863,2024-09-16,5
1864,1864,2024-09-13,Direct Deposit,PRPAY-2024-001864,2024-09-16,5
1865,1865,2024-09-13,Direct Deposit,PRPAY-2024-001865,2024-09-16,5
1866,1866,2024-09-13,ACH,PRPAY-2024-001866,2024-09-16,5
1867,1867,2024-09-13,ACH,PRPAY-2024-001867,2024-09-16,5
1868,1868,2024-09-13,ACH,PRPAY-2024-001868,2024-09-16,5
1869,1869,2024-09-13,Direct Deposit,PRPAY-2024-001869,2024-09-16,5
1870,1870,2024-09-13,Direct Deposit,PRPAY-2024-001870,2024-09-16,5
1871,1871,2024-09-13,ACH,PRPAY-2024-001871,2024-09-16,5
1872,1872,2024-09-13,ACH,PRPAY-2024-001872,2024-09-16,5
1873,1873,2024-09-13,ACH,PRPAY-2024-001873,2024-09-16,5
1874,1874,2024-09-13,ACH,PRPAY-2024-001874,2024-09-16,5
1875,1875,2024-09-13,ACH,PRPAY-2024-001875,2024-09-16,5
1876,1876,2024-09-13,ACH,PRPAY-2024-001876,2024-09-16,5
1877,1877,2024-09-13,Direct Deposit,PRPAY-2024-001877,2024-09-16,5
1878,1878,2024-09-13,Direct Deposit,PRPAY-2024-001878,2024-09-16,5
1879,1879,2024-09-13,Direct Deposit,PRPAY-2024-001879,2024-09-16,5
1880,1880,2024-09-13,Direct Deposit,PRPAY-2024-001880,2024-09-16,5
1881,1881,2024-09-13,Direct Deposit,PRPAY-2024-001881,2024-09-16,5
1882,1882,2024-09-13,Direct Deposit,PRPAY-2024-001882,2024-09-16,5
1883,1883,2024-09-13,ACH,PRPAY-2024-001883,2024-09-16,5
1884,1884,2024-09-13,ACH,PRPAY-2024-001884,2024-09-16,5
1885,1885,2024-09-13,Direct Deposit,PRPAY-2024-001885,2024-09-16,5
1886,1886,2024-09-13,Direct Deposit,PRPAY-2024-001886,2024-09-16,5
1887,1887,2024-09-13,ACH,PRPAY-2024-001887,2024-09-16,5
1888,1888,2024-09-13,Direct Deposit,PRPAY-2024-001888,2024-09-16,5
1889,1889,2024-09-13,ACH,PRPAY-2024-001889,2024-09-16,5
1890,1890,2024-09-13,Direct Deposit,PRPAY-2024-001890,2024-09-16,5
1891,1891,2024-09-13,ACH,PRPAY-2024-001891,2024-09-16,5
1892,1892,2024-09-13,Direct Deposit,PRPAY-2024-001892,2024-09-16,5
1893,1893,2024-09-13,Direct Deposit,PRPAY-2024-001893,2024-09-16,5
1894,1894,2024-09-13,ACH,PRPAY-2024-001894,2024-09-16,5
1895,1895,2024-09-13,Direct Deposit,PRPAY-2024-001895,2024-09-16,5
1896,1896,2024-09-13,Direct Deposit,PRPAY-2024-001896,2024-09-16,5
1897,1897,2024-09-13,ACH,PRPAY-2024-001897,2024-09-16,5
1898,1898,2024-09-13,ACH,PRPAY-2024-001898,2024-09-16,5
1899,1899,2024-09-27,Direct Deposit,PRPAY-2024-001899,2024-09-30,5
1900,1900,2024-09-27,ACH,PRPAY-2024-001900,2024-09-30,5
1901,1901,2024-09-27,ACH,PRPAY-2024-001901,2024-09-30,5
1902,1902,2024-09-27,ACH,PRPAY-2024-001902,2024-09-30,5
1903,1903,2024-09-27,Direct Deposit,PRPAY-2024-001903,2024-09-30,5
1904,1904,2024-09-27,ACH,PRPAY-2024-001904,2024-09-30,5
1905,1905,2024-09-27,ACH,PRPAY-2024-001905,2024-09-30,5
1906,1906,2024-09-27,Direct Deposit,PRPAY-2024-001906,2024-09-30,5
1907,1907,2024-09-27,ACH,PRPAY-2024-001907,2024-09-30,5
1908,1908,2024-09-27,ACH,PRPAY-2024-001908,2024-09-30,5
1909,1909,2024-09-27,Direct Deposit,PRPAY-2024-001909,2024-09-30,5
1910,1910,2024-09-27,Direct Deposit,PRPAY-2024-001910,2024-09-30,5
1911,1911,2024-09-27,Direct Deposit,PRPAY-2024-001911,2024-09-30,5
1912,1912,2024-09-27,ACH,PRPAY-2024-001912,2024-09-30,5
1913,1913,2024-09-27,Direct Deposit,PRPAY-2024-001913,2024-09-30,5
1914,1914,2024-09-27,Direct Deposit,PRPAY-2024-001914,2024-09-30,5
1915,1915,2024-09-27,ACH,PRPAY-2024-001915,2024-09-30,5
1916,1916,2024-09-27,Direct Deposit,PRPAY-2024-001916,2024-09-30,5
1917,1917,2024-09-27,ACH,PRPAY-2024-001917,2024-09-30,5
1918,1918,2024-09-27,Direct Deposit,PRPAY-2024-001918,2024-09-30,5
1919,1919,2024-09-27,Direct Deposit,PRPAY-2024-001919,2024-09-30,5
1920,1920,2024-09-27,Direct Deposit,PRPAY-2024-001920,2024-09-30,5
1921,1921,2024-09-27,Direct Deposit,PRPAY-2024-001921,2024-09-30,5
1922,1922,2024-09-27,ACH,PRPAY-2024-001922,2024-09-30,5
1923,1923,2024-09-27,Direct Deposit,PRPAY-2024-001923,2024-09-30,5
1924,1924,2024-09-27,Direct Deposit,PRPAY-2024-001924,2024-09-30,5
1925,1925,2024-09-27,Direct Deposit,PRPAY-2024-001925,2024-09-30,5
1926,1926,2024-09-27,ACH,PRPAY-2024-001926,2024-09-30,5
1927,1927,2024-09-27,Direct Deposit,PRPAY-2024-001927,2024-09-30,5
1928,1928,2024-09-27,ACH,PRPAY-2024-001928,2024-09-30,5
1929,1929,2024-09-27,ACH,PRPAY-2024-001929,2024-09-30,5
1930,1930,2024-09-27,Direct Deposit,PRPAY-2024-001930,2024-09-30,5
1931,1931,2024-09-27,Direct Deposit,PRPAY-2024-001931,2024-09-30,5
1932,1932,2024-09-27,ACH,PRPAY-2024-001932,2024-09-30,5
1933,1933,2024-09-27,ACH,PRPAY-2024-001933,2024-09-30,5
1934,1934,2024-09-27,ACH,PRPAY-2024-001934,2024-09-30,5
1935,1935,2024-09-27,Direct Deposit,PRPAY-2024-001935,2024-09-30,5
1936,1936,2024-09-27,Direct Deposit,PRPAY-2024-001936,2024-09-30,5
1937,1937,2024-09-27,ACH,PRPAY-2024-001937,2024-09-30,5
1938,1938,2024-09-27,ACH,PRPAY-2024-001938,2024-09-30,5
1939,1939,2024-09-27,ACH,PRPAY-2024-001939,2024-09-30,5
1940,1940,2024-09-27,Direct Deposit,PRPAY-2024-001940,2024-09-30,5
1941,1941,2024-09-27,ACH,PRPAY-2024-001941,2024-09-30,5
1942,1942,2024-09-27,Direct Deposit,PRPAY-2024-001942,2024-09-30,5
1943,1943,2024-09-27,Direct Deposit,PRPAY-2024-001943,2024-09-30,5
1944,1944,2024-09-27,ACH,PRPAY-2024-001944,2024-09-30,5
1945,1945,2024-09-27,Direct Deposit,PRPAY-2024-001945,2024-09-30,5
1946,1946,2024-09-27,ACH,PRPAY-2024-001946,2024-09-30,5
1947,1947,2024-09-27,Direct Deposit,PRPAY-2024-001947,2024-09-30,5
1948,1948,2024-09-27,Direct Deposit,PRPAY-2024-001948,2024-09-30,5
1949,1949,2024-09-27,ACH,PRPAY-2024-001949,2024-09-30,5
1950,1950,2024-09-27,Direct Deposit,PRPAY-2024-001950,2024-09-30,5
1951,1951,2024-09-27,Direct Deposit,PRPAY-2024-001951,2024-09-30,5
1952,1952,2024-09-27,Direct Deposit,PRPAY-2024-001952,2024-09-30,5
1953,1953,2024-09-27,Direct Deposit,PRPAY-2024-001953,2024-09-30,5
1954,1954,2024-09-27,ACH,PRPAY-2024-001954,2024-09-30,5
1955,1955,2024-09-27,ACH,PRPAY-2024-001955,2024-09-30,5
1956,1956,2024-09-27,ACH,PRPAY-2024-001956,2024-09-30,5
1957,1957,2024-09-27,Direct Deposit,PRPAY-2024-001957,2024-09-30,5
1958,1958,2024-09-27,Direct Deposit,PRPAY-2024-001958,2024-09-30,5
1959,1959,2024-09-27,Direct Deposit,PRPAY-2024-001959,2024-09-30,5
1960,1960,2024-09-27,Direct Deposit,PRPAY-2024-001960,2024-09-30,5
1961,1961,2024-09-27,ACH,PRPAY-2024-001961,2024-09-30,5
1962,1962,2024-09-27,ACH,PRPAY-2024-001962,2024-09-30,5
1963,1963,2024-09-27,ACH,PRPAY-2024-001963,2024-09-30,5
1964,1964,2024-09-27,ACH,PRPAY-2024-001964,2024-09-30,5
1965,1965,2024-09-27,Direct Deposit,PRPAY-2024-001965,2024-09-30,5
1966,1966,2024-09-27,ACH,PRPAY-2024-001966,2024-09-30,5
1967,1967,2024-09-27,Direct Deposit,PRPAY-2024-001967,2024-09-30,5
1968,1968,2024-09-27,ACH,PRPAY-2024-001968,2024-09-30,5
1969,1969,2024-09-27,ACH,PRPAY-2024-001969,2024-09-30,5
1970,1970,2024-09-27,ACH,PRPAY-2024-001970,2024-09-30,5
1971,1971,2024-09-27,ACH,PRPAY-2024-001971,2024-09-30,5
1972,1972,2024-09-27,ACH,PRPAY-2024-001972,2024-09-30,5
1973,1973,2024-09-27,Direct Deposit,PRPAY-2024-001973,2024-09-30,5
1974,1974,2024-09-27,Direct Deposit,PRPAY-2024-001974,2024-09-30,5
1975,1975,2024-09-27,Direct Deposit,PRPAY-2024-001975,2024-09-30,5
1976,1976,2024-09-27,Direct Deposit,PRPAY-2024-001976,2024-09-30,5
1977,1977,2024-09-27,Direct Deposit,PRPAY-2024-001977,2024-09-30,5
1978,1978,2024-09-27,Direct Deposit,PRPAY-2024-001978,2024-09-30,5
1979,1979,2024-09-27,Direct Deposit,PRPAY-2024-001979,2024-09-30,5
1980,1980,2024-09-27,Direct Deposit,PRPAY-2024-001980,2024-09-30,5
1981,1981,2024-09-27,Direct Deposit,PRPAY-2024-001981,2024-09-30,5
1982,1982,2024-09-27,ACH,PRPAY-2024-001982,2024-09-30,5
1983,1983,2024-09-27,ACH,PRPAY-2024-001983,2024-09-30,5
1984,1984,2024-09-27,ACH,PRPAY-2024-001984,2024-09-30,5
1985,1985,2024-09-27,ACH,PRPAY-2024-001985,2024-09-30,5
1986,1986,2024-09-27,ACH,PRPAY-2024-001986,2024-09-30,5
1987,1987,2024-09-27,ACH,PRPAY-2024-001987,2024-09-30,5
1988,1988,2024-09-27,Direct Deposit,PRPAY-2024-001988,2024-09-30,5
1989,1989,2024-09-27,ACH,PRPAY-2024-001989,2024-09-30,5
1990,1990,2024-09-27,ACH,PRPAY-2024-001990,2024-09-30,5
1991,1991,2024-09-27,ACH,PRPAY-2024-001991,2024-09-30,5
1992,1992,2024-09-27,ACH,PRPAY-2024-001992,2024-09-30,5
1993,1993,2024-09-27,Direct Deposit,PRPAY-2024-001993,2024-09-30,5
1994,1994,2024-09-27,ACH,PRPAY-2024-001994,2024-09-30,5
1995,1995,2024-09-27,Direct Deposit,PRPAY-2024-001995,2024-09-30,5
1996,1996,2024-09-27,Direct Deposit,PRPAY-2024-001996,2024-09-30,5
1997,1997,2024-09-27,Direct Deposit,PRPAY-2024-001997,2024-09-30,5
1998,1998,2024-09-27,ACH,PRPAY-2024-001998,2024-09-30,5
1999,1999,2024-09-27,ACH,PRPAY-2024-001999,2024-09-30,5
2000,2000,2024-09-27,ACH,PRPAY-2024-002000,2024-09-30,5
2001,2001,2024-09-27,Direct Deposit,PRPAY-2024-002001,2024-09-30,5
2002,2002,2024-09-27,Direct Deposit,PRPAY-2024-002002,2024-09-30,5
2003,2003,2024-09-27,ACH,PRPAY-2024-002003,2024-09-30,5
2004,2004,2024-09-27,ACH,PRPAY-2024-002004,2024-09-30,5
2005,2005,2024-10-11,Direct Deposit,PRPAY-2024-002005,2024-10-14,5
2006,2006,2024-10-11,Direct Deposit,PRPAY-2024-002006,2024-10-14,5
2007,2007,2024-10-11,ACH,PRPAY-2024-002007,2024-10-14,5
2008,2008,2024-10-11,Direct Deposit,PRPAY-2024-002008,2024-10-14,5
2009,2009,2024-10-11,Direct Deposit,PRPAY-2024-002009,2024-10-14,5
2010,2010,2024-10-11,ACH,PRPAY-2024-002010,2024-10-14,5
2011,2011,2024-10-11,Direct Deposit,PRPAY-2024-002011,2024-10-14,5
2012,2012,2024-10-11,ACH,PRPAY-2024-002012,2024-10-14,5
2013,2013,2024-10-11,Direct Deposit,PRPAY-2024-002013,2024-10-14,5
2014,2014,2024-10-11,ACH,PRPAY-2024-002014,2024-10-14,5
2015,2015,2024-10-11,Direct Deposit,PRPAY-2024-002015,2024-10-14,5
2016,2016,2024-10-11,ACH,PRPAY-2024-002016,2024-10-14,5
2017,2017,2024-10-11,Direct Deposit,PRPAY-2024-002017,2024-10-14,5
2018,2018,2024-10-11,Direct Deposit,PRPAY-2024-002018,2024-10-14,5
2019,2019,2024-10-11,Direct Deposit,PRPAY-2024-002019,2024-10-14,5
2020,2020,2024-10-11,ACH,PRPAY-2024-002020,2024-10-14,5
2021,2021,2024-10-11,Direct Deposit,PRPAY-2024-002021,2024-10-14,5
2022,2022,2024-10-11,Direct Deposit,PRPAY-2024-002022,2024-10-14,5
2023,2023,2024-10-11,ACH,PRPAY-2024-002023,2024-10-14,5
2024,2024,2024-10-11,Direct Deposit,PRPAY-2024-002024,2024-10-14,5
2025,2025,2024-10-11,Direct Deposit,PRPAY-2024-002025,2024-10-14,5
2026,2026,2024-10-11,ACH,PRPAY-2024-002026,2024-10-14,5
2027,2027,2024-10-11,ACH,PRPAY-2024-002027,2024-10-14,5
2028,2028,2024-10-11,Direct Deposit,PRPAY-2024-002028,2024-10-14,5
2029,2029,2024-10-11,ACH,PRPAY-2024-002029,2024-10-14,5
2030,2030,2024-10-11,ACH,PRPAY-2024-002030,2024-10-14,5
2031,2031,2024-10-11,ACH,PRPAY-2024-002031,2024-10-14,5
2032,2032,2024-10-11,Direct Deposit,PRPAY-2024-002032,2024-10-14,5
2033,2033,2024-10-11,Direct Deposit,PRPAY-2024-002033,2024-10-14,5
2034,2034,2024-10-11,ACH,PRPAY-2024-002034,2024-10-14,5
2035,2035,2024-10-11,ACH,PRPAY-2024-002035,2024-10-14,5
2036,2036,2024-10-11,ACH,PRPAY-2024-002036,2024-10-14,5
2037,2037,2024-10-11,Direct Deposit,PRPAY-2024-002037,2024-10-14,5
2038,2038,2024-10-11,ACH,PRPAY-2024-002038,2024-10-14,5
2039,2039,2024-10-11,Direct Deposit,PRPAY-2024-002039,2024-10-14,5
2040,2040,2024-10-11,Direct Deposit,PRPAY-2024-002040,2024-10-14,5
2041,2041,2024-10-11,Direct Deposit,PRPAY-2024-002041,2024-10-14,5
2042,2042,2024-10-11,Direct Deposit,PRPAY-2024-002042,2024-10-14,5
2043,2043,2024-10-11,ACH,PRPAY-2024-002043,2024-10-14,5
2044,2044,2024-10-11,ACH,PRPAY-2024-002044,2024-10-14,5
2045,2045,2024-10-11,ACH,PRPAY-2024-002045,2024-10-14,5
2046,2046,2024-10-11,Direct Deposit,PRPAY-2024-002046,2024-10-14,5
2047,2047,2024-10-11,ACH,PRPAY-2024-002047,2024-10-14,5
2048,2048,2024-10-11,Direct Deposit,PRPAY-2024-002048,2024-10-14,5
2049,2049,2024-10-11,Direct Deposit,PRPAY-2024-002049,2024-10-14,5
2050,2050,2024-10-11,Direct Deposit,PRPAY-2024-002050,2024-10-14,5
2051,2051,2024-10-11,ACH,PRPAY-2024-002051,2024-10-14,5
2052,2052,2024-10-11,Direct Deposit,PRPAY-2024-002052,2024-10-14,5
2053,2053,2024-10-11,ACH,PRPAY-2024-002053,2024-10-14,5
2054,2054,2024-10-11,Direct Deposit,PRPAY-2024-002054,2024-10-14,5
2055,2055,2024-10-11,ACH,PRPAY-2024-002055,2024-10-14,5
2056,2056,2024-10-11,ACH,PRPAY-2024-002056,2024-10-14,5
2057,2057,2024-10-11,ACH,PRPAY-2024-002057,2024-10-14,5
2058,2058,2024-10-11,ACH,PRPAY-2024-002058,2024-10-14,5
2059,2059,2024-10-11,Direct Deposit,PRPAY-2024-002059,2024-10-14,5
2060,2060,2024-10-11,Direct Deposit,PRPAY-2024-002060,2024-10-14,5
2061,2061,2024-10-11,ACH,PRPAY-2024-002061,2024-10-14,5
2062,2062,2024-10-11,Direct Deposit,PRPAY-2024-002062,2024-10-14,5
2063,2063,2024-10-11,ACH,PRPAY-2024-002063,2024-10-14,5
2064,2064,2024-10-11,ACH,PRPAY-2024-002064,2024-10-14,5
2065,2065,2024-10-11,ACH,PRPAY-2024-002065,2024-10-14,5
2066,2066,2024-10-11,Direct Deposit,PRPAY-2024-002066,2024-10-14,5
2067,2067,2024-10-11,Direct Deposit,PRPAY-2024-002067,2024-10-14,5
2068,2068,2024-10-11,ACH,PRPAY-2024-002068,2024-10-14,5
2069,2069,2024-10-11,ACH,PRPAY-2024-002069,2024-10-14,5
2070,2070,2024-10-11,ACH,PRPAY-2024-002070,2024-10-14,5
2071,2071,2024-10-11,ACH,PRPAY-2024-002071,2024-10-14,5
2072,2072,2024-10-11,Direct Deposit,PRPAY-2024-002072,2024-10-14,5
2073,2073,2024-10-11,ACH,PRPAY-2024-002073,2024-10-14,5
2074,2074,2024-10-11,Direct Deposit,PRPAY-2024-002074,2024-10-14,5
2075,2075,2024-10-11,ACH,PRPAY-2024-002075,2024-10-14,5
2076,2076,2024-10-11,ACH,PRPAY-2024-002076,2024-10-14,5
2077,2077,2024-10-11,ACH,PRPAY-2024-002077,2024-10-14,5
2078,2078,2024-10-11,ACH,PRPAY-2024-002078,2024-10-14,5
2079,2079,2024-10-11,Direct Deposit,PRPAY-2024-002079,2024-10-14,5
2080,2080,2024-10-11,ACH,PRPAY-2024-002080,2024-10-14,5
2081,2081,2024-10-11,ACH,PRPAY-2024-002081,2024-10-14,5
2082,2082,2024-10-11,ACH,PRPAY-2024-002082,2024-10-14,5
2083,2083,2024-10-11,ACH,PRPAY-2024-002083,2024-10-14,5
2084,2084,2024-10-11,ACH,PRPAY-2024-002084,2024-10-14,5
2085,2085,2024-10-11,ACH,PRPAY-2024-002085,2024-10-14,5
2086,2086,2024-10-11,Direct Deposit,PRPAY-2024-002086,2024-10-14,5
2087,2087,2024-10-11,Direct Deposit,PRPAY-2024-002087,2024-10-14,5
2088,2088,2024-10-11,Direct Deposit,PRPAY-2024-002088,2024-10-14,5
2089,2089,2024-10-11,Direct Deposit,PRPAY-2024-002089,2024-10-14,5
2090,2090,2024-10-11,Direct Deposit,PRPAY-2024-002090,2024-10-14,5
2091,2091,2024-10-11,Direct Deposit,PRPAY-2024-002091,2024-10-14,5
2092,2092,2024-10-11,ACH,PRPAY-2024-002092,2024-10-14,5
2093,2093,2024-10-11,ACH,PRPAY-2024-002093,2024-10-14,5
2094,2094,2024-10-11,Direct Deposit,PRPAY-2024-002094,2024-10-14,5
2095,2095,2024-10-11,ACH,PRPAY-2024-002095,2024-10-14,5
2096,2096,2024-10-11,ACH,PRPAY-2024-002096,2024-10-14,5
2097,2097,2024-10-11,ACH,PRPAY-2024-002097,2024-10-14,5
2098,2098,2024-10-11,ACH,PRPAY-2024-002098,2024-10-14,5
2099,2099,2024-10-11,Direct Deposit,PRPAY-2024-002099,2024-10-14,5
2100,2100,2024-10-11,Direct Deposit,PRPAY-2024-002100,2024-10-14,5
2101,2101,2024-10-11,Direct Deposit,PRPAY-2024-002101,2024-10-14,5
2102,2102,2024-10-11,ACH,PRPAY-2024-002102,2024-10-14,5
2103,2103,2024-10-11,Direct Deposit,PRPAY-2024-002103,2024-10-14,5
2104,2104,2024-10-11,ACH,PRPAY-2024-002104,2024-10-14,5
2105,2105,2024-10-11,ACH,PRPAY-2024-002105,2024-10-14,5
2106,2106,2024-10-11,Direct Deposit,PRPAY-2024-002106,2024-10-14,5
2107,2107,2024-10-11,Direct Deposit,PRPAY-2024-002107,2024-10-14,5
2108,2108,2024-10-11,ACH,PRPAY-2024-002108,2024-10-14,5
2109,2109,2024-10-11,Direct Deposit,PRPAY-2024-002109,2024-10-14,5
2110,2110,2024-10-11,ACH,PRPAY-2024-002110,2024-10-14,5
2111,2111,2024-10-11,ACH,PRPAY-2024-002111,2024-10-14,5
2112,2112,2024-10-25,Direct Deposit,PRPAY-2024-002112,2024-10-28,5
2113,2113,2024-10-25,Direct Deposit,PRPAY-2024-002113,2024-10-28,5
2114,2114,2024-10-25,Direct Deposit,PRPAY-2024-002114,2024-10-28,5
2115,2115,2024-10-25,ACH,PRPAY-2024-002115,2024-10-28,5
2116,2116,2024-10-25,Direct Deposit,PRPAY-2024-002116,2024-10-28,5
2117,2117,2024-10-25,ACH,PRPAY-2024-002117,2024-10-28,5
2118,2118,2024-10-25,ACH,PRPAY-2024-002118,2024-10-28,5
2119,2119,2024-10-25,Direct Deposit,PRPAY-2024-002119,2024-10-28,5
2120,2120,2024-10-25,Direct Deposit,PRPAY-2024-002120,2024-10-28,5
2121,2121,2024-10-25,ACH,PRPAY-2024-002121,2024-10-28,5
2122,2122,2024-10-25,Direct Deposit,PRPAY-2024-002122,2024-10-28,5
2123,2123,2024-10-25,ACH,PRPAY-2024-002123,2024-10-28,5
2124,2124,2024-10-25,ACH,PRPAY-2024-002124,2024-10-28,5
2125,2125,2024-10-25,Direct Deposit,PRPAY-2024-002125,2024-10-28,5
2126,2126,2024-10-25,Direct Deposit,PRPAY-2024-002126,2024-10-28,5
2127,2127,2024-10-25,ACH,PRPAY-2024-002127,2024-10-28,5
2128,2128,2024-10-25,ACH,PRPAY-2024-002128,2024-10-28,5
2129,2129,2024-10-25,ACH,PRPAY-2024-002129,2024-10-28,5
2130,2130,2024-10-25,Direct Deposit,PRPAY-2024-002130,2024-10-28,5
2131,2131,2024-10-25,ACH,PRPAY-2024-002131,2024-10-28,5
2132,2132,2024-10-25,ACH,PRPAY-2024-002132,2024-10-28,5
2133,2133,2024-10-25,Direct Deposit,PRPAY-2024-002133,2024-10-28,5
2134,2134,2024-10-25,ACH,PRPAY-2024-002134,2024-10-28,5
2135,2135,2024-10-25,ACH,PRPAY-2024-002135,2024-10-28,5
2136,2136,2024-10-25,Direct Deposit,PRPAY-2024-002136,2024-10-28,5
2137,2137,2024-10-25,Direct Deposit,PRPAY-2024-002137,2024-10-28,5
2138,2138,2024-10-25,ACH,PRPAY-2024-002138,2024-10-28,5
2139,2139,2024-10-25,Direct Deposit,PRPAY-2024-002139,2024-10-28,5
2140,2140,2024-10-25,Direct Deposit,PRPAY-2024-002140,2024-10-28,5
2141,2141,2024-10-25,ACH,PRPAY-2024-002141,2024-10-28,5
2142,2142,2024-10-25,ACH,PRPAY-2024-002142,2024-10-28,5
2143,2143,2024-10-25,ACH,PRPAY-2024-002143,2024-10-28,5
2144,2144,2024-10-25,Direct Deposit,PRPAY-2024-002144,2024-10-28,5
2145,2145,2024-10-25,Direct Deposit,PRPAY-2024-002145,2024-10-28,5
2146,2146,2024-10-25,Direct Deposit,PRPAY-2024-002146,2024-10-28,5
2147,2147,2024-10-25,ACH,PRPAY-2024-002147,2024-10-28,5
2148,2148,2024-10-25,Direct Deposit,PRPAY-2024-002148,2024-10-28,5
2149,2149,2024-10-25,Direct Deposit,PRPAY-2024-002149,2024-10-28,5
2150,2150,2024-10-25,ACH,PRPAY-2024-002150,2024-10-28,5
2151,2151,2024-10-25,Direct Deposit,PRPAY-2024-002151,2024-10-28,5
2152,2152,2024-10-25,Direct Deposit,PRPAY-2024-002152,2024-10-28,5
2153,2153,2024-10-25,ACH,PRPAY-2024-002153,2024-10-28,5
2154,2154,2024-10-25,Direct Deposit,PRPAY-2024-002154,2024-10-28,5
2155,2155,2024-10-25,Direct Deposit,PRPAY-2024-002155,2024-10-28,5
2156,2156,2024-10-25,ACH,PRPAY-2024-002156,2024-10-28,5
2157,2157,2024-10-25,Direct Deposit,PRPAY-2024-002157,2024-10-28,5
2158,2158,2024-10-25,ACH,PRPAY-2024-002158,2024-10-28,5
2159,2159,2024-10-25,ACH,PRPAY-2024-002159,2024-10-28,5
2160,2160,2024-10-25,Direct Deposit,PRPAY-2024-002160,2024-10-28,5
2161,2161,2024-10-25,ACH,PRPAY-2024-002161,2024-10-28,5
2162,2162,2024-10-25,ACH,PRPAY-2024-002162,2024-10-28,5
2163,2163,2024-10-25,Direct Deposit,PRPAY-2024-002163,2024-10-28,5
2164,2164,2024-10-25,Direct Deposit,PRPAY-2024-002164,2024-10-28,5
2165,2165,2024-10-25,ACH,PRPAY-2024-002165,2024-10-28,5
2166,2166,2024-10-25,Direct Deposit,PRPAY-2024-002166,2024-10-28,5
2167,2167,2024-10-25,ACH,PRPAY-2024-002167,2024-10-28,5
2168,2168,2024-10-25,ACH,PRPAY-2024-002168,2024-10-28,5
2169,2169,2024-10-25,Direct Deposit,PRPAY-2024-002169,2024-10-28,5
2170,2170,2024-10-25,ACH,PRPAY-2024-002170,2024-10-28,5
2171,2171,2024-10-25,ACH,PRPAY-2024-002171,2024-10-28,5
2172,2172,2024-10-25,ACH,PRPAY-2024-002172,2024-10-28,5
2173,2173,2024-10-25,ACH,PRPAY-2024-002173,2024-10-28,5
2174,2174,2024-10-25,Direct Deposit,PRPAY-2024-002174,2024-10-28,5
2175,2175,2024-10-25,Direct Deposit,PRPAY-2024-002175,2024-10-28,5
2176,2176,2024-10-25,ACH,PRPAY-2024-002176,2024-10-28,5
2177,2177,2024-10-25,Direct Deposit,PRPAY-2024-002177,2024-10-28,5
2178,2178,2024-10-25,ACH,PRPAY-2024-002178,2024-10-28,5
2179,2179,2024-10-25,Direct Deposit,PRPAY-2024-002179,2024-10-28,5
2180,2180,2024-10-25,ACH,PRPAY-2024-002180,2024-10-28,5
2181,2181,2024-10-25,Direct Deposit,PRPAY-2024-002181,2024-10-28,5
2182,2182,2024-10-25,Direct Deposit,PRPAY-2024-002182,2024-10-28,5
2183,2183,2024-10-25,Direct Deposit,PRPAY-2024-002183,2024-10-28,5
2184,2184,2024-10-25,Direct Deposit,PRPAY-2024-002184,2024-10-28,5
2185,2185,2024-10-25,ACH,PRPAY-2024-002185,2024-10-28,5
2186,2186,2024-10-25,ACH,PRPAY-2024-002186,2024-10-28,5
2187,2187,2024-10-25,ACH,PRPAY-2024-002187,2024-10-28,5
2188,2188,2024-10-25,Direct Deposit,PRPAY-2024-002188,2024-10-28,5
2189,2189,2024-10-25,Direct Deposit,PRPAY-2024-002189,2024-10-28,5
2190,2190,2024-10-25,Direct Deposit,PRPAY-2024-002190,2024-10-28,5
2191,2191,2024-10-25,ACH,PRPAY-2024-002191,2024-10-28,5
2192,2192,2024-10-25,Direct Deposit,PRPAY-2024-002192,2024-10-28,5
2193,2193,2024-10-25,Direct Deposit,PRPAY-2024-002193,2024-10-28,5
2194,2194,2024-10-25,ACH,PRPAY-2024-002194,2024-10-28,5
2195,2195,2024-10-25,ACH,PRPAY-2024-002195,2024-10-28,5
2196,2196,2024-10-25,ACH,PRPAY-2024-002196,2024-10-28,5
2197,2197,2024-10-25,Direct Deposit,PRPAY-2024-002197,2024-10-28,5
2198,2198,2024-10-25,Direct Deposit,PRPAY-2024-002198,2024-10-28,5
2199,2199,2024-10-25,Direct Deposit,PRPAY-2024-002199,2024-10-28,5
2200,2200,2024-10-25,ACH,PRPAY-2024-002200,2024-10-28,5
2201,2201,2024-10-25,ACH,PRPAY-2024-002201,2024-10-28,5
2202,2202,2024-10-25,Direct Deposit,PRPAY-2024-002202,2024-10-28,5
2203,2203,2024-10-25,ACH,PRPAY-2024-002203,2024-10-28,5
2204,2204,2024-10-25,ACH,PRPAY-2024-002204,2024-10-28,5
2205,2205,2024-10-25,Direct Deposit,PRPAY-2024-002205,2024-10-28,5
2206,2206,2024-10-25,ACH,PRPAY-2024-002206,2024-10-28,5
2207,2207,2024-10-25,Direct Deposit,PRPAY-2024-002207,2024-10-28,5
2208,2208,2024-10-25,Direct Deposit,PRPAY-2024-002208,2024-10-28,5
2209,2209,2024-10-25,Direct Deposit,PRPAY-2024-002209,2024-10-28,5
2210,2210,2024-10-25,ACH,PRPAY-2024-002210,2024-10-28,5
2211,2211,2024-10-25,Direct Deposit,PRPAY-2024-002211,2024-10-28,5
2212,2212,2024-10-25,ACH,PRPAY-2024-002212,2024-10-28,5
2213,2213,2024-10-25,ACH,PRPAY-2024-002213,2024-10-28,5
2214,2214,2024-10-25,ACH,PRPAY-2024-002214,2024-10-28,5
2215,2215,2024-10-25,ACH,PRPAY-2024-002215,2024-10-28,5
2216,2216,2024-10-25,ACH,PRPAY-2024-002216,2024-10-28,5
2217,2217,2024-10-25,ACH,PRPAY-2024-002217,2024-10-28,5
2218,2218,2024-10-25,Direct Deposit,PRPAY-2024-002218,2024-10-28,5
2219,2219,2024-11-08,ACH,PRPAY-2024-002219,2024-11-11,5
2220,2220,2024-11-08,ACH,PRPAY-2024-002220,2024-11-11,5
2221,2221,2024-11-08,ACH,PRPAY-2024-002221,2024-11-11,5
2222,2222,2024-11-08,ACH,PRPAY-2024-002222,2024-11-11,5
2223,2223,2024-11-08,Direct Deposit,PRPAY-2024-002223,2024-11-11,5
2224,2224,2024-11-08,ACH,PRPAY-2024-002224,2024-11-11,5
2225,2225,2024-11-08,Direct Deposit,PRPAY-2024-002225,2024-11-11,5
2226,2226,2024-11-08,Direct Deposit,PRPAY-2024-002226,2024-11-11,5
2227,2227,2024-11-08,ACH,PRPAY-2024-002227,2024-11-11,5
2228,2228,2024-11-08,ACH,PRPAY-2024-002228,2024-11-11,5
2229,2229,2024-11-08,Direct Deposit,PRPAY-2024-002229,2024-11-11,5
2230,2230,2024-11-08,ACH,PRPAY-2024-002230,2024-11-11,5
2231,2231,2024-11-08,Direct Deposit,PRPAY-2024-002231,2024-11-11,5
2232,2232,2024-11-08,Direct Deposit,PRPAY-2024-002232,2024-11-11,5
2233,2233,2024-11-08,ACH,PRPAY-2024-002233,2024-11-11,5
2234,2234,2024-11-08,Direct Deposit,PRPAY-2024-002234,2024-11-11,5
2235,2235,2024-11-08,Direct Deposit,PRPAY-2024-002235,2024-11-11,5
2236,2236,2024-11-08,Direct Deposit,PRPAY-2024-002236,2024-11-11,5
2237,2237,2024-11-08,ACH,PRPAY-2024-002237,2024-11-11,5
2238,2238,2024-11-08,Direct Deposit,PRPAY-2024-002238,2024-11-11,5
2239,2239,2024-11-08,Direct Deposit,PRPAY-2024-002239,2024-11-11,5
2240,2240,2024-11-08,ACH,PRPAY-2024-002240,2024-11-11,5
2241,2241,2024-11-08,ACH,PRPAY-2024-002241,2024-11-11,5
2242,2242,2024-11-08,ACH,PRPAY-2024-002242,2024-11-11,5
2243,2243,2024-11-08,ACH,PRPAY-2024-002243,2024-11-11,5
2244,2244,2024-11-08,ACH,PRPAY-2024-002244,2024-11-11,5
2245,2245,2024-11-08,ACH,PRPAY-2024-002245,2024-11-11,5
2246,2246,2024-11-08,ACH,PRPAY-2024-002246,2024-11-11,5
2247,2247,2024-11-08,Direct Deposit,PRPAY-2024-002247,2024-11-11,5
2248,2248,2024-11-08,ACH,PRPAY-2024-002248,2024-11-11,5
2249,2249,2024-11-08,ACH,PRPAY-2024-002249,2024-11-11,5
2250,2250,2024-11-08,Direct Deposit,PRPAY-2024-002250,2024-11-11,5
2251,2251,2024-11-08,ACH,PRPAY-2024-002251,2024-11-11,5
2252,2252,2024-11-08,ACH,PRPAY-2024-002252,2024-11-11,5
2253,2253,2024-11-08,ACH,PRPAY-2024-002253,2024-11-11,5
2254,2254,2024-11-08,Direct Deposit,PRPAY-2024-002254,2024-11-11,5
2255,2255,2024-11-08,Direct Deposit,PRPAY-2024-002255,2024-11-11,5
2256,2256,2024-11-08,Direct Deposit,PRPAY-2024-002256,2024-11-11,5
2257,2257,2024-11-08,Direct Deposit,PRPAY-2024-002257,2024-11-11,5
2258,2258,2024-11-08,Direct Deposit,PRPAY-2024-002258,2024-11-11,5
2259,2259,2024-11-08,ACH,PRPAY-2024-002259,2024-11-11,5
2260,2260,2024-11-08,ACH,PRPAY-2024-002260,2024-11-11,5
2261,2261,2024-11-08,ACH,PRPAY-2024-002261,2024-11-11,5
2262,2262,2024-11-08,ACH,PRPAY-2024-002262,2024-11-11,5
2263,2263,2024-11-08,ACH,PRPAY-2024-002263,2024-11-11,5
2264,2264,2024-11-08,Direct Deposit,PRPAY-2024-002264,2024-11-11,5
2265,2265,2024-11-08,ACH,PRPAY-2024-002265,2024-11-11,5
2266,2266,2024-11-08,Direct Deposit,PRPAY-2024-002266,2024-11-11,5
2267,2267,2024-11-08,Direct Deposit,PRPAY-2024-002267,2024-11-11,5
2268,2268,2024-11-08,Direct Deposit,PRPAY-2024-002268,2024-11-11,5
2269,2269,2024-11-08,Direct Deposit,PRPAY-2024-002269,2024-11-11,5
2270,2270,2024-11-08,ACH,PRPAY-2024-002270,2024-11-11,5
2271,2271,2024-11-08,ACH,PRPAY-2024-002271,2024-11-11,5
2272,2272,2024-11-08,Direct Deposit,PRPAY-2024-002272,2024-11-11,5
2273,2273,2024-11-08,Direct Deposit,PRPAY-2024-002273,2024-11-11,5
2274,2274,2024-11-08,Direct Deposit,PRPAY-2024-002274,2024-11-11,5
2275,2275,2024-11-08,Direct Deposit,PRPAY-2024-002275,2024-11-11,5
2276,2276,2024-11-08,Direct Deposit,PRPAY-2024-002276,2024-11-11,5
2277,2277,2024-11-08,ACH,PRPAY-2024-002277,2024-11-11,5
2278,2278,2024-11-08,Direct Deposit,PRPAY-2024-002278,2024-11-11,5
2279,2279,2024-11-08,Direct Deposit,PRPAY-2024-002279,2024-11-11,5
2280,2280,2024-11-08,ACH,PRPAY-2024-002280,2024-11-11,5
2281,2281,2024-11-08,ACH,PRPAY-2024-002281,2024-11-11,5
2282,2282,2024-11-08,ACH,PRPAY-2024-002282,2024-11-11,5
2283,2283,2024-11-08,Direct Deposit,PRPAY-2024-002283,2024-11-11,5
2284,2284,2024-11-08,ACH,PRPAY-2024-002284,2024-11-11,5
2285,2285,2024-11-08,ACH,PRPAY-2024-002285,2024-11-11,5
2286,2286,2024-11-08,Direct Deposit,PRPAY-2024-002286,2024-11-11,5
2287,2287,2024-11-08,Direct Deposit,PRPAY-2024-002287,2024-11-11,5
2288,2288,2024-11-08,Direct Deposit,PRPAY-2024-002288,2024-11-11,5
2289,2289,2024-11-08,ACH,PRPAY-2024-002289,2024-11-11,5
2290,2290,2024-11-08,Direct Deposit,PRPAY-2024-002290,2024-11-11,5
2291,2291,2024-11-08,Direct Deposit,PRPAY-2024-002291,2024-11-11,5
2292,2292,2024-11-08,Direct Deposit,PRPAY-2024-002292,2024-11-11,5
2293,2293,2024-11-08,ACH,PRPAY-2024-002293,2024-11-11,5
2294,2294,2024-11-08,Direct Deposit,PRPAY-2024-002294,2024-11-11,5
2295,2295,2024-11-08,ACH,PRPAY-2024-002295,2024-11-11,5
2296,2296,2024-11-08,ACH,PRPAY-2024-002296,2024-11-11,5
2297,2297,2024-11-08,Direct Deposit,PRPAY-2024-002297,2024-11-11,5
2298,2298,2024-11-08,Direct Deposit,PRPAY-2024-002298,2024-11-11,5
2299,2299,2024-11-08,Direct Deposit,PRPAY-2024-002299,2024-11-11,5
2300,2300,2024-11-08,Direct Deposit,PRPAY-2024-002300,2024-11-11,5
2301,2301,2024-11-08,Direct Deposit,PRPAY-2024-002301,2024-11-11,5
2302,2302,2024-11-08,Direct Deposit,PRPAY-2024-002302,2024-11-11,5
2303,2303,2024-11-08,Direct Deposit,PRPAY-2024-002303,2024-11-11,5
2304,2304,2024-11-08,ACH,PRPAY-2024-002304,2024-11-11,5
2305,2305,2024-11-08,Direct Deposit,PRPAY-2024-002305,2024-11-11,5
2306,2306,2024-11-08,Direct Deposit,PRPAY-2024-002306,2024-11-11,5
2307,2307,2024-11-08,ACH,PRPAY-2024-002307,2024-11-11,5
2308,2308,2024-11-08,Direct Deposit,PRPAY-2024-002308,2024-11-11,5
2309,2309,2024-11-08,Direct Deposit,PRPAY-2024-002309,2024-11-11,5
2310,2310,2024-11-08,ACH,PRPAY-2024-002310,2024-11-11,5
2311,2311,2024-11-08,Direct Deposit,PRPAY-2024-002311,2024-11-11,5
2312,2312,2024-11-08,ACH,PRPAY-2024-002312,2024-11-11,5
2313,2313,2024-11-08,ACH,PRPAY-2024-002313,2024-11-11,5
2314,2314,2024-11-08,Direct Deposit,PRPAY-2024-002314,2024-11-11,5
2315,2315,2024-11-08,ACH,PRPAY-2024-002315,2024-11-11,5
2316,2316,2024-11-08,ACH,PRPAY-2024-002316,2024-11-11,5
2317,2317,2024-11-08,Direct Deposit,PRPAY-2024-002317,2024-11-11,5
2318,2318,2024-11-08,ACH,PRPAY-2024-002318,2024-11-11,5
2319,2319,2024-11-08,Direct Deposit,PRPAY-2024-002319,2024-11-11,5
2320,2320,2024-11-08,ACH,PRPAY-2024-002320,2024-11-11,5
2321,2321,2024-11-08,Direct Deposit,PRPAY-2024-002321,2024-11-11,5
2322,2322,2024-11-08,ACH,PRPAY-2024-002322,2024-11-11,5
2323,2323,2024-11-08,ACH,PRPAY-2024-002323,2024-11-11,5
2324,2324,2024-11-08,ACH,PRPAY-2024-002324,2024-11-11,5
2325,2325,2024-11-08,Direct Deposit,PRPAY-2024-002325,2024-11-11,5
2326,2326,2024-11-22,ACH,PRPAY-2024-002326,2024-11-25,5
2327,2327,2024-11-22,Direct Deposit,PRPAY-2024-002327,2024-11-25,5
2328,2328,2024-11-22,Direct Deposit,PRPAY-2024-002328,2024-11-25,5
2329,2329,2024-11-22,ACH,PRPAY-2024-002329,2024-11-25,5
2330,2330,2024-11-22,ACH,PRPAY-2024-002330,2024-11-25,5
2331,2331,2024-11-22,ACH,PRPAY-2024-002331,2024-11-25,5
2332,2332,2024-11-22,Direct Deposit,PRPAY-2024-002332,2024-11-25,5
2333,2333,2024-11-22,Direct Deposit,PRPAY-2024-002333,2024-11-25,5
2334,2334,2024-11-22,ACH,PRPAY-2024-002334,2024-11-25,5
2335,2335,2024-11-22,ACH,PRPAY-2024-002335,2024-11-25,5
2336,2336,2024-11-22,Direct Deposit,PRPAY-2024-002336,2024-11-25,5
2337,2337,2024-11-22,Direct Deposit,PRPAY-2024-002337,2024-11-25,5
2338,2338,2024-11-22,Direct Deposit,PRPAY-2024-002338,2024-11-25,5
2339,2339,2024-11-22,ACH,PRPAY-2024-002339,2024-11-25,5
2340,2340,2024-11-22,Direct Deposit,PRPAY-2024-002340,2024-11-25,5
2341,2341,2024-11-22,ACH,PRPAY-2024-002341,2024-11-25,5
2342,2342,2024-11-22,Direct Deposit,PRPAY-2024-002342,2024-11-25,5
2343,2343,2024-11-22,Direct Deposit,PRPAY-2024-002343,2024-11-25,5
2344,2344,2024-11-22,Direct Deposit,PRPAY-2024-002344,2024-11-25,5
2345,2345,2024-11-22,Direct Deposit,PRPAY-2024-002345,2024-11-25,5
2346,2346,2024-11-22,Direct Deposit,PRPAY-2024-002346,2024-11-25,5
2347,2347,2024-11-22,Direct Deposit,PRPAY-2024-002347,2024-11-25,5
2348,2348,2024-11-22,ACH,PRPAY-2024-002348,2024-11-25,5
2349,2349,2024-11-22,Direct Deposit,PRPAY-2024-002349,2024-11-25,5
2350,2350,2024-11-22,Direct Deposit,PRPAY-2024-002350,2024-11-25,5
2351,2351,2024-11-22,ACH,PRPAY-2024-002351,2024-11-25,5
2352,2352,2024-11-22,Direct Deposit,PRPAY-2024-002352,2024-11-25,5
2353,2353,2024-11-22,ACH,PRPAY-2024-002353,2024-11-25,5
2354,2354,2024-11-22,Direct Deposit,PRPAY-2024-002354,2024-11-25,5
2355,2355,2024-11-22,ACH,PRPAY-2024-002355,2024-11-25,5
2356,2356,2024-11-22,Direct Deposit,PRPAY-2024-002356,2024-11-25,5
2357,2357,2024-11-22,ACH,PRPAY-2024-002357,2024-11-25,5
2358,2358,2024-11-22,Direct Deposit,PRPAY-2024-002358,2024-11-25,5
2359,2359,2024-11-22,ACH,PRPAY-2024-002359,2024-11-25,5
2360,2360,2024-11-22,Direct Deposit,PRPAY-2024-002360,2024-11-25,5
2361,2361,2024-11-22,ACH,PRPAY-2024-002361,2024-11-25,5
2362,2362,2024-11-22,ACH,PRPAY-2024-002362,2024-11-25,5
2363,2363,2024-11-22,Direct Deposit,PRPAY-2024-002363,2024-11-25,5
2364,2364,2024-11-22,ACH,PRPAY-2024-002364,2024-11-25,5
2365,2365,2024-11-22,Direct Deposit,PRPAY-2024-002365,2024-11-25,5
2366,2366,2024-11-22,ACH,PRPAY-2024-002366,2024-11-25,5
2367,2367,2024-11-22,Direct Deposit,PRPAY-2024-002367,2024-11-25,5
2368,2368,2024-11-22,Direct Deposit,PRPAY-2024-002368,2024-11-25,5
2369,2369,2024-11-22,ACH,PRPAY-2024-002369,2024-11-25,5
2370,2370,2024-11-22,Direct Deposit,PRPAY-2024-002370,2024-11-25,5
2371,2371,2024-11-22,Direct Deposit,PRPAY-2024-002371,2024-11-25,5
2372,2372,2024-11-22,Direct Deposit,PRPAY-2024-002372,2024-11-25,5
2373,2373,2024-11-22,Direct Deposit,PRPAY-2024-002373,2024-11-25,5
2374,2374,2024-11-22,ACH,PRPAY-2024-002374,2024-11-25,5
2375,2375,2024-11-22,Direct Deposit,PRPAY-2024-002375,2024-11-25,5
2376,2376,2024-11-22,ACH,PRPAY-2024-002376,2024-11-25,5
2377,2377,2024-11-22,Direct Deposit,PRPAY-2024-002377,2024-11-25,5
2378,2378,2024-11-22,ACH,PRPAY-2024-002378,2024-11-25,5
2379,2379,2024-11-22,ACH,PRPAY-2024-002379,2024-11-25,5
2380,2380,2024-11-22,ACH,PRPAY-2024-002380,2024-11-25,5
2381,2381,2024-11-22,ACH,PRPAY-2024-002381,2024-11-25,5
2382,2382,2024-11-22,Direct Deposit,PRPAY-2024-002382,2024-11-25,5
2383,2383,2024-11-22,Direct Deposit,PRPAY-2024-002383,2024-11-25,5
2384,2384,2024-11-22,ACH,PRPAY-2024-002384,2024-11-25,5
2385,2385,2024-11-22,ACH,PRPAY-2024-002385,2024-11-25,5
2386,2386,2024-11-22,Direct Deposit,PRPAY-2024-002386,2024-11-25,5
2387,2387,2024-11-22,Direct Deposit,PRPAY-2024-002387,2024-11-25,5
2388,2388,2024-11-22,Direct Deposit,PRPAY-2024-002388,2024-11-25,5
2389,2389,2024-11-22,ACH,PRPAY-2024-002389,2024-11-25,5
2390,2390,2024-11-22,Direct Deposit,PRPAY-2024-002390,2024-11-25,5
2391,2391,2024-11-22,Direct Deposit,PRPAY-2024-002391,2024-11-25,5
2392,2392,2024-11-22,ACH,PRPAY-2024-002392,2024-11-25,5
2393,2393,2024-11-22,ACH,PRPAY-2024-002393,2024-11-25,5
2394,2394,2024-11-22,ACH,PRPAY-2024-002394,2024-11-25,5
2395,2395,2024-11-22,Direct Deposit,PRPAY-2024-002395,2024-11-25,5
2396,2396,2024-11-22,Direct Deposit,PRPAY-2024-002396,2024-11-25,5
2397,2397,2024-11-22,Direct Deposit,PRPAY-2024-002397,2024-11-25,5
2398,2398,2024-11-22,Direct Deposit,PRPAY-2024-002398,2024-11-25,5
2399,2399,2024-11-22,ACH,PRPAY-2024-002399,2024-11-25,5
2400,2400,2024-11-22,Direct Deposit,PRPAY-2024-002400,2024-11-25,5
2401,2401,2024-11-22,Direct Deposit,PRPAY-2024-002401,2024-11-25,5
2402,2402,2024-11-22,Direct Deposit,PRPAY-2024-002402,2024-11-25,5
2403,2403,2024-11-22,Direct Deposit,PRPAY-2024-002403,2024-11-25,5
2404,2404,2024-11-22,Direct Deposit,PRPAY-2024-002404,2024-11-25,5
2405,2405,2024-11-22,Direct Deposit,PRPAY-2024-002405,2024-11-25,5
2406,2406,2024-11-22,ACH,PRPAY-2024-002406,2024-11-25,5
2407,2407,2024-11-22,Direct Deposit,PRPAY-2024-002407,2024-11-25,5
2408,2408,2024-11-22,ACH,PRPAY-2024-002408,2024-11-25,5
2409,2409,2024-11-22,Direct Deposit,PRPAY-2024-002409,2024-11-25,5
2410,2410,2024-11-22,Direct Deposit,PRPAY-2024-002410,2024-11-25,5
2411,2411,2024-11-22,Direct Deposit,PRPAY-2024-002411,2024-11-25,5
2412,2412,2024-11-22,Direct Deposit,PRPAY-2024-002412,2024-11-25,5
2413,2413,2024-11-22,ACH,PRPAY-2024-002413,2024-11-25,5
2414,2414,2024-11-22,ACH,PRPAY-2024-002414,2024-11-25,5
2415,2415,2024-11-22,ACH,PRPAY-2024-002415,2024-11-25,5
2416,2416,2024-11-22,ACH,PRPAY-2024-002416,2024-11-25,5
2417,2417,2024-11-22,ACH,PRPAY-2024-002417,2024-11-25,5
2418,2418,2024-11-22,Direct Deposit,PRPAY-2024-002418,2024-11-25,5
2419,2419,2024-11-22,Direct Deposit,PRPAY-2024-002419,2024-11-25,5
2420,2420,2024-11-22,ACH,PRPAY-2024-002420,2024-11-25,5
2421,2421,2024-11-22,ACH,PRPAY-2024-002421,2024-11-25,5
2422,2422,2024-11-22,Direct Deposit,PRPAY-2024-002422,2024-11-25,5
2423,2423,2024-11-22,ACH,PRPAY-2024-002423,2024-11-25,5
2424,2424,2024-11-22,Direct Deposit,PRPAY-2024-002424,2024-11-25,5
2425,2425,2024-11-22,Direct Deposit,PRPAY-2024-002425,2024-11-25,5
2426,2426,2024-11-22,Direct Deposit,PRPAY-2024-002426,2024-11-25,5
2427,2427,2024-11-22,Direct Deposit,PRPAY-2024-002427,2024-11-25,5
2428,2428,2024-11-22,Direct Deposit,PRPAY-2024-002428,2024-11-25,5
2429,2429,2024-11-22,Direct Deposit,PRPAY-2024-002429,2024-11-25,5
2430,2430,2024-11-22,Direct Deposit,PRPAY-2024-002430,2024-11-25,5
2431,2431,2024-11-22,ACH,PRPAY-2024-002431,2024-11-25,5
2432,2432,2024-11-22,ACH,PRPAY-2024-002432,2024-11-25,5
2433,2433,2024-12-06,Direct Deposit,PRPAY-2024-002433,2024-12-09,5
2434,2434,2024-12-06,Direct Deposit,PRPAY-2024-002434,2024-12-09,5
2435,2435,2024-12-06,Direct Deposit,PRPAY-2024-002435,2024-12-09,5
2436,2436,2024-12-06,ACH,PRPAY-2024-002436,2024-12-09,5
2437,2437,2024-12-06,Direct Deposit,PRPAY-2024-002437,2024-12-09,5
2438,2438,2024-12-06,ACH,PRPAY-2024-002438,2024-12-09,5
2439,2439,2024-12-06,Direct Deposit,PRPAY-2024-002439,2024-12-09,5
2440,2440,2024-12-06,Direct Deposit,PRPAY-2024-002440,2024-12-09,5
2441,2441,2024-12-06,Direct Deposit,PRPAY-2024-002441,2024-12-09,5
2442,2442,2024-12-06,ACH,PRPAY-2024-002442,2024-12-09,5
2443,2443,2024-12-06,Direct Deposit,PRPAY-2024-002443,2024-12-09,5
2444,2444,2024-12-06,Direct Deposit,PRPAY-2024-002444,2024-12-09,5
2445,2445,2024-12-06,Direct Deposit,PRPAY-2024-002445,2024-12-09,5
2446,2446,2024-12-06,ACH,PRPAY-2024-002446,2024-12-09,5
2447,2447,2024-12-06,ACH,PRPAY-2024-002447,2024-12-09,5
2448,2448,2024-12-06,Direct Deposit,PRPAY-2024-002448,2024-12-09,5
2449,2449,2024-12-06,ACH,PRPAY-2024-002449,2024-12-09,5
2450,2450,2024-12-06,ACH,PRPAY-2024-002450,2024-12-09,5
2451,2451,2024-12-06,ACH,PRPAY-2024-002451,2024-12-09,5
2452,2452,2024-12-06,ACH,PRPAY-2024-002452,2024-12-09,5
2453,2453,2024-12-06,Direct Deposit,PRPAY-2024-002453,2024-12-09,5
2454,2454,2024-12-06,ACH,PRPAY-2024-002454,2024-12-09,5
2455,2455,2024-12-06,ACH,PRPAY-2024-002455,2024-12-09,5
2456,2456,2024-12-06,Direct Deposit,PRPAY-2024-002456,2024-12-09,5
2457,2457,2024-12-06,Direct Deposit,PRPAY-2024-002457,2024-12-09,5
2458,2458,2024-12-06,Direct Deposit,PRPAY-2024-002458,2024-12-09,5
2459,2459,2024-12-06,Direct Deposit,PRPAY-2024-002459,2024-12-09,5
2460,2460,2024-12-06,ACH,PRPAY-2024-002460,2024-12-09,5
2461,2461,2024-12-06,Direct Deposit,PRPAY-2024-002461,2024-12-09,5
2462,2462,2024-12-06,Direct Deposit,PRPAY-2024-002462,2024-12-09,5
2463,2463,2024-12-06,ACH,PRPAY-2024-002463,2024-12-09,5
2464,2464,2024-12-06,Direct Deposit,PRPAY-2024-002464,2024-12-09,5
2465,2465,2024-12-06,ACH,PRPAY-2024-002465,2024-12-09,5
2466,2466,2024-12-06,ACH,PRPAY-2024-002466,2024-12-09,5
2467,2467,2024-12-06,Direct Deposit,PRPAY-2024-002467,2024-12-09,5
2468,2468,2024-12-06,ACH,PRPAY-2024-002468,2024-12-09,5
2469,2469,2024-12-06,ACH,PRPAY-2024-002469,2024-12-09,5
2470,2470,2024-12-06,ACH,PRPAY-2024-002470,2024-12-09,5
2471,2471,2024-12-06,Direct Deposit,PRPAY-2024-002471,2024-12-09,5
2472,2472,2024-12-06,ACH,PRPAY-2024-002472,2024-12-09,5
2473,2473,2024-12-06,Direct Deposit,PRPAY-2024-002473,2024-12-09,5
2474,2474,2024-12-06,Direct Deposit,PRPAY-2024-002474,2024-12-09,5
2475,2475,2024-12-06,Direct Deposit,PRPAY-2024-002475,2024-12-09,5
2476,2476,2024-12-06,ACH,PRPAY-2024-002476,2024-12-09,5
2477,2477,2024-12-06,Direct Deposit,PRPAY-2024-002477,2024-12-09,5
2478,2478,2024-12-06,Direct Deposit,PRPAY-2024-002478,2024-12-09,5
2479,2479,2024-12-06,Direct Deposit,PRPAY-2024-002479,2024-12-09,5
2480,2480,2024-12-06,ACH,PRPAY-2024-002480,2024-12-09,5
2481,2481,2024-12-06,Direct Deposit,PRPAY-2024-002481,2024-12-09,5
2482,2482,2024-12-06,ACH,PRPAY-2024-002482,2024-12-09,5
2483,2483,2024-12-06,ACH,PRPAY-2024-002483,2024-12-09,5
2484,2484,2024-12-06,ACH,PRPAY-2024-002484,2024-12-09,5
2485,2485,2024-12-06,ACH,PRPAY-2024-002485,2024-12-09,5
2486,2486,2024-12-06,ACH,PRPAY-2024-002486,2024-12-09,5
2487,2487,2024-12-06,ACH,PRPAY-2024-002487,2024-12-09,5
2488,2488,2024-12-06,ACH,PRPAY-2024-002488,2024-12-09,5
2489,2489,2024-12-06,Direct Deposit,PRPAY-2024-002489,2024-12-09,5
2490,2490,2024-12-06,ACH,PRPAY-2024-002490,2024-12-09,5
2491,2491,2024-12-06,ACH,PRPAY-2024-002491,2024-12-09,5
2492,2492,2024-12-06,Direct Deposit,PRPAY-2024-002492,2024-12-09,5
2493,2493,2024-12-06,ACH,PRPAY-2024-002493,2024-12-09,5
2494,2494,2024-12-06,Direct Deposit,PRPAY-2024-002494,2024-12-09,5
2495,2495,2024-12-06,Direct Deposit,PRPAY-2024-002495,2024-12-09,5
2496,2496,2024-12-06,Direct Deposit,PRPAY-2024-002496,2024-12-09,5
2497,2497,2024-12-06,Direct Deposit,PRPAY-2024-002497,2024-12-09,5
2498,2498,2024-12-06,ACH,PRPAY-2024-002498,2024-12-09,5
2499,2499,2024-12-06,Direct Deposit,PRPAY-2024-002499,2024-12-09,5
2500,2500,2024-12-06,ACH,PRPAY-2024-002500,2024-12-09,5
2501,2501,2024-12-06,ACH,PRPAY-2024-002501,2024-12-09,5
2502,2502,2024-12-06,Direct Deposit,PRPAY-2024-002502,2024-12-09,5
2503,2503,2024-12-06,Direct Deposit,PRPAY-2024-002503,2024-12-09,5
2504,2504,2024-12-06,Direct Deposit,PRPAY-2024-002504,2024-12-09,5
2505,2505,2024-12-06,Direct Deposit,PRPAY-2024-002505,2024-12-09,5
2506,2506,2024-12-06,ACH,PRPAY-2024-002506,2024-12-09,5
2507,2507,2024-12-06,Direct Deposit,PRPAY-2024-002507,2024-12-09,5
2508,2508,2024-12-06,Direct Deposit,PRPAY-2024-002508,2024-12-09,5
2509,2509,2024-12-06,Direct Deposit,PRPAY-2024-002509,2024-12-09,5
2510,2510,2024-12-06,ACH,PRPAY-2024-002510,2024-12-09,5
2511,2511,2024-12-06,Direct Deposit,PRPAY-2024-002511,2024-12-09,5
2512,2512,2024-12-06,Direct Deposit,PRPAY-2024-002512,2024-12-09,5
2513,2513,2024-12-06,Direct Deposit,PRPAY-2024-002513,2024-12-09,5
2514,2514,2024-12-06,Direct Deposit,PRPAY-2024-002514,2024-12-09,5
2515,2515,2024-12-06,ACH,PRPAY-2024-002515,2024-12-09,5
2516,2516,2024-12-06,ACH,PRPAY-2024-002516,2024-12-09,5
2517,2517,2024-12-06,Direct Deposit,PRPAY-2024-002517,2024-12-09,5
2518,2518,2024-12-06,Direct Deposit,PRPAY-2024-002518,2024-12-09,5
2519,2519,2024-12-06,Direct Deposit,PRPAY-2024-002519,2024-12-09,5
2520,2520,2024-12-06,Direct Deposit,PRPAY-2024-002520,2024-12-09,5
2521,2521,2024-12-06,ACH,PRPAY-2024-002521,2024-12-09,5
2522,2522,2024-12-06,ACH,PRPAY-2024-002522,2024-12-09,5
2523,2523,2024-12-06,Direct Deposit,PRPAY-2024-002523,2024-12-09,5
2524,2524,2024-12-06,Direct Deposit,PRPAY-2024-002524,2024-12-09,5
2525,2525,2024-12-06,Direct Deposit,PRPAY-2024-002525,2024-12-09,5
2526,2526,2024-12-06,ACH,PRPAY-2024-002526,2024-12-09,5
2527,2527,2024-12-06,Direct Deposit,PRPAY-2024-002527,2024-12-09,5
2528,2528,2024-12-06,Direct Deposit,PRPAY-2024-002528,2024-12-09,5
2529,2529,2024-12-06,Direct Deposit,PRPAY-2024-002529,2024-12-09,5
2530,2530,2024-12-06,Direct Deposit,PRPAY-2024-002530,2024-12-09,5
2531,2531,2024-12-06,ACH,PRPAY-2024-002531,2024-12-09,5
2532,2532,2024-12-06,Direct Deposit,PRPAY-2024-002532,2024-12-09,5
2533,2533,2024-12-06,Direct Deposit,PRPAY-2024-002533,2024-12-09,5
2534,2534,2024-12-06,Direct Deposit,PRPAY-2024-002534,2024-12-09,5
2535,2535,2024-12-06,Direct Deposit,PRPAY-2024-002535,2024-12-09,5
2536,2536,2024-12-06,Direct Deposit,PRPAY-2024-002536,2024-12-09,5
2537,2537,2024-12-06,Direct Deposit,PRPAY-2024-002537,2024-12-09,5
2538,2538,2024-12-06,Direct Deposit,PRPAY-2024-002538,2024-12-09,5
2539,2539,2024-12-20,ACH,PRPAY-2024-002539,2024-12-23,5
2540,2540,2024-12-20,Direct Deposit,PRPAY-2024-002540,2024-12-23,5
2541,2541,2024-12-20,Direct Deposit,PRPAY-2024-002541,2024-12-23,5
2542,2542,2024-12-20,Direct Deposit,PRPAY-2024-002542,2024-12-23,5
2543,2543,2024-12-20,Direct Deposit,PRPAY-2024-002543,2024-12-23,5
2544,2544,2024-12-20,Direct Deposit,PRPAY-2024-002544,2024-12-23,5
2545,2545,2024-12-20,ACH,PRPAY-2024-002545,2024-12-23,5
2546,2546,2024-12-20,Direct Deposit,PRPAY-2024-002546,2024-12-23,5
2547,2547,2024-12-20,Direct Deposit,PRPAY-2024-002547,2024-12-23,5
2548,2548,2024-12-20,Direct Deposit,PRPAY-2024-002548,2024-12-23,5
2549,2549,2024-12-20,ACH,PRPAY-2024-002549,2024-12-23,5
2550,2550,2024-12-20,ACH,PRPAY-2024-002550,2024-12-23,5
2551,2551,2024-12-20,ACH,PRPAY-2024-002551,2024-12-23,5
2552,2552,2024-12-20,ACH,PRPAY-2024-002552,2024-12-23,5
2553,2553,2024-12-20,Direct Deposit,PRPAY-2024-002553,2024-12-23,5
2554,2554,2024-12-20,Direct Deposit,PRPAY-2024-002554,2024-12-23,5
2555,2555,2024-12-20,Direct Deposit,PRPAY-2024-002555,2024-12-23,5
2556,2556,2024-12-20,ACH,PRPAY-2024-002556,2024-12-23,5
2557,2557,2024-12-20,Direct Deposit,PRPAY-2024-002557,2024-12-23,5
2558,2558,2024-12-20,ACH,PRPAY-2024-002558,2024-12-23,5
2559,2559,2024-12-20,ACH,PRPAY-2024-002559,2024-12-23,5
2560,2560,2024-12-20,Direct Deposit,PRPAY-2024-002560,2024-12-23,5
2561,2561,2024-12-20,Direct Deposit,PRPAY-2024-002561,2024-12-23,5
2562,2562,2024-12-20,Direct Deposit,PRPAY-2024-002562,2024-12-23,5
2563,2563,2024-12-20,Direct Deposit,PRPAY-2024-002563,2024-12-23,5
2564,2564,2024-12-20,Direct Deposit,PRPAY-2024-002564,2024-12-23,5
2565,2565,2024-12-20,ACH,PRPAY-2024-002565,2024-12-23,5
2566,2566,2024-12-20,Direct Deposit,PRPAY-2024-002566,2024-12-23,5
2567,2567,2024-12-20,Direct Deposit,PRPAY-2024-002567,2024-12-23,5
2568,2568,2024-12-20,ACH,PRPAY-2024-002568,2024-12-23,5
2569,2569,2024-12-20,ACH,PRPAY-2024-002569,2024-12-23,5
2570,2570,2024-12-20,Direct Deposit,PRPAY-2024-002570,2024-12-23,5
2571,2571,2024-12-20,Direct Deposit,PRPAY-2024-002571,2024-12-23,5
2572,2572,2024-12-20,Direct Deposit,PRPAY-2024-002572,2024-12-23,5
2573,2573,2024-12-20,Direct Deposit,PRPAY-2024-002573,2024-12-23,5
2574,2574,2024-12-20,Direct Deposit,PRPAY-2024-002574,2024-12-23,5
2575,2575,2024-12-20,Direct Deposit,PRPAY-2024-002575,2024-12-23,5
2576,2576,2024-12-20,ACH,PRPAY-2024-002576,2024-12-23,5
2577,2577,2024-12-20,Direct Deposit,PRPAY-2024-002577,2024-12-23,5
2578,2578,2024-12-20,Direct Deposit,PRPAY-2024-002578,2024-12-23,5
2579,2579,2024-12-20,ACH,PRPAY-2024-002579,2024-12-23,5
2580,2580,2024-12-20,ACH,PRPAY-2024-002580,2024-12-23,5
2581,2581,2024-12-20,Direct Deposit,PRPAY-2024-002581,2024-12-23,5
2582,2582,2024-12-20,ACH,PRPAY-2024-002582,2024-12-23,5
2583,2583,2024-12-20,Direct Deposit,PRPAY-2024-002583,2024-12-23,5
2584,2584,2024-12-20,ACH,PRPAY-2024-002584,2024-12-23,5
2585,2585,2024-12-20,ACH,PRPAY-2024-002585,2024-12-23,5
2586,2586,2024-12-20,Direct Deposit,PRPAY-2024-002586,2024-12-23,5
2587,2587,2024-12-20,Direct Deposit,PRPAY-2024-002587,2024-12-23,5
2588,2588,2024-12-20,ACH,PRPAY-2024-002588,2024-12-23,5
2589,2589,2024-12-20,ACH,PRPAY-2024-002589,2024-12-23,5
2590,2590,2024-12-20,ACH,PRPAY-2024-002590,2024-12-23,5
2591,2591,2024-12-20,ACH,PRPAY-2024-002591,2024-12-23,5
2592,2592,2024-12-20,Direct Deposit,PRPAY-2024-002592,2024-12-23,5
2593,2593,2024-12-20,Direct Deposit,PRPAY-2024-002593,2024-12-23,5
2594,2594,2024-12-20,ACH,PRPAY-2024-002594,2024-12-23,5
2595,2595,2024-12-20,ACH,PRPAY-2024-002595,2024-12-23,5
2596,2596,2024-12-20,ACH,PRPAY-2024-002596,2024-12-23,5
2597,2597,2024-12-20,ACH,PRPAY-2024-002597,2024-12-23,5
2598,2598,2024-12-20,Direct Deposit,PRPAY-2024-002598,2024-12-23,5
2599,2599,2024-12-20,Direct Deposit,PRPAY-2024-002599,2024-12-23,5
2600,2600,2024-12-20,ACH,PRPAY-2024-002600,2024-12-23,5
2601,2601,2024-12-20,Direct Deposit,PRPAY-2024-002601,2024-12-23,5
2602,2602,2024-12-20,ACH,PRPAY-2024-002602,2024-12-23,5
2603,2603,2024-12-20,Direct Deposit,PRPAY-2024-002603,2024-12-23,5
2604,2604,2024-12-20,ACH,PRPAY-2024-002604,2024-12-23,5
2605,2605,2024-12-20,Direct Deposit,PRPAY-2024-002605,2024-12-23,5
2606,2606,2024-12-20,ACH,PRPAY-2024-002606,2024-12-23,5
2607,2607,2024-12-20,Direct Deposit,PRPAY-2024-002607,2024-12-23,5
2608,2608,2024-12-20,ACH,PRPAY-2024-002608,2024-12-23,5
2609,2609,2024-12-20,ACH,PRPAY-2024-002609,2024-12-23,5
2610,2610,2024-12-20,ACH,PRPAY-2024-002610,2024-12-23,5
2611,2611,2024-12-20,ACH,PRPAY-2024-002611,2024-12-23,5
2612,2612,2024-12-20,Direct Deposit,PRPAY-2024-002612,2024-12-23,5
2613,2613,2024-12-20,Direct Deposit,PRPAY-2024-002613,2024-12-23,5
2614,2614,2024-12-20,Direct Deposit,PRPAY-2024-002614,2024-12-23,5
2615,2615,2024-12-20,ACH,PRPAY-2024-002615,2024-12-23,5
2616,2616,2024-12-20,ACH,PRPAY-2024-002616,2024-12-23,5
2617,2617,2024-12-20,ACH,PRPAY-2024-002617,2024-12-23,5
2618,2618,2024-12-20,ACH,PRPAY-2024-002618,2024-12-23,5
2619,2619,2024-12-20,ACH,PRPAY-2024-002619,2024-12-23,5
2620,2620,2024-12-20,ACH,PRPAY-2024-002620,2024-12-23,5
2621,2621,2024-12-20,Direct Deposit,PRPAY-2024-002621,2024-12-23,5
2622,2622,2024-12-20,Direct Deposit,PRPAY-2024-002622,2024-12-23,5
2623,2623,2024-12-20,ACH,PRPAY-2024-002623,2024-12-23,5
2624,2624,2024-12-20,Direct Deposit,PRPAY-2024-002624,2024-12-23,5
2625,2625,2024-12-20,Direct Deposit,PRPAY-2024-002625,2024-12-23,5
2626,2626,2024-12-20,Direct Deposit,PRPAY-2024-002626,2024-12-23,5
2627,2627,2024-12-20,Direct Deposit,PRPAY-2024-002627,2024-12-23,5
2628,2628,2024-12-20,Direct Deposit,PRPAY-2024-002628,2024-12-23,5
2629,2629,2024-12-20,Direct Deposit,PRPAY-2024-002629,2024-12-23,5
2630,2630,2024-12-20,Direct Deposit,PRPAY-2024-002630,2024-12-23,5
2631,2631,2024-12-20,Direct Deposit,PRPAY-2024-002631,2024-12-23,5
2632,2632,2024-12-20,ACH,PRPAY-2024-002632,2024-12-23,5
2633,2633,2024-12-20,Direct Deposit,PRPAY-2024-002633,2024-12-23,5
2634,2634,2024-12-20,Direct Deposit,PRPAY-2024-002634,2024-12-23,5
2635,2635,2024-12-20,Direct Deposit,PRPAY-2024-002635,2024-12-23,5
2636,2636,2024-12-20,ACH,PRPAY-2024-002636,2024-12-23,5
2637,2637,2024-12-20,ACH,PRPAY-2024-002637,2024-12-23,5
2638,2638,2024-12-20,Direct Deposit,PRPAY-2024-002638,2024-12-23,5
2639,2639,2024-12-20,ACH,PRPAY-2024-002639,2024-12-23,5
2640,2640,2024-12-20,ACH,PRPAY-2024-002640,2024-12-23,5
2641,2641,2024-12-20,Direct Deposit,PRPAY-2024-002641,2024-12-23,5
2642,2642,2024-12-20,Direct Deposit,PRPAY-2024-002642,2024-12-23,5
2643,2643,2024-12-20,Direct Deposit,PRPAY-2024-002643,2024-12-23,5
2644,2644,2024-12-20,Direct Deposit,PRPAY-2024-002644,2024-12-23,5
2645,2645,2024-12-20,ACH,PRPAY-2024-002645,2024-12-23,5
2647,2647,2025-01-02,Direct Deposit,PRPAY-2025-002647,2025-01-06,5
2648,2648,2025-01-03,Direct Deposit,PRPAY-2025-002648,2025-01-06,5
2649,2649,2025-01-03,Direct Deposit,PRPAY-2025-002649,2025-01-06,5
2650,2650,2025-01-03,Direct Deposit,PRPAY-2025-002650,2025-01-06,5
2651,2651,2025-01-03,Direct Deposit,PRPAY-2025-002651,2025-01-06,5
2652,2652,2025-01-03,ACH,PRPAY-2025-002652,2025-01-06,5
2653,2653,2025-01-03,Direct Deposit,PRPAY-2025-002653,2025-01-06,5
2654,2654,2025-01-03,Direct Deposit,PRPAY-2025-002654,2025-01-06,5
2655,2655,2025-01-03,Direct Deposit,PRPAY-2025-002655,2025-01-06,5
2656,2656,2025-01-03,ACH,PRPAY-2025-002656,2025-01-06,5
2657,2657,2025-01-03,ACH,PRPAY-2025-002657,2025-01-06,5
2658,2658,2025-01-03,ACH,PRPAY-2025-002658,2025-01-06,5
2659,2659,2025-01-03,ACH,PRPAY-2025-002659,2025-01-06,5
2660,2660,2025-01-03,Direct Deposit,PRPAY-2025-002660,2025-01-06,5
2661,2661,2025-01-03,Direct Deposit,PRPAY-2025-002661,2025-01-06,5
2662,2662,2025-01-03,Direct Deposit,PRPAY-2025-002662,2025-01-06,5
2663,2663,2025-01-03,ACH,PRPAY-2025-002663,2025-01-06,5
2664,2664,2025-01-03,Direct Deposit,PRPAY-2025-002664,2025-01-06,5
2665,2665,2025-01-03,ACH,PRPAY-2025-002665,2025-01-06,5
2666,2666,2025-01-03,ACH,PRPAY-2025-002666,2025-01-06,5
2667,2667,2025-01-03,Direct Deposit,PRPAY-2025-002667,2025-01-06,5
2668,2668,2025-01-03,Direct Deposit,PRPAY-2025-002668,2025-01-06,5
2669,2669,2025-01-03,Direct Deposit,PRPAY-2025-002669,2025-01-06,5
2670,2670,2025-01-03,Direct Deposit,PRPAY-2025-002670,2025-01-06,5
2671,2671,2025-01-03,Direct Deposit,PRPAY-2025-002671,2025-01-06,5
2672,2672,2025-01-03,ACH,PRPAY-2025-002672,2025-01-06,5
2673,2673,2025-01-03,Direct Deposit,PRPAY-2025-002673,2025-01-06,5
2674,2674,2025-01-03,Direct Deposit,PRPAY-2025-002674,2025-01-06,5
2675,2675,2025-01-03,ACH,PRPAY-2025-002675,2025-01-06,5
2676,2676,2025-01-03,ACH,PRPAY-2025-002676,2025-01-06,5
2677,2677,2025-01-03,Direct Deposit,PRPAY-2025-002677,2025-01-06,5
2678,2678,2025-01-03,Direct Deposit,PRPAY-2025-002678,2025-01-06,5
2679,2679,2025-01-03,Direct Deposit,PRPAY-2025-002679,2025-01-06,5
2680,2680,2025-01-03,Direct Deposit,PRPAY-2025-002680,2025-01-06,5
2681,2681,2025-01-03,Direct Deposit,PRPAY-2025-002681,2025-01-06,5
2682,2682,2025-01-03,Direct Deposit,PRPAY-2025-002682,2025-01-06,5
2683,2683,2025-01-03,ACH,PRPAY-2025-002683,2025-01-06,5
2684,2684,2025-01-03,Direct Deposit,PRPAY-2025-002684,2025-01-06,5
2685,2685,2025-01-03,Direct Deposit,PRPAY-2025-002685,2025-01-06,5
2686,2686,2025-01-03,ACH,PRPAY-2025-002686,2025-01-06,5
2687,2687,2025-01-03,ACH,PRPAY-2025-002687,2025-01-06,5
2688,2688,2025-01-03,Direct Deposit,PRPAY-2025-002688,2025-01-06,5
2689,2689,2025-01-03,ACH,PRPAY-2025-002689,2025-01-06,5
2690,2690,2025-01-03,Direct Deposit,PRPAY-2025-002690,2025-01-06,5
2691,2691,2025-01-03,ACH,PRPAY-2025-002691,2025-01-06,5
2692,2692,2025-01-03,ACH,PRPAY-2025-002692,2025-01-06,5
2693,2693,2025-01-03,Direct Deposit,PRPAY-2025-002693,2025-01-06,5
2694,2694,2025-01-03,Direct Deposit,PRPAY-2025-002694,2025-01-06,5
2695,2695,2025-01-03,ACH,PRPAY-2025-002695,2025-01-06,5
2696,2696,2025-01-03,ACH,PRPAY-2025-002696,2025-01-06,5
2697,2697,2025-01-03,ACH,PRPAY-2025-002697,2025-01-06,5
2698,2698,2025-01-03,ACH,PRPAY-2025-002698,2025-01-06,5
2699,2699,2025-01-03,Direct Deposit,PRPAY-2025-002699,2025-01-06,5
2700,2700,2025-01-03,Direct Deposit,PRPAY-2025-002700,2025-01-06,5
2701,2701,2025-01-03,ACH,PRPAY-2025-002701,2025-01-06,5
2702,2702,2025-01-03,ACH,PRPAY-2025-002702,2025-01-06,5
2703,2703,2025-01-03,ACH,PRPAY-2025-002703,2025-01-06,5
2704,2704,2025-01-03,ACH,PRPAY-2025-002704,2025-01-06,5
2705,2705,2025-01-03,Direct Deposit,PRPAY-2025-002705,2025-01-06,5
2706,2706,2025-01-03,Direct Deposit,PRPAY-2025-002706,2025-01-06,5
2707,2707,2025-01-03,ACH,PRPAY-2025-002707,2025-01-06,5
2708,2708,2025-01-03,Direct Deposit,PRPAY-2025-002708,2025-01-06,5
2709,2709,2025-01-03,ACH,PRPAY-2025-002709,2025-01-06,5
2710,2710,2025-01-03,Direct Deposit,PRPAY-2025-002710,2025-01-06,5
2711,2711,2025-01-03,ACH,PRPAY-2025-002711,2025-01-06,5
2712,2712,2025-01-03,Direct Deposit,PRPAY-2025-002712,2025-01-06,5
2713,2713,2025-01-03,ACH,PRPAY-2025-002713,2025-01-06,5
2714,2714,2025-01-03,Direct Deposit,PRPAY-2025-002714,2025-01-06,5
2715,2715,2025-01-03,ACH,PRPAY-2025-002715,2025-01-06,5
2716,2716,2025-01-03,ACH,PRPAY-2025-002716,2025-01-06,5
2717,2717,2025-01-03,ACH,PRPAY-2025-002717,2025-01-06,5
2718,2718,2025-01-03,ACH,PRPAY-2025-002718,2025-01-06,5
2719,2719,2025-01-03,Direct Deposit,PRPAY-2025-002719,2025-01-06,5
2720,2720,2025-01-03,Direct Deposit,PRPAY-2025-002720,2025-01-06,5
2721,2721,2025-01-03,Direct Deposit,PRPAY-2025-002721,2025-01-06,5
2722,2722,2025-01-03,ACH,PRPAY-2025-002722,2025-01-06,5
2723,2723,2025-01-03,ACH,PRPAY-2025-002723,2025-01-06,5
2724,2724,2025-01-03,ACH,PRPAY-2025-002724,2025-01-06,5
2725,2725,2025-01-03,ACH,PRPAY-2025-002725,2025-01-06,5
2726,2726,2025-01-03,ACH,PRPAY-2025-002726,2025-01-06,5
2727,2727,2025-01-03,ACH,PRPAY-2025-002727,2025-01-06,5
2728,2728,2025-01-03,Direct Deposit,PRPAY-2025-002728,2025-01-06,5
2729,2729,2025-01-03,Direct Deposit,PRPAY-2025-002729,2025-01-06,5
2730,2730,2025-01-03,ACH,PRPAY-2025-002730,2025-01-06,5
2731,2731,2025-01-03,Direct Deposit,PRPAY-2025-002731,2025-01-06,5
2732,2732,2025-01-03,Direct Deposit,PRPAY-2025-002732,2025-01-06,5
2733,2733,2025-01-03,Direct Deposit,PRPAY-2025-002733,2025-01-06,5
2734,2734,2025-01-03,Direct Deposit,PRPAY-2025-002734,2025-01-06,5
2735,2735,2025-01-03,Direct Deposit,PRPAY-2025-002735,2025-01-06,5
2736,2736,2025-01-03,Direct Deposit,PRPAY-2025-002736,2025-01-06,5
2737,2737,2025-01-03,Direct Deposit,PRPAY-2025-002737,2025-01-06,5
2738,2738,2025-01-03,Direct Deposit,PRPAY-2025-002738,2025-01-06,5
2739,2739,2025-01-03,ACH,PRPAY-2025-002739,2025-01-06,5
2740,2740,2025-01-03,Direct Deposit,PRPAY-2025-002740,2025-01-06,5
2741,2741,2025-01-03,Direct Deposit,PRPAY-2025-002741,2025-01-06,5
2742,2742,2025-01-03,Direct Deposit,PRPAY-2025-002742,2025-01-06,5
2743,2743,2025-01-03,ACH,PRPAY-2025-002743,2025-01-06,5
2744,2744,2025-01-03,ACH,PRPAY-2025-002744,2025-01-06,5
2745,2745,2025-01-03,Direct Deposit,PRPAY-2025-002745,2025-01-06,5
2746,2746,2025-01-03,ACH,PRPAY-2025-002746,2025-01-06,5
2747,2747,2025-01-03,ACH,PRPAY-2025-002747,2025-01-06,5
2748,2748,2025-01-03,Direct Deposit,PRPAY-2025-002748,2025-01-06,5
2749,2749,2025-01-03,Direct Deposit,PRPAY-2025-002749,2025-01-06,5
2750,2750,2025-01-03,Direct Deposit,PRPAY-2025-002750,2025-01-06,5
2751,2751,2025-01-03,Direct Deposit,PRPAY-2025-002751,2025-01-06,5
2752,2752,2025-01-03,ACH,PRPAY-2025-002752,2025-01-06,5
2753,2753,2025-01-17,ACH,PRPAY-2025-002753,2025-01-20,5
2754,2754,2025-01-17,ACH,PRPAY-2025-002754,2025-01-20,5
2755,2755,2025-01-17,ACH,PRPAY-2025-002755,2025-01-20,5
2756,2756,2025-01-17,ACH,PRPAY-2025-002756,2025-01-20,5
2757,2757,2025-01-17,Direct Deposit,PRPAY-2025-002757,2025-01-20,5
2758,2758,2025-01-17,ACH,PRPAY-2025-002758,2025-01-20,5
2759,2759,2025-01-17,Direct Deposit,PRPAY-2025-002759,2025-01-20,5
2760,2760,2025-01-17,Direct Deposit,PRPAY-2025-002760,2025-01-20,5
2761,2761,2025-01-17,ACH,PRPAY-2025-002761,2025-01-20,5
2762,2762,2025-01-17,ACH,PRPAY-2025-002762,2025-01-20,5
2763,2763,2025-01-17,Direct Deposit,PRPAY-2025-002763,2025-01-20,5
2764,2764,2025-01-17,ACH,PRPAY-2025-002764,2025-01-20,5
2765,2765,2025-01-17,Direct Deposit,PRPAY-2025-002765,2025-01-20,5
2766,2766,2025-01-17,Direct Deposit,PRPAY-2025-002766,2025-01-20,5
2767,2767,2025-01-17,ACH,PRPAY-2025-002767,2025-01-20,5
2768,2768,2025-01-17,Direct Deposit,PRPAY-2025-002768,2025-01-20,5
2769,2769,2025-01-17,Direct Deposit,PRPAY-2025-002769,2025-01-20,5
2770,2770,2025-01-17,Direct Deposit,PRPAY-2025-002770,2025-01-20,5
2771,2771,2025-01-17,ACH,PRPAY-2025-002771,2025-01-20,5
2772,2772,2025-01-17,Direct Deposit,PRPAY-2025-002772,2025-01-20,5
2773,2773,2025-01-17,Direct Deposit,PRPAY-2025-002773,2025-01-20,5
2774,2774,2025-01-17,ACH,PRPAY-2025-002774,2025-01-20,5
2775,2775,2025-01-17,ACH,PRPAY-2025-002775,2025-01-20,5
2776,2776,2025-01-17,ACH,PRPAY-2025-002776,2025-01-20,5
2777,2777,2025-01-17,ACH,PRPAY-2025-002777,2025-01-20,5
2778,2778,2025-01-17,ACH,PRPAY-2025-002778,2025-01-20,5
2779,2779,2025-01-17,ACH,PRPAY-2025-002779,2025-01-20,5
2780,2780,2025-01-17,ACH,PRPAY-2025-002780,2025-01-20,5
2781,2781,2025-01-17,Direct Deposit,PRPAY-2025-002781,2025-01-20,5
2782,2782,2025-01-17,ACH,PRPAY-2025-002782,2025-01-20,5
2783,2783,2025-01-17,ACH,PRPAY-2025-002783,2025-01-20,5
2784,2784,2025-01-17,Direct Deposit,PRPAY-2025-002784,2025-01-20,5
2785,2785,2025-01-17,ACH,PRPAY-2025-002785,2025-01-20,5
2786,2786,2025-01-17,ACH,PRPAY-2025-002786,2025-01-20,5
2787,2787,2025-01-17,ACH,PRPAY-2025-002787,2025-01-20,5
2788,2788,2025-01-17,Direct Deposit,PRPAY-2025-002788,2025-01-20,5
2789,2789,2025-01-17,Direct Deposit,PRPAY-2025-002789,2025-01-20,5
2790,2790,2025-01-17,Direct Deposit,PRPAY-2025-002790,2025-01-20,5
2791,2791,2025-01-17,Direct Deposit,PRPAY-2025-002791,2025-01-20,5
2792,2792,2025-01-17,Direct Deposit,PRPAY-2025-002792,2025-01-20,5
2793,2793,2025-01-17,ACH,PRPAY-2025-002793,2025-01-20,5
2794,2794,2025-01-17,ACH,PRPAY-2025-002794,2025-01-20,5
2795,2795,2025-01-17,ACH,PRPAY-2025-002795,2025-01-20,5
2796,2796,2025-01-17,ACH,PRPAY-2025-002796,2025-01-20,5
2797,2797,2025-01-17,ACH,PRPAY-2025-002797,2025-01-20,5
2798,2798,2025-01-17,Direct Deposit,PRPAY-2025-002798,2025-01-20,5
2799,2799,2025-01-17,ACH,PRPAY-2025-002799,2025-01-20,5
2800,2800,2025-01-17,Direct Deposit,PRPAY-2025-002800,2025-01-20,5
2801,2801,2025-01-17,Direct Deposit,PRPAY-2025-002801,2025-01-20,5
2802,2802,2025-01-17,Direct Deposit,PRPAY-2025-002802,2025-01-20,5
2803,2803,2025-01-17,Direct Deposit,PRPAY-2025-002803,2025-01-20,5
2804,2804,2025-01-17,ACH,PRPAY-2025-002804,2025-01-20,5
2805,2805,2025-01-17,ACH,PRPAY-2025-002805,2025-01-20,5
2806,2806,2025-01-17,Direct Deposit,PRPAY-2025-002806,2025-01-20,5
2807,2807,2025-01-17,Direct Deposit,PRPAY-2025-002807,2025-01-20,5
2808,2808,2025-01-17,Direct Deposit,PRPAY-2025-002808,2025-01-20,5
2809,2809,2025-01-17,Direct Deposit,PRPAY-2025-002809,2025-01-20,5
2810,2810,2025-01-17,Direct Deposit,PRPAY-2025-002810,2025-01-20,5
2811,2811,2025-01-17,ACH,PRPAY-2025-002811,2025-01-20,5
2812,2812,2025-01-17,Direct Deposit,PRPAY-2025-002812,2025-01-20,5
2813,2813,2025-01-17,Direct Deposit,PRPAY-2025-002813,2025-01-20,5
2814,2814,2025-01-17,ACH,PRPAY-2025-002814,2025-01-20,5
2815,2815,2025-01-17,ACH,PRPAY-2025-002815,2025-01-20,5
2816,2816,2025-01-17,ACH,PRPAY-2025-002816,2025-01-20,5
2817,2817,2025-01-17,Direct Deposit,PRPAY-2025-002817,2025-01-20,5
2818,2818,2025-01-17,ACH,PRPAY-2025-002818,2025-01-20,5
2819,2819,2025-01-17,ACH,PRPAY-2025-002819,2025-01-20,5
2820,2820,2025-01-17,Direct Deposit,PRPAY-2025-002820,2025-01-20,5
2821,2821,2025-01-17,Direct Deposit,PRPAY-2025-002821,2025-01-20,5
2822,2822,2025-01-17,Direct Deposit,PRPAY-2025-002822,2025-01-20,5
2823,2823,2025-01-17,ACH,PRPAY-2025-002823,2025-01-20,5
2824,2824,2025-01-17,Direct Deposit,PRPAY-2025-002824,2025-01-20,5
2825,2825,2025-01-17,Direct Deposit,PRPAY-2025-002825,2025-01-20,5
2826,2826,2025-01-17,Direct Deposit,PRPAY-2025-002826,2025-01-20,5
2827,2827,2025-01-17,ACH,PRPAY-2025-002827,2025-01-20,5
2828,2828,2025-01-17,Direct Deposit,PRPAY-2025-002828,2025-01-20,5
2829,2829,2025-01-17,ACH,PRPAY-2025-002829,2025-01-20,5
2830,2830,2025-01-17,ACH,PRPAY-2025-002830,2025-01-20,5
2831,2831,2025-01-17,Direct Deposit,PRPAY-2025-002831,2025-01-20,5
2832,2832,2025-01-17,Direct Deposit,PRPAY-2025-002832,2025-01-20,5
2833,2833,2025-01-17,Direct Deposit,PRPAY-2025-002833,2025-01-20,5
2834,2834,2025-01-17,Direct Deposit,PRPAY-2025-002834,2025-01-20,5
2835,2835,2025-01-17,Direct Deposit,PRPAY-2025-002835,2025-01-20,5
2836,2836,2025-01-17,Direct Deposit,PRPAY-2025-002836,2025-01-20,5
2837,2837,2025-01-17,Direct Deposit,PRPAY-2025-002837,2025-01-20,5
2838,2838,2025-01-17,ACH,PRPAY-2025-002838,2025-01-20,5
2839,2839,2025-01-17,Direct Deposit,PRPAY-2025-002839,2025-01-20,5
2840,2840,2025-01-17,Direct Deposit,PRPAY-2025-002840,2025-01-20,5
2841,2841,2025-01-17,ACH,PRPAY-2025-002841,2025-01-20,5
2842,2842,2025-01-17,Direct Deposit,PRPAY-2025-002842,2025-01-20,5
2843,2843,2025-01-17,Direct Deposit,PRPAY-2025-002843,2025-01-20,5
2844,2844,2025-01-17,ACH,PRPAY-2025-002844,2025-01-20,5
2845,2845,2025-01-17,Direct Deposit,PRPAY-2025-002845,2025-01-20,5
2846,2846,2025-01-17,ACH,PRPAY-2025-002846,2025-01-20,5
2847,2847,2025-01-17,ACH,PRPAY-2025-002847,2025-01-20,5
2848,2848,2025-01-17,Direct Deposit,PRPAY-2025-002848,2025-01-20,5
2849,2849,2025-01-17,ACH,PRPAY-2025-002849,2025-01-20,5
2850,2850,2025-01-17,ACH,PRPAY-2025-002850,2025-01-20,5
2851,2851,2025-01-17,Direct Deposit,PRPAY-2025-002851,2025-01-20,5
2852,2852,2025-01-17,ACH,PRPAY-2025-002852,2025-01-20,5
2853,2853,2025-01-17,Direct Deposit,PRPAY-2025-002853,2025-01-20,5
2854,2854,2025-01-17,ACH,PRPAY-2025-002854,2025-01-20,5
2855,2855,2025-01-17,Direct Deposit,PRPAY-2025-002855,2025-01-20,5
2856,2856,2025-01-17,ACH,PRPAY-2025-002856,2025-01-20,5
2857,2857,2025-01-17,ACH,PRPAY-2025-002857,2025-01-20,5
2858,2858,2025-01-17,ACH,PRPAY-2025-002858,2025-01-20,5
2859,2859,2025-01-17,Direct Deposit,PRPAY-2025-002859,2025-01-20,5
2860,2860,2025-01-31,ACH,PRPAY-2025-002860,2025-02-03,5
2861,2861,2025-01-31,Direct Deposit,PRPAY-2025-002861,2025-02-03,5
2862,2862,2025-01-31,Direct Deposit,PRPAY-2025-002862,2025-02-03,5
2863,2863,2025-01-31,ACH,PRPAY-2025-002863,2025-02-03,5
2864,2864,2025-01-31,ACH,PRPAY-2025-002864,2025-02-03,5
2865,2865,2025-01-31,ACH,PRPAY-2025-002865,2025-02-03,5
2866,2866,2025-01-31,Direct Deposit,PRPAY-2025-002866,2025-02-03,5
2867,2867,2025-01-31,Direct Deposit,PRPAY-2025-002867,2025-02-03,5
2868,2868,2025-01-31,ACH,PRPAY-2025-002868,2025-02-03,5
2869,2869,2025-01-31,ACH,PRPAY-2025-002869,2025-02-03,5
2870,2870,2025-01-31,Direct Deposit,PRPAY-2025-002870,2025-02-03,5
2871,2871,2025-01-31,Direct Deposit,PRPAY-2025-002871,2025-02-03,5
2872,2872,2025-01-31,Direct Deposit,PRPAY-2025-002872,2025-02-03,5
2873,2873,2025-01-31,ACH,PRPAY-2025-002873,2025-02-03,5
2874,2874,2025-01-31,Direct Deposit,PRPAY-2025-002874,2025-02-03,5
2875,2875,2025-01-31,ACH,PRPAY-2025-002875,2025-02-03,5
2876,2876,2025-01-31,Direct Deposit,PRPAY-2025-002876,2025-02-03,5
2877,2877,2025-01-31,Direct Deposit,PRPAY-2025-002877,2025-02-03,5
2878,2878,2025-01-31,Direct Deposit,PRPAY-2025-002878,2025-02-03,5
2879,2879,2025-01-31,Direct Deposit,PRPAY-2025-002879,2025-02-03,5
2880,2880,2025-01-31,Direct Deposit,PRPAY-2025-002880,2025-02-03,5
2881,2881,2025-01-31,Direct Deposit,PRPAY-2025-002881,2025-02-03,5
2882,2882,2025-01-31,ACH,PRPAY-2025-002882,2025-02-03,5
2883,2883,2025-01-31,Direct Deposit,PRPAY-2025-002883,2025-02-03,5
2884,2884,2025-01-31,Direct Deposit,PRPAY-2025-002884,2025-02-03,5
2885,2885,2025-01-31,ACH,PRPAY-2025-002885,2025-02-03,5
2886,2886,2025-01-31,Direct Deposit,PRPAY-2025-002886,2025-02-03,5
2887,2887,2025-01-31,ACH,PRPAY-2025-002887,2025-02-03,5
2888,2888,2025-01-31,Direct Deposit,PRPAY-2025-002888,2025-02-03,5
2889,2889,2025-01-31,ACH,PRPAY-2025-002889,2025-02-03,5
2890,2890,2025-01-31,Direct Deposit,PRPAY-2025-002890,2025-02-03,5
2891,2891,2025-01-31,ACH,PRPAY-2025-002891,2025-02-03,5
2892,2892,2025-01-31,Direct Deposit,PRPAY-2025-002892,2025-02-03,5
2893,2893,2025-01-31,ACH,PRPAY-2025-002893,2025-02-03,5
2894,2894,2025-01-31,Direct Deposit,PRPAY-2025-002894,2025-02-03,5
2895,2895,2025-01-31,ACH,PRPAY-2025-002895,2025-02-03,5
2896,2896,2025-01-31,ACH,PRPAY-2025-002896,2025-02-03,5
2897,2897,2025-01-31,Direct Deposit,PRPAY-2025-002897,2025-02-03,5
2898,2898,2025-01-31,ACH,PRPAY-2025-002898,2025-02-03,5
2899,2899,2025-01-31,Direct Deposit,PRPAY-2025-002899,2025-02-03,5
2900,2900,2025-01-31,ACH,PRPAY-2025-002900,2025-02-03,5
2901,2901,2025-01-31,Direct Deposit,PRPAY-2025-002901,2025-02-03,5
2902,2902,2025-01-31,Direct Deposit,PRPAY-2025-002902,2025-02-03,5
2903,2903,2025-01-31,ACH,PRPAY-2025-002903,2025-02-03,5
2904,2904,2025-01-31,Direct Deposit,PRPAY-2025-002904,2025-02-03,5
2905,2905,2025-01-31,Direct Deposit,PRPAY-2025-002905,2025-02-03,5
2906,2906,2025-01-31,Direct Deposit,PRPAY-2025-002906,2025-02-03,5
2907,2907,2025-01-31,Direct Deposit,PRPAY-2025-002907,2025-02-03,5
2908,2908,2025-01-31,ACH,PRPAY-2025-002908,2025-02-03,5
2909,2909,2025-01-31,Direct Deposit,PRPAY-2025-002909,2025-02-03,5
2910,2910,2025-01-31,ACH,PRPAY-2025-002910,2025-02-03,5
2911,2911,2025-01-31,Direct Deposit,PRPAY-2025-002911,2025-02-03,5
2912,2912,2025-01-31,ACH,PRPAY-2025-002912,2025-02-03,5
2913,2913,2025-01-31,ACH,PRPAY-2025-002913,2025-02-03,5
2914,2914,2025-01-31,ACH,PRPAY-2025-002914,2025-02-03,5
2915,2915,2025-01-31,ACH,PRPAY-2025-002915,2025-02-03,5
2916,2916,2025-01-31,Direct Deposit,PRPAY-2025-002916,2025-02-03,5
2917,2917,2025-01-31,Direct Deposit,PRPAY-2025-002917,2025-02-03,5
2918,2918,2025-01-31,ACH,PRPAY-2025-002918,2025-02-03,5
2919,2919,2025-01-31,ACH,PRPAY-2025-002919,2025-02-03,5
2920,2920,2025-01-31,Direct Deposit,PRPAY-2025-002920,2025-02-03,5
2921,2921,2025-01-31,Direct Deposit,PRPAY-2025-002921,2025-02-03,5
2922,2922,2025-01-31,Direct Deposit,PRPAY-2025-002922,2025-02-03,5
2923,2923,2025-01-31,ACH,PRPAY-2025-002923,2025-02-03,5
2924,2924,2025-01-31,Direct Deposit,PRPAY-2025-002924,2025-02-03,5
2925,2925,2025-01-31,Direct Deposit,PRPAY-2025-002925,2025-02-03,5
2926,2926,2025-01-31,ACH,PRPAY-2025-002926,2025-02-03,5
2927,2927,2025-01-31,ACH,PRPAY-2025-002927,2025-02-03,5
2928,2928,2025-01-31,ACH,PRPAY-2025-002928,2025-02-03,5
2929,2929,2025-01-31,Direct Deposit,PRPAY-2025-002929,2025-02-03,5
2930,2930,2025-01-31,Direct Deposit,PRPAY-2025-002930,2025-02-03,5
2931,2931,2025-01-31,Direct Deposit,PRPAY-2025-002931,2025-02-03,5
2932,2932,2025-01-31,Direct Deposit,PRPAY-2025-002932,2025-02-03,5
2933,2933,2025-01-31,ACH,PRPAY-2025-002933,2025-02-03,5
2934,2934,2025-01-31,Direct Deposit,PRPAY-2025-002934,2025-02-03,5
2935,2935,2025-01-31,Direct Deposit,PRPAY-2025-002935,2025-02-03,5
2936,2936,2025-01-31,Direct Deposit,PRPAY-2025-002936,2025-02-03,5
2937,2937,2025-01-31,Direct Deposit,PRPAY-2025-002937,2025-02-03,5
2938,2938,2025-01-31,Direct Deposit,PRPAY-2025-002938,2025-02-03,5
2939,2939,2025-01-31,Direct Deposit,PRPAY-2025-002939,2025-02-03,5
2940,2940,2025-01-31,ACH,PRPAY-2025-002940,2025-02-03,5
2941,2941,2025-01-31,Direct Deposit,PRPAY-2025-002941,2025-02-03,5
2942,2942,2025-01-31,ACH,PRPAY-2025-002942,2025-02-03,5
2943,2943,2025-01-31,Direct Deposit,PRPAY-2025-002943,2025-02-03,5
2944,2944,2025-01-31,Direct Deposit,PRPAY-2025-002944,2025-02-03,5
2945,2945,2025-01-31,Direct Deposit,PRPAY-2025-002945,2025-02-03,5
2946,2946,2025-01-31,Direct Deposit,PRPAY-2025-002946,2025-02-03,5
2947,2947,2025-01-31,ACH,PRPAY-2025-002947,2025-02-03,5
2948,2948,2025-01-31,ACH,PRPAY-2025-002948,2025-02-03,5
2949,2949,2025-01-31,ACH,PRPAY-2025-002949,2025-02-03,5
2950,2950,2025-01-31,ACH,PRPAY-2025-002950,2025-02-03,5
2951,2951,2025-01-31,ACH,PRPAY-2025-002951,2025-02-03,5
2952,2952,2025-01-31,Direct Deposit,PRPAY-2025-002952,2025-02-03,5
2953,2953,2025-01-31,Direct Deposit,PRPAY-2025-002953,2025-02-03,5
2954,2954,2025-01-31,ACH,PRPAY-2025-002954,2025-02-03,5
2955,2955,2025-01-31,ACH,PRPAY-2025-002955,2025-02-03,5
2956,2956,2025-01-31,Direct Deposit,PRPAY-2025-002956,2025-02-03,5
2957,2957,2025-01-31,ACH,PRPAY-2025-002957,2025-02-03,5
2958,2958,2025-01-31,Direct Deposit,PRPAY-2025-002958,2025-02-03,5
2959,2959,2025-01-31,Direct Deposit,PRPAY-2025-002959,2025-02-03,5
2960,2960,2025-01-31,Direct Deposit,PRPAY-2025-002960,2025-02-03,5
2961,2961,2025-01-31,Direct Deposit,PRPAY-2025-002961,2025-02-03,5
2962,2962,2025-01-31,Direct Deposit,PRPAY-2025-002962,2025-02-03,5
2963,2963,2025-01-31,Direct Deposit,PRPAY-2025-002963,2025-02-03,5
2964,2964,2025-01-31,Direct Deposit,PRPAY-2025-002964,2025-02-03,5
2965,2965,2025-01-31,ACH,PRPAY-2025-002965,2025-02-03,5
2966,2966,2025-01-31,ACH,PRPAY-2025-002966,2025-02-03,5
2967,2967,2025-02-14,Direct Deposit,PRPAY-2025-002967,2025-02-17,5
2968,2968,2025-02-14,Direct Deposit,PRPAY-2025-002968,2025-02-17,5
2969,2969,2025-02-14,Direct Deposit,PRPAY-2025-002969,2025-02-17,5
2970,2970,2025-02-14,ACH,PRPAY-2025-002970,2025-02-17,5
2971,2971,2025-02-14,Direct Deposit,PRPAY-2025-002971,2025-02-17,5
2972,2972,2025-02-14,ACH,PRPAY-2025-002972,2025-02-17,5
2973,2973,2025-02-14,ACH,PRPAY-2025-002973,2025-02-17,5
2974,2974,2025-02-14,Direct Deposit,PRPAY-2025-002974,2025-02-17,5
2975,2975,2025-02-14,Direct Deposit,PRPAY-2025-002975,2025-02-17,5
2976,2976,2025-02-14,ACH,PRPAY-2025-002976,2025-02-17,5
2977,2977,2025-02-14,Direct Deposit,PRPAY-2025-002977,2025-02-17,5
2978,2978,2025-02-14,ACH,PRPAY-2025-002978,2025-02-17,5
2979,2979,2025-02-14,ACH,PRPAY-2025-002979,2025-02-17,5
2980,2980,2025-02-14,Direct Deposit,PRPAY-2025-002980,2025-02-17,5
2981,2981,2025-02-14,Direct Deposit,PRPAY-2025-002981,2025-02-17,5
2982,2982,2025-02-14,ACH,PRPAY-2025-002982,2025-02-17,5
2983,2983,2025-02-14,ACH,PRPAY-2025-002983,2025-02-17,5
2984,2984,2025-02-14,ACH,PRPAY-2025-002984,2025-02-17,5
2985,2985,2025-02-14,Direct Deposit,PRPAY-2025-002985,2025-02-17,5
2986,2986,2025-02-14,ACH,PRPAY-2025-002986,2025-02-17,5
2987,2987,2025-02-14,ACH,PRPAY-2025-002987,2025-02-17,5
2988,2988,2025-02-14,Direct Deposit,PRPAY-2025-002988,2025-02-17,5
2989,2989,2025-02-14,ACH,PRPAY-2025-002989,2025-02-17,5
2990,2990,2025-02-14,ACH,PRPAY-2025-002990,2025-02-17,5
2991,2991,2025-02-14,Direct Deposit,PRPAY-2025-002991,2025-02-17,5
2992,2992,2025-02-14,Direct Deposit,PRPAY-2025-002992,2025-02-17,5
2993,2993,2025-02-14,ACH,PRPAY-2025-002993,2025-02-17,5
2994,2994,2025-02-14,Direct Deposit,PRPAY-2025-002994,2025-02-17,5
2995,2995,2025-02-14,Direct Deposit,PRPAY-2025-002995,2025-02-17,5
2996,2996,2025-02-14,ACH,PRPAY-2025-002996,2025-02-17,5
2997,2997,2025-02-14,ACH,PRPAY-2025-002997,2025-02-17,5
2998,2998,2025-02-14,ACH,PRPAY-2025-002998,2025-02-17,5
2999,2999,2025-02-14,Direct Deposit,PRPAY-2025-002999,2025-02-17,5
3000,3000,2025-02-14,Direct Deposit,PRPAY-2025-003000,2025-02-17,5
3001,3001,2025-02-14,Direct Deposit,PRPAY-2025-003001,2025-02-17,5
3002,3002,2025-02-14,ACH,PRPAY-2025-003002,2025-02-17,5
3003,3003,2025-02-14,Direct Deposit,PRPAY-2025-003003,2025-02-17,5
3004,3004,2025-02-14,Direct Deposit,PRPAY-2025-003004,2025-02-17,5
3005,3005,2025-02-14,ACH,PRPAY-2025-003005,2025-02-17,5
3006,3006,2025-02-14,Direct Deposit,PRPAY-2025-003006,2025-02-17,5
3007,3007,2025-02-14,Direct Deposit,PRPAY-2025-003007,2025-02-17,5
3008,3008,2025-02-14,ACH,PRPAY-2025-003008,2025-02-17,5
3009,3009,2025-02-14,Direct Deposit,PRPAY-2025-003009,2025-02-17,5
3010,3010,2025-02-14,Direct Deposit,PRPAY-2025-003010,2025-02-17,5
3011,3011,2025-02-14,ACH,PRPAY-2025-003011,2025-02-17,5
3012,3012,2025-02-14,Direct Deposit,PRPAY-2025-003012,2025-02-17,5
3013,3013,2025-02-14,ACH,PRPAY-2025-003013,2025-02-17,5
3014,3014,2025-02-14,ACH,PRPAY-2025-003014,2025-02-17,5
3015,3015,2025-02-14,Direct Deposit,PRPAY-2025-003015,2025-02-17,5
3016,3016,2025-02-14,ACH,PRPAY-2025-003016,2025-02-17,5
3017,3017,2025-02-14,ACH,PRPAY-2025-003017,2025-02-17,5
3018,3018,2025-02-14,Direct Deposit,PRPAY-2025-003018,2025-02-17,5
3019,3019,2025-02-14,Direct Deposit,PRPAY-2025-003019,2025-02-17,5
3020,3020,2025-02-14,ACH,PRPAY-2025-003020,2025-02-17,5
3021,3021,2025-02-14,Direct Deposit,PRPAY-2025-003021,2025-02-17,5
3022,3022,2025-02-14,ACH,PRPAY-2025-003022,2025-02-17,5
3023,3023,2025-02-14,ACH,PRPAY-2025-003023,2025-02-17,5
3024,3024,2025-02-14,Direct Deposit,PRPAY-2025-003024,2025-02-17,5
3025,3025,2025-02-14,ACH,PRPAY-2025-003025,2025-02-17,5
3026,3026,2025-02-14,ACH,PRPAY-2025-003026,2025-02-17,5
3027,3027,2025-02-14,ACH,PRPAY-2025-003027,2025-02-17,5
3028,3028,2025-02-14,ACH,PRPAY-2025-003028,2025-02-17,5
3029,3029,2025-02-14,Direct Deposit,PRPAY-2025-003029,2025-02-17,5
3030,3030,2025-02-14,Direct Deposit,PRPAY-2025-003030,2025-02-17,5
3031,3031,2025-02-14,ACH,PRPAY-2025-003031,2025-02-17,5
3032,3032,2025-02-14,Direct Deposit,PRPAY-2025-003032,2025-02-17,5
3033,3033,2025-02-14,ACH,PRPAY-2025-003033,2025-02-17,5
3034,3034,2025-02-14,Direct Deposit,PRPAY-2025-003034,2025-02-17,5
3035,3035,2025-02-14,ACH,PRPAY-2025-003035,2025-02-17,5
3036,3036,2025-02-14,Direct Deposit,PRPAY-2025-003036,2025-02-17,5
3037,3037,2025-02-14,Direct Deposit,PRPAY-2025-003037,2025-02-17,5
3038,3038,2025-02-14,Direct Deposit,PRPAY-2025-003038,2025-02-17,5
3039,3039,2025-02-14,Direct Deposit,PRPAY-2025-003039,2025-02-17,5
3040,3040,2025-02-14,ACH,PRPAY-2025-003040,2025-02-17,5
3041,3041,2025-02-14,ACH,PRPAY-2025-003041,2025-02-17,5
3042,3042,2025-02-14,ACH,PRPAY-2025-003042,2025-02-17,5
3043,3043,2025-02-14,Direct Deposit,PRPAY-2025-003043,2025-02-17,5
3044,3044,2025-02-14,Direct Deposit,PRPAY-2025-003044,2025-02-17,5
3045,3045,2025-02-14,Direct Deposit,PRPAY-2025-003045,2025-02-17,5
3046,3046,2025-02-14,ACH,PRPAY-2025-003046,2025-02-17,5
3047,3047,2025-02-14,Direct Deposit,PRPAY-2025-003047,2025-02-17,5
3048,3048,2025-02-14,Direct Deposit,PRPAY-2025-003048,2025-02-17,5
3049,3049,2025-02-14,ACH,PRPAY-2025-003049,2025-02-17,5
3050,3050,2025-02-14,ACH,PRPAY-2025-003050,2025-02-17,5
3051,3051,2025-02-14,ACH,PRPAY-2025-003051,2025-02-17,5
3052,3052,2025-02-14,Direct Deposit,PRPAY-2025-003052,2025-02-17,5
3053,3053,2025-02-14,Direct Deposit,PRPAY-2025-003053,2025-02-17,5
3054,3054,2025-02-14,Direct Deposit,PRPAY-2025-003054,2025-02-17,5
3055,3055,2025-02-14,ACH,PRPAY-2025-003055,2025-02-17,5
3056,3056,2025-02-14,ACH,PRPAY-2025-003056,2025-02-17,5
3057,3057,2025-02-14,Direct Deposit,PRPAY-2025-003057,2025-02-17,5
3058,3058,2025-02-14,ACH,PRPAY-2025-003058,2025-02-17,5
3059,3059,2025-02-14,ACH,PRPAY-2025-003059,2025-02-17,5
3060,3060,2025-02-14,Direct Deposit,PRPAY-2025-003060,2025-02-17,5
3061,3061,2025-02-14,ACH,PRPAY-2025-003061,2025-02-17,5
3062,3062,2025-02-14,Direct Deposit,PRPAY-2025-003062,2025-02-17,5
3063,3063,2025-02-14,Direct Deposit,PRPAY-2025-003063,2025-02-17,5
3064,3064,2025-02-14,Direct Deposit,PRPAY-2025-003064,2025-02-17,5
3065,3065,2025-02-14,ACH,PRPAY-2025-003065,2025-02-17,5
3066,3066,2025-02-14,Direct Deposit,PRPAY-2025-003066,2025-02-17,5
3067,3067,2025-02-14,ACH,PRPAY-2025-003067,2025-02-17,5
3068,3068,2025-02-14,ACH,PRPAY-2025-003068,2025-02-17,5
3069,3069,2025-02-14,ACH,PRPAY-2025-003069,2025-02-17,5
3070,3070,2025-02-14,ACH,PRPAY-2025-003070,2025-02-17,5
3071,3071,2025-02-14,ACH,PRPAY-2025-003071,2025-02-17,5
3072,3072,2025-02-14,ACH,PRPAY-2025-003072,2025-02-17,5
3073,3073,2025-02-14,Direct Deposit,PRPAY-2025-003073,2025-02-17,5
3074,3074,2025-02-28,ACH,PRPAY-2025-003074,2025-03-03,5
3075,3075,2025-02-28,ACH,PRPAY-2025-003075,2025-03-03,5
3076,3076,2025-02-28,ACH,PRPAY-2025-003076,2025-03-03,5
3077,3077,2025-02-28,Direct Deposit,PRPAY-2025-003077,2025-03-03,5
3078,3078,2025-02-28,ACH,PRPAY-2025-003078,2025-03-03,5
3079,3079,2025-02-28,Direct Deposit,PRPAY-2025-003079,2025-03-03,5
3080,3080,2025-02-28,Direct Deposit,PRPAY-2025-003080,2025-03-03,5
3081,3081,2025-02-28,Direct Deposit,PRPAY-2025-003081,2025-03-03,5
3082,3082,2025-02-28,ACH,PRPAY-2025-003082,2025-03-03,5
3083,3083,2025-02-28,ACH,PRPAY-2025-003083,2025-03-03,5
3084,3084,2025-02-28,Direct Deposit,PRPAY-2025-003084,2025-03-03,5
3085,3085,2025-02-28,Direct Deposit,PRPAY-2025-003085,2025-03-03,5
3086,3086,2025-02-28,ACH,PRPAY-2025-003086,2025-03-03,5
3087,3087,2025-02-28,ACH,PRPAY-2025-003087,2025-03-03,5
3088,3088,2025-02-28,Direct Deposit,PRPAY-2025-003088,2025-03-03,5
3089,3089,2025-02-28,ACH,PRPAY-2025-003089,2025-03-03,5
3090,3090,2025-02-28,ACH,PRPAY-2025-003090,2025-03-03,5
3091,3091,2025-02-28,Direct Deposit,PRPAY-2025-003091,2025-03-03,5
3092,3092,2025-02-28,Direct Deposit,PRPAY-2025-003092,2025-03-03,5
3093,3093,2025-02-28,Direct Deposit,PRPAY-2025-003093,2025-03-03,5
3094,3094,2025-02-28,Direct Deposit,PRPAY-2025-003094,2025-03-03,5
3095,3095,2025-02-28,ACH,PRPAY-2025-003095,2025-03-03,5
3096,3096,2025-02-28,ACH,PRPAY-2025-003096,2025-03-03,5
3097,3097,2025-02-28,Direct Deposit,PRPAY-2025-003097,2025-03-03,5
3098,3098,2025-02-28,ACH,PRPAY-2025-003098,2025-03-03,5
3099,3099,2025-02-28,Direct Deposit,PRPAY-2025-003099,2025-03-03,5
3100,3100,2025-02-28,Direct Deposit,PRPAY-2025-003100,2025-03-03,5
3101,3101,2025-02-28,Direct Deposit,PRPAY-2025-003101,2025-03-03,5
3102,3102,2025-02-28,ACH,PRPAY-2025-003102,2025-03-03,5
3103,3103,2025-02-28,Direct Deposit,PRPAY-2025-003103,2025-03-03,5
3104,3104,2025-02-28,Direct Deposit,PRPAY-2025-003104,2025-03-03,5
3105,3105,2025-02-28,ACH,PRPAY-2025-003105,2025-03-03,5
3106,3106,2025-02-28,Direct Deposit,PRPAY-2025-003106,2025-03-03,5
3107,3107,2025-02-28,ACH,PRPAY-2025-003107,2025-03-03,5
3108,3108,2025-02-28,ACH,PRPAY-2025-003108,2025-03-03,5
3109,3109,2025-02-28,Direct Deposit,PRPAY-2025-003109,2025-03-03,5
3110,3110,2025-02-28,Direct Deposit,PRPAY-2025-003110,2025-03-03,5
3111,3111,2025-02-28,ACH,PRPAY-2025-003111,2025-03-03,5
3112,3112,2025-02-28,Direct Deposit,PRPAY-2025-003112,2025-03-03,5
3113,3113,2025-02-28,ACH,PRPAY-2025-003113,2025-03-03,5
3114,3114,2025-02-28,Direct Deposit,PRPAY-2025-003114,2025-03-03,5
3115,3115,2025-02-28,ACH,PRPAY-2025-003115,2025-03-03,5
3116,3116,2025-02-28,ACH,PRPAY-2025-003116,2025-03-03,5
3117,3117,2025-02-28,Direct Deposit,PRPAY-2025-003117,2025-03-03,5
3118,3118,2025-02-28,Direct Deposit,PRPAY-2025-003118,2025-03-03,5
3119,3119,2025-02-28,ACH,PRPAY-2025-003119,2025-03-03,5
3120,3120,2025-02-28,Direct Deposit,PRPAY-2025-003120,2025-03-03,5
3121,3121,2025-02-28,Direct Deposit,PRPAY-2025-003121,2025-03-03,5
3122,3122,2025-02-28,ACH,PRPAY-2025-003122,2025-03-03,5
3123,3123,2025-02-28,ACH,PRPAY-2025-003123,2025-03-03,5
3124,3124,2025-02-28,ACH,PRPAY-2025-003124,2025-03-03,5
3125,3125,2025-02-28,ACH,PRPAY-2025-003125,2025-03-03,5
3126,3126,2025-02-28,ACH,PRPAY-2025-003126,2025-03-03,5
3127,3127,2025-02-28,ACH,PRPAY-2025-003127,2025-03-03,5
3128,3128,2025-02-28,ACH,PRPAY-2025-003128,2025-03-03,5
3129,3129,2025-02-28,ACH,PRPAY-2025-003129,2025-03-03,5
3130,3130,2025-02-28,ACH,PRPAY-2025-003130,2025-03-03,5
3131,3131,2025-02-28,Direct Deposit,PRPAY-2025-003131,2025-03-03,5
3132,3132,2025-02-28,ACH,PRPAY-2025-003132,2025-03-03,5
3133,3133,2025-02-28,Direct Deposit,PRPAY-2025-003133,2025-03-03,5
3134,3134,2025-02-28,Direct Deposit,PRPAY-2025-003134,2025-03-03,5
3135,3135,2025-02-28,Direct Deposit,PRPAY-2025-003135,2025-03-03,5
3136,3136,2025-02-28,ACH,PRPAY-2025-003136,2025-03-03,5
3137,3137,2025-02-28,Direct Deposit,PRPAY-2025-003137,2025-03-03,5
3138,3138,2025-02-28,Direct Deposit,PRPAY-2025-003138,2025-03-03,5
3139,3139,2025-02-28,ACH,PRPAY-2025-003139,2025-03-03,5
3140,3140,2025-02-28,Direct Deposit,PRPAY-2025-003140,2025-03-03,5
3141,3141,2025-02-28,ACH,PRPAY-2025-003141,2025-03-03,5
3142,3142,2025-02-28,Direct Deposit,PRPAY-2025-003142,2025-03-03,5
3143,3143,2025-02-28,Direct Deposit,PRPAY-2025-003143,2025-03-03,5
3144,3144,2025-02-28,Direct Deposit,PRPAY-2025-003144,2025-03-03,5
3145,3145,2025-02-28,ACH,PRPAY-2025-003145,2025-03-03,5
3146,3146,2025-02-28,Direct Deposit,PRPAY-2025-003146,2025-03-03,5
3147,3147,2025-02-28,Direct Deposit,PRPAY-2025-003147,2025-03-03,5
3148,3148,2025-02-28,ACH,PRPAY-2025-003148,2025-03-03,5
3149,3149,2025-02-28,ACH,PRPAY-2025-003149,2025-03-03,5
3150,3150,2025-02-28,ACH,PRPAY-2025-003150,2025-03-03,5
3151,3151,2025-02-28,Direct Deposit,PRPAY-2025-003151,2025-03-03,5
3152,3152,2025-02-28,Direct Deposit,PRPAY-2025-003152,2025-03-03,5
3153,3153,2025-02-28,ACH,PRPAY-2025-003153,2025-03-03,5
3154,3154,2025-02-28,ACH,PRPAY-2025-003154,2025-03-03,5
3155,3155,2025-02-28,ACH,PRPAY-2025-003155,2025-03-03,5
3156,3156,2025-02-28,ACH,PRPAY-2025-003156,2025-03-03,5
3157,3157,2025-02-28,ACH,PRPAY-2025-003157,2025-03-03,5
3158,3158,2025-02-28,ACH,PRPAY-2025-003158,2025-03-03,5
3159,3159,2025-02-28,Direct Deposit,PRPAY-2025-003159,2025-03-03,5
3160,3160,2025-02-28,Direct Deposit,PRPAY-2025-003160,2025-03-03,5
3161,3161,2025-02-28,Direct Deposit,PRPAY-2025-003161,2025-03-03,5
3162,3162,2025-02-28,Direct Deposit,PRPAY-2025-003162,2025-03-03,5
3163,3163,2025-02-28,Direct Deposit,PRPAY-2025-003163,2025-03-03,5
3164,3164,2025-02-28,Direct Deposit,PRPAY-2025-003164,2025-03-03,5
3165,3165,2025-02-28,ACH,PRPAY-2025-003165,2025-03-03,5
3166,3166,2025-02-28,ACH,PRPAY-2025-003166,2025-03-03,5
3167,3167,2025-02-28,Direct Deposit,PRPAY-2025-003167,2025-03-03,5
3168,3168,2025-02-28,Direct Deposit,PRPAY-2025-003168,2025-03-03,5
3169,3169,2025-02-28,ACH,PRPAY-2025-003169,2025-03-03,5
3170,3170,2025-02-28,Direct Deposit,PRPAY-2025-003170,2025-03-03,5
3171,3171,2025-02-28,ACH,PRPAY-2025-003171,2025-03-03,5
3172,3172,2025-02-28,Direct Deposit,PRPAY-2025-003172,2025-03-03,5
3173,3173,2025-02-28,ACH,PRPAY-2025-003173,2025-03-03,5
3174,3174,2025-02-28,Direct Deposit,PRPAY-2025-003174,2025-03-03,5
3175,3175,2025-02-28,Direct Deposit,PRPAY-2025-003175,2025-03-03,5
3176,3176,2025-02-28,ACH,PRPAY-2025-003176,2025-03-03,5
3177,3177,2025-02-28,Direct Deposit,PRPAY-2025-003177,2025-03-03,5
3178,3178,2025-02-28,Direct Deposit,PRPAY-2025-003178,2025-03-03,5
3179,3179,2025-02-28,ACH,PRPAY-2025-003179,2025-03-03,5
3180,3180,2025-03-14,Direct Deposit,PRPAY-2025-003180,2025-03-17,5
3181,3181,2025-03-14,Direct Deposit,PRPAY-2025-003181,2025-03-17,5
3182,3182,2025-03-14,Direct Deposit,PRPAY-2025-003182,2025-03-17,5
3183,3183,2025-03-14,ACH,PRPAY-2025-003183,2025-03-17,5
3184,3184,2025-03-14,Direct Deposit,PRPAY-2025-003184,2025-03-17,5
3185,3185,2025-03-14,ACH,PRPAY-2025-003185,2025-03-17,5
3186,3186,2025-03-14,Direct Deposit,PRPAY-2025-003186,2025-03-17,5
3187,3187,2025-03-14,Direct Deposit,PRPAY-2025-003187,2025-03-17,5
3188,3188,2025-03-14,Direct Deposit,PRPAY-2025-003188,2025-03-17,5
3189,3189,2025-03-14,ACH,PRPAY-2025-003189,2025-03-17,5
3190,3190,2025-03-14,Direct Deposit,PRPAY-2025-003190,2025-03-17,5
3191,3191,2025-03-14,Direct Deposit,PRPAY-2025-003191,2025-03-17,5
3192,3192,2025-03-14,Direct Deposit,PRPAY-2025-003192,2025-03-17,5
3193,3193,2025-03-14,ACH,PRPAY-2025-003193,2025-03-17,5
3194,3194,2025-03-14,ACH,PRPAY-2025-003194,2025-03-17,5
3195,3195,2025-03-14,Direct Deposit,PRPAY-2025-003195,2025-03-17,5
3196,3196,2025-03-14,ACH,PRPAY-2025-003196,2025-03-17,5
3197,3197,2025-03-14,ACH,PRPAY-2025-003197,2025-03-17,5
3198,3198,2025-03-14,ACH,PRPAY-2025-003198,2025-03-17,5
3199,3199,2025-03-14,ACH,PRPAY-2025-003199,2025-03-17,5
3200,3200,2025-03-14,Direct Deposit,PRPAY-2025-003200,2025-03-17,5
3201,3201,2025-03-14,ACH,PRPAY-2025-003201,2025-03-17,5
3202,3202,2025-03-14,ACH,PRPAY-2025-003202,2025-03-17,5
3203,3203,2025-03-14,Direct Deposit,PRPAY-2025-003203,2025-03-17,5
3204,3204,2025-03-14,Direct Deposit,PRPAY-2025-003204,2025-03-17,5
3205,3205,2025-03-14,Direct Deposit,PRPAY-2025-003205,2025-03-17,5
3206,3206,2025-03-14,Direct Deposit,PRPAY-2025-003206,2025-03-17,5
3207,3207,2025-03-14,ACH,PRPAY-2025-003207,2025-03-17,5
3208,3208,2025-03-14,Direct Deposit,PRPAY-2025-003208,2025-03-17,5
3209,3209,2025-03-14,Direct Deposit,PRPAY-2025-003209,2025-03-17,5
3210,3210,2025-03-14,ACH,PRPAY-2025-003210,2025-03-17,5
3211,3211,2025-03-14,Direct Deposit,PRPAY-2025-003211,2025-03-17,5
3212,3212,2025-03-14,ACH,PRPAY-2025-003212,2025-03-17,5
3213,3213,2025-03-14,ACH,PRPAY-2025-003213,2025-03-17,5
3214,3214,2025-03-14,Direct Deposit,PRPAY-2025-003214,2025-03-17,5
3215,3215,2025-03-14,ACH,PRPAY-2025-003215,2025-03-17,5
3216,3216,2025-03-14,ACH,PRPAY-2025-003216,2025-03-17,5
3217,3217,2025-03-14,ACH,PRPAY-2025-003217,2025-03-17,5
3218,3218,2025-03-14,Direct Deposit,PRPAY-2025-003218,2025-03-17,5
3219,3219,2025-03-14,ACH,PRPAY-2025-003219,2025-03-17,5
3220,3220,2025-03-14,Direct Deposit,PRPAY-2025-003220,2025-03-17,5
3221,3221,2025-03-14,Direct Deposit,PRPAY-2025-003221,2025-03-17,5
3222,3222,2025-03-14,Direct Deposit,PRPAY-2025-003222,2025-03-17,5
3223,3223,2025-03-14,ACH,PRPAY-2025-003223,2025-03-17,5
3224,3224,2025-03-14,Direct Deposit,PRPAY-2025-003224,2025-03-17,5
3225,3225,2025-03-14,Direct Deposit,PRPAY-2025-003225,2025-03-17,5
3226,3226,2025-03-14,Direct Deposit,PRPAY-2025-003226,2025-03-17,5
3227,3227,2025-03-14,ACH,PRPAY-2025-003227,2025-03-17,5
3228,3228,2025-03-14,Direct Deposit,PRPAY-2025-003228,2025-03-17,5
3229,3229,2025-03-14,ACH,PRPAY-2025-003229,2025-03-17,5
3230,3230,2025-03-14,ACH,PRPAY-2025-003230,2025-03-17,5
3231,3231,2025-03-14,ACH,PRPAY-2025-003231,2025-03-17,5
3232,3232,2025-03-14,ACH,PRPAY-2025-003232,2025-03-17,5
3233,3233,2025-03-14,ACH,PRPAY-2025-003233,2025-03-17,5
3234,3234,2025-03-14,ACH,PRPAY-2025-003234,2025-03-17,5
3235,3235,2025-03-14,ACH,PRPAY-2025-003235,2025-03-17,5
3236,3236,2025-03-14,Direct Deposit,PRPAY-2025-003236,2025-03-17,5
3237,3237,2025-03-14,ACH,PRPAY-2025-003237,2025-03-17,5
3238,3238,2025-03-14,ACH,PRPAY-2025-003238,2025-03-17,5
3239,3239,2025-03-14,Direct Deposit,PRPAY-2025-003239,2025-03-17,5
3240,3240,2025-03-14,ACH,PRPAY-2025-003240,2025-03-17,5
3241,3241,2025-03-14,Direct Deposit,PRPAY-2025-003241,2025-03-17,5
3242,3242,2025-03-14,Direct Deposit,PRPAY-2025-003242,2025-03-17,5
3243,3243,2025-03-14,Direct Deposit,PRPAY-2025-003243,2025-03-17,5
3244,3244,2025-03-14,Direct Deposit,PRPAY-2025-003244,2025-03-17,5
3245,3245,2025-03-14,ACH,PRPAY-2025-003245,2025-03-17,5
3246,3246,2025-03-14,Direct Deposit,PRPAY-2025-003246,2025-03-17,5
3247,3247,2025-03-14,ACH,PRPAY-2025-003247,2025-03-17,5
3248,3248,2025-03-14,ACH,PRPAY-2025-003248,2025-03-17,5
3249,3249,2025-03-14,Direct Deposit,PRPAY-2025-003249,2025-03-17,5
3250,3250,2025-03-14,Direct Deposit,PRPAY-2025-003250,2025-03-17,5
3251,3251,2025-03-14,Direct Deposit,PRPAY-2025-003251,2025-03-17,5
3252,3252,2025-03-14,Direct Deposit,PRPAY-2025-003252,2025-03-17,5
3253,3253,2025-03-14,ACH,PRPAY-2025-003253,2025-03-17,5
3254,3254,2025-03-14,Direct Deposit,PRPAY-2025-003254,2025-03-17,5
3255,3255,2025-03-14,Direct Deposit,PRPAY-2025-003255,2025-03-17,5
3256,3256,2025-03-14,Direct Deposit,PRPAY-2025-003256,2025-03-17,5
3257,3257,2025-03-14,ACH,PRPAY-2025-003257,2025-03-17,5
3258,3258,2025-03-14,Direct Deposit,PRPAY-2025-003258,2025-03-17,5
3259,3259,2025-03-14,Direct Deposit,PRPAY-2025-003259,2025-03-17,5
3260,3260,2025-03-14,Direct Deposit,PRPAY-2025-003260,2025-03-17,5
3261,3261,2025-03-14,Direct Deposit,PRPAY-2025-003261,2025-03-17,5
3262,3262,2025-03-14,ACH,PRPAY-2025-003262,2025-03-17,5
3263,3263,2025-03-14,ACH,PRPAY-2025-003263,2025-03-17,5
3264,3264,2025-03-14,Direct Deposit,PRPAY-2025-003264,2025-03-17,5
3265,3265,2025-03-14,Direct Deposit,PRPAY-2025-003265,2025-03-17,5
3266,3266,2025-03-14,Direct Deposit,PRPAY-2025-003266,2025-03-17,5
3267,3267,2025-03-14,Direct Deposit,PRPAY-2025-003267,2025-03-17,5
3268,3268,2025-03-14,ACH,PRPAY-2025-003268,2025-03-17,5
3269,3269,2025-03-14,ACH,PRPAY-2025-003269,2025-03-17,5
3270,3270,2025-03-14,Direct Deposit,PRPAY-2025-003270,2025-03-17,5
3271,3271,2025-03-14,Direct Deposit,PRPAY-2025-003271,2025-03-17,5
3272,3272,2025-03-14,Direct Deposit,PRPAY-2025-003272,2025-03-17,5
3273,3273,2025-03-14,ACH,PRPAY-2025-003273,2025-03-17,5
3274,3274,2025-03-14,Direct Deposit,PRPAY-2025-003274,2025-03-17,5
3275,3275,2025-03-14,Direct Deposit,PRPAY-2025-003275,2025-03-17,5
3276,3276,2025-03-14,Direct Deposit,PRPAY-2025-003276,2025-03-17,5
3277,3277,2025-03-14,Direct Deposit,PRPAY-2025-003277,2025-03-17,5
3278,3278,2025-03-14,ACH,PRPAY-2025-003278,2025-03-17,5
3279,3279,2025-03-14,Direct Deposit,PRPAY-2025-003279,2025-03-17,5
3280,3280,2025-03-14,Direct Deposit,PRPAY-2025-003280,2025-03-17,5
3281,3281,2025-03-14,Direct Deposit,PRPAY-2025-003281,2025-03-17,5
3282,3282,2025-03-14,Direct Deposit,PRPAY-2025-003282,2025-03-17,5
3283,3283,2025-03-14,Direct Deposit,PRPAY-2025-003283,2025-03-17,5
3284,3284,2025-03-14,Direct Deposit,PRPAY-2025-003284,2025-03-17,5
3285,3285,2025-03-14,Direct Deposit,PRPAY-2025-003285,2025-03-17,5
3286,3286,2025-03-14,ACH,PRPAY-2025-003286,2025-03-17,5
3287,3287,2025-03-28,ACH,PRPAY-2025-003287,2025-03-31,5
3288,3288,2025-03-28,ACH,PRPAY-2025-003288,2025-03-31,5
3289,3289,2025-03-28,Direct Deposit,PRPAY-2025-003289,2025-03-31,5
3290,3290,2025-03-28,Direct Deposit,PRPAY-2025-003290,2025-03-31,5
3291,3291,2025-03-28,Direct Deposit,PRPAY-2025-003291,2025-03-31,5
3292,3292,2025-03-28,ACH,PRPAY-2025-003292,2025-03-31,5
3293,3293,2025-03-28,ACH,PRPAY-2025-003293,2025-03-31,5
3294,3294,2025-03-28,ACH,PRPAY-2025-003294,2025-03-31,5
3295,3295,2025-03-28,Direct Deposit,PRPAY-2025-003295,2025-03-31,5
3296,3296,2025-03-28,Direct Deposit,PRPAY-2025-003296,2025-03-31,5
3297,3297,2025-03-28,Direct Deposit,PRPAY-2025-003297,2025-03-31,5
3298,3298,2025-03-28,Direct Deposit,PRPAY-2025-003298,2025-03-31,5
3299,3299,2025-03-28,Direct Deposit,PRPAY-2025-003299,2025-03-31,5
3300,3300,2025-03-28,ACH,PRPAY-2025-003300,2025-03-31,5
3301,3301,2025-03-28,ACH,PRPAY-2025-003301,2025-03-31,5
3302,3302,2025-03-28,Direct Deposit,PRPAY-2025-003302,2025-03-31,5
3303,3303,2025-03-28,ACH,PRPAY-2025-003303,2025-03-31,5
3304,3304,2025-03-28,Direct Deposit,PRPAY-2025-003304,2025-03-31,5
3305,3305,2025-03-28,Direct Deposit,PRPAY-2025-003305,2025-03-31,5
3306,3306,2025-03-28,Direct Deposit,PRPAY-2025-003306,2025-03-31,5
3307,3307,2025-03-28,ACH,PRPAY-2025-003307,2025-03-31,5
3308,3308,2025-03-28,ACH,PRPAY-2025-003308,2025-03-31,5
3309,3309,2025-03-28,ACH,PRPAY-2025-003309,2025-03-31,5
3310,3310,2025-03-28,ACH,PRPAY-2025-003310,2025-03-31,5
3311,3311,2025-03-28,Direct Deposit,PRPAY-2025-003311,2025-03-31,5
3312,3312,2025-03-28,ACH,PRPAY-2025-003312,2025-03-31,5
3313,3313,2025-03-28,ACH,PRPAY-2025-003313,2025-03-31,5
3314,3314,2025-03-28,ACH,PRPAY-2025-003314,2025-03-31,5
3315,3315,2025-03-28,ACH,PRPAY-2025-003315,2025-03-31,5
3316,3316,2025-03-28,Direct Deposit,PRPAY-2025-003316,2025-03-31,5
3317,3317,2025-03-28,Direct Deposit,PRPAY-2025-003317,2025-03-31,5
3318,3318,2025-03-28,ACH,PRPAY-2025-003318,2025-03-31,5
3319,3319,2025-03-28,ACH,PRPAY-2025-003319,2025-03-31,5
3320,3320,2025-03-28,ACH,PRPAY-2025-003320,2025-03-31,5
3321,3321,2025-03-28,Direct Deposit,PRPAY-2025-003321,2025-03-31,5
3322,3322,2025-03-28,ACH,PRPAY-2025-003322,2025-03-31,5
3323,3323,2025-03-28,Direct Deposit,PRPAY-2025-003323,2025-03-31,5
3324,3324,2025-03-28,ACH,PRPAY-2025-003324,2025-03-31,5
3325,3325,2025-03-28,Direct Deposit,PRPAY-2025-003325,2025-03-31,5
3326,3326,2025-03-28,Direct Deposit,PRPAY-2025-003326,2025-03-31,5
3327,3327,2025-03-28,ACH,PRPAY-2025-003327,2025-03-31,5
3328,3328,2025-03-28,Direct Deposit,PRPAY-2025-003328,2025-03-31,5
3329,3329,2025-03-28,ACH,PRPAY-2025-003329,2025-03-31,5
3330,3330,2025-03-28,Direct Deposit,PRPAY-2025-003330,2025-03-31,5
3331,3331,2025-03-28,ACH,PRPAY-2025-003331,2025-03-31,5
3332,3332,2025-03-28,Direct Deposit,PRPAY-2025-003332,2025-03-31,5
3333,3333,2025-03-28,Direct Deposit,PRPAY-2025-003333,2025-03-31,5
3334,3334,2025-03-28,Direct Deposit,PRPAY-2025-003334,2025-03-31,5
3335,3335,2025-03-28,ACH,PRPAY-2025-003335,2025-03-31,5
3336,3336,2025-03-28,ACH,PRPAY-2025-003336,2025-03-31,5
3337,3337,2025-03-28,Direct Deposit,PRPAY-2025-003337,2025-03-31,5
3338,3338,2025-03-28,ACH,PRPAY-2025-003338,2025-03-31,5
3339,3339,2025-03-28,ACH,PRPAY-2025-003339,2025-03-31,5
3340,3340,2025-03-28,ACH,PRPAY-2025-003340,2025-03-31,5
3341,3341,2025-03-28,ACH,PRPAY-2025-003341,2025-03-31,5
3342,3342,2025-03-28,ACH,PRPAY-2025-003342,2025-03-31,5
3343,3343,2025-03-28,Direct Deposit,PRPAY-2025-003343,2025-03-31,5
3344,3344,2025-03-28,ACH,PRPAY-2025-003344,2025-03-31,5
3345,3345,2025-03-28,Direct Deposit,PRPAY-2025-003345,2025-03-31,5
3346,3346,2025-03-28,ACH,PRPAY-2025-003346,2025-03-31,5
3347,3347,2025-03-28,ACH,PRPAY-2025-003347,2025-03-31,5
3348,3348,2025-03-28,ACH,PRPAY-2025-003348,2025-03-31,5
3349,3349,2025-03-28,ACH,PRPAY-2025-003349,2025-03-31,5
3350,3350,2025-03-28,ACH,PRPAY-2025-003350,2025-03-31,5
3351,3351,2025-03-28,Direct Deposit,PRPAY-2025-003351,2025-03-31,5
3352,3352,2025-03-28,ACH,PRPAY-2025-003352,2025-03-31,5
3353,3353,2025-03-28,ACH,PRPAY-2025-003353,2025-03-31,5
3354,3354,2025-03-28,Direct Deposit,PRPAY-2025-003354,2025-03-31,5
3355,3355,2025-03-28,ACH,PRPAY-2025-003355,2025-03-31,5
3356,3356,2025-03-28,Direct Deposit,PRPAY-2025-003356,2025-03-31,5
3357,3357,2025-03-28,ACH,PRPAY-2025-003357,2025-03-31,5
3358,3358,2025-03-28,Direct Deposit,PRPAY-2025-003358,2025-03-31,5
3359,3359,2025-03-28,ACH,PRPAY-2025-003359,2025-03-31,5
3360,3360,2025-03-28,Direct Deposit,PRPAY-2025-003360,2025-03-31,5
3361,3361,2025-03-28,Direct Deposit,PRPAY-2025-003361,2025-03-31,5
3362,3362,2025-03-28,ACH,PRPAY-2025-003362,2025-03-31,5
3363,3363,2025-03-28,Direct Deposit,PRPAY-2025-003363,2025-03-31,5
3364,3364,2025-03-28,ACH,PRPAY-2025-003364,2025-03-31,5
3365,3365,2025-03-28,Direct Deposit,PRPAY-2025-003365,2025-03-31,5
3366,3366,2025-03-28,ACH,PRPAY-2025-003366,2025-03-31,5
3367,3367,2025-03-28,Direct Deposit,PRPAY-2025-003367,2025-03-31,5
3368,3368,2025-03-28,ACH,PRPAY-2025-003368,2025-03-31,5
3369,3369,2025-03-28,ACH,PRPAY-2025-003369,2025-03-31,5
3370,3370,2025-03-28,Direct Deposit,PRPAY-2025-003370,2025-03-31,5
3371,3371,2025-03-28,Direct Deposit,PRPAY-2025-003371,2025-03-31,5
3372,3372,2025-03-28,Direct Deposit,PRPAY-2025-003372,2025-03-31,5
3373,3373,2025-03-28,Direct Deposit,PRPAY-2025-003373,2025-03-31,5
3374,3374,2025-03-28,ACH,PRPAY-2025-003374,2025-03-31,5
3375,3375,2025-03-28,Direct Deposit,PRPAY-2025-003375,2025-03-31,5
3376,3376,2025-03-28,Direct Deposit,PRPAY-2025-003376,2025-03-31,5
3377,3377,2025-03-28,ACH,PRPAY-2025-003377,2025-03-31,5
3378,3378,2025-03-28,Direct Deposit,PRPAY-2025-003378,2025-03-31,5
3379,3379,2025-03-28,ACH,PRPAY-2025-003379,2025-03-31,5
3380,3380,2025-03-28,ACH,PRPAY-2025-003380,2025-03-31,5
3381,3381,2025-03-28,ACH,PRPAY-2025-003381,2025-03-31,5
3382,3382,2025-03-28,Direct Deposit,PRPAY-2025-003382,2025-03-31,5
3383,3383,2025-03-28,ACH,PRPAY-2025-003383,2025-03-31,5
3384,3384,2025-03-28,Direct Deposit,PRPAY-2025-003384,2025-03-31,5
3385,3385,2025-03-28,Direct Deposit,PRPAY-2025-003385,2025-03-31,5
3386,3386,2025-03-28,Direct Deposit,PRPAY-2025-003386,2025-03-31,5
3387,3387,2025-03-28,Direct Deposit,PRPAY-2025-003387,2025-03-31,5
3388,3388,2025-03-28,ACH,PRPAY-2025-003388,2025-03-31,5
3389,3389,2025-03-28,Direct Deposit,PRPAY-2025-003389,2025-03-31,5
3390,3390,2025-03-28,Direct Deposit,PRPAY-2025-003390,2025-03-31,5
3391,3391,2025-03-28,Direct Deposit,PRPAY-2025-003391,2025-03-31,5
3392,3392,2025-03-28,ACH,PRPAY-2025-003392,2025-03-31,5
3393,3393,2025-03-28,Direct Deposit,PRPAY-2025-003393,2025-03-31,5
3394,3394,2025-04-11,Direct Deposit,PRPAY-2025-003394,2025-04-14,5
3395,3395,2025-04-11,Direct Deposit,PRPAY-2025-003395,2025-04-14,5
3396,3396,2025-04-11,Direct Deposit,PRPAY-2025-003396,2025-04-14,5
3397,3397,2025-04-11,Direct Deposit,PRPAY-2025-003397,2025-04-14,5
3398,3398,2025-04-11,ACH,PRPAY-2025-003398,2025-04-14,5
3399,3399,2025-04-11,ACH,PRPAY-2025-003399,2025-04-14,5
3400,3400,2025-04-11,Direct Deposit,PRPAY-2025-003400,2025-04-14,5
3401,3401,2025-04-11,Direct Deposit,PRPAY-2025-003401,2025-04-14,5
3402,3402,2025-04-11,Direct Deposit,PRPAY-2025-003402,2025-04-14,5
3403,3403,2025-04-11,Direct Deposit,PRPAY-2025-003403,2025-04-14,5
3404,3404,2025-04-11,ACH,PRPAY-2025-003404,2025-04-14,5
3405,3405,2025-04-11,Direct Deposit,PRPAY-2025-003405,2025-04-14,5
3406,3406,2025-04-11,ACH,PRPAY-2025-003406,2025-04-14,5
3407,3407,2025-04-11,ACH,PRPAY-2025-003407,2025-04-14,5
3408,3408,2025-04-11,ACH,PRPAY-2025-003408,2025-04-14,5
3409,3409,2025-04-11,Direct Deposit,PRPAY-2025-003409,2025-04-14,5
3410,3410,2025-04-11,Direct Deposit,PRPAY-2025-003410,2025-04-14,5
3411,3411,2025-04-11,ACH,PRPAY-2025-003411,2025-04-14,5
3412,3412,2025-04-11,ACH,PRPAY-2025-003412,2025-04-14,5
3413,3413,2025-04-11,ACH,PRPAY-2025-003413,2025-04-14,5
3414,3414,2025-04-11,ACH,PRPAY-2025-003414,2025-04-14,5
3415,3415,2025-04-11,ACH,PRPAY-2025-003415,2025-04-14,5
3416,3416,2025-04-11,Direct Deposit,PRPAY-2025-003416,2025-04-14,5
3417,3417,2025-04-11,Direct Deposit,PRPAY-2025-003417,2025-04-14,5
3418,3418,2025-04-11,ACH,PRPAY-2025-003418,2025-04-14,5
3419,3419,2025-04-11,Direct Deposit,PRPAY-2025-003419,2025-04-14,5
3420,3420,2025-04-11,Direct Deposit,PRPAY-2025-003420,2025-04-14,5
3421,3421,2025-04-11,ACH,PRPAY-2025-003421,2025-04-14,5
3422,3422,2025-04-11,Direct Deposit,PRPAY-2025-003422,2025-04-14,5
3423,3423,2025-04-11,Direct Deposit,PRPAY-2025-003423,2025-04-14,5
3424,3424,2025-04-11,ACH,PRPAY-2025-003424,2025-04-14,5
3425,3425,2025-04-11,Direct Deposit,PRPAY-2025-003425,2025-04-14,5
3426,3426,2025-04-11,Direct Deposit,PRPAY-2025-003426,2025-04-14,5
3427,3427,2025-04-11,Direct Deposit,PRPAY-2025-003427,2025-04-14,5
3428,3428,2025-04-11,Direct Deposit,PRPAY-2025-003428,2025-04-14,5
3429,3429,2025-04-11,Direct Deposit,PRPAY-2025-003429,2025-04-14,5
3430,3430,2025-04-11,ACH,PRPAY-2025-003430,2025-04-14,5
3431,3431,2025-04-11,ACH,PRPAY-2025-003431,2025-04-14,5
3432,3432,2025-04-11,ACH,PRPAY-2025-003432,2025-04-14,5
3433,3433,2025-04-11,Direct Deposit,PRPAY-2025-003433,2025-04-14,5
3434,3434,2025-04-11,Direct Deposit,PRPAY-2025-003434,2025-04-14,5
3435,3435,2025-04-11,ACH,PRPAY-2025-003435,2025-04-14,5
3436,3436,2025-04-11,ACH,PRPAY-2025-003436,2025-04-14,5
3437,3437,2025-04-11,ACH,PRPAY-2025-003437,2025-04-14,5
3438,3438,2025-04-11,ACH,PRPAY-2025-003438,2025-04-14,5
3439,3439,2025-04-11,ACH,PRPAY-2025-003439,2025-04-14,5
3440,3440,2025-04-11,ACH,PRPAY-2025-003440,2025-04-14,5
3441,3441,2025-04-11,Direct Deposit,PRPAY-2025-003441,2025-04-14,5
3442,3442,2025-04-11,Direct Deposit,PRPAY-2025-003442,2025-04-14,5
3443,3443,2025-04-11,ACH,PRPAY-2025-003443,2025-04-14,5
3444,3444,2025-04-11,ACH,PRPAY-2025-003444,2025-04-14,5
3445,3445,2025-04-11,ACH,PRPAY-2025-003445,2025-04-14,5
3446,3446,2025-04-11,Direct Deposit,PRPAY-2025-003446,2025-04-14,5
3447,3447,2025-04-11,Direct Deposit,PRPAY-2025-003447,2025-04-14,5
3448,3448,2025-04-11,ACH,PRPAY-2025-003448,2025-04-14,5
3449,3449,2025-04-11,ACH,PRPAY-2025-003449,2025-04-14,5
3450,3450,2025-04-11,ACH,PRPAY-2025-003450,2025-04-14,5
3451,3451,2025-04-11,Direct Deposit,PRPAY-2025-003451,2025-04-14,5
3452,3452,2025-04-11,ACH,PRPAY-2025-003452,2025-04-14,5
3453,3453,2025-04-11,Direct Deposit,PRPAY-2025-003453,2025-04-14,5
3454,3454,2025-04-11,Direct Deposit,PRPAY-2025-003454,2025-04-14,5
3455,3455,2025-04-11,ACH,PRPAY-2025-003455,2025-04-14,5
3456,3456,2025-04-11,ACH,PRPAY-2025-003456,2025-04-14,5
3457,3457,2025-04-11,ACH,PRPAY-2025-003457,2025-04-14,5
3458,3458,2025-04-11,ACH,PRPAY-2025-003458,2025-04-14,5
3459,3459,2025-04-11,Direct Deposit,PRPAY-2025-003459,2025-04-14,5
3460,3460,2025-04-11,ACH,PRPAY-2025-003460,2025-04-14,5
3461,3461,2025-04-11,Direct Deposit,PRPAY-2025-003461,2025-04-14,5
3462,3462,2025-04-11,Direct Deposit,PRPAY-2025-003462,2025-04-14,5
3463,3463,2025-04-11,Direct Deposit,PRPAY-2025-003463,2025-04-14,5
3464,3464,2025-04-11,Direct Deposit,PRPAY-2025-003464,2025-04-14,5
3465,3465,2025-04-11,ACH,PRPAY-2025-003465,2025-04-14,5
3466,3466,2025-04-11,ACH,PRPAY-2025-003466,2025-04-14,5
3467,3467,2025-04-11,Direct Deposit,PRPAY-2025-003467,2025-04-14,5
3468,3468,2025-04-11,Direct Deposit,PRPAY-2025-003468,2025-04-14,5
3469,3469,2025-04-11,Direct Deposit,PRPAY-2025-003469,2025-04-14,5
3470,3470,2025-04-11,Direct Deposit,PRPAY-2025-003470,2025-04-14,5
3471,3471,2025-04-11,Direct Deposit,PRPAY-2025-003471,2025-04-14,5
3472,3472,2025-04-11,Direct Deposit,PRPAY-2025-003472,2025-04-14,5
3473,3473,2025-04-11,Direct Deposit,PRPAY-2025-003473,2025-04-14,5
3474,3474,2025-04-11,Direct Deposit,PRPAY-2025-003474,2025-04-14,5
3475,3475,2025-04-11,Direct Deposit,PRPAY-2025-003475,2025-04-14,5
3476,3476,2025-04-11,ACH,PRPAY-2025-003476,2025-04-14,5
3477,3477,2025-04-11,Direct Deposit,PRPAY-2025-003477,2025-04-14,5
3478,3478,2025-04-11,Direct Deposit,PRPAY-2025-003478,2025-04-14,5
3479,3479,2025-04-11,Direct Deposit,PRPAY-2025-003479,2025-04-14,5
3480,3480,2025-04-11,Direct Deposit,PRPAY-2025-003480,2025-04-14,5
3481,3481,2025-04-11,ACH,PRPAY-2025-003481,2025-04-14,5
3482,3482,2025-04-11,Direct Deposit,PRPAY-2025-003482,2025-04-14,5
3483,3483,2025-04-11,ACH,PRPAY-2025-003483,2025-04-14,5
3484,3484,2025-04-11,ACH,PRPAY-2025-003484,2025-04-14,5
3485,3485,2025-04-11,ACH,PRPAY-2025-003485,2025-04-14,5
3486,3486,2025-04-11,ACH,PRPAY-2025-003486,2025-04-14,5
3487,3487,2025-04-11,Direct Deposit,PRPAY-2025-003487,2025-04-14,5
3488,3488,2025-04-11,ACH,PRPAY-2025-003488,2025-04-14,5
3489,3489,2025-04-11,ACH,PRPAY-2025-003489,2025-04-14,5
3490,3490,2025-04-11,ACH,PRPAY-2025-003490,2025-04-14,5
3491,3491,2025-04-11,ACH,PRPAY-2025-003491,2025-04-14,5
3492,3492,2025-04-11,ACH,PRPAY-2025-003492,2025-04-14,5
3493,3493,2025-04-11,Direct Deposit,PRPAY-2025-003493,2025-04-14,5
3494,3494,2025-04-11,ACH,PRPAY-2025-003494,2025-04-14,5
3495,3495,2025-04-11,Direct Deposit,PRPAY-2025-003495,2025-04-14,5
3496,3496,2025-04-11,Direct Deposit,PRPAY-2025-003496,2025-04-14,5
3497,3497,2025-04-11,ACH,PRPAY-2025-003497,2025-04-14,5
3498,3498,2025-04-11,ACH,PRPAY-2025-003498,2025-04-14,5
3499,3499,2025-04-11,ACH,PRPAY-2025-003499,2025-04-14,5
3500,3500,2025-04-11,ACH,PRPAY-2025-003500,2025-04-14,5
3501,3501,2025-04-25,ACH,PRPAY-2025-003501,2025-04-28,5
3502,3502,2025-04-25,ACH,PRPAY-2025-003502,2025-04-28,5
3503,3503,2025-04-25,ACH,PRPAY-2025-003503,2025-04-28,5
3504,3504,2025-04-25,ACH,PRPAY-2025-003504,2025-04-28,5
3505,3505,2025-04-25,Direct Deposit,PRPAY-2025-003505,2025-04-28,5
3506,3506,2025-04-25,ACH,PRPAY-2025-003506,2025-04-28,5
3507,3507,2025-04-25,Direct Deposit,PRPAY-2025-003507,2025-04-28,5
3508,3508,2025-04-25,ACH,PRPAY-2025-003508,2025-04-28,5
3509,3509,2025-04-25,ACH,PRPAY-2025-003509,2025-04-28,5
3510,3510,2025-04-25,ACH,PRPAY-2025-003510,2025-04-28,5
3511,3511,2025-04-25,Direct Deposit,PRPAY-2025-003511,2025-04-28,5
3512,3512,2025-04-25,ACH,PRPAY-2025-003512,2025-04-28,5
3513,3513,2025-04-25,Direct Deposit,PRPAY-2025-003513,2025-04-28,5
3514,3514,2025-04-25,ACH,PRPAY-2025-003514,2025-04-28,5
3515,3515,2025-04-25,ACH,PRPAY-2025-003515,2025-04-28,5
3516,3516,2025-04-25,ACH,PRPAY-2025-003516,2025-04-28,5
3517,3517,2025-04-25,ACH,PRPAY-2025-003517,2025-04-28,5
3518,3518,2025-04-25,ACH,PRPAY-2025-003518,2025-04-28,5
3519,3519,2025-04-25,Direct Deposit,PRPAY-2025-003519,2025-04-28,5
3520,3520,2025-04-25,ACH,PRPAY-2025-003520,2025-04-28,5
3521,3521,2025-04-25,Direct Deposit,PRPAY-2025-003521,2025-04-28,5
3522,3522,2025-04-25,Direct Deposit,PRPAY-2025-003522,2025-04-28,5
3523,3523,2025-04-25,ACH,PRPAY-2025-003523,2025-04-28,5
3524,3524,2025-04-25,Direct Deposit,PRPAY-2025-003524,2025-04-28,5
3525,3525,2025-04-25,ACH,PRPAY-2025-003525,2025-04-28,5
3526,3526,2025-04-25,Direct Deposit,PRPAY-2025-003526,2025-04-28,5
3527,3527,2025-04-25,ACH,PRPAY-2025-003527,2025-04-28,5
3528,3528,2025-04-25,Direct Deposit,PRPAY-2025-003528,2025-04-28,5
3529,3529,2025-04-25,Direct Deposit,PRPAY-2025-003529,2025-04-28,5
3530,3530,2025-04-25,ACH,PRPAY-2025-003530,2025-04-28,5
3531,3531,2025-04-25,Direct Deposit,PRPAY-2025-003531,2025-04-28,5
3532,3532,2025-04-25,Direct Deposit,PRPAY-2025-003532,2025-04-28,5
3533,3533,2025-04-25,Direct Deposit,PRPAY-2025-003533,2025-04-28,5
3534,3534,2025-04-25,Direct Deposit,PRPAY-2025-003534,2025-04-28,5
3535,3535,2025-04-25,Direct Deposit,PRPAY-2025-003535,2025-04-28,5
3536,3536,2025-04-25,Direct Deposit,PRPAY-2025-003536,2025-04-28,5
3537,3537,2025-04-25,Direct Deposit,PRPAY-2025-003537,2025-04-28,5
3538,3538,2025-04-25,Direct Deposit,PRPAY-2025-003538,2025-04-28,5
3539,3539,2025-04-25,Direct Deposit,PRPAY-2025-003539,2025-04-28,5
3540,3540,2025-04-25,ACH,PRPAY-2025-003540,2025-04-28,5
3541,3541,2025-04-25,Direct Deposit,PRPAY-2025-003541,2025-04-28,5
3542,3542,2025-04-25,ACH,PRPAY-2025-003542,2025-04-28,5
3543,3543,2025-04-25,ACH,PRPAY-2025-003543,2025-04-28,5
3544,3544,2025-04-25,ACH,PRPAY-2025-003544,2025-04-28,5
3545,3545,2025-04-25,Direct Deposit,PRPAY-2025-003545,2025-04-28,5
3546,3546,2025-04-25,Direct Deposit,PRPAY-2025-003546,2025-04-28,5
3547,3547,2025-04-25,Direct Deposit,PRPAY-2025-003547,2025-04-28,5
3548,3548,2025-04-25,ACH,PRPAY-2025-003548,2025-04-28,5
3549,3549,2025-04-25,Direct Deposit,PRPAY-2025-003549,2025-04-28,5
3550,3550,2025-04-25,Direct Deposit,PRPAY-2025-003550,2025-04-28,5
3551,3551,2025-04-25,Direct Deposit,PRPAY-2025-003551,2025-04-28,5
3552,3552,2025-04-25,ACH,PRPAY-2025-003552,2025-04-28,5
3553,3553,2025-04-25,Direct Deposit,PRPAY-2025-003553,2025-04-28,5
3554,3554,2025-04-25,ACH,PRPAY-2025-003554,2025-04-28,5
3555,3555,2025-04-25,ACH,PRPAY-2025-003555,2025-04-28,5
3556,3556,2025-04-25,Direct Deposit,PRPAY-2025-003556,2025-04-28,5
3557,3557,2025-04-25,Direct Deposit,PRPAY-2025-003557,2025-04-28,5
3558,3558,2025-04-25,Direct Deposit,PRPAY-2025-003558,2025-04-28,5
3559,3559,2025-04-25,ACH,PRPAY-2025-003559,2025-04-28,5
3560,3560,2025-04-25,ACH,PRPAY-2025-003560,2025-04-28,5
3561,3561,2025-04-25,Direct Deposit,PRPAY-2025-003561,2025-04-28,5
3562,3562,2025-04-25,ACH,PRPAY-2025-003562,2025-04-28,5
3563,3563,2025-04-25,ACH,PRPAY-2025-003563,2025-04-28,5
3564,3564,2025-04-25,ACH,PRPAY-2025-003564,2025-04-28,5
3565,3565,2025-04-25,ACH,PRPAY-2025-003565,2025-04-28,5
3566,3566,2025-04-25,ACH,PRPAY-2025-003566,2025-04-28,5
3567,3567,2025-04-25,Direct Deposit,PRPAY-2025-003567,2025-04-28,5
3568,3568,2025-04-25,Direct Deposit,PRPAY-2025-003568,2025-04-28,5
3569,3569,2025-04-25,ACH,PRPAY-2025-003569,2025-04-28,5
3570,3570,2025-04-25,Direct Deposit,PRPAY-2025-003570,2025-04-28,5
3571,3571,2025-04-25,ACH,PRPAY-2025-003571,2025-04-28,5
3572,3572,2025-04-25,Direct Deposit,PRPAY-2025-003572,2025-04-28,5
3573,3573,2025-04-25,ACH,PRPAY-2025-003573,2025-04-28,5
3574,3574,2025-04-25,ACH,PRPAY-2025-003574,2025-04-28,5
3575,3575,2025-04-25,Direct Deposit,PRPAY-2025-003575,2025-04-28,5
3576,3576,2025-04-25,Direct Deposit,PRPAY-2025-003576,2025-04-28,5
3577,3577,2025-04-25,Direct Deposit,PRPAY-2025-003577,2025-04-28,5
3578,3578,2025-04-25,ACH,PRPAY-2025-003578,2025-04-28,5
3579,3579,2025-04-25,ACH,PRPAY-2025-003579,2025-04-28,5
3580,3580,2025-04-25,Direct Deposit,PRPAY-2025-003580,2025-04-28,5
3581,3581,2025-04-25,Direct Deposit,PRPAY-2025-003581,2025-04-28,5
3582,3582,2025-04-25,Direct Deposit,PRPAY-2025-003582,2025-04-28,5
3583,3583,2025-04-25,Direct Deposit,PRPAY-2025-003583,2025-04-28,5
3584,3584,2025-04-25,Direct Deposit,PRPAY-2025-003584,2025-04-28,5
3585,3585,2025-04-25,ACH,PRPAY-2025-003585,2025-04-28,5
3586,3586,2025-04-25,Direct Deposit,PRPAY-2025-003586,2025-04-28,5
3587,3587,2025-04-25,Direct Deposit,PRPAY-2025-003587,2025-04-28,5
3588,3588,2025-04-25,ACH,PRPAY-2025-003588,2025-04-28,5
3589,3589,2025-04-25,Direct Deposit,PRPAY-2025-003589,2025-04-28,5
3590,3590,2025-04-25,Direct Deposit,PRPAY-2025-003590,2025-04-28,5
3591,3591,2025-04-25,Direct Deposit,PRPAY-2025-003591,2025-04-28,5
3592,3592,2025-04-25,Direct Deposit,PRPAY-2025-003592,2025-04-28,5
3593,3593,2025-04-25,Direct Deposit,PRPAY-2025-003593,2025-04-28,5
3594,3594,2025-04-25,ACH,PRPAY-2025-003594,2025-04-28,5
3595,3595,2025-04-25,Direct Deposit,PRPAY-2025-003595,2025-04-28,5
3596,3596,2025-04-25,ACH,PRPAY-2025-003596,2025-04-28,5
3597,3597,2025-04-25,Direct Deposit,PRPAY-2025-003597,2025-04-28,5
3598,3598,2025-04-25,ACH,PRPAY-2025-003598,2025-04-28,5
3599,3599,2025-04-25,Direct Deposit,PRPAY-2025-003599,2025-04-28,5
3600,3600,2025-04-25,ACH,PRPAY-2025-003600,2025-04-28,5
3601,3601,2025-04-25,ACH,PRPAY-2025-003601,2025-04-28,5
3602,3602,2025-04-25,ACH,PRPAY-2025-003602,2025-04-28,5
3603,3603,2025-04-25,ACH,PRPAY-2025-003603,2025-04-28,5
3604,3604,2025-04-25,ACH,PRPAY-2025-003604,2025-04-28,5
3605,3605,2025-04-25,ACH,PRPAY-2025-003605,2025-04-28,5
3606,3606,2025-04-25,Direct Deposit,PRPAY-2025-003606,2025-04-28,5
3607,3607,2025-04-25,Direct Deposit,PRPAY-2025-003607,2025-04-28,5
3608,3608,2025-05-09,ACH,PRPAY-2025-003608,2025-05-12,5
3609,3609,2025-05-09,Direct Deposit,PRPAY-2025-003609,2025-05-12,5
3610,3610,2025-05-09,ACH,PRPAY-2025-003610,2025-05-12,5
3611,3611,2025-05-09,ACH,PRPAY-2025-003611,2025-05-12,5
3612,3612,2025-05-09,Direct Deposit,PRPAY-2025-003612,2025-05-12,5
3613,3613,2025-05-09,ACH,PRPAY-2025-003613,2025-05-12,5
3614,3614,2025-05-09,Direct Deposit,PRPAY-2025-003614,2025-05-12,5
3615,3615,2025-05-09,ACH,PRPAY-2025-003615,2025-05-12,5
3616,3616,2025-05-09,Direct Deposit,PRPAY-2025-003616,2025-05-12,5
3617,3617,2025-05-09,ACH,PRPAY-2025-003617,2025-05-12,5
3618,3618,2025-05-09,Direct Deposit,PRPAY-2025-003618,2025-05-12,5
3619,3619,2025-05-09,Direct Deposit,PRPAY-2025-003619,2025-05-12,5
3620,3620,2025-05-09,Direct Deposit,PRPAY-2025-003620,2025-05-12,5
3621,3621,2025-05-09,ACH,PRPAY-2025-003621,2025-05-12,5
3622,3622,2025-05-09,Direct Deposit,PRPAY-2025-003622,2025-05-12,5
3623,3623,2025-05-09,ACH,PRPAY-2025-003623,2025-05-12,5
3624,3624,2025-05-09,ACH,PRPAY-2025-003624,2025-05-12,5
3625,3625,2025-05-09,ACH,PRPAY-2025-003625,2025-05-12,5
3626,3626,2025-05-09,ACH,PRPAY-2025-003626,2025-05-12,5
3627,3627,2025-05-09,ACH,PRPAY-2025-003627,2025-05-12,5
3628,3628,2025-05-09,ACH,PRPAY-2025-003628,2025-05-12,5
3629,3629,2025-05-09,Direct Deposit,PRPAY-2025-003629,2025-05-12,5
3630,3630,2025-05-09,ACH,PRPAY-2025-003630,2025-05-12,5
3631,3631,2025-05-09,Direct Deposit,PRPAY-2025-003631,2025-05-12,5
3632,3632,2025-05-09,Direct Deposit,PRPAY-2025-003632,2025-05-12,5
3633,3633,2025-05-09,Direct Deposit,PRPAY-2025-003633,2025-05-12,5
3634,3634,2025-05-09,Direct Deposit,PRPAY-2025-003634,2025-05-12,5
3635,3635,2025-05-09,ACH,PRPAY-2025-003635,2025-05-12,5
3636,3636,2025-05-09,ACH,PRPAY-2025-003636,2025-05-12,5
3637,3637,2025-05-09,ACH,PRPAY-2025-003637,2025-05-12,5
3638,3638,2025-05-09,Direct Deposit,PRPAY-2025-003638,2025-05-12,5
3639,3639,2025-05-09,ACH,PRPAY-2025-003639,2025-05-12,5
3640,3640,2025-05-09,Direct Deposit,PRPAY-2025-003640,2025-05-12,5
3641,3641,2025-05-09,ACH,PRPAY-2025-003641,2025-05-12,5
3642,3642,2025-05-09,ACH,PRPAY-2025-003642,2025-05-12,5
3643,3643,2025-05-09,ACH,PRPAY-2025-003643,2025-05-12,5
3644,3644,2025-05-09,Direct Deposit,PRPAY-2025-003644,2025-05-12,5
3645,3645,2025-05-09,ACH,PRPAY-2025-003645,2025-05-12,5
3646,3646,2025-05-09,Direct Deposit,PRPAY-2025-003646,2025-05-12,5
3647,3647,2025-05-09,ACH,PRPAY-2025-003647,2025-05-12,5
3648,3648,2025-05-09,ACH,PRPAY-2025-003648,2025-05-12,5
3649,3649,2025-05-09,Direct Deposit,PRPAY-2025-003649,2025-05-12,5
3650,3650,2025-05-09,ACH,PRPAY-2025-003650,2025-05-12,5
3651,3651,2025-05-09,ACH,PRPAY-2025-003651,2025-05-12,5
3652,3652,2025-05-09,ACH,PRPAY-2025-003652,2025-05-12,5
3653,3653,2025-05-09,ACH,PRPAY-2025-003653,2025-05-12,5
3654,3654,2025-05-09,ACH,PRPAY-2025-003654,2025-05-12,5
3655,3655,2025-05-09,ACH,PRPAY-2025-003655,2025-05-12,5
3656,3656,2025-05-09,ACH,PRPAY-2025-003656,2025-05-12,5
3657,3657,2025-05-09,Direct Deposit,PRPAY-2025-003657,2025-05-12,5
3658,3658,2025-05-09,Direct Deposit,PRPAY-2025-003658,2025-05-12,5
3659,3659,2025-05-09,Direct Deposit,PRPAY-2025-003659,2025-05-12,5
3660,3660,2025-05-09,Direct Deposit,PRPAY-2025-003660,2025-05-12,5
3661,3661,2025-05-09,Direct Deposit,PRPAY-2025-003661,2025-05-12,5
3662,3662,2025-05-09,Direct Deposit,PRPAY-2025-003662,2025-05-12,5
3663,3663,2025-05-09,ACH,PRPAY-2025-003663,2025-05-12,5
3664,3664,2025-05-09,ACH,PRPAY-2025-003664,2025-05-12,5
3665,3665,2025-05-09,ACH,PRPAY-2025-003665,2025-05-12,5
3666,3666,2025-05-09,Direct Deposit,PRPAY-2025-003666,2025-05-12,5
3667,3667,2025-05-09,ACH,PRPAY-2025-003667,2025-05-12,5
3668,3668,2025-05-09,Direct Deposit,PRPAY-2025-003668,2025-05-12,5
3669,3669,2025-05-09,ACH,PRPAY-2025-003669,2025-05-12,5
3670,3670,2025-05-09,ACH,PRPAY-2025-003670,2025-05-12,5
3671,3671,2025-05-09,ACH,PRPAY-2025-003671,2025-05-12,5
3672,3672,2025-05-09,ACH,PRPAY-2025-003672,2025-05-12,5
3673,3673,2025-05-09,ACH,PRPAY-2025-003673,2025-05-12,5
3674,3674,2025-05-09,Direct Deposit,PRPAY-2025-003674,2025-05-12,5
3675,3675,2025-05-09,Direct Deposit,PRPAY-2025-003675,2025-05-12,5
3676,3676,2025-05-09,ACH,PRPAY-2025-003676,2025-05-12,5
3677,3677,2025-05-09,Direct Deposit,PRPAY-2025-003677,2025-05-12,5
3678,3678,2025-05-09,Direct Deposit,PRPAY-2025-003678,2025-05-12,5
3679,3679,2025-05-09,Direct Deposit,PRPAY-2025-003679,2025-05-12,5
3680,3680,2025-05-09,ACH,PRPAY-2025-003680,2025-05-12,5
3681,3681,2025-05-09,Direct Deposit,PRPAY-2025-003681,2025-05-12,5
3682,3682,2025-05-09,Direct Deposit,PRPAY-2025-003682,2025-05-12,5
3683,3683,2025-05-09,Direct Deposit,PRPAY-2025-003683,2025-05-12,5
3684,3684,2025-05-09,ACH,PRPAY-2025-003684,2025-05-12,5
3685,3685,2025-05-09,Direct Deposit,PRPAY-2025-003685,2025-05-12,5
3686,3686,2025-05-09,Direct Deposit,PRPAY-2025-003686,2025-05-12,5
3687,3687,2025-05-09,ACH,PRPAY-2025-003687,2025-05-12,5
3688,3688,2025-05-09,Direct Deposit,PRPAY-2025-003688,2025-05-12,5
3689,3689,2025-05-09,Direct Deposit,PRPAY-2025-003689,2025-05-12,5
3690,3690,2025-05-09,Direct Deposit,PRPAY-2025-003690,2025-05-12,5
3691,3691,2025-05-09,ACH,PRPAY-2025-003691,2025-05-12,5
3692,3692,2025-05-09,Direct Deposit,PRPAY-2025-003692,2025-05-12,5
3693,3693,2025-05-09,ACH,PRPAY-2025-003693,2025-05-12,5
3694,3694,2025-05-09,ACH,PRPAY-2025-003694,2025-05-12,5
3695,3695,2025-05-09,Direct Deposit,PRPAY-2025-003695,2025-05-12,5
3696,3696,2025-05-09,Direct Deposit,PRPAY-2025-003696,2025-05-12,5
3697,3697,2025-05-09,ACH,PRPAY-2025-003697,2025-05-12,5
3698,3698,2025-05-09,Direct Deposit,PRPAY-2025-003698,2025-05-12,5
3699,3699,2025-05-09,ACH,PRPAY-2025-003699,2025-05-12,5
3700,3700,2025-05-09,Direct Deposit,PRPAY-2025-003700,2025-05-12,5
3701,3701,2025-05-09,ACH,PRPAY-2025-003701,2025-05-12,5
3702,3702,2025-05-09,Direct Deposit,PRPAY-2025-003702,2025-05-12,5
3703,3703,2025-05-09,Direct Deposit,PRPAY-2025-003703,2025-05-12,5
3704,3704,2025-05-09,Direct Deposit,PRPAY-2025-003704,2025-05-12,5
3705,3705,2025-05-09,ACH,PRPAY-2025-003705,2025-05-12,5
3706,3706,2025-05-09,ACH,PRPAY-2025-003706,2025-05-12,5
3707,3707,2025-05-09,Direct Deposit,PRPAY-2025-003707,2025-05-12,5
3708,3708,2025-05-09,ACH,PRPAY-2025-003708,2025-05-12,5
3709,3709,2025-05-09,ACH,PRPAY-2025-003709,2025-05-12,5
3710,3710,2025-05-09,Direct Deposit,PRPAY-2025-003710,2025-05-12,5
3711,3711,2025-05-09,ACH,PRPAY-2025-003711,2025-05-12,5
3712,3712,2025-05-09,Direct Deposit,PRPAY-2025-003712,2025-05-12,5
3713,3713,2025-05-09,ACH,PRPAY-2025-003713,2025-05-12,5
3714,3714,2025-05-23,Direct Deposit,PRPAY-2025-003714,2025-05-26,5
3715,3715,2025-05-23,Direct Deposit,PRPAY-2025-003715,2025-05-26,5
3716,3716,2025-05-23,Direct Deposit,PRPAY-2025-003716,2025-05-26,5
3717,3717,2025-05-23,ACH,PRPAY-2025-003717,2025-05-26,5
3718,3718,2025-05-23,Direct Deposit,PRPAY-2025-003718,2025-05-26,5
3719,3719,2025-05-23,Direct Deposit,PRPAY-2025-003719,2025-05-26,5
3720,3720,2025-05-23,Direct Deposit,PRPAY-2025-003720,2025-05-26,5
3721,3721,2025-05-23,ACH,PRPAY-2025-003721,2025-05-26,5
3722,3722,2025-05-23,Direct Deposit,PRPAY-2025-003722,2025-05-26,5
3723,3723,2025-05-23,Direct Deposit,PRPAY-2025-003723,2025-05-26,5
3724,3724,2025-05-23,ACH,PRPAY-2025-003724,2025-05-26,5
3725,3725,2025-05-23,Direct Deposit,PRPAY-2025-003725,2025-05-26,5
3726,3726,2025-05-23,ACH,PRPAY-2025-003726,2025-05-26,5
3727,3727,2025-05-23,Direct Deposit,PRPAY-2025-003727,2025-05-26,5
3728,3728,2025-05-23,Direct Deposit,PRPAY-2025-003728,2025-05-26,5
3729,3729,2025-05-23,Direct Deposit,PRPAY-2025-003729,2025-05-26,5
3730,3730,2025-05-23,ACH,PRPAY-2025-003730,2025-05-26,5
3731,3731,2025-05-23,Direct Deposit,PRPAY-2025-003731,2025-05-26,5
3732,3732,2025-05-23,ACH,PRPAY-2025-003732,2025-05-26,5
3733,3733,2025-05-23,Direct Deposit,PRPAY-2025-003733,2025-05-26,5
3734,3734,2025-05-23,Direct Deposit,PRPAY-2025-003734,2025-05-26,5
3735,3735,2025-05-23,ACH,PRPAY-2025-003735,2025-05-26,5
3736,3736,2025-05-23,Direct Deposit,PRPAY-2025-003736,2025-05-26,5
3737,3737,2025-05-23,Direct Deposit,PRPAY-2025-003737,2025-05-26,5
3738,3738,2025-05-23,ACH,PRPAY-2025-003738,2025-05-26,5
3739,3739,2025-05-23,ACH,PRPAY-2025-003739,2025-05-26,5
3740,3740,2025-05-23,Direct Deposit,PRPAY-2025-003740,2025-05-26,5
3741,3741,2025-05-23,Direct Deposit,PRPAY-2025-003741,2025-05-26,5
3742,3742,2025-05-23,ACH,PRPAY-2025-003742,2025-05-26,5
3743,3743,2025-05-23,Direct Deposit,PRPAY-2025-003743,2025-05-26,5
3744,3744,2025-05-23,Direct Deposit,PRPAY-2025-003744,2025-05-26,5
3745,3745,2025-05-23,Direct Deposit,PRPAY-2025-003745,2025-05-26,5
3746,3746,2025-05-23,Direct Deposit,PRPAY-2025-003746,2025-05-26,5
3747,3747,2025-05-23,Direct Deposit,PRPAY-2025-003747,2025-05-26,5
3748,3748,2025-05-23,ACH,PRPAY-2025-003748,2025-05-26,5
3749,3749,2025-05-23,ACH,PRPAY-2025-003749,2025-05-26,5
3750,3750,2025-05-23,Direct Deposit,PRPAY-2025-003750,2025-05-26,5
3751,3751,2025-05-23,Direct Deposit,PRPAY-2025-003751,2025-05-26,5
3752,3752,2025-05-23,Direct Deposit,PRPAY-2025-003752,2025-05-26,5
3753,3753,2025-05-23,ACH,PRPAY-2025-003753,2025-05-26,5
3754,3754,2025-05-23,ACH,PRPAY-2025-003754,2025-05-26,5
3755,3755,2025-05-23,ACH,PRPAY-2025-003755,2025-05-26,5
3756,3756,2025-05-23,ACH,PRPAY-2025-003756,2025-05-26,5
3757,3757,2025-05-23,Direct Deposit,PRPAY-2025-003757,2025-05-26,5
3758,3758,2025-05-23,Direct Deposit,PRPAY-2025-003758,2025-05-26,5
3759,3759,2025-05-23,Direct Deposit,PRPAY-2025-003759,2025-05-26,5
3760,3760,2025-05-23,Direct Deposit,PRPAY-2025-003760,2025-05-26,5
3761,3761,2025-05-23,Direct Deposit,PRPAY-2025-003761,2025-05-26,5
3762,3762,2025-05-23,ACH,PRPAY-2025-003762,2025-05-26,5
3763,3763,2025-05-23,ACH,PRPAY-2025-003763,2025-05-26,5
3764,3764,2025-05-23,ACH,PRPAY-2025-003764,2025-05-26,5
3765,3765,2025-05-23,ACH,PRPAY-2025-003765,2025-05-26,5
3766,3766,2025-05-23,ACH,PRPAY-2025-003766,2025-05-26,5
3767,3767,2025-05-23,Direct Deposit,PRPAY-2025-003767,2025-05-26,5
3768,3768,2025-05-23,Direct Deposit,PRPAY-2025-003768,2025-05-26,5
3769,3769,2025-05-23,ACH,PRPAY-2025-003769,2025-05-26,5
3770,3770,2025-05-23,Direct Deposit,PRPAY-2025-003770,2025-05-26,5
3771,3771,2025-05-23,Direct Deposit,PRPAY-2025-003771,2025-05-26,5
3772,3772,2025-05-23,Direct Deposit,PRPAY-2025-003772,2025-05-26,5
3773,3773,2025-05-23,Direct Deposit,PRPAY-2025-003773,2025-05-26,5
3774,3774,2025-05-23,ACH,PRPAY-2025-003774,2025-05-26,5
3775,3775,2025-05-23,ACH,PRPAY-2025-003775,2025-05-26,5
3776,3776,2025-05-23,ACH,PRPAY-2025-003776,2025-05-26,5
3777,3777,2025-05-23,Direct Deposit,PRPAY-2025-003777,2025-05-26,5
3778,3778,2025-05-23,Direct Deposit,PRPAY-2025-003778,2025-05-26,5
3779,3779,2025-05-23,ACH,PRPAY-2025-003779,2025-05-26,5
3780,3780,2025-05-23,Direct Deposit,PRPAY-2025-003780,2025-05-26,5
3781,3781,2025-05-23,ACH,PRPAY-2025-003781,2025-05-26,5
3782,3782,2025-05-23,Direct Deposit,PRPAY-2025-003782,2025-05-26,5
3783,3783,2025-05-23,ACH,PRPAY-2025-003783,2025-05-26,5
3784,3784,2025-05-23,ACH,PRPAY-2025-003784,2025-05-26,5
3785,3785,2025-05-23,Direct Deposit,PRPAY-2025-003785,2025-05-26,5
3786,3786,2025-05-23,ACH,PRPAY-2025-003786,2025-05-26,5
3787,3787,2025-05-23,ACH,PRPAY-2025-003787,2025-05-26,5
3788,3788,2025-05-23,Direct Deposit,PRPAY-2025-003788,2025-05-26,5
3789,3789,2025-05-23,ACH,PRPAY-2025-003789,2025-05-26,5
3790,3790,2025-05-23,ACH,PRPAY-2025-003790,2025-05-26,5
3791,3791,2025-05-23,Direct Deposit,PRPAY-2025-003791,2025-05-26,5
3792,3792,2025-05-23,ACH,PRPAY-2025-003792,2025-05-26,5
3793,3793,2025-05-23,Direct Deposit,PRPAY-2025-003793,2025-05-26,5
3794,3794,2025-05-23,Direct Deposit,PRPAY-2025-003794,2025-05-26,5
3795,3795,2025-05-23,ACH,PRPAY-2025-003795,2025-05-26,5
3796,3796,2025-05-23,Direct Deposit,PRPAY-2025-003796,2025-05-26,5
3797,3797,2025-05-23,Direct Deposit,PRPAY-2025-003797,2025-05-26,5
3798,3798,2025-05-23,ACH,PRPAY-2025-003798,2025-05-26,5
3799,3799,2025-05-23,Direct Deposit,PRPAY-2025-003799,2025-05-26,5
3800,3800,2025-05-23,ACH,PRPAY-2025-003800,2025-05-26,5
3801,3801,2025-05-23,ACH,PRPAY-2025-003801,2025-05-26,5
3802,3802,2025-05-23,Direct Deposit,PRPAY-2025-003802,2025-05-26,5
3803,3803,2025-05-23,Direct Deposit,PRPAY-2025-003803,2025-05-26,5
3804,3804,2025-05-23,Direct Deposit,PRPAY-2025-003804,2025-05-26,5
3805,3805,2025-05-23,ACH,PRPAY-2025-003805,2025-05-26,5
3806,3806,2025-05-23,Direct Deposit,PRPAY-2025-003806,2025-05-26,5
3807,3807,2025-05-23,ACH,PRPAY-2025-003807,2025-05-26,5
3808,3808,2025-05-23,Direct Deposit,PRPAY-2025-003808,2025-05-26,5
3809,3809,2025-05-23,Direct Deposit,PRPAY-2025-003809,2025-05-26,5
3810,3810,2025-05-23,ACH,PRPAY-2025-003810,2025-05-26,5
3811,3811,2025-05-23,ACH,PRPAY-2025-003811,2025-05-26,5
3812,3812,2025-05-23,Direct Deposit,PRPAY-2025-003812,2025-05-26,5
3813,3813,2025-05-23,Direct Deposit,PRPAY-2025-003813,2025-05-26,5
3814,3814,2025-05-23,ACH,PRPAY-2025-003814,2025-05-26,5
3815,3815,2025-05-23,ACH,PRPAY-2025-003815,2025-05-26,5
3816,3816,2025-05-23,ACH,PRPAY-2025-003816,2025-05-26,5
3817,3817,2025-05-23,Direct Deposit,PRPAY-2025-003817,2025-05-26,5
3818,3818,2025-05-23,ACH,PRPAY-2025-003818,2025-05-26,5
3819,3819,2025-05-23,ACH,PRPAY-2025-003819,2025-05-26,5
3820,3820,2025-05-23,Direct Deposit,PRPAY-2025-003820,2025-05-26,5
3821,3821,2025-06-06,ACH,PRPAY-2025-003821,2025-06-09,5
3822,3822,2025-06-06,ACH,PRPAY-2025-003822,2025-06-09,5
3823,3823,2025-06-06,ACH,PRPAY-2025-003823,2025-06-09,5
3824,3824,2025-06-06,Direct Deposit,PRPAY-2025-003824,2025-06-09,5
3825,3825,2025-06-06,ACH,PRPAY-2025-003825,2025-06-09,5
3826,3826,2025-06-06,Direct Deposit,PRPAY-2025-003826,2025-06-09,5
3827,3827,2025-06-06,Direct Deposit,PRPAY-2025-003827,2025-06-09,5
3828,3828,2025-06-06,Direct Deposit,PRPAY-2025-003828,2025-06-09,5
3829,3829,2025-06-06,ACH,PRPAY-2025-003829,2025-06-09,5
3830,3830,2025-06-06,ACH,PRPAY-2025-003830,2025-06-09,5
3831,3831,2025-06-06,Direct Deposit,PRPAY-2025-003831,2025-06-09,5
3832,3832,2025-06-06,Direct Deposit,PRPAY-2025-003832,2025-06-09,5
3833,3833,2025-06-06,ACH,PRPAY-2025-003833,2025-06-09,5
3834,3834,2025-06-06,ACH,PRPAY-2025-003834,2025-06-09,5
3835,3835,2025-06-06,Direct Deposit,PRPAY-2025-003835,2025-06-09,5
3836,3836,2025-06-06,ACH,PRPAY-2025-003836,2025-06-09,5
3837,3837,2025-06-06,ACH,PRPAY-2025-003837,2025-06-09,5
3838,3838,2025-06-06,Direct Deposit,PRPAY-2025-003838,2025-06-09,5
3839,3839,2025-06-06,Direct Deposit,PRPAY-2025-003839,2025-06-09,5
3840,3840,2025-06-06,Direct Deposit,PRPAY-2025-003840,2025-06-09,5
3841,3841,2025-06-06,Direct Deposit,PRPAY-2025-003841,2025-06-09,5
3842,3842,2025-06-06,ACH,PRPAY-2025-003842,2025-06-09,5
3843,3843,2025-06-06,ACH,PRPAY-2025-003843,2025-06-09,5
3844,3844,2025-06-06,Direct Deposit,PRPAY-2025-003844,2025-06-09,5
3845,3845,2025-06-06,ACH,PRPAY-2025-003845,2025-06-09,5
3846,3846,2025-06-06,Direct Deposit,PRPAY-2025-003846,2025-06-09,5
3847,3847,2025-06-06,Direct Deposit,PRPAY-2025-003847,2025-06-09,5
3848,3848,2025-06-06,Direct Deposit,PRPAY-2025-003848,2025-06-09,5
3849,3849,2025-06-06,ACH,PRPAY-2025-003849,2025-06-09,5
3850,3850,2025-06-06,Direct Deposit,PRPAY-2025-003850,2025-06-09,5
3851,3851,2025-06-06,Direct Deposit,PRPAY-2025-003851,2025-06-09,5
3852,3852,2025-06-06,ACH,PRPAY-2025-003852,2025-06-09,5
3853,3853,2025-06-06,Direct Deposit,PRPAY-2025-003853,2025-06-09,5
3854,3854,2025-06-06,ACH,PRPAY-2025-003854,2025-06-09,5
3855,3855,2025-06-06,ACH,PRPAY-2025-003855,2025-06-09,5
3856,3856,2025-06-06,Direct Deposit,PRPAY-2025-003856,2025-06-09,5
3857,3857,2025-06-06,Direct Deposit,PRPAY-2025-003857,2025-06-09,5
3858,3858,2025-06-06,ACH,PRPAY-2025-003858,2025-06-09,5
3859,3859,2025-06-06,Direct Deposit,PRPAY-2025-003859,2025-06-09,5
3860,3860,2025-06-06,ACH,PRPAY-2025-003860,2025-06-09,5
3861,3861,2025-06-06,Direct Deposit,PRPAY-2025-003861,2025-06-09,5
3862,3862,2025-06-06,ACH,PRPAY-2025-003862,2025-06-09,5
3863,3863,2025-06-06,ACH,PRPAY-2025-003863,2025-06-09,5
3864,3864,2025-06-06,Direct Deposit,PRPAY-2025-003864,2025-06-09,5
3865,3865,2025-06-06,Direct Deposit,PRPAY-2025-003865,2025-06-09,5
3866,3866,2025-06-06,ACH,PRPAY-2025-003866,2025-06-09,5
3867,3867,2025-06-06,Direct Deposit,PRPAY-2025-003867,2025-06-09,5
3868,3868,2025-06-06,Direct Deposit,PRPAY-2025-003868,2025-06-09,5
3869,3869,2025-06-06,ACH,PRPAY-2025-003869,2025-06-09,5
3870,3870,2025-06-06,ACH,PRPAY-2025-003870,2025-06-09,5
3871,3871,2025-06-06,ACH,PRPAY-2025-003871,2025-06-09,5
3872,3872,2025-06-06,ACH,PRPAY-2025-003872,2025-06-09,5
3873,3873,2025-06-06,ACH,PRPAY-2025-003873,2025-06-09,5
3874,3874,2025-06-06,ACH,PRPAY-2025-003874,2025-06-09,5
3875,3875,2025-06-06,ACH,PRPAY-2025-003875,2025-06-09,5
3876,3876,2025-06-06,ACH,PRPAY-2025-003876,2025-06-09,5
3877,3877,2025-06-06,ACH,PRPAY-2025-003877,2025-06-09,5
3878,3878,2025-06-06,Direct Deposit,PRPAY-2025-003878,2025-06-09,5
3879,3879,2025-06-06,ACH,PRPAY-2025-003879,2025-06-09,5
3880,3880,2025-06-06,Direct Deposit,PRPAY-2025-003880,2025-06-09,5
3881,3881,2025-06-06,Direct Deposit,PRPAY-2025-003881,2025-06-09,5
3882,3882,2025-06-06,Direct Deposit,PRPAY-2025-003882,2025-06-09,5
3883,3883,2025-06-06,ACH,PRPAY-2025-003883,2025-06-09,5
3884,3884,2025-06-06,Direct Deposit,PRPAY-2025-003884,2025-06-09,5
3885,3885,2025-06-06,Direct Deposit,PRPAY-2025-003885,2025-06-09,5
3886,3886,2025-06-06,ACH,PRPAY-2025-003886,2025-06-09,5
3887,3887,2025-06-06,Direct Deposit,PRPAY-2025-003887,2025-06-09,5
3888,3888,2025-06-06,ACH,PRPAY-2025-003888,2025-06-09,5
3889,3889,2025-06-06,Direct Deposit,PRPAY-2025-003889,2025-06-09,5
3890,3890,2025-06-06,Direct Deposit,PRPAY-2025-003890,2025-06-09,5
3891,3891,2025-06-06,Direct Deposit,PRPAY-2025-003891,2025-06-09,5
3892,3892,2025-06-06,ACH,PRPAY-2025-003892,2025-06-09,5
3893,3893,2025-06-06,Direct Deposit,PRPAY-2025-003893,2025-06-09,5
3894,3894,2025-06-06,Direct Deposit,PRPAY-2025-003894,2025-06-09,5
3895,3895,2025-06-06,ACH,PRPAY-2025-003895,2025-06-09,5
3896,3896,2025-06-06,ACH,PRPAY-2025-003896,2025-06-09,5
3897,3897,2025-06-06,ACH,PRPAY-2025-003897,2025-06-09,5
3898,3898,2025-06-06,Direct Deposit,PRPAY-2025-003898,2025-06-09,5
3899,3899,2025-06-06,Direct Deposit,PRPAY-2025-003899,2025-06-09,5
3900,3900,2025-06-06,ACH,PRPAY-2025-003900,2025-06-09,5
3901,3901,2025-06-06,ACH,PRPAY-2025-003901,2025-06-09,5
3902,3902,2025-06-06,ACH,PRPAY-2025-003902,2025-06-09,5
3903,3903,2025-06-06,ACH,PRPAY-2025-003903,2025-06-09,5
3904,3904,2025-06-06,ACH,PRPAY-2025-003904,2025-06-09,5
3905,3905,2025-06-06,ACH,PRPAY-2025-003905,2025-06-09,5
3906,3906,2025-06-06,Direct Deposit,PRPAY-2025-003906,2025-06-09,5
3907,3907,2025-06-06,Direct Deposit,PRPAY-2025-003907,2025-06-09,5
3908,3908,2025-06-06,Direct Deposit,PRPAY-2025-003908,2025-06-09,5
3909,3909,2025-06-06,Direct Deposit,PRPAY-2025-003909,2025-06-09,5
3910,3910,2025-06-06,Direct Deposit,PRPAY-2025-003910,2025-06-09,5
3911,3911,2025-06-06,Direct Deposit,PRPAY-2025-003911,2025-06-09,5
3912,3912,2025-06-06,ACH,PRPAY-2025-003912,2025-06-09,5
3913,3913,2025-06-06,ACH,PRPAY-2025-003913,2025-06-09,5
3914,3914,2025-06-06,Direct Deposit,PRPAY-2025-003914,2025-06-09,5
3915,3915,2025-06-06,Direct Deposit,PRPAY-2025-003915,2025-06-09,5
3916,3916,2025-06-06,ACH,PRPAY-2025-003916,2025-06-09,5
3917,3917,2025-06-06,Direct Deposit,PRPAY-2025-003917,2025-06-09,5
3918,3918,2025-06-06,ACH,PRPAY-2025-003918,2025-06-09,5
3919,3919,2025-06-06,Direct Deposit,PRPAY-2025-003919,2025-06-09,5
3920,3920,2025-06-06,ACH,PRPAY-2025-003920,2025-06-09,5
3921,3921,2025-06-06,Direct Deposit,PRPAY-2025-003921,2025-06-09,5
3922,3922,2025-06-06,Direct Deposit,PRPAY-2025-003922,2025-06-09,5
3923,3923,2025-06-06,ACH,PRPAY-2025-003923,2025-06-09,5
3924,3924,2025-06-06,Direct Deposit,PRPAY-2025-003924,2025-06-09,5
3925,3925,2025-06-06,Direct Deposit,PRPAY-2025-003925,2025-06-09,5
3926,3926,2025-06-06,ACH,PRPAY-2025-003926,2025-06-09,5
3927,3927,2025-06-06,ACH,PRPAY-2025-003927,2025-06-09,5
3928,3928,2025-06-20,Direct Deposit,PRPAY-2025-003928,2025-06-23,5
3929,3929,2025-06-20,Direct Deposit,PRPAY-2025-003929,2025-06-23,5
3930,3930,2025-06-20,Direct Deposit,PRPAY-2025-003930,2025-06-23,5
3931,3931,2025-06-20,ACH,PRPAY-2025-003931,2025-06-23,5
3932,3932,2025-06-20,Direct Deposit,PRPAY-2025-003932,2025-06-23,5
3933,3933,2025-06-20,ACH,PRPAY-2025-003933,2025-06-23,5
3934,3934,2025-06-20,Direct Deposit,PRPAY-2025-003934,2025-06-23,5
3935,3935,2025-06-20,Direct Deposit,PRPAY-2025-003935,2025-06-23,5
3936,3936,2025-06-20,Direct Deposit,PRPAY-2025-003936,2025-06-23,5
3937,3937,2025-06-20,ACH,PRPAY-2025-003937,2025-06-23,5
3938,3938,2025-06-20,Direct Deposit,PRPAY-2025-003938,2025-06-23,5
3939,3939,2025-06-20,Direct Deposit,PRPAY-2025-003939,2025-06-23,5
3940,3940,2025-06-20,Direct Deposit,PRPAY-2025-003940,2025-06-23,5
3941,3941,2025-06-20,ACH,PRPAY-2025-003941,2025-06-23,5
3942,3942,2025-06-20,ACH,PRPAY-2025-003942,2025-06-23,5
3943,3943,2025-06-20,Direct Deposit,PRPAY-2025-003943,2025-06-23,5
3944,3944,2025-06-20,ACH,PRPAY-2025-003944,2025-06-23,5
3945,3945,2025-06-20,ACH,PRPAY-2025-003945,2025-06-23,5
3946,3946,2025-06-20,ACH,PRPAY-2025-003946,2025-06-23,5
3947,3947,2025-06-20,ACH,PRPAY-2025-003947,2025-06-23,5
3948,3948,2025-06-20,Direct Deposit,PRPAY-2025-003948,2025-06-23,5
3949,3949,2025-06-20,ACH,PRPAY-2025-003949,2025-06-23,5
3950,3950,2025-06-20,ACH,PRPAY-2025-003950,2025-06-23,5
3951,3951,2025-06-20,Direct Deposit,PRPAY-2025-003951,2025-06-23,5
3952,3952,2025-06-20,Direct Deposit,PRPAY-2025-003952,2025-06-23,5
3953,3953,2025-06-20,Direct Deposit,PRPAY-2025-003953,2025-06-23,5
3954,3954,2025-06-20,Direct Deposit,PRPAY-2025-003954,2025-06-23,5
3955,3955,2025-06-20,ACH,PRPAY-2025-003955,2025-06-23,5
3956,3956,2025-06-20,Direct Deposit,PRPAY-2025-003956,2025-06-23,5
3957,3957,2025-06-20,Direct Deposit,PRPAY-2025-003957,2025-06-23,5
3958,3958,2025-06-20,ACH,PRPAY-2025-003958,2025-06-23,5
3959,3959,2025-06-20,Direct Deposit,PRPAY-2025-003959,2025-06-23,5
3960,3960,2025-06-20,ACH,PRPAY-2025-003960,2025-06-23,5
3961,3961,2025-06-20,ACH,PRPAY-2025-003961,2025-06-23,5
3962,3962,2025-06-20,Direct Deposit,PRPAY-2025-003962,2025-06-23,5
3963,3963,2025-06-20,ACH,PRPAY-2025-003963,2025-06-23,5
3964,3964,2025-06-20,ACH,PRPAY-2025-003964,2025-06-23,5
3965,3965,2025-06-20,ACH,PRPAY-2025-003965,2025-06-23,5
3966,3966,2025-06-20,Direct Deposit,PRPAY-2025-003966,2025-06-23,5
3967,3967,2025-06-20,ACH,PRPAY-2025-003967,2025-06-23,5
3968,3968,2025-06-20,Direct Deposit,PRPAY-2025-003968,2025-06-23,5
3969,3969,2025-06-20,Direct Deposit,PRPAY-2025-003969,2025-06-23,5
3970,3970,2025-06-20,Direct Deposit,PRPAY-2025-003970,2025-06-23,5
3971,3971,2025-06-20,ACH,PRPAY-2025-003971,2025-06-23,5
3972,3972,2025-06-20,Direct Deposit,PRPAY-2025-003972,2025-06-23,5
3973,3973,2025-06-20,Direct Deposit,PRPAY-2025-003973,2025-06-23,5
3974,3974,2025-06-20,Direct Deposit,PRPAY-2025-003974,2025-06-23,5
3975,3975,2025-06-20,ACH,PRPAY-2025-003975,2025-06-23,5
3976,3976,2025-06-20,Direct Deposit,PRPAY-2025-003976,2025-06-23,5
3977,3977,2025-06-20,ACH,PRPAY-2025-003977,2025-06-23,5
3978,3978,2025-06-20,ACH,PRPAY-2025-003978,2025-06-23,5
3979,3979,2025-06-20,ACH,PRPAY-2025-003979,2025-06-23,5
3980,3980,2025-06-20,ACH,PRPAY-2025-003980,2025-06-23,5
3981,3981,2025-06-20,ACH,PRPAY-2025-003981,2025-06-23,5
3982,3982,2025-06-20,ACH,PRPAY-2025-003982,2025-06-23,5
3983,3983,2025-06-20,ACH,PRPAY-2025-003983,2025-06-23,5
3984,3984,2025-06-20,Direct Deposit,PRPAY-2025-003984,2025-06-23,5
3985,3985,2025-06-20,ACH,PRPAY-2025-003985,2025-06-23,5
3986,3986,2025-06-20,ACH,PRPAY-2025-003986,2025-06-23,5
3987,3987,2025-06-20,Direct Deposit,PRPAY-2025-003987,2025-06-23,5
3988,3988,2025-06-20,ACH,PRPAY-2025-003988,2025-06-23,5
3989,3989,2025-06-20,Direct Deposit,PRPAY-2025-003989,2025-06-23,5
3990,3990,2025-06-20,Direct Deposit,PRPAY-2025-003990,2025-06-23,5
3991,3991,2025-06-20,Direct Deposit,PRPAY-2025-003991,2025-06-23,5
3992,3992,2025-06-20,Direct Deposit,PRPAY-2025-003992,2025-06-23,5
3993,3993,2025-06-20,ACH,PRPAY-2025-003993,2025-06-23,5
3994,3994,2025-06-20,Direct Deposit,PRPAY-2025-003994,2025-06-23,5
3995,3995,2025-06-20,ACH,PRPAY-2025-003995,2025-06-23,5
3996,3996,2025-06-20,ACH,PRPAY-2025-003996,2025-06-23,5
3997,3997,2025-06-20,Direct Deposit,PRPAY-2025-003997,2025-06-23,5
3998,3998,2025-06-20,Direct Deposit,PRPAY-2025-003998,2025-06-23,5
3999,3999,2025-06-20,Direct Deposit,PRPAY-2025-003999,2025-06-23,5
4000,4000,2025-06-20,Direct Deposit,PRPAY-2025-004000,2025-06-23,5
4001,4001,2025-06-20,ACH,PRPAY-2025-004001,2025-06-23,5
4002,4002,2025-06-20,Direct Deposit,PRPAY-2025-004002,2025-06-23,5
4003,4003,2025-06-20,Direct Deposit,PRPAY-2025-004003,2025-06-23,5
4004,4004,2025-06-20,Direct Deposit,PRPAY-2025-004004,2025-06-23,5
4005,4005,2025-06-20,ACH,PRPAY-2025-004005,2025-06-23,5
4006,4006,2025-06-20,Direct Deposit,PRPAY-2025-004006,2025-06-23,5
4007,4007,2025-06-20,Direct Deposit,PRPAY-2025-004007,2025-06-23,5
4008,4008,2025-06-20,Direct Deposit,PRPAY-2025-004008,2025-06-23,5
4009,4009,2025-06-20,Direct Deposit,PRPAY-2025-004009,2025-06-23,5
4010,4010,2025-06-20,ACH,PRPAY-2025-004010,2025-06-23,5
4011,4011,2025-06-20,ACH,PRPAY-2025-004011,2025-06-23,5
4012,4012,2025-06-20,Direct Deposit,PRPAY-2025-004012,2025-06-23,5
4013,4013,2025-06-20,Direct Deposit,PRPAY-2025-004013,2025-06-23,5
4014,4014,2025-06-20,Direct Deposit,PRPAY-2025-004014,2025-06-23,5
4015,4015,2025-06-20,Direct Deposit,PRPAY-2025-004015,2025-06-23,5
4016,4016,2025-06-20,ACH,PRPAY-2025-004016,2025-06-23,5
4017,4017,2025-06-20,ACH,PRPAY-2025-004017,2025-06-23,5
4018,4018,2025-06-20,Direct Deposit,PRPAY-2025-004018,2025-06-23,5
4019,4019,2025-06-20,Direct Deposit,PRPAY-2025-004019,2025-06-23,5
4020,4020,2025-06-20,Direct Deposit,PRPAY-2025-004020,2025-06-23,5
4021,4021,2025-06-20,ACH,PRPAY-2025-004021,2025-06-23,5
4022,4022,2025-06-20,Direct Deposit,PRPAY-2025-004022,2025-06-23,5
4023,4023,2025-06-20,Direct Deposit,PRPAY-2025-004023,2025-06-23,5
4024,4024,2025-06-20,Direct Deposit,PRPAY-2025-004024,2025-06-23,5
4025,4025,2025-06-20,Direct Deposit,PRPAY-2025-004025,2025-06-23,5
4026,4026,2025-06-20,ACH,PRPAY-2025-004026,2025-06-23,5
4027,4027,2025-06-20,Direct Deposit,PRPAY-2025-004027,2025-06-23,5
4028,4028,2025-06-20,Direct Deposit,PRPAY-2025-004028,2025-06-23,5
4029,4029,2025-06-20,Direct Deposit,PRPAY-2025-004029,2025-06-23,5
4030,4030,2025-06-20,Direct Deposit,PRPAY-2025-004030,2025-06-23,5
4031,4031,2025-06-20,Direct Deposit,PRPAY-2025-004031,2025-06-23,5
4032,4032,2025-06-20,Direct Deposit,PRPAY-2025-004032,2025-06-23,5
4033,4033,2025-06-20,Direct Deposit,PRPAY-2025-004033,2025-06-23,5
4034,4034,2025-06-20,ACH,PRPAY-2025-004034,2025-06-23,5
4035,4035,2025-07-04,ACH,PRPAY-2025-004035,2025-07-07,5
4036,4036,2025-07-04,ACH,PRPAY-2025-004036,2025-07-07,5
4037,4037,2025-07-04,ACH,PRPAY-2025-004037,2025-07-07,5
4038,4038,2025-07-04,ACH,PRPAY-2025-004038,2025-07-07,5
4039,4039,2025-07-04,Direct Deposit,PRPAY-2025-004039,2025-07-07,5
4040,4040,2025-07-04,ACH,PRPAY-2025-004040,2025-07-07,5
4041,4041,2025-07-04,Direct Deposit,PRPAY-2025-004041,2025-07-07,5
4042,4042,2025-07-04,ACH,PRPAY-2025-004042,2025-07-07,5
4043,4043,2025-07-04,ACH,PRPAY-2025-004043,2025-07-07,5
4044,4044,2025-07-04,ACH,PRPAY-2025-004044,2025-07-07,5
4045,4045,2025-07-04,Direct Deposit,PRPAY-2025-004045,2025-07-07,5
4046,4046,2025-07-04,ACH,PRPAY-2025-004046,2025-07-07,5
4047,4047,2025-07-04,Direct Deposit,PRPAY-2025-004047,2025-07-07,5
4048,4048,2025-07-04,ACH,PRPAY-2025-004048,2025-07-07,5
4049,4049,2025-07-04,ACH,PRPAY-2025-004049,2025-07-07,5
4050,4050,2025-07-04,ACH,PRPAY-2025-004050,2025-07-07,5
4051,4051,2025-07-04,ACH,PRPAY-2025-004051,2025-07-07,5
4052,4052,2025-07-04,ACH,PRPAY-2025-004052,2025-07-07,5
4053,4053,2025-07-04,Direct Deposit,PRPAY-2025-004053,2025-07-07,5
4054,4054,2025-07-04,ACH,PRPAY-2025-004054,2025-07-07,5
4055,4055,2025-07-04,Direct Deposit,PRPAY-2025-004055,2025-07-07,5
4056,4056,2025-07-04,Direct Deposit,PRPAY-2025-004056,2025-07-07,5
4057,4057,2025-07-04,ACH,PRPAY-2025-004057,2025-07-07,5
4058,4058,2025-07-04,Direct Deposit,PRPAY-2025-004058,2025-07-07,5
4059,4059,2025-07-04,ACH,PRPAY-2025-004059,2025-07-07,5
4060,4060,2025-07-04,Direct Deposit,PRPAY-2025-004060,2025-07-07,5
4061,4061,2025-07-04,ACH,PRPAY-2025-004061,2025-07-07,5
4062,4062,2025-07-04,Direct Deposit,PRPAY-2025-004062,2025-07-07,5
4063,4063,2025-07-04,Direct Deposit,PRPAY-2025-004063,2025-07-07,5
4064,4064,2025-07-04,ACH,PRPAY-2025-004064,2025-07-07,5
4065,4065,2025-07-04,Direct Deposit,PRPAY-2025-004065,2025-07-07,5
4066,4066,2025-07-04,Direct Deposit,PRPAY-2025-004066,2025-07-07,5
4067,4067,2025-07-04,Direct Deposit,PRPAY-2025-004067,2025-07-07,5
4068,4068,2025-07-04,Direct Deposit,PRPAY-2025-004068,2025-07-07,5
4069,4069,2025-07-04,Direct Deposit,PRPAY-2025-004069,2025-07-07,5
4070,4070,2025-07-04,Direct Deposit,PRPAY-2025-004070,2025-07-07,5
4071,4071,2025-07-04,Direct Deposit,PRPAY-2025-004071,2025-07-07,5
4072,4072,2025-07-04,Direct Deposit,PRPAY-2025-004072,2025-07-07,5
4073,4073,2025-07-04,Direct Deposit,PRPAY-2025-004073,2025-07-07,5
4074,4074,2025-07-04,ACH,PRPAY-2025-004074,2025-07-07,5
4075,4075,2025-07-04,Direct Deposit,PRPAY-2025-004075,2025-07-07,5
4076,4076,2025-07-04,ACH,PRPAY-2025-004076,2025-07-07,5
4077,4077,2025-07-04,ACH,PRPAY-2025-004077,2025-07-07,5
4078,4078,2025-07-04,ACH,PRPAY-2025-004078,2025-07-07,5
4079,4079,2025-07-04,Direct Deposit,PRPAY-2025-004079,2025-07-07,5
4080,4080,2025-07-04,Direct Deposit,PRPAY-2025-004080,2025-07-07,5
4081,4081,2025-07-04,Direct Deposit,PRPAY-2025-004081,2025-07-07,5
4082,4082,2025-07-04,ACH,PRPAY-2025-004082,2025-07-07,5
4083,4083,2025-07-04,Direct Deposit,PRPAY-2025-004083,2025-07-07,5
4084,4084,2025-07-04,Direct Deposit,PRPAY-2025-004084,2025-07-07,5
4085,4085,2025-07-04,Direct Deposit,PRPAY-2025-004085,2025-07-07,5
4086,4086,2025-07-04,ACH,PRPAY-2025-004086,2025-07-07,5
4087,4087,2025-07-04,Direct Deposit,PRPAY-2025-004087,2025-07-07,5
4088,4088,2025-07-04,ACH,PRPAY-2025-004088,2025-07-07,5
4089,4089,2025-07-04,ACH,PRPAY-2025-004089,2025-07-07,5
4090,4090,2025-07-04,Direct Deposit,PRPAY-2025-004090,2025-07-07,5
4091,4091,2025-07-04,Direct Deposit,PRPAY-2025-004091,2025-07-07,5
4092,4092,2025-07-04,Direct Deposit,PRPAY-2025-004092,2025-07-07,5
4093,4093,2025-07-04,ACH,PRPAY-2025-004093,2025-07-07,5
4094,4094,2025-07-04,ACH,PRPAY-2025-004094,2025-07-07,5
4095,4095,2025-07-04,Direct Deposit,PRPAY-2025-004095,2025-07-07,5
4096,4096,2025-07-04,ACH,PRPAY-2025-004096,2025-07-07,5
4097,4097,2025-07-04,ACH,PRPAY-2025-004097,2025-07-07,5
4098,4098,2025-07-04,ACH,PRPAY-2025-004098,2025-07-07,5
4099,4099,2025-07-04,ACH,PRPAY-2025-004099,2025-07-07,5
4100,4100,2025-07-04,ACH,PRPAY-2025-004100,2025-07-07,5
4101,4101,2025-07-04,Direct Deposit,PRPAY-2025-004101,2025-07-07,5
4102,4102,2025-07-04,Direct Deposit,PRPAY-2025-004102,2025-07-07,5
4103,4103,2025-07-04,ACH,PRPAY-2025-004103,2025-07-07,5
4104,4104,2025-07-04,Direct Deposit,PRPAY-2025-004104,2025-07-07,5
4105,4105,2025-07-04,ACH,PRPAY-2025-004105,2025-07-07,5
4106,4106,2025-07-04,Direct Deposit,PRPAY-2025-004106,2025-07-07,5
4107,4107,2025-07-04,ACH,PRPAY-2025-004107,2025-07-07,5
4108,4108,2025-07-04,ACH,PRPAY-2025-004108,2025-07-07,5
4109,4109,2025-07-04,Direct Deposit,PRPAY-2025-004109,2025-07-07,5
4110,4110,2025-07-04,Direct Deposit,PRPAY-2025-004110,2025-07-07,5
4111,4111,2025-07-04,Direct Deposit,PRPAY-2025-004111,2025-07-07,5
4112,4112,2025-07-04,ACH,PRPAY-2025-004112,2025-07-07,5
4113,4113,2025-07-04,ACH,PRPAY-2025-004113,2025-07-07,5
4114,4114,2025-07-04,Direct Deposit,PRPAY-2025-004114,2025-07-07,5
4115,4115,2025-07-04,Direct Deposit,PRPAY-2025-004115,2025-07-07,5
4116,4116,2025-07-04,Direct Deposit,PRPAY-2025-004116,2025-07-07,5
4117,4117,2025-07-04,Direct Deposit,PRPAY-2025-004117,2025-07-07,5
4118,4118,2025-07-04,Direct Deposit,PRPAY-2025-004118,2025-07-07,5
4119,4119,2025-07-04,ACH,PRPAY-2025-004119,2025-07-07,5
4120,4120,2025-07-04,Direct Deposit,PRPAY-2025-004120,2025-07-07,5
4121,4121,2025-07-04,Direct Deposit,PRPAY-2025-004121,2025-07-07,5
4122,4122,2025-07-04,ACH,PRPAY-2025-004122,2025-07-07,5
4123,4123,2025-07-04,Direct Deposit,PRPAY-2025-004123,2025-07-07,5
4124,4124,2025-07-04,Direct Deposit,PRPAY-2025-004124,2025-07-07,5
4125,4125,2025-07-04,Direct Deposit,PRPAY-2025-004125,2025-07-07,5
4126,4126,2025-07-04,Direct Deposit,PRPAY-2025-004126,2025-07-07,5
4127,4127,2025-07-04,Direct Deposit,PRPAY-2025-004127,2025-07-07,5
4128,4128,2025-07-04,ACH,PRPAY-2025-004128,2025-07-07,5
4129,4129,2025-07-04,Direct Deposit,PRPAY-2025-004129,2025-07-07,5
4130,4130,2025-07-04,ACH,PRPAY-2025-004130,2025-07-07,5
4131,4131,2025-07-04,Direct Deposit,PRPAY-2025-004131,2025-07-07,5
4132,4132,2025-07-04,ACH,PRPAY-2025-004132,2025-07-07,5
4133,4133,2025-07-04,Direct Deposit,PRPAY-2025-004133,2025-07-07,5
4134,4134,2025-07-04,ACH,PRPAY-2025-004134,2025-07-07,5
4135,4135,2025-07-04,ACH,PRPAY-2025-004135,2025-07-07,5
4136,4136,2025-07-04,ACH,PRPAY-2025-004136,2025-07-07,5
4137,4137,2025-07-04,ACH,PRPAY-2025-004137,2025-07-07,5
4138,4138,2025-07-04,ACH,PRPAY-2025-004138,2025-07-07,5
4139,4139,2025-07-04,ACH,PRPAY-2025-004139,2025-07-07,5
4140,4140,2025-07-04,Direct Deposit,PRPAY-2025-004140,2025-07-07,5
4141,4141,2025-07-04,Direct Deposit,PRPAY-2025-004141,2025-07-07,5
4142,4142,2025-07-18,ACH,PRPAY-2025-004142,2025-07-21,5
4143,4143,2025-07-18,ACH,PRPAY-2025-004143,2025-07-21,5
4144,4144,2025-07-18,Direct Deposit,PRPAY-2025-004144,2025-07-21,5
4145,4145,2025-07-18,Direct Deposit,PRPAY-2025-004145,2025-07-21,5
4146,4146,2025-07-18,Direct Deposit,PRPAY-2025-004146,2025-07-21,5
4147,4147,2025-07-18,ACH,PRPAY-2025-004147,2025-07-21,5
4148,4148,2025-07-18,ACH,PRPAY-2025-004148,2025-07-21,5
4149,4149,2025-07-18,Direct Deposit,PRPAY-2025-004149,2025-07-21,5
4150,4150,2025-07-18,ACH,PRPAY-2025-004150,2025-07-21,5
4151,4151,2025-07-18,ACH,PRPAY-2025-004151,2025-07-21,5
4152,4152,2025-07-18,ACH,PRPAY-2025-004152,2025-07-21,5
4153,4153,2025-07-18,Direct Deposit,PRPAY-2025-004153,2025-07-21,5
4154,4154,2025-07-18,Direct Deposit,PRPAY-2025-004154,2025-07-21,5
4155,4155,2025-07-18,ACH,PRPAY-2025-004155,2025-07-21,5
4156,4156,2025-07-18,ACH,PRPAY-2025-004156,2025-07-21,5
4157,4157,2025-07-18,ACH,PRPAY-2025-004157,2025-07-21,5
4158,4158,2025-07-18,Direct Deposit,PRPAY-2025-004158,2025-07-21,5
4159,4159,2025-07-18,ACH,PRPAY-2025-004159,2025-07-21,5
4160,4160,2025-07-18,ACH,PRPAY-2025-004160,2025-07-21,5
4161,4161,2025-07-18,Direct Deposit,PRPAY-2025-004161,2025-07-21,5
4162,4162,2025-07-18,Direct Deposit,PRPAY-2025-004162,2025-07-21,5
4163,4163,2025-07-18,Direct Deposit,PRPAY-2025-004163,2025-07-21,5
4164,4164,2025-07-18,Direct Deposit,PRPAY-2025-004164,2025-07-21,5
4165,4165,2025-07-18,ACH,PRPAY-2025-004165,2025-07-21,5
4166,4166,2025-07-18,Direct Deposit,PRPAY-2025-004166,2025-07-21,5
4167,4167,2025-07-18,ACH,PRPAY-2025-004167,2025-07-21,5
4168,4168,2025-07-18,ACH,PRPAY-2025-004168,2025-07-21,5
4169,4169,2025-07-18,ACH,PRPAY-2025-004169,2025-07-21,5
4170,4170,2025-07-18,ACH,PRPAY-2025-004170,2025-07-21,5
4171,4171,2025-07-18,Direct Deposit,PRPAY-2025-004171,2025-07-21,5
4172,4172,2025-07-18,ACH,PRPAY-2025-004172,2025-07-21,5
4173,4173,2025-07-18,Direct Deposit,PRPAY-2025-004173,2025-07-21,5
4174,4174,2025-07-18,Direct Deposit,PRPAY-2025-004174,2025-07-21,5
4175,4175,2025-07-18,ACH,PRPAY-2025-004175,2025-07-21,5
4176,4176,2025-07-18,ACH,PRPAY-2025-004176,2025-07-21,5
4177,4177,2025-07-18,Direct Deposit,PRPAY-2025-004177,2025-07-21,5
4178,4178,2025-07-18,ACH,PRPAY-2025-004178,2025-07-21,5
4179,4179,2025-07-18,ACH,PRPAY-2025-004179,2025-07-21,5
4180,4180,2025-07-18,Direct Deposit,PRPAY-2025-004180,2025-07-21,5
4181,4181,2025-07-18,Direct Deposit,PRPAY-2025-004181,2025-07-21,5
4182,4182,2025-07-18,ACH,PRPAY-2025-004182,2025-07-21,5
4183,4183,2025-07-18,ACH,PRPAY-2025-004183,2025-07-21,5
4184,4184,2025-07-18,Direct Deposit,PRPAY-2025-004184,2025-07-21,5
4185,4185,2025-07-18,Direct Deposit,PRPAY-2025-004185,2025-07-21,5
4186,4186,2025-07-18,ACH,PRPAY-2025-004186,2025-07-21,5
4187,4187,2025-07-18,Direct Deposit,PRPAY-2025-004187,2025-07-21,5
4188,4188,2025-07-18,Direct Deposit,PRPAY-2025-004188,2025-07-21,5
4189,4189,2025-07-18,ACH,PRPAY-2025-004189,2025-07-21,5
4190,4190,2025-07-18,Direct Deposit,PRPAY-2025-004190,2025-07-21,5
4191,4191,2025-07-18,ACH,PRPAY-2025-004191,2025-07-21,5
4192,4192,2025-07-18,ACH,PRPAY-2025-004192,2025-07-21,5
4193,4193,2025-07-18,ACH,PRPAY-2025-004193,2025-07-21,5
4194,4194,2025-07-18,Direct Deposit,PRPAY-2025-004194,2025-07-21,5
4195,4195,2025-07-18,Direct Deposit,PRPAY-2025-004195,2025-07-21,5
4196,4196,2025-07-18,Direct Deposit,PRPAY-2025-004196,2025-07-21,5
4197,4197,2025-07-18,Direct Deposit,PRPAY-2025-004197,2025-07-21,5
4198,4198,2025-07-18,Direct Deposit,PRPAY-2025-004198,2025-07-21,5
4199,4199,2025-07-18,ACH,PRPAY-2025-004199,2025-07-21,5
4200,4200,2025-07-18,Direct Deposit,PRPAY-2025-004200,2025-07-21,5
4201,4201,2025-07-18,ACH,PRPAY-2025-004201,2025-07-21,5
4202,4202,2025-07-18,ACH,PRPAY-2025-004202,2025-07-21,5
4203,4203,2025-07-18,ACH,PRPAY-2025-004203,2025-07-21,5
4204,4204,2025-07-18,ACH,PRPAY-2025-004204,2025-07-21,5
4205,4205,2025-07-18,Direct Deposit,PRPAY-2025-004205,2025-07-21,5
4206,4206,2025-07-18,ACH,PRPAY-2025-004206,2025-07-21,5
4207,4207,2025-07-18,Direct Deposit,PRPAY-2025-004207,2025-07-21,5
4208,4208,2025-07-18,Direct Deposit,PRPAY-2025-004208,2025-07-21,5
4209,4209,2025-07-18,ACH,PRPAY-2025-004209,2025-07-21,5
4210,4210,2025-07-18,Direct Deposit,PRPAY-2025-004210,2025-07-21,5
4211,4211,2025-07-18,ACH,PRPAY-2025-004211,2025-07-21,5
4212,4212,2025-07-18,Direct Deposit,PRPAY-2025-004212,2025-07-21,5
4213,4213,2025-07-18,Direct Deposit,PRPAY-2025-004213,2025-07-21,5
4214,4214,2025-07-18,ACH,PRPAY-2025-004214,2025-07-21,5
4215,4215,2025-07-18,ACH,PRPAY-2025-004215,2025-07-21,5
4216,4216,2025-07-18,ACH,PRPAY-2025-004216,2025-07-21,5
4217,4217,2025-07-18,Direct Deposit,PRPAY-2025-004217,2025-07-21,5
4218,4218,2025-07-18,Direct Deposit,PRPAY-2025-004218,2025-07-21,5
4219,4219,2025-07-18,Direct Deposit,PRPAY-2025-004219,2025-07-21,5
4220,4220,2025-07-18,ACH,PRPAY-2025-004220,2025-07-21,5
4221,4221,2025-07-18,Direct Deposit,PRPAY-2025-004221,2025-07-21,5
4222,4222,2025-07-18,Direct Deposit,PRPAY-2025-004222,2025-07-21,5
4223,4223,2025-07-18,ACH,PRPAY-2025-004223,2025-07-21,5
4224,4224,2025-07-18,Direct Deposit,PRPAY-2025-004224,2025-07-21,5
4225,4225,2025-07-18,Direct Deposit,PRPAY-2025-004225,2025-07-21,5
4226,4226,2025-07-18,Direct Deposit,PRPAY-2025-004226,2025-07-21,5
4227,4227,2025-07-18,ACH,PRPAY-2025-004227,2025-07-21,5
4228,4228,2025-07-18,Direct Deposit,PRPAY-2025-004228,2025-07-21,5
4229,4229,2025-07-18,Direct Deposit,PRPAY-2025-004229,2025-07-21,5
4230,4230,2025-07-18,Direct Deposit,PRPAY-2025-004230,2025-07-21,5
4231,4231,2025-07-18,Direct Deposit,PRPAY-2025-004231,2025-07-21,5
4232,4232,2025-07-18,Direct Deposit,PRPAY-2025-004232,2025-07-21,5
4233,4233,2025-07-18,Direct Deposit,PRPAY-2025-004233,2025-07-21,5
4234,4234,2025-07-18,Direct Deposit,PRPAY-2025-004234,2025-07-21,5
4235,4235,2025-07-18,Direct Deposit,PRPAY-2025-004235,2025-07-21,5
4236,4236,2025-07-18,Direct Deposit,PRPAY-2025-004236,2025-07-21,5
4237,4237,2025-07-18,ACH,PRPAY-2025-004237,2025-07-21,5
4238,4238,2025-07-18,ACH,PRPAY-2025-004238,2025-07-21,5
4239,4239,2025-07-18,ACH,PRPAY-2025-004239,2025-07-21,5
4240,4240,2025-07-18,Direct Deposit,PRPAY-2025-004240,2025-07-21,5
4241,4241,2025-07-18,ACH,PRPAY-2025-004241,2025-07-21,5
4242,4242,2025-07-18,ACH,PRPAY-2025-004242,2025-07-21,5
4243,4243,2025-07-18,Direct Deposit,PRPAY-2025-004243,2025-07-21,5
4244,4244,2025-07-18,ACH,PRPAY-2025-004244,2025-07-21,5
4245,4245,2025-07-18,Direct Deposit,PRPAY-2025-004245,2025-07-21,5
4246,4246,2025-07-18,ACH,PRPAY-2025-004246,2025-07-21,5
4247,4247,2025-07-18,ACH,PRPAY-2025-004247,2025-07-21,5
4248,4248,2025-07-18,Direct Deposit,PRPAY-2025-004248,2025-07-21,5
4249,4249,2025-08-01,ACH,PRPAY-2025-004249,2025-08-04,5
4250,4250,2025-08-01,ACH,PRPAY-2025-004250,2025-08-04,5
4251,4251,2025-08-01,ACH,PRPAY-2025-004251,2025-08-04,5
4252,4252,2025-08-01,ACH,PRPAY-2025-004252,2025-08-04,5
4253,4253,2025-08-01,Direct Deposit,PRPAY-2025-004253,2025-08-04,5
4254,4254,2025-08-01,ACH,PRPAY-2025-004254,2025-08-04,5
4255,4255,2025-08-01,Direct Deposit,PRPAY-2025-004255,2025-08-04,5
4256,4256,2025-08-01,Direct Deposit,PRPAY-2025-004256,2025-08-04,5
4257,4257,2025-08-01,ACH,PRPAY-2025-004257,2025-08-04,5
4258,4258,2025-08-01,ACH,PRPAY-2025-004258,2025-08-04,5
4259,4259,2025-08-01,Direct Deposit,PRPAY-2025-004259,2025-08-04,5
4260,4260,2025-08-01,ACH,PRPAY-2025-004260,2025-08-04,5
4261,4261,2025-08-01,Direct Deposit,PRPAY-2025-004261,2025-08-04,5
4262,4262,2025-08-01,Direct Deposit,PRPAY-2025-004262,2025-08-04,5
4263,4263,2025-08-01,ACH,PRPAY-2025-004263,2025-08-04,5
4264,4264,2025-08-01,Direct Deposit,PRPAY-2025-004264,2025-08-04,5
4265,4265,2025-08-01,Direct Deposit,PRPAY-2025-004265,2025-08-04,5
4266,4266,2025-08-01,Direct Deposit,PRPAY-2025-004266,2025-08-04,5
4267,4267,2025-08-01,ACH,PRPAY-2025-004267,2025-08-04,5
4268,4268,2025-08-01,Direct Deposit,PRPAY-2025-004268,2025-08-04,5
4269,4269,2025-08-01,Direct Deposit,PRPAY-2025-004269,2025-08-04,5
4270,4270,2025-08-01,ACH,PRPAY-2025-004270,2025-08-04,5
4271,4271,2025-08-01,ACH,PRPAY-2025-004271,2025-08-04,5
4272,4272,2025-08-01,ACH,PRPAY-2025-004272,2025-08-04,5
4273,4273,2025-08-01,ACH,PRPAY-2025-004273,2025-08-04,5
4274,4274,2025-08-01,ACH,PRPAY-2025-004274,2025-08-04,5
4275,4275,2025-08-01,ACH,PRPAY-2025-004275,2025-08-04,5
4276,4276,2025-08-01,ACH,PRPAY-2025-004276,2025-08-04,5
4277,4277,2025-08-01,Direct Deposit,PRPAY-2025-004277,2025-08-04,5
4278,4278,2025-08-01,ACH,PRPAY-2025-004278,2025-08-04,5
4279,4279,2025-08-01,ACH,PRPAY-2025-004279,2025-08-04,5
4280,4280,2025-08-01,Direct Deposit,PRPAY-2025-004280,2025-08-04,5
4281,4281,2025-08-01,ACH,PRPAY-2025-004281,2025-08-04,5
4282,4282,2025-08-01,ACH,PRPAY-2025-004282,2025-08-04,5
4283,4283,2025-08-01,ACH,PRPAY-2025-004283,2025-08-04,5
4284,4284,2025-08-01,Direct Deposit,PRPAY-2025-004284,2025-08-04,5
4285,4285,2025-08-01,Direct Deposit,PRPAY-2025-004285,2025-08-04,5
4286,4286,2025-08-01,Direct Deposit,PRPAY-2025-004286,2025-08-04,5
4287,4287,2025-08-01,Direct Deposit,PRPAY-2025-004287,2025-08-04,5
4288,4288,2025-08-01,Direct Deposit,PRPAY-2025-004288,2025-08-04,5
4289,4289,2025-08-01,ACH,PRPAY-2025-004289,2025-08-04,5
4290,4290,2025-08-01,ACH,PRPAY-2025-004290,2025-08-04,5
4291,4291,2025-08-01,ACH,PRPAY-2025-004291,2025-08-04,5
4292,4292,2025-08-01,ACH,PRPAY-2025-004292,2025-08-04,5
4293,4293,2025-08-01,ACH,PRPAY-2025-004293,2025-08-04,5
4294,4294,2025-08-01,Direct Deposit,PRPAY-2025-004294,2025-08-04,5
4295,4295,2025-08-01,ACH,PRPAY-2025-004295,2025-08-04,5
4296,4296,2025-08-01,Direct Deposit,PRPAY-2025-004296,2025-08-04,5
4297,4297,2025-08-01,Direct Deposit,PRPAY-2025-004297,2025-08-04,5
4298,4298,2025-08-01,Direct Deposit,PRPAY-2025-004298,2025-08-04,5
4299,4299,2025-08-01,Direct Deposit,PRPAY-2025-004299,2025-08-04,5
4300,4300,2025-08-01,ACH,PRPAY-2025-004300,2025-08-04,5
4301,4301,2025-08-01,ACH,PRPAY-2025-004301,2025-08-04,5
4302,4302,2025-08-01,Direct Deposit,PRPAY-2025-004302,2025-08-04,5
4303,4303,2025-08-01,Direct Deposit,PRPAY-2025-004303,2025-08-04,5
4304,4304,2025-08-01,Direct Deposit,PRPAY-2025-004304,2025-08-04,5
4305,4305,2025-08-01,Direct Deposit,PRPAY-2025-004305,2025-08-04,5
4306,4306,2025-08-01,Direct Deposit,PRPAY-2025-004306,2025-08-04,5
4307,4307,2025-08-01,ACH,PRPAY-2025-004307,2025-08-04,5
4308,4308,2025-08-01,Direct Deposit,PRPAY-2025-004308,2025-08-04,5
4309,4309,2025-08-01,Direct Deposit,PRPAY-2025-004309,2025-08-04,5
4310,4310,2025-08-01,ACH,PRPAY-2025-004310,2025-08-04,5
4311,4311,2025-08-01,ACH,PRPAY-2025-004311,2025-08-04,5
4312,4312,2025-08-01,ACH,PRPAY-2025-004312,2025-08-04,5
4313,4313,2025-08-01,Direct Deposit,PRPAY-2025-004313,2025-08-04,5
4314,4314,2025-08-01,ACH,PRPAY-2025-004314,2025-08-04,5
4315,4315,2025-08-01,ACH,PRPAY-2025-004315,2025-08-04,5
4316,4316,2025-08-01,Direct Deposit,PRPAY-2025-004316,2025-08-04,5
4317,4317,2025-08-01,Direct Deposit,PRPAY-2025-004317,2025-08-04,5
4318,4318,2025-08-01,Direct Deposit,PRPAY-2025-004318,2025-08-04,5
4319,4319,2025-08-01,ACH,PRPAY-2025-004319,2025-08-04,5
4320,4320,2025-08-01,Direct Deposit,PRPAY-2025-004320,2025-08-04,5
4321,4321,2025-08-01,Direct Deposit,PRPAY-2025-004321,2025-08-04,5
4322,4322,2025-08-01,Direct Deposit,PRPAY-2025-004322,2025-08-04,5
4323,4323,2025-08-01,ACH,PRPAY-2025-004323,2025-08-04,5
4324,4324,2025-08-01,Direct Deposit,PRPAY-2025-004324,2025-08-04,5
4325,4325,2025-08-01,ACH,PRPAY-2025-004325,2025-08-04,5
4326,4326,2025-08-01,ACH,PRPAY-2025-004326,2025-08-04,5
4327,4327,2025-08-01,Direct Deposit,PRPAY-2025-004327,2025-08-04,5
4328,4328,2025-08-01,Direct Deposit,PRPAY-2025-004328,2025-08-04,5
4329,4329,2025-08-01,Direct Deposit,PRPAY-2025-004329,2025-08-04,5
4330,4330,2025-08-01,Direct Deposit,PRPAY-2025-004330,2025-08-04,5
4331,4331,2025-08-01,Direct Deposit,PRPAY-2025-004331,2025-08-04,5
4332,4332,2025-08-01,Direct Deposit,PRPAY-2025-004332,2025-08-04,5
4333,4333,2025-08-01,Direct Deposit,PRPAY-2025-004333,2025-08-04,5
4334,4334,2025-08-01,ACH,PRPAY-2025-004334,2025-08-04,5
4335,4335,2025-08-01,Direct Deposit,PRPAY-2025-004335,2025-08-04,5
4336,4336,2025-08-01,Direct Deposit,PRPAY-2025-004336,2025-08-04,5
4337,4337,2025-08-01,ACH,PRPAY-2025-004337,2025-08-04,5
4338,4338,2025-08-01,Direct Deposit,PRPAY-2025-004338,2025-08-04,5
4339,4339,2025-08-01,Direct Deposit,PRPAY-2025-004339,2025-08-04,5
4340,4340,2025-08-01,ACH,PRPAY-2025-004340,2025-08-04,5
4341,4341,2025-08-01,Direct Deposit,PRPAY-2025-004341,2025-08-04,5
4342,4342,2025-08-01,ACH,PRPAY-2025-004342,2025-08-04,5
4343,4343,2025-08-01,ACH,PRPAY-2025-004343,2025-08-04,5
4344,4344,2025-08-01,Direct Deposit,PRPAY-2025-004344,2025-08-04,5
4345,4345,2025-08-01,ACH,PRPAY-2025-004345,2025-08-04,5
4346,4346,2025-08-01,ACH,PRPAY-2025-004346,2025-08-04,5
4347,4347,2025-08-01,Direct Deposit,PRPAY-2025-004347,2025-08-04,5
4348,4348,2025-08-01,ACH,PRPAY-2025-004348,2025-08-04,5
4349,4349,2025-08-01,Direct Deposit,PRPAY-2025-004349,2025-08-04,5
4350,4350,2025-08-01,ACH,PRPAY-2025-004350,2025-08-04,5
4351,4351,2025-08-01,Direct Deposit,PRPAY-2025-004351,2025-08-04,5
4352,4352,2025-08-01,ACH,PRPAY-2025-004352,2025-08-04,5
4353,4353,2025-08-01,ACH,PRPAY-2025-004353,2025-08-04,5
4354,4354,2025-08-01,ACH,PRPAY-2025-004354,2025-08-04,5
4355,4355,2025-08-15,ACH,PRPAY-2025-004355,2025-08-18,5
4356,4356,2025-08-15,Direct Deposit,PRPAY-2025-004356,2025-08-18,5
4357,4357,2025-08-15,ACH,PRPAY-2025-004357,2025-08-18,5
4358,4358,2025-08-15,ACH,PRPAY-2025-004358,2025-08-18,5
4359,4359,2025-08-15,Direct Deposit,PRPAY-2025-004359,2025-08-18,5
4360,4360,2025-08-15,ACH,PRPAY-2025-004360,2025-08-18,5
4361,4361,2025-08-15,Direct Deposit,PRPAY-2025-004361,2025-08-18,5
4362,4362,2025-08-15,ACH,PRPAY-2025-004362,2025-08-18,5
4363,4363,2025-08-15,Direct Deposit,PRPAY-2025-004363,2025-08-18,5
4364,4364,2025-08-15,ACH,PRPAY-2025-004364,2025-08-18,5
4365,4365,2025-08-15,Direct Deposit,PRPAY-2025-004365,2025-08-18,5
4366,4366,2025-08-15,Direct Deposit,PRPAY-2025-004366,2025-08-18,5
4367,4367,2025-08-15,Direct Deposit,PRPAY-2025-004367,2025-08-18,5
4368,4368,2025-08-15,ACH,PRPAY-2025-004368,2025-08-18,5
4369,4369,2025-08-15,Direct Deposit,PRPAY-2025-004369,2025-08-18,5
4370,4370,2025-08-15,ACH,PRPAY-2025-004370,2025-08-18,5
4371,4371,2025-08-15,ACH,PRPAY-2025-004371,2025-08-18,5
4372,4372,2025-08-15,ACH,PRPAY-2025-004372,2025-08-18,5
4373,4373,2025-08-15,ACH,PRPAY-2025-004373,2025-08-18,5
4374,4374,2025-08-15,ACH,PRPAY-2025-004374,2025-08-18,5
4375,4375,2025-08-15,ACH,PRPAY-2025-004375,2025-08-18,5
4376,4376,2025-08-15,Direct Deposit,PRPAY-2025-004376,2025-08-18,5
4377,4377,2025-08-15,ACH,PRPAY-2025-004377,2025-08-18,5
4378,4378,2025-08-15,Direct Deposit,PRPAY-2025-004378,2025-08-18,5
4379,4379,2025-08-15,Direct Deposit,PRPAY-2025-004379,2025-08-18,5
4380,4380,2025-08-15,Direct Deposit,PRPAY-2025-004380,2025-08-18,5
4381,4381,2025-08-15,Direct Deposit,PRPAY-2025-004381,2025-08-18,5
4382,4382,2025-08-15,ACH,PRPAY-2025-004382,2025-08-18,5
4383,4383,2025-08-15,ACH,PRPAY-2025-004383,2025-08-18,5
4384,4384,2025-08-15,ACH,PRPAY-2025-004384,2025-08-18,5
4385,4385,2025-08-15,Direct Deposit,PRPAY-2025-004385,2025-08-18,5
4386,4386,2025-08-15,ACH,PRPAY-2025-004386,2025-08-18,5
4387,4387,2025-08-15,Direct Deposit,PRPAY-2025-004387,2025-08-18,5
4388,4388,2025-08-15,ACH,PRPAY-2025-004388,2025-08-18,5
4389,4389,2025-08-15,ACH,PRPAY-2025-004389,2025-08-18,5
4390,4390,2025-08-15,ACH,PRPAY-2025-004390,2025-08-18,5
4391,4391,2025-08-15,Direct Deposit,PRPAY-2025-004391,2025-08-18,5
4392,4392,2025-08-15,ACH,PRPAY-2025-004392,2025-08-18,5
4393,4393,2025-08-15,Direct Deposit,PRPAY-2025-004393,2025-08-18,5
4394,4394,2025-08-15,ACH,PRPAY-2025-004394,2025-08-18,5
4395,4395,2025-08-15,ACH,PRPAY-2025-004395,2025-08-18,5
4396,4396,2025-08-15,Direct Deposit,PRPAY-2025-004396,2025-08-18,5
4397,4397,2025-08-15,ACH,PRPAY-2025-004397,2025-08-18,5
4398,4398,2025-08-15,ACH,PRPAY-2025-004398,2025-08-18,5
4399,4399,2025-08-15,ACH,PRPAY-2025-004399,2025-08-18,5
4400,4400,2025-08-15,ACH,PRPAY-2025-004400,2025-08-18,5
4401,4401,2025-08-15,ACH,PRPAY-2025-004401,2025-08-18,5
4402,4402,2025-08-15,ACH,PRPAY-2025-004402,2025-08-18,5
4403,4403,2025-08-15,ACH,PRPAY-2025-004403,2025-08-18,5
4404,4404,2025-08-15,Direct Deposit,PRPAY-2025-004404,2025-08-18,5
4405,4405,2025-08-15,Direct Deposit,PRPAY-2025-004405,2025-08-18,5
4406,4406,2025-08-15,Direct Deposit,PRPAY-2025-004406,2025-08-18,5
4407,4407,2025-08-15,Direct Deposit,PRPAY-2025-004407,2025-08-18,5
4408,4408,2025-08-15,Direct Deposit,PRPAY-2025-004408,2025-08-18,5
4409,4409,2025-08-15,Direct Deposit,PRPAY-2025-004409,2025-08-18,5
4410,4410,2025-08-15,ACH,PRPAY-2025-004410,2025-08-18,5
4411,4411,2025-08-15,ACH,PRPAY-2025-004411,2025-08-18,5
4412,4412,2025-08-15,ACH,PRPAY-2025-004412,2025-08-18,5
4413,4413,2025-08-15,Direct Deposit,PRPAY-2025-004413,2025-08-18,5
4414,4414,2025-08-15,ACH,PRPAY-2025-004414,2025-08-18,5
4415,4415,2025-08-15,Direct Deposit,PRPAY-2025-004415,2025-08-18,5
4416,4416,2025-08-15,ACH,PRPAY-2025-004416,2025-08-18,5
4417,4417,2025-08-15,ACH,PRPAY-2025-004417,2025-08-18,5
4418,4418,2025-08-15,ACH,PRPAY-2025-004418,2025-08-18,5
4419,4419,2025-08-15,ACH,PRPAY-2025-004419,2025-08-18,5
4420,4420,2025-08-15,ACH,PRPAY-2025-004420,2025-08-18,5
4421,4421,2025-08-15,Direct Deposit,PRPAY-2025-004421,2025-08-18,5
4422,4422,2025-08-15,Direct Deposit,PRPAY-2025-004422,2025-08-18,5
4423,4423,2025-08-15,ACH,PRPAY-2025-004423,2025-08-18,5
4424,4424,2025-08-15,Direct Deposit,PRPAY-2025-004424,2025-08-18,5
4425,4425,2025-08-15,Direct Deposit,PRPAY-2025-004425,2025-08-18,5
4426,4426,2025-08-15,Direct Deposit,PRPAY-2025-004426,2025-08-18,5
4427,4427,2025-08-15,ACH,PRPAY-2025-004427,2025-08-18,5
4428,4428,2025-08-15,Direct Deposit,PRPAY-2025-004428,2025-08-18,5
4429,4429,2025-08-15,Direct Deposit,PRPAY-2025-004429,2025-08-18,5
4430,4430,2025-08-15,Direct Deposit,PRPAY-2025-004430,2025-08-18,5
4431,4431,2025-08-15,ACH,PRPAY-2025-004431,2025-08-18,5
4432,4432,2025-08-15,Direct Deposit,PRPAY-2025-004432,2025-08-18,5
4433,4433,2025-08-15,Direct Deposit,PRPAY-2025-004433,2025-08-18,5
4434,4434,2025-08-15,ACH,PRPAY-2025-004434,2025-08-18,5
4435,4435,2025-08-15,Direct Deposit,PRPAY-2025-004435,2025-08-18,5
4436,4436,2025-08-15,Direct Deposit,PRPAY-2025-004436,2025-08-18,5
4437,4437,2025-08-15,Direct Deposit,PRPAY-2025-004437,2025-08-18,5
4438,4438,2025-08-15,ACH,PRPAY-2025-004438,2025-08-18,5
4439,4439,2025-08-15,Direct Deposit,PRPAY-2025-004439,2025-08-18,5
4440,4440,2025-08-15,ACH,PRPAY-2025-004440,2025-08-18,5
4441,4441,2025-08-15,ACH,PRPAY-2025-004441,2025-08-18,5
4442,4442,2025-08-15,Direct Deposit,PRPAY-2025-004442,2025-08-18,5
4443,4443,2025-08-15,Direct Deposit,PRPAY-2025-004443,2025-08-18,5
4444,4444,2025-08-15,ACH,PRPAY-2025-004444,2025-08-18,5
4445,4445,2025-08-15,Direct Deposit,PRPAY-2025-004445,2025-08-18,5
4446,4446,2025-08-15,ACH,PRPAY-2025-004446,2025-08-18,5
4447,4447,2025-08-15,Direct Deposit,PRPAY-2025-004447,2025-08-18,5
4448,4448,2025-08-15,ACH,PRPAY-2025-004448,2025-08-18,5
4449,4449,2025-08-15,Direct Deposit,PRPAY-2025-004449,2025-08-18,5
4450,4450,2025-08-15,Direct Deposit,PRPAY-2025-004450,2025-08-18,5
4451,4451,2025-08-15,Direct Deposit,PRPAY-2025-004451,2025-08-18,5
4452,4452,2025-08-15,ACH,PRPAY-2025-004452,2025-08-18,5
4453,4453,2025-08-15,ACH,PRPAY-2025-004453,2025-08-18,5
4454,4454,2025-08-15,Direct Deposit,PRPAY-2025-004454,2025-08-18,5
4455,4455,2025-08-15,ACH,PRPAY-2025-004455,2025-08-18,5
4456,4456,2025-08-15,ACH,PRPAY-2025-004456,2025-08-18,5
4457,4457,2025-08-15,Direct Deposit,PRPAY-2025-004457,2025-08-18,5
4458,4458,2025-08-15,ACH,PRPAY-2025-004458,2025-08-18,5
4459,4459,2025-08-15,Direct Deposit,PRPAY-2025-004459,2025-08-18,5
4460,4460,2025-08-15,ACH,PRPAY-2025-004460,2025-08-18,5
4461,4461,2025-08-29,ACH,PRPAY-2025-004461,2025-09-01,5
4462,4462,2025-08-29,Direct Deposit,PRPAY-2025-004462,2025-09-01,5
4463,4463,2025-08-29,ACH,PRPAY-2025-004463,2025-09-01,5
4464,4464,2025-08-29,ACH,PRPAY-2025-004464,2025-09-01,5
4465,4465,2025-08-29,Direct Deposit,PRPAY-2025-004465,2025-09-01,5
4466,4466,2025-08-29,Direct Deposit,PRPAY-2025-004466,2025-09-01,5
4467,4467,2025-08-29,Direct Deposit,PRPAY-2025-004467,2025-09-01,5
4468,4468,2025-08-29,ACH,PRPAY-2025-004468,2025-09-01,5
4469,4469,2025-08-29,ACH,PRPAY-2025-004469,2025-09-01,5
4470,4470,2025-08-29,Direct Deposit,PRPAY-2025-004470,2025-09-01,5
4471,4471,2025-08-29,Direct Deposit,PRPAY-2025-004471,2025-09-01,5
4472,4472,2025-08-29,ACH,PRPAY-2025-004472,2025-09-01,5
4473,4473,2025-08-29,Direct Deposit,PRPAY-2025-004473,2025-09-01,5
4474,4474,2025-08-29,ACH,PRPAY-2025-004474,2025-09-01,5
4475,4475,2025-08-29,Direct Deposit,PRPAY-2025-004475,2025-09-01,5
4476,4476,2025-08-29,Direct Deposit,PRPAY-2025-004476,2025-09-01,5
4477,4477,2025-08-29,ACH,PRPAY-2025-004477,2025-09-01,5
4478,4478,2025-08-29,Direct Deposit,PRPAY-2025-004478,2025-09-01,5
4479,4479,2025-08-29,Direct Deposit,PRPAY-2025-004479,2025-09-01,5
4480,4480,2025-08-29,Direct Deposit,PRPAY-2025-004480,2025-09-01,5
4481,4481,2025-08-29,ACH,PRPAY-2025-004481,2025-09-01,5
4482,4482,2025-08-29,ACH,PRPAY-2025-004482,2025-09-01,5
4483,4483,2025-08-29,Direct Deposit,PRPAY-2025-004483,2025-09-01,5
4484,4484,2025-08-29,Direct Deposit,PRPAY-2025-004484,2025-09-01,5
4485,4485,2025-08-29,Direct Deposit,PRPAY-2025-004485,2025-09-01,5
4486,4486,2025-08-29,Direct Deposit,PRPAY-2025-004486,2025-09-01,5
4487,4487,2025-08-29,ACH,PRPAY-2025-004487,2025-09-01,5
4488,4488,2025-08-29,Direct Deposit,PRPAY-2025-004488,2025-09-01,5
4489,4489,2025-08-29,ACH,PRPAY-2025-004489,2025-09-01,5
4490,4490,2025-08-29,ACH,PRPAY-2025-004490,2025-09-01,5
4491,4491,2025-08-29,Direct Deposit,PRPAY-2025-004491,2025-09-01,5
4492,4492,2025-08-29,ACH,PRPAY-2025-004492,2025-09-01,5
4493,4493,2025-08-29,ACH,PRPAY-2025-004493,2025-09-01,5
4494,4494,2025-08-29,ACH,PRPAY-2025-004494,2025-09-01,5
4495,4495,2025-08-29,ACH,PRPAY-2025-004495,2025-09-01,5
4496,4496,2025-08-29,ACH,PRPAY-2025-004496,2025-09-01,5
4497,4497,2025-08-29,Direct Deposit,PRPAY-2025-004497,2025-09-01,5
4498,4498,2025-08-29,Direct Deposit,PRPAY-2025-004498,2025-09-01,5
4499,4499,2025-08-29,ACH,PRPAY-2025-004499,2025-09-01,5
4500,4500,2025-08-29,Direct Deposit,PRPAY-2025-004500,2025-09-01,5
4501,4501,2025-08-29,Direct Deposit,PRPAY-2025-004501,2025-09-01,5
4502,4502,2025-08-29,ACH,PRPAY-2025-004502,2025-09-01,5
4503,4503,2025-08-29,ACH,PRPAY-2025-004503,2025-09-01,5
4504,4504,2025-08-29,ACH,PRPAY-2025-004504,2025-09-01,5
4505,4505,2025-08-29,Direct Deposit,PRPAY-2025-004505,2025-09-01,5
4506,4506,2025-08-29,ACH,PRPAY-2025-004506,2025-09-01,5
4507,4507,2025-08-29,ACH,PRPAY-2025-004507,2025-09-01,5
4508,4508,2025-08-29,Direct Deposit,PRPAY-2025-004508,2025-09-01,5
4509,4509,2025-08-29,Direct Deposit,PRPAY-2025-004509,2025-09-01,5
4510,4510,2025-08-29,Direct Deposit,PRPAY-2025-004510,2025-09-01,5
4511,4511,2025-08-29,ACH,PRPAY-2025-004511,2025-09-01,5
4512,4512,2025-08-29,ACH,PRPAY-2025-004512,2025-09-01,5
4513,4513,2025-08-29,ACH,PRPAY-2025-004513,2025-09-01,5
4514,4514,2025-08-29,Direct Deposit,PRPAY-2025-004514,2025-09-01,5
4515,4515,2025-08-29,ACH,PRPAY-2025-004515,2025-09-01,5
4516,4516,2025-08-29,ACH,PRPAY-2025-004516,2025-09-01,5
4517,4517,2025-08-29,ACH,PRPAY-2025-004517,2025-09-01,5
4518,4518,2025-08-29,ACH,PRPAY-2025-004518,2025-09-01,5
4519,4519,2025-08-29,Direct Deposit,PRPAY-2025-004519,2025-09-01,5
4520,4520,2025-08-29,ACH,PRPAY-2025-004520,2025-09-01,5
4521,4521,2025-08-29,Direct Deposit,PRPAY-2025-004521,2025-09-01,5
4522,4522,2025-08-29,Direct Deposit,PRPAY-2025-004522,2025-09-01,5
4523,4523,2025-08-29,Direct Deposit,PRPAY-2025-004523,2025-09-01,5
4524,4524,2025-08-29,ACH,PRPAY-2025-004524,2025-09-01,5
4525,4525,2025-08-29,ACH,PRPAY-2025-004525,2025-09-01,5
4526,4526,2025-08-29,ACH,PRPAY-2025-004526,2025-09-01,5
4527,4527,2025-08-29,Direct Deposit,PRPAY-2025-004527,2025-09-01,5
4528,4528,2025-08-29,ACH,PRPAY-2025-004528,2025-09-01,5
4529,4529,2025-08-29,ACH,PRPAY-2025-004529,2025-09-01,5
4530,4530,2025-08-29,Direct Deposit,PRPAY-2025-004530,2025-09-01,5
4531,4531,2025-08-29,ACH,PRPAY-2025-004531,2025-09-01,5
4532,4532,2025-08-29,Direct Deposit,PRPAY-2025-004532,2025-09-01,5
4533,4533,2025-08-29,Direct Deposit,PRPAY-2025-004533,2025-09-01,5
4534,4534,2025-08-29,Direct Deposit,PRPAY-2025-004534,2025-09-01,5
4535,4535,2025-08-29,Direct Deposit,PRPAY-2025-004535,2025-09-01,5
4536,4536,2025-08-29,ACH,PRPAY-2025-004536,2025-09-01,5
4537,4537,2025-08-29,ACH,PRPAY-2025-004537,2025-09-01,5
4538,4538,2025-08-29,ACH,PRPAY-2025-004538,2025-09-01,5
4539,4539,2025-08-29,Direct Deposit,PRPAY-2025-004539,2025-09-01,5
4540,4540,2025-08-29,Direct Deposit,PRPAY-2025-004540,2025-09-01,5
4541,4541,2025-08-29,ACH,PRPAY-2025-004541,2025-09-01,5
4542,4542,2025-08-29,ACH,PRPAY-2025-004542,2025-09-01,5
4543,4543,2025-08-29,Direct Deposit,PRPAY-2025-004543,2025-09-01,5
4544,4544,2025-08-29,ACH,PRPAY-2025-004544,2025-09-01,5
4545,4545,2025-08-29,Direct Deposit,PRPAY-2025-004545,2025-09-01,5
4546,4546,2025-08-29,Direct Deposit,PRPAY-2025-004546,2025-09-01,5
4547,4547,2025-08-29,ACH,PRPAY-2025-004547,2025-09-01,5
4548,4548,2025-08-29,ACH,PRPAY-2025-004548,2025-09-01,5
4549,4549,2025-08-29,ACH,PRPAY-2025-004549,2025-09-01,5
4550,4550,2025-08-29,ACH,PRPAY-2025-004550,2025-09-01,5
4551,4551,2025-08-29,Direct Deposit,PRPAY-2025-004551,2025-09-01,5
4552,4552,2025-08-29,ACH,PRPAY-2025-004552,2025-09-01,5
4553,4553,2025-08-29,ACH,PRPAY-2025-004553,2025-09-01,5
4554,4554,2025-08-29,ACH,PRPAY-2025-004554,2025-09-01,5
4555,4555,2025-08-29,Direct Deposit,PRPAY-2025-004555,2025-09-01,5
4556,4556,2025-08-29,ACH,PRPAY-2025-004556,2025-09-01,5
4557,4557,2025-08-29,Direct Deposit,PRPAY-2025-004557,2025-09-01,5
4558,4558,2025-08-29,Direct Deposit,PRPAY-2025-004558,2025-09-01,5
4559,4559,2025-08-29,Direct Deposit,PRPAY-2025-004559,2025-09-01,5
4560,4560,2025-08-29,Direct Deposit,PRPAY-2025-004560,2025-09-01,5
4561,4561,2025-08-29,ACH,PRPAY-2025-004561,2025-09-01,5
4562,4562,2025-08-29,ACH,PRPAY-2025-004562,2025-09-01,5
4563,4563,2025-08-29,Direct Deposit,PRPAY-2025-004563,2025-09-01,5
4564,4564,2025-08-29,Direct Deposit,PRPAY-2025-004564,2025-09-01,5
4565,4565,2025-08-29,ACH,PRPAY-2025-004565,2025-09-01,5
4566,4566,2025-08-29,ACH,PRPAY-2025-004566,2025-09-01,5
4567,4567,2025-08-29,ACH,PRPAY-2025-004567,2025-09-01,5
4568,4568,2025-09-12,ACH,PRPAY-2025-004568,2025-09-15,5
4569,4569,2025-09-12,ACH,PRPAY-2025-004569,2025-09-15,5
4570,4570,2025-09-12,ACH,PRPAY-2025-004570,2025-09-15,5
4571,4571,2025-09-12,Direct Deposit,PRPAY-2025-004571,2025-09-15,5
4572,4572,2025-09-12,ACH,PRPAY-2025-004572,2025-09-15,5
4573,4573,2025-09-12,Direct Deposit,PRPAY-2025-004573,2025-09-15,5
4574,4574,2025-09-12,Direct Deposit,PRPAY-2025-004574,2025-09-15,5
4575,4575,2025-09-12,Direct Deposit,PRPAY-2025-004575,2025-09-15,5
4576,4576,2025-09-12,ACH,PRPAY-2025-004576,2025-09-15,5
4577,4577,2025-09-12,ACH,PRPAY-2025-004577,2025-09-15,5
4578,4578,2025-09-12,Direct Deposit,PRPAY-2025-004578,2025-09-15,5
4579,4579,2025-09-12,Direct Deposit,PRPAY-2025-004579,2025-09-15,5
4580,4580,2025-09-12,ACH,PRPAY-2025-004580,2025-09-15,5
4581,4581,2025-09-12,ACH,PRPAY-2025-004581,2025-09-15,5
4582,4582,2025-09-12,Direct Deposit,PRPAY-2025-004582,2025-09-15,5
4583,4583,2025-09-12,ACH,PRPAY-2025-004583,2025-09-15,5
4584,4584,2025-09-12,ACH,PRPAY-2025-004584,2025-09-15,5
4585,4585,2025-09-12,Direct Deposit,PRPAY-2025-004585,2025-09-15,5
4586,4586,2025-09-12,Direct Deposit,PRPAY-2025-004586,2025-09-15,5
4587,4587,2025-09-12,Direct Deposit,PRPAY-2025-004587,2025-09-15,5
4588,4588,2025-09-12,Direct Deposit,PRPAY-2025-004588,2025-09-15,5
4589,4589,2025-09-12,ACH,PRPAY-2025-004589,2025-09-15,5
4590,4590,2025-09-12,ACH,PRPAY-2025-004590,2025-09-15,5
4591,4591,2025-09-12,Direct Deposit,PRPAY-2025-004591,2025-09-15,5
4592,4592,2025-09-12,ACH,PRPAY-2025-004592,2025-09-15,5
4593,4593,2025-09-12,Direct Deposit,PRPAY-2025-004593,2025-09-15,5
4594,4594,2025-09-12,Direct Deposit,PRPAY-2025-004594,2025-09-15,5
4595,4595,2025-09-12,Direct Deposit,PRPAY-2025-004595,2025-09-15,5
4596,4596,2025-09-12,ACH,PRPAY-2025-004596,2025-09-15,5
4597,4597,2025-09-12,Direct Deposit,PRPAY-2025-004597,2025-09-15,5
4598,4598,2025-09-12,Direct Deposit,PRPAY-2025-004598,2025-09-15,5
4599,4599,2025-09-12,ACH,PRPAY-2025-004599,2025-09-15,5
4600,4600,2025-09-12,Direct Deposit,PRPAY-2025-004600,2025-09-15,5
4601,4601,2025-09-12,ACH,PRPAY-2025-004601,2025-09-15,5
4602,4602,2025-09-12,ACH,PRPAY-2025-004602,2025-09-15,5
4603,4603,2025-09-12,Direct Deposit,PRPAY-2025-004603,2025-09-15,5
4604,4604,2025-09-12,Direct Deposit,PRPAY-2025-004604,2025-09-15,5
4605,4605,2025-09-12,ACH,PRPAY-2025-004605,2025-09-15,5
4606,4606,2025-09-12,Direct Deposit,PRPAY-2025-004606,2025-09-15,5
4607,4607,2025-09-12,ACH,PRPAY-2025-004607,2025-09-15,5
4608,4608,2025-09-12,Direct Deposit,PRPAY-2025-004608,2025-09-15,5
4609,4609,2025-09-12,ACH,PRPAY-2025-004609,2025-09-15,5
4610,4610,2025-09-12,ACH,PRPAY-2025-004610,2025-09-15,5
4611,4611,2025-09-12,Direct Deposit,PRPAY-2025-004611,2025-09-15,5
4612,4612,2025-09-12,Direct Deposit,PRPAY-2025-004612,2025-09-15,5
4613,4613,2025-09-12,ACH,PRPAY-2025-004613,2025-09-15,5
4614,4614,2025-09-12,Direct Deposit,PRPAY-2025-004614,2025-09-15,5
4615,4615,2025-09-12,Direct Deposit,PRPAY-2025-004615,2025-09-15,5
4616,4616,2025-09-12,ACH,PRPAY-2025-004616,2025-09-15,5
4617,4617,2025-09-12,ACH,PRPAY-2025-004617,2025-09-15,5
4618,4618,2025-09-12,ACH,PRPAY-2025-004618,2025-09-15,5
4619,4619,2025-09-12,ACH,PRPAY-2025-004619,2025-09-15,5
4620,4620,2025-09-12,ACH,PRPAY-2025-004620,2025-09-15,5
4621,4621,2025-09-12,ACH,PRPAY-2025-004621,2025-09-15,5
4622,4622,2025-09-12,ACH,PRPAY-2025-004622,2025-09-15,5
4623,4623,2025-09-12,ACH,PRPAY-2025-004623,2025-09-15,5
4624,4624,2025-09-12,ACH,PRPAY-2025-004624,2025-09-15,5
4625,4625,2025-09-12,Direct Deposit,PRPAY-2025-004625,2025-09-15,5
4626,4626,2025-09-12,ACH,PRPAY-2025-004626,2025-09-15,5
4627,4627,2025-09-12,Direct Deposit,PRPAY-2025-004627,2025-09-15,5
4628,4628,2025-09-12,Direct Deposit,PRPAY-2025-004628,2025-09-15,5
4629,4629,2025-09-12,Direct Deposit,PRPAY-2025-004629,2025-09-15,5
4630,4630,2025-09-12,ACH,PRPAY-2025-004630,2025-09-15,5
4631,4631,2025-09-12,Direct Deposit,PRPAY-2025-004631,2025-09-15,5
4632,4632,2025-09-12,Direct Deposit,PRPAY-2025-004632,2025-09-15,5
4633,4633,2025-09-12,ACH,PRPAY-2025-004633,2025-09-15,5
4634,4634,2025-09-12,Direct Deposit,PRPAY-2025-004634,2025-09-15,5
4635,4635,2025-09-12,ACH,PRPAY-2025-004635,2025-09-15,5
4636,4636,2025-09-12,Direct Deposit,PRPAY-2025-004636,2025-09-15,5
4637,4637,2025-09-12,Direct Deposit,PRPAY-2025-004637,2025-09-15,5
4638,4638,2025-09-12,Direct Deposit,PRPAY-2025-004638,2025-09-15,5
4639,4639,2025-09-12,ACH,PRPAY-2025-004639,2025-09-15,5
4640,4640,2025-09-12,Direct Deposit,PRPAY-2025-004640,2025-09-15,5
4641,4641,2025-09-12,Direct Deposit,PRPAY-2025-004641,2025-09-15,5
4642,4642,2025-09-12,ACH,PRPAY-2025-004642,2025-09-15,5
4643,4643,2025-09-12,ACH,PRPAY-2025-004643,2025-09-15,5
4644,4644,2025-09-12,ACH,PRPAY-2025-004644,2025-09-15,5
4645,4645,2025-09-12,Direct Deposit,PRPAY-2025-004645,2025-09-15,5
4646,4646,2025-09-12,Direct Deposit,PRPAY-2025-004646,2025-09-15,5
4647,4647,2025-09-12,ACH,PRPAY-2025-004647,2025-09-15,5
4648,4648,2025-09-12,ACH,PRPAY-2025-004648,2025-09-15,5
4649,4649,2025-09-12,ACH,PRPAY-2025-004649,2025-09-15,5
4650,4650,2025-09-12,ACH,PRPAY-2025-004650,2025-09-15,5
4651,4651,2025-09-12,ACH,PRPAY-2025-004651,2025-09-15,5
4652,4652,2025-09-12,ACH,PRPAY-2025-004652,2025-09-15,5
4653,4653,2025-09-12,Direct Deposit,PRPAY-2025-004653,2025-09-15,5
4654,4654,2025-09-12,Direct Deposit,PRPAY-2025-004654,2025-09-15,5
4655,4655,2025-09-12,Direct Deposit,PRPAY-2025-004655,2025-09-15,5
4656,4656,2025-09-12,Direct Deposit,PRPAY-2025-004656,2025-09-15,5
4657,4657,2025-09-12,Direct Deposit,PRPAY-2025-004657,2025-09-15,5
4658,4658,2025-09-12,Direct Deposit,PRPAY-2025-004658,2025-09-15,5
4659,4659,2025-09-12,ACH,PRPAY-2025-004659,2025-09-15,5
4660,4660,2025-09-12,ACH,PRPAY-2025-004660,2025-09-15,5
4661,4661,2025-09-12,Direct Deposit,PRPAY-2025-004661,2025-09-15,5
4662,4662,2025-09-12,Direct Deposit,PRPAY-2025-004662,2025-09-15,5
4663,4663,2025-09-12,ACH,PRPAY-2025-004663,2025-09-15,5
4664,4664,2025-09-12,Direct Deposit,PRPAY-2025-004664,2025-09-15,5
4665,4665,2025-09-12,ACH,PRPAY-2025-004665,2025-09-15,5
4666,4666,2025-09-12,Direct Deposit,PRPAY-2025-004666,2025-09-15,5
4667,4667,2025-09-12,ACH,PRPAY-2025-004667,2025-09-15,5
4668,4668,2025-09-12,Direct Deposit,PRPAY-2025-004668,2025-09-15,5
4669,4669,2025-09-12,Direct Deposit,PRPAY-2025-004669,2025-09-15,5
4670,4670,2025-09-12,ACH,PRPAY-2025-004670,2025-09-15,5
4671,4671,2025-09-12,Direct Deposit,PRPAY-2025-004671,2025-09-15,5
4672,4672,2025-09-12,Direct Deposit,PRPAY-2025-004672,2025-09-15,5
4673,4673,2025-09-12,ACH,PRPAY-2025-004673,2025-09-15,5
4674,4674,2025-09-12,ACH,PRPAY-2025-004674,2025-09-15,5
4675,4675,2025-09-26,Direct Deposit,PRPAY-2025-004675,2025-09-29,5
4676,4676,2025-09-26,ACH,PRPAY-2025-004676,2025-09-29,5
4677,4677,2025-09-26,ACH,PRPAY-2025-004677,2025-09-29,5
4678,4678,2025-09-26,ACH,PRPAY-2025-004678,2025-09-29,5
4679,4679,2025-09-26,Direct Deposit,PRPAY-2025-004679,2025-09-29,5
4680,4680,2025-09-26,ACH,PRPAY-2025-004680,2025-09-29,5
4681,4681,2025-09-26,ACH,PRPAY-2025-004681,2025-09-29,5
4682,4682,2025-09-26,Direct Deposit,PRPAY-2025-004682,2025-09-29,5
4683,4683,2025-09-26,ACH,PRPAY-2025-004683,2025-09-29,5
4684,4684,2025-09-26,ACH,PRPAY-2025-004684,2025-09-29,5
4685,4685,2025-09-26,Direct Deposit,PRPAY-2025-004685,2025-09-29,5
4686,4686,2025-09-26,Direct Deposit,PRPAY-2025-004686,2025-09-29,5
4687,4687,2025-09-26,Direct Deposit,PRPAY-2025-004687,2025-09-29,5
4688,4688,2025-09-26,ACH,PRPAY-2025-004688,2025-09-29,5
4689,4689,2025-09-26,Direct Deposit,PRPAY-2025-004689,2025-09-29,5
4690,4690,2025-09-26,Direct Deposit,PRPAY-2025-004690,2025-09-29,5
4691,4691,2025-09-26,ACH,PRPAY-2025-004691,2025-09-29,5
4692,4692,2025-09-26,Direct Deposit,PRPAY-2025-004692,2025-09-29,5
4693,4693,2025-09-26,ACH,PRPAY-2025-004693,2025-09-29,5
4694,4694,2025-09-26,Direct Deposit,PRPAY-2025-004694,2025-09-29,5
4695,4695,2025-09-26,Direct Deposit,PRPAY-2025-004695,2025-09-29,5
4696,4696,2025-09-26,Direct Deposit,PRPAY-2025-004696,2025-09-29,5
4697,4697,2025-09-26,Direct Deposit,PRPAY-2025-004697,2025-09-29,5
4698,4698,2025-09-26,ACH,PRPAY-2025-004698,2025-09-29,5
4699,4699,2025-09-26,Direct Deposit,PRPAY-2025-004699,2025-09-29,5
4700,4700,2025-09-26,Direct Deposit,PRPAY-2025-004700,2025-09-29,5
4701,4701,2025-09-26,Direct Deposit,PRPAY-2025-004701,2025-09-29,5
4702,4702,2025-09-26,ACH,PRPAY-2025-004702,2025-09-29,5
4703,4703,2025-09-26,Direct Deposit,PRPAY-2025-004703,2025-09-29,5
4704,4704,2025-09-26,ACH,PRPAY-2025-004704,2025-09-29,5
4705,4705,2025-09-26,ACH,PRPAY-2025-004705,2025-09-29,5
4706,4706,2025-09-26,Direct Deposit,PRPAY-2025-004706,2025-09-29,5
4707,4707,2025-09-26,Direct Deposit,PRPAY-2025-004707,2025-09-29,5
4708,4708,2025-09-26,ACH,PRPAY-2025-004708,2025-09-29,5
4709,4709,2025-09-26,ACH,PRPAY-2025-004709,2025-09-29,5
4710,4710,2025-09-26,ACH,PRPAY-2025-004710,2025-09-29,5
4711,4711,2025-09-26,Direct Deposit,PRPAY-2025-004711,2025-09-29,5
4712,4712,2025-09-26,Direct Deposit,PRPAY-2025-004712,2025-09-29,5
4713,4713,2025-09-26,ACH,PRPAY-2025-004713,2025-09-29,5
4714,4714,2025-09-26,ACH,PRPAY-2025-004714,2025-09-29,5
4715,4715,2025-09-26,ACH,PRPAY-2025-004715,2025-09-29,5
4716,4716,2025-09-26,Direct Deposit,PRPAY-2025-004716,2025-09-29,5
4717,4717,2025-09-26,ACH,PRPAY-2025-004717,2025-09-29,5
4718,4718,2025-09-26,Direct Deposit,PRPAY-2025-004718,2025-09-29,5
4719,4719,2025-09-26,Direct Deposit,PRPAY-2025-004719,2025-09-29,5
4720,4720,2025-09-26,ACH,PRPAY-2025-004720,2025-09-29,5
4721,4721,2025-09-26,Direct Deposit,PRPAY-2025-004721,2025-09-29,5
4722,4722,2025-09-26,ACH,PRPAY-2025-004722,2025-09-29,5
4723,4723,2025-09-26,Direct Deposit,PRPAY-2025-004723,2025-09-29,5
4724,4724,2025-09-26,Direct Deposit,PRPAY-2025-004724,2025-09-29,5
4725,4725,2025-09-26,ACH,PRPAY-2025-004725,2025-09-29,5
4726,4726,2025-09-26,Direct Deposit,PRPAY-2025-004726,2025-09-29,5
4727,4727,2025-09-26,Direct Deposit,PRPAY-2025-004727,2025-09-29,5
4728,4728,2025-09-26,Direct Deposit,PRPAY-2025-004728,2025-09-29,5
4729,4729,2025-09-26,Direct Deposit,PRPAY-2025-004729,2025-09-29,5
4730,4730,2025-09-26,ACH,PRPAY-2025-004730,2025-09-29,5
4731,4731,2025-09-26,ACH,PRPAY-2025-004731,2025-09-29,5
4732,4732,2025-09-26,ACH,PRPAY-2025-004732,2025-09-29,5
4733,4733,2025-09-26,Direct Deposit,PRPAY-2025-004733,2025-09-29,5
4734,4734,2025-09-26,Direct Deposit,PRPAY-2025-004734,2025-09-29,5
4735,4735,2025-09-26,Direct Deposit,PRPAY-2025-004735,2025-09-29,5
4736,4736,2025-09-26,Direct Deposit,PRPAY-2025-004736,2025-09-29,5
4737,4737,2025-09-26,ACH,PRPAY-2025-004737,2025-09-29,5
4738,4738,2025-09-26,ACH,PRPAY-2025-004738,2025-09-29,5
4739,4739,2025-09-26,ACH,PRPAY-2025-004739,2025-09-29,5
4740,4740,2025-09-26,ACH,PRPAY-2025-004740,2025-09-29,5
4741,4741,2025-09-26,Direct Deposit,PRPAY-2025-004741,2025-09-29,5
4742,4742,2025-09-26,ACH,PRPAY-2025-004742,2025-09-29,5
4743,4743,2025-09-26,Direct Deposit,PRPAY-2025-004743,2025-09-29,5
4744,4744,2025-09-26,ACH,PRPAY-2025-004744,2025-09-29,5
4745,4745,2025-09-26,ACH,PRPAY-2025-004745,2025-09-29,5
4746,4746,2025-09-26,ACH,PRPAY-2025-004746,2025-09-29,5
4747,4747,2025-09-26,ACH,PRPAY-2025-004747,2025-09-29,5
4748,4748,2025-09-26,ACH,PRPAY-2025-004748,2025-09-29,5
4749,4749,2025-09-26,Direct Deposit,PRPAY-2025-004749,2025-09-29,5
4750,4750,2025-09-26,Direct Deposit,PRPAY-2025-004750,2025-09-29,5
4751,4751,2025-09-26,Direct Deposit,PRPAY-2025-004751,2025-09-29,5
4752,4752,2025-09-26,Direct Deposit,PRPAY-2025-004752,2025-09-29,5
4753,4753,2025-09-26,Direct Deposit,PRPAY-2025-004753,2025-09-29,5
4754,4754,2025-09-26,Direct Deposit,PRPAY-2025-004754,2025-09-29,5
4755,4755,2025-09-26,Direct Deposit,PRPAY-2025-004755,2025-09-29,5
4756,4756,2025-09-26,Direct Deposit,PRPAY-2025-004756,2025-09-29,5
4757,4757,2025-09-26,Direct Deposit,PRPAY-2025-004757,2025-09-29,5
4758,4758,2025-09-26,ACH,PRPAY-2025-004758,2025-09-29,5
4759,4759,2025-09-26,ACH,PRPAY-2025-004759,2025-09-29,5
4760,4760,2025-09-26,ACH,PRPAY-2025-004760,2025-09-29,5
4761,4761,2025-09-26,ACH,PRPAY-2025-004761,2025-09-29,5
4762,4762,2025-09-26,ACH,PRPAY-2025-004762,2025-09-29,5
4763,4763,2025-09-26,ACH,PRPAY-2025-004763,2025-09-29,5
4764,4764,2025-09-26,Direct Deposit,PRPAY-2025-004764,2025-09-29,5
4765,4765,2025-09-26,ACH,PRPAY-2025-004765,2025-09-29,5
4766,4766,2025-09-26,ACH,PRPAY-2025-004766,2025-09-29,5
4767,4767,2025-09-26,ACH,PRPAY-2025-004767,2025-09-29,5
4768,4768,2025-09-26,ACH,PRPAY-2025-004768,2025-09-29,5
4769,4769,2025-09-26,Direct Deposit,PRPAY-2025-004769,2025-09-29,5
4770,4770,2025-09-26,ACH,PRPAY-2025-004770,2025-09-29,5
4771,4771,2025-09-26,Direct Deposit,PRPAY-2025-004771,2025-09-29,5
4772,4772,2025-09-26,Direct Deposit,PRPAY-2025-004772,2025-09-29,5
4773,4773,2025-09-26,Direct Deposit,PRPAY-2025-004773,2025-09-29,5
4774,4774,2025-09-26,ACH,PRPAY-2025-004774,2025-09-29,5
4775,4775,2025-09-26,ACH,PRPAY-2025-004775,2025-09-29,5
4776,4776,2025-09-26,ACH,PRPAY-2025-004776,2025-09-29,5
4777,4777,2025-09-26,Direct Deposit,PRPAY-2025-004777,2025-09-29,5
4778,4778,2025-09-26,Direct Deposit,PRPAY-2025-004778,2025-09-29,5
4779,4779,2025-09-26,ACH,PRPAY-2025-004779,2025-09-29,5
4780,4780,2025-09-26,ACH,PRPAY-2025-004780,2025-09-29,5
4781,4781,2025-09-26,Direct Deposit,PRPAY-2025-004781,2025-09-29,5
4782,4782,2025-10-10,Direct Deposit,PRPAY-2025-004782,2025-10-13,5
4783,4783,2025-10-10,Direct Deposit,PRPAY-2025-004783,2025-10-13,5
4784,4784,2025-10-10,ACH,PRPAY-2025-004784,2025-10-13,5
4785,4785,2025-10-10,Direct Deposit,PRPAY-2025-004785,2025-10-13,5
4786,4786,2025-10-10,Direct Deposit,PRPAY-2025-004786,2025-10-13,5
4787,4787,2025-10-10,ACH,PRPAY-2025-004787,2025-10-13,5
4788,4788,2025-10-10,Direct Deposit,PRPAY-2025-004788,2025-10-13,5
4789,4789,2025-10-10,ACH,PRPAY-2025-004789,2025-10-13,5
4790,4790,2025-10-10,Direct Deposit,PRPAY-2025-004790,2025-10-13,5
4791,4791,2025-10-10,ACH,PRPAY-2025-004791,2025-10-13,5
4792,4792,2025-10-10,Direct Deposit,PRPAY-2025-004792,2025-10-13,5
4793,4793,2025-10-10,ACH,PRPAY-2025-004793,2025-10-13,5
4794,4794,2025-10-10,Direct Deposit,PRPAY-2025-004794,2025-10-13,5
4795,4795,2025-10-10,Direct Deposit,PRPAY-2025-004795,2025-10-13,5
4796,4796,2025-10-10,Direct Deposit,PRPAY-2025-004796,2025-10-13,5
4797,4797,2025-10-10,ACH,PRPAY-2025-004797,2025-10-13,5
4798,4798,2025-10-10,Direct Deposit,PRPAY-2025-004798,2025-10-13,5
4799,4799,2025-10-10,Direct Deposit,PRPAY-2025-004799,2025-10-13,5
4800,4800,2025-10-10,ACH,PRPAY-2025-004800,2025-10-13,5
4801,4801,2025-10-10,Direct Deposit,PRPAY-2025-004801,2025-10-13,5
4802,4802,2025-10-10,Direct Deposit,PRPAY-2025-004802,2025-10-13,5
4803,4803,2025-10-10,ACH,PRPAY-2025-004803,2025-10-13,5
4804,4804,2025-10-10,ACH,PRPAY-2025-004804,2025-10-13,5
4805,4805,2025-10-10,Direct Deposit,PRPAY-2025-004805,2025-10-13,5
4806,4806,2025-10-10,ACH,PRPAY-2025-004806,2025-10-13,5
4807,4807,2025-10-10,ACH,PRPAY-2025-004807,2025-10-13,5
4808,4808,2025-10-10,ACH,PRPAY-2025-004808,2025-10-13,5
4809,4809,2025-10-10,Direct Deposit,PRPAY-2025-004809,2025-10-13,5
4810,4810,2025-10-10,Direct Deposit,PRPAY-2025-004810,2025-10-13,5
4811,4811,2025-10-10,ACH,PRPAY-2025-004811,2025-10-13,5
4812,4812,2025-10-10,ACH,PRPAY-2025-004812,2025-10-13,5
4813,4813,2025-10-10,ACH,PRPAY-2025-004813,2025-10-13,5
4814,4814,2025-10-10,Direct Deposit,PRPAY-2025-004814,2025-10-13,5
4815,4815,2025-10-10,ACH,PRPAY-2025-004815,2025-10-13,5
4816,4816,2025-10-10,Direct Deposit,PRPAY-2025-004816,2025-10-13,5
4817,4817,2025-10-10,Direct Deposit,PRPAY-2025-004817,2025-10-13,5
4818,4818,2025-10-10,Direct Deposit,PRPAY-2025-004818,2025-10-13,5
4819,4819,2025-10-10,Direct Deposit,PRPAY-2025-004819,2025-10-13,5
4820,4820,2025-10-10,ACH,PRPAY-2025-004820,2025-10-13,5
4821,4821,2025-10-10,ACH,PRPAY-2025-004821,2025-10-13,5
4822,4822,2025-10-10,ACH,PRPAY-2025-004822,2025-10-13,5
4823,4823,2025-10-10,Direct Deposit,PRPAY-2025-004823,2025-10-13,5
4824,4824,2025-10-10,ACH,PRPAY-2025-004824,2025-10-13,5
4825,4825,2025-10-10,Direct Deposit,PRPAY-2025-004825,2025-10-13,5
4826,4826,2025-10-10,Direct Deposit,PRPAY-2025-004826,2025-10-13,5
4827,4827,2025-10-10,Direct Deposit,PRPAY-2025-004827,2025-10-13,5
4828,4828,2025-10-10,ACH,PRPAY-2025-004828,2025-10-13,5
4829,4829,2025-10-10,Direct Deposit,PRPAY-2025-004829,2025-10-13,5
4830,4830,2025-10-10,ACH,PRPAY-2025-004830,2025-10-13,5
4831,4831,2025-10-10,Direct Deposit,PRPAY-2025-004831,2025-10-13,5
4832,4832,2025-10-10,ACH,PRPAY-2025-004832,2025-10-13,5
4833,4833,2025-10-10,ACH,PRPAY-2025-004833,2025-10-13,5
4834,4834,2025-10-10,ACH,PRPAY-2025-004834,2025-10-13,5
4835,4835,2025-10-10,ACH,PRPAY-2025-004835,2025-10-13,5
4836,4836,2025-10-10,Direct Deposit,PRPAY-2025-004836,2025-10-13,5
4837,4837,2025-10-10,Direct Deposit,PRPAY-2025-004837,2025-10-13,5
4838,4838,2025-10-10,ACH,PRPAY-2025-004838,2025-10-13,5
4839,4839,2025-10-10,Direct Deposit,PRPAY-2025-004839,2025-10-13,5
4840,4840,2025-10-10,ACH,PRPAY-2025-004840,2025-10-13,5
4841,4841,2025-10-10,ACH,PRPAY-2025-004841,2025-10-13,5
4842,4842,2025-10-10,ACH,PRPAY-2025-004842,2025-10-13,5
4843,4843,2025-10-10,Direct Deposit,PRPAY-2025-004843,2025-10-13,5
4844,4844,2025-10-10,Direct Deposit,PRPAY-2025-004844,2025-10-13,5
4845,4845,2025-10-10,ACH,PRPAY-2025-004845,2025-10-13,5
4846,4846,2025-10-10,ACH,PRPAY-2025-004846,2025-10-13,5
4847,4847,2025-10-10,ACH,PRPAY-2025-004847,2025-10-13,5
4848,4848,2025-10-10,ACH,PRPAY-2025-004848,2025-10-13,5
4849,4849,2025-10-10,Direct Deposit,PRPAY-2025-004849,2025-10-13,5
4850,4850,2025-10-10,ACH,PRPAY-2025-004850,2025-10-13,5
4851,4851,2025-10-10,Direct Deposit,PRPAY-2025-004851,2025-10-13,5
4852,4852,2025-10-10,ACH,PRPAY-2025-004852,2025-10-13,5
4853,4853,2025-10-10,ACH,PRPAY-2025-004853,2025-10-13,5
4854,4854,2025-10-10,ACH,PRPAY-2025-004854,2025-10-13,5
4855,4855,2025-10-10,ACH,PRPAY-2025-004855,2025-10-13,5
4856,4856,2025-10-10,Direct Deposit,PRPAY-2025-004856,2025-10-13,5
4857,4857,2025-10-10,ACH,PRPAY-2025-004857,2025-10-13,5
4858,4858,2025-10-10,ACH,PRPAY-2025-004858,2025-10-13,5
4859,4859,2025-10-10,ACH,PRPAY-2025-004859,2025-10-13,5
4860,4860,2025-10-10,ACH,PRPAY-2025-004860,2025-10-13,5
4861,4861,2025-10-10,ACH,PRPAY-2025-004861,2025-10-13,5
4862,4862,2025-10-10,ACH,PRPAY-2025-004862,2025-10-13,5
4863,4863,2025-10-10,Direct Deposit,PRPAY-2025-004863,2025-10-13,5
4864,4864,2025-10-10,Direct Deposit,PRPAY-2025-004864,2025-10-13,5
4865,4865,2025-10-10,Direct Deposit,PRPAY-2025-004865,2025-10-13,5
4866,4866,2025-10-10,Direct Deposit,PRPAY-2025-004866,2025-10-13,5
4867,4867,2025-10-10,Direct Deposit,PRPAY-2025-004867,2025-10-13,5
4868,4868,2025-10-10,Direct Deposit,PRPAY-2025-004868,2025-10-13,5
4869,4869,2025-10-10,ACH,PRPAY-2025-004869,2025-10-13,5
4870,4870,2025-10-10,ACH,PRPAY-2025-004870,2025-10-13,5
4871,4871,2025-10-10,Direct Deposit,PRPAY-2025-004871,2025-10-13,5
4872,4872,2025-10-10,ACH,PRPAY-2025-004872,2025-10-13,5
4873,4873,2025-10-10,ACH,PRPAY-2025-004873,2025-10-13,5
4874,4874,2025-10-10,ACH,PRPAY-2025-004874,2025-10-13,5
4875,4875,2025-10-10,ACH,PRPAY-2025-004875,2025-10-13,5
4876,4876,2025-10-10,Direct Deposit,PRPAY-2025-004876,2025-10-13,5
4877,4877,2025-10-10,Direct Deposit,PRPAY-2025-004877,2025-10-13,5
4878,4878,2025-10-10,Direct Deposit,PRPAY-2025-004878,2025-10-13,5
4879,4879,2025-10-10,ACH,PRPAY-2025-004879,2025-10-13,5
4880,4880,2025-10-10,Direct Deposit,PRPAY-2025-004880,2025-10-13,5
4881,4881,2025-10-10,ACH,PRPAY-2025-004881,2025-10-13,5
4882,4882,2025-10-10,ACH,PRPAY-2025-004882,2025-10-13,5
4883,4883,2025-10-10,Direct Deposit,PRPAY-2025-004883,2025-10-13,5
4884,4884,2025-10-10,Direct Deposit,PRPAY-2025-004884,2025-10-13,5
4885,4885,2025-10-10,ACH,PRPAY-2025-004885,2025-10-13,5
4886,4886,2025-10-10,Direct Deposit,PRPAY-2025-004886,2025-10-13,5
4887,4887,2025-10-10,ACH,PRPAY-2025-004887,2025-10-13,5
4888,4888,2025-10-24,Direct Deposit,PRPAY-2025-004888,2025-10-27,5
4889,4889,2025-10-24,Direct Deposit,PRPAY-2025-004889,2025-10-27,5
4890,4890,2025-10-24,Direct Deposit,PRPAY-2025-004890,2025-10-27,5
4891,4891,2025-10-24,ACH,PRPAY-2025-004891,2025-10-27,5
4892,4892,2025-10-24,Direct Deposit,PRPAY-2025-004892,2025-10-27,5
4893,4893,2025-10-24,ACH,PRPAY-2025-004893,2025-10-27,5
4894,4894,2025-10-24,ACH,PRPAY-2025-004894,2025-10-27,5
4895,4895,2025-10-24,Direct Deposit,PRPAY-2025-004895,2025-10-27,5
4896,4896,2025-10-24,Direct Deposit,PRPAY-2025-004896,2025-10-27,5
4897,4897,2025-10-24,ACH,PRPAY-2025-004897,2025-10-27,5
4898,4898,2025-10-24,Direct Deposit,PRPAY-2025-004898,2025-10-27,5
4899,4899,2025-10-24,ACH,PRPAY-2025-004899,2025-10-27,5
4900,4900,2025-10-24,ACH,PRPAY-2025-004900,2025-10-27,5
4901,4901,2025-10-24,Direct Deposit,PRPAY-2025-004901,2025-10-27,5
4902,4902,2025-10-24,Direct Deposit,PRPAY-2025-004902,2025-10-27,5
4903,4903,2025-10-24,ACH,PRPAY-2025-004903,2025-10-27,5
4904,4904,2025-10-24,ACH,PRPAY-2025-004904,2025-10-27,5
4905,4905,2025-10-24,ACH,PRPAY-2025-004905,2025-10-27,5
4906,4906,2025-10-24,Direct Deposit,PRPAY-2025-004906,2025-10-27,5
4907,4907,2025-10-24,ACH,PRPAY-2025-004907,2025-10-27,5
4908,4908,2025-10-24,ACH,PRPAY-2025-004908,2025-10-27,5
4909,4909,2025-10-24,Direct Deposit,PRPAY-2025-004909,2025-10-27,5
4910,4910,2025-10-24,ACH,PRPAY-2025-004910,2025-10-27,5
4911,4911,2025-10-24,ACH,PRPAY-2025-004911,2025-10-27,5
4912,4912,2025-10-24,Direct Deposit,PRPAY-2025-004912,2025-10-27,5
4913,4913,2025-10-24,Direct Deposit,PRPAY-2025-004913,2025-10-27,5
4914,4914,2025-10-24,ACH,PRPAY-2025-004914,2025-10-27,5
4915,4915,2025-10-24,Direct Deposit,PRPAY-2025-004915,2025-10-27,5
4916,4916,2025-10-24,Direct Deposit,PRPAY-2025-004916,2025-10-27,5
4917,4917,2025-10-24,ACH,PRPAY-2025-004917,2025-10-27,5
4918,4918,2025-10-24,ACH,PRPAY-2025-004918,2025-10-27,5
4919,4919,2025-10-24,ACH,PRPAY-2025-004919,2025-10-27,5
4920,4920,2025-10-24,Direct Deposit,PRPAY-2025-004920,2025-10-27,5
4921,4921,2025-10-24,Direct Deposit,PRPAY-2025-004921,2025-10-27,5
4922,4922,2025-10-24,Direct Deposit,PRPAY-2025-004922,2025-10-27,5
4923,4923,2025-10-24,ACH,PRPAY-2025-004923,2025-10-27,5
4924,4924,2025-10-24,Direct Deposit,PRPAY-2025-004924,2025-10-27,5
4925,4925,2025-10-24,Direct Deposit,PRPAY-2025-004925,2025-10-27,5
4926,4926,2025-10-24,ACH,PRPAY-2025-004926,2025-10-27,5
4927,4927,2025-10-24,Direct Deposit,PRPAY-2025-004927,2025-10-27,5
4928,4928,2025-10-24,Direct Deposit,PRPAY-2025-004928,2025-10-27,5
4929,4929,2025-10-24,ACH,PRPAY-2025-004929,2025-10-27,5
4930,4930,2025-10-24,Direct Deposit,PRPAY-2025-004930,2025-10-27,5
4931,4931,2025-10-24,Direct Deposit,PRPAY-2025-004931,2025-10-27,5
4932,4932,2025-10-24,ACH,PRPAY-2025-004932,2025-10-27,5
4933,4933,2025-10-24,Direct Deposit,PRPAY-2025-004933,2025-10-27,5
4934,4934,2025-10-24,ACH,PRPAY-2025-004934,2025-10-27,5
4935,4935,2025-10-24,ACH,PRPAY-2025-004935,2025-10-27,5
4936,4936,2025-10-24,Direct Deposit,PRPAY-2025-004936,2025-10-27,5
4937,4937,2025-10-24,ACH,PRPAY-2025-004937,2025-10-27,5
4938,4938,2025-10-24,ACH,PRPAY-2025-004938,2025-10-27,5
4939,4939,2025-10-24,Direct Deposit,PRPAY-2025-004939,2025-10-27,5
4940,4940,2025-10-24,Direct Deposit,PRPAY-2025-004940,2025-10-27,5
4941,4941,2025-10-24,ACH,PRPAY-2025-004941,2025-10-27,5
4942,4942,2025-10-24,Direct Deposit,PRPAY-2025-004942,2025-10-27,5
4943,4943,2025-10-24,ACH,PRPAY-2025-004943,2025-10-27,5
4944,4944,2025-10-24,ACH,PRPAY-2025-004944,2025-10-27,5
4945,4945,2025-10-24,Direct Deposit,PRPAY-2025-004945,2025-10-27,5
4946,4946,2025-10-24,ACH,PRPAY-2025-004946,2025-10-27,5
4947,4947,2025-10-24,ACH,PRPAY-2025-004947,2025-10-27,5
4948,4948,2025-10-24,ACH,PRPAY-2025-004948,2025-10-27,5
4949,4949,2025-10-24,ACH,PRPAY-2025-004949,2025-10-27,5
4950,4950,2025-10-24,Direct Deposit,PRPAY-2025-004950,2025-10-27,5
4951,4951,2025-10-24,Direct Deposit,PRPAY-2025-004951,2025-10-27,5
4952,4952,2025-10-24,ACH,PRPAY-2025-004952,2025-10-27,5
4953,4953,2025-10-24,Direct Deposit,PRPAY-2025-004953,2025-10-27,5
4954,4954,2025-10-24,ACH,PRPAY-2025-004954,2025-10-27,5
4955,4955,2025-10-24,Direct Deposit,PRPAY-2025-004955,2025-10-27,5
4956,4956,2025-10-24,ACH,PRPAY-2025-004956,2025-10-27,5
4957,4957,2025-10-24,Direct Deposit,PRPAY-2025-004957,2025-10-27,5
4958,4958,2025-10-24,Direct Deposit,PRPAY-2025-004958,2025-10-27,5
4959,4959,2025-10-24,Direct Deposit,PRPAY-2025-004959,2025-10-27,5
4960,4960,2025-10-24,Direct Deposit,PRPAY-2025-004960,2025-10-27,5
4961,4961,2025-10-24,ACH,PRPAY-2025-004961,2025-10-27,5
4962,4962,2025-10-24,ACH,PRPAY-2025-004962,2025-10-27,5
4963,4963,2025-10-24,ACH,PRPAY-2025-004963,2025-10-27,5
4964,4964,2025-10-24,Direct Deposit,PRPAY-2025-004964,2025-10-27,5
4965,4965,2025-10-24,Direct Deposit,PRPAY-2025-004965,2025-10-27,5
4966,4966,2025-10-24,Direct Deposit,PRPAY-2025-004966,2025-10-27,5
4967,4967,2025-10-24,ACH,PRPAY-2025-004967,2025-10-27,5
4968,4968,2025-10-24,Direct Deposit,PRPAY-2025-004968,2025-10-27,5
4969,4969,2025-10-24,Direct Deposit,PRPAY-2025-004969,2025-10-27,5
4970,4970,2025-10-24,ACH,PRPAY-2025-004970,2025-10-27,5
4971,4971,2025-10-24,ACH,PRPAY-2025-004971,2025-10-27,5
4972,4972,2025-10-24,ACH,PRPAY-2025-004972,2025-10-27,5
4973,4973,2025-10-24,Direct Deposit,PRPAY-2025-004973,2025-10-27,5
4974,4974,2025-10-24,Direct Deposit,PRPAY-2025-004974,2025-10-27,5
4975,4975,2025-10-24,Direct Deposit,PRPAY-2025-004975,2025-10-27,5
4976,4976,2025-10-24,ACH,PRPAY-2025-004976,2025-10-27,5
4977,4977,2025-10-24,ACH,PRPAY-2025-004977,2025-10-27,5
4978,4978,2025-10-24,Direct Deposit,PRPAY-2025-004978,2025-10-27,5
4979,4979,2025-10-24,ACH,PRPAY-2025-004979,2025-10-27,5
4980,4980,2025-10-24,ACH,PRPAY-2025-004980,2025-10-27,5
4981,4981,2025-10-24,Direct Deposit,PRPAY-2025-004981,2025-10-27,5
4982,4982,2025-10-24,ACH,PRPAY-2025-004982,2025-10-27,5
4983,4983,2025-10-24,Direct Deposit,PRPAY-2025-004983,2025-10-27,5
4984,4984,2025-10-24,Direct Deposit,PRPAY-2025-004984,2025-10-27,5
4985,4985,2025-10-24,Direct Deposit,PRPAY-2025-004985,2025-10-27,5
4986,4986,2025-10-24,ACH,PRPAY-2025-004986,2025-10-27,5
4987,4987,2025-10-24,Direct Deposit,PRPAY-2025-004987,2025-10-27,5
4988,4988,2025-10-24,ACH,PRPAY-2025-004988,2025-10-27,5
4989,4989,2025-10-24,ACH,PRPAY-2025-004989,2025-10-27,5
4990,4990,2025-10-24,ACH,PRPAY-2025-004990,2025-10-27,5
4991,4991,2025-10-24,ACH,PRPAY-2025-004991,2025-10-27,5
4992,4992,2025-10-24,ACH,PRPAY-2025-004992,2025-10-27,5
4993,4993,2025-10-24,ACH,PRPAY-2025-004993,2025-10-27,5
4994,4994,2025-11-07,ACH,PRPAY-2025-004994,2025-11-10,5
4995,4995,2025-11-07,ACH,PRPAY-2025-004995,2025-11-10,5
4996,4996,2025-11-07,ACH,PRPAY-2025-004996,2025-11-10,5
4997,4997,2025-11-07,ACH,PRPAY-2025-004997,2025-11-10,5
4998,4998,2025-11-07,Direct Deposit,PRPAY-2025-004998,2025-11-10,5
4999,4999,2025-11-07,ACH,PRPAY-2025-004999,2025-11-10,5
5000,5000,2025-11-07,Direct Deposit,PRPAY-2025-005000,2025-11-10,5
5001,5001,2025-11-07,Direct Deposit,PRPAY-2025-005001,2025-11-10,5
5002,5002,2025-11-07,ACH,PRPAY-2025-005002,2025-11-10,5
5003,5003,2025-11-07,ACH,PRPAY-2025-005003,2025-11-10,5
5004,5004,2025-11-07,Direct Deposit,PRPAY-2025-005004,2025-11-10,5
5005,5005,2025-11-07,ACH,PRPAY-2025-005005,2025-11-10,5
5006,5006,2025-11-07,Direct Deposit,PRPAY-2025-005006,2025-11-10,5
5007,5007,2025-11-07,Direct Deposit,PRPAY-2025-005007,2025-11-10,5
5008,5008,2025-11-07,ACH,PRPAY-2025-005008,2025-11-10,5
5009,5009,2025-11-07,Direct Deposit,PRPAY-2025-005009,2025-11-10,5
5010,5010,2025-11-07,Direct Deposit,PRPAY-2025-005010,2025-11-10,5
5011,5011,2025-11-07,Direct Deposit,PRPAY-2025-005011,2025-11-10,5
5012,5012,2025-11-07,ACH,PRPAY-2025-005012,2025-11-10,5
5013,5013,2025-11-07,Direct Deposit,PRPAY-2025-005013,2025-11-10,5
5014,5014,2025-11-07,Direct Deposit,PRPAY-2025-005014,2025-11-10,5
5015,5015,2025-11-07,ACH,PRPAY-2025-005015,2025-11-10,5
5016,5016,2025-11-07,ACH,PRPAY-2025-005016,2025-11-10,5
5017,5017,2025-11-07,ACH,PRPAY-2025-005017,2025-11-10,5
5018,5018,2025-11-07,ACH,PRPAY-2025-005018,2025-11-10,5
5019,5019,2025-11-07,ACH,PRPAY-2025-005019,2025-11-10,5
5020,5020,2025-11-07,ACH,PRPAY-2025-005020,2025-11-10,5
5021,5021,2025-11-07,ACH,PRPAY-2025-005021,2025-11-10,5
5022,5022,2025-11-07,Direct Deposit,PRPAY-2025-005022,2025-11-10,5
5023,5023,2025-11-07,ACH,PRPAY-2025-005023,2025-11-10,5
5024,5024,2025-11-07,ACH,PRPAY-2025-005024,2025-11-10,5
5025,5025,2025-11-07,Direct Deposit,PRPAY-2025-005025,2025-11-10,5
5026,5026,2025-11-07,ACH,PRPAY-2025-005026,2025-11-10,5
5027,5027,2025-11-07,ACH,PRPAY-2025-005027,2025-11-10,5
5028,5028,2025-11-07,ACH,PRPAY-2025-005028,2025-11-10,5
5029,5029,2025-11-07,Direct Deposit,PRPAY-2025-005029,2025-11-10,5
5030,5030,2025-11-07,Direct Deposit,PRPAY-2025-005030,2025-11-10,5
5031,5031,2025-11-07,Direct Deposit,PRPAY-2025-005031,2025-11-10,5
5032,5032,2025-11-07,Direct Deposit,PRPAY-2025-005032,2025-11-10,5
5033,5033,2025-11-07,Direct Deposit,PRPAY-2025-005033,2025-11-10,5
5034,5034,2025-11-07,ACH,PRPAY-2025-005034,2025-11-10,5
5035,5035,2025-11-07,ACH,PRPAY-2025-005035,2025-11-10,5
5036,5036,2025-11-07,ACH,PRPAY-2025-005036,2025-11-10,5
5037,5037,2025-11-07,ACH,PRPAY-2025-005037,2025-11-10,5
5038,5038,2025-11-07,ACH,PRPAY-2025-005038,2025-11-10,5
5039,5039,2025-11-07,Direct Deposit,PRPAY-2025-005039,2025-11-10,5
5040,5040,2025-11-07,ACH,PRPAY-2025-005040,2025-11-10,5
5041,5041,2025-11-07,Direct Deposit,PRPAY-2025-005041,2025-11-10,5
5042,5042,2025-11-07,Direct Deposit,PRPAY-2025-005042,2025-11-10,5
5043,5043,2025-11-07,Direct Deposit,PRPAY-2025-005043,2025-11-10,5
5044,5044,2025-11-07,Direct Deposit,PRPAY-2025-005044,2025-11-10,5
5045,5045,2025-11-07,ACH,PRPAY-2025-005045,2025-11-10,5
5046,5046,2025-11-07,ACH,PRPAY-2025-005046,2025-11-10,5
5047,5047,2025-11-07,Direct Deposit,PRPAY-2025-005047,2025-11-10,5
5048,5048,2025-11-07,Direct Deposit,PRPAY-2025-005048,2025-11-10,5
5049,5049,2025-11-07,Direct Deposit,PRPAY-2025-005049,2025-11-10,5
5050,5050,2025-11-07,Direct Deposit,PRPAY-2025-005050,2025-11-10,5
5051,5051,2025-11-07,Direct Deposit,PRPAY-2025-005051,2025-11-10,5
5052,5052,2025-11-07,ACH,PRPAY-2025-005052,2025-11-10,5
5053,5053,2025-11-07,Direct Deposit,PRPAY-2025-005053,2025-11-10,5
5054,5054,2025-11-07,Direct Deposit,PRPAY-2025-005054,2025-11-10,5
5055,5055,2025-11-07,ACH,PRPAY-2025-005055,2025-11-10,5
5056,5056,2025-11-07,ACH,PRPAY-2025-005056,2025-11-10,5
5057,5057,2025-11-07,ACH,PRPAY-2025-005057,2025-11-10,5
5058,5058,2025-11-07,Direct Deposit,PRPAY-2025-005058,2025-11-10,5
5059,5059,2025-11-07,ACH,PRPAY-2025-005059,2025-11-10,5
5060,5060,2025-11-07,ACH,PRPAY-2025-005060,2025-11-10,5
5061,5061,2025-11-07,Direct Deposit,PRPAY-2025-005061,2025-11-10,5
5062,5062,2025-11-07,Direct Deposit,PRPAY-2025-005062,2025-11-10,5
5063,5063,2025-11-07,Direct Deposit,PRPAY-2025-005063,2025-11-10,5
5064,5064,2025-11-07,ACH,PRPAY-2025-005064,2025-11-10,5
5065,5065,2025-11-07,Direct Deposit,PRPAY-2025-005065,2025-11-10,5
5066,5066,2025-11-07,Direct Deposit,PRPAY-2025-005066,2025-11-10,5
5067,5067,2025-11-07,Direct Deposit,PRPAY-2025-005067,2025-11-10,5
5068,5068,2025-11-07,ACH,PRPAY-2025-005068,2025-11-10,5
5069,5069,2025-11-07,Direct Deposit,PRPAY-2025-005069,2025-11-10,5
5070,5070,2025-11-07,ACH,PRPAY-2025-005070,2025-11-10,5
5071,5071,2025-11-07,ACH,PRPAY-2025-005071,2025-11-10,5
5072,5072,2025-11-07,Direct Deposit,PRPAY-2025-005072,2025-11-10,5
5073,5073,2025-11-07,Direct Deposit,PRPAY-2025-005073,2025-11-10,5
5074,5074,2025-11-07,Direct Deposit,PRPAY-2025-005074,2025-11-10,5
5075,5075,2025-11-07,Direct Deposit,PRPAY-2025-005075,2025-11-10,5
5076,5076,2025-11-07,Direct Deposit,PRPAY-2025-005076,2025-11-10,5
5077,5077,2025-11-07,Direct Deposit,PRPAY-2025-005077,2025-11-10,5
5078,5078,2025-11-07,Direct Deposit,PRPAY-2025-005078,2025-11-10,5
5079,5079,2025-11-07,ACH,PRPAY-2025-005079,2025-11-10,5
5080,5080,2025-11-07,Direct Deposit,PRPAY-2025-005080,2025-11-10,5
5081,5081,2025-11-07,Direct Deposit,PRPAY-2025-005081,2025-11-10,5
5082,5082,2025-11-07,ACH,PRPAY-2025-005082,2025-11-10,5
5083,5083,2025-11-07,Direct Deposit,PRPAY-2025-005083,2025-11-10,5
5084,5084,2025-11-07,Direct Deposit,PRPAY-2025-005084,2025-11-10,5
5085,5085,2025-11-07,ACH,PRPAY-2025-005085,2025-11-10,5
5086,5086,2025-11-07,Direct Deposit,PRPAY-2025-005086,2025-11-10,5
5087,5087,2025-11-07,ACH,PRPAY-2025-005087,2025-11-10,5
5088,5088,2025-11-07,ACH,PRPAY-2025-005088,2025-11-10,5
5089,5089,2025-11-07,Direct Deposit,PRPAY-2025-005089,2025-11-10,5
5090,5090,2025-11-07,ACH,PRPAY-2025-005090,2025-11-10,5
5091,5091,2025-11-07,ACH,PRPAY-2025-005091,2025-11-10,5
5092,5092,2025-11-07,Direct Deposit,PRPAY-2025-005092,2025-11-10,5
5093,5093,2025-11-07,ACH,PRPAY-2025-005093,2025-11-10,5
5094,5094,2025-11-07,Direct Deposit,PRPAY-2025-005094,2025-11-10,5
5095,5095,2025-11-07,ACH,PRPAY-2025-005095,2025-11-10,5
5096,5096,2025-11-07,Direct Deposit,PRPAY-2025-005096,2025-11-10,5
5097,5097,2025-11-07,ACH,PRPAY-2025-005097,2025-11-10,5
5098,5098,2025-11-07,ACH,PRPAY-2025-005098,2025-11-10,5
5099,5099,2025-11-07,ACH,PRPAY-2025-005099,2025-11-10,5
5100,5100,2025-11-07,Direct Deposit,PRPAY-2025-005100,2025-11-10,5
5101,5101,2025-11-21,ACH,PRPAY-2025-005101,2025-11-24,5
5102,5102,2025-11-21,Direct Deposit,PRPAY-2025-005102,2025-11-24,5
5103,5103,2025-11-21,Direct Deposit,PRPAY-2025-005103,2025-11-24,5
5104,5104,2025-11-21,ACH,PRPAY-2025-005104,2025-11-24,5
5105,5105,2025-11-21,ACH,PRPAY-2025-005105,2025-11-24,5
5106,5106,2025-11-21,ACH,PRPAY-2025-005106,2025-11-24,5
5107,5107,2025-11-21,Direct Deposit,PRPAY-2025-005107,2025-11-24,5
5108,5108,2025-11-21,Direct Deposit,PRPAY-2025-005108,2025-11-24,5
5109,5109,2025-11-21,ACH,PRPAY-2025-005109,2025-11-24,5
5110,5110,2025-11-21,ACH,PRPAY-2025-005110,2025-11-24,5
5111,5111,2025-11-21,Direct Deposit,PRPAY-2025-005111,2025-11-24,5
5112,5112,2025-11-21,Direct Deposit,PRPAY-2025-005112,2025-11-24,5
5113,5113,2025-11-21,Direct Deposit,PRPAY-2025-005113,2025-11-24,5
5114,5114,2025-11-21,ACH,PRPAY-2025-005114,2025-11-24,5
5115,5115,2025-11-21,Direct Deposit,PRPAY-2025-005115,2025-11-24,5
5116,5116,2025-11-21,ACH,PRPAY-2025-005116,2025-11-24,5
5117,5117,2025-11-21,Direct Deposit,PRPAY-2025-005117,2025-11-24,5
5118,5118,2025-11-21,Direct Deposit,PRPAY-2025-005118,2025-11-24,5
5119,5119,2025-11-21,Direct Deposit,PRPAY-2025-005119,2025-11-24,5
5120,5120,2025-11-21,Direct Deposit,PRPAY-2025-005120,2025-11-24,5
5121,5121,2025-11-21,Direct Deposit,PRPAY-2025-005121,2025-11-24,5
5122,5122,2025-11-21,Direct Deposit,PRPAY-2025-005122,2025-11-24,5
5123,5123,2025-11-21,ACH,PRPAY-2025-005123,2025-11-24,5
5124,5124,2025-11-21,Direct Deposit,PRPAY-2025-005124,2025-11-24,5
5125,5125,2025-11-21,Direct Deposit,PRPAY-2025-005125,2025-11-24,5
5126,5126,2025-11-21,ACH,PRPAY-2025-005126,2025-11-24,5
5127,5127,2025-11-21,Direct Deposit,PRPAY-2025-005127,2025-11-24,5
5128,5128,2025-11-21,ACH,PRPAY-2025-005128,2025-11-24,5
5129,5129,2025-11-21,Direct Deposit,PRPAY-2025-005129,2025-11-24,5
5130,5130,2025-11-21,ACH,PRPAY-2025-005130,2025-11-24,5
5131,5131,2025-11-21,Direct Deposit,PRPAY-2025-005131,2025-11-24,5
5132,5132,2025-11-21,ACH,PRPAY-2025-005132,2025-11-24,5
5133,5133,2025-11-21,Direct Deposit,PRPAY-2025-005133,2025-11-24,5
5134,5134,2025-11-21,ACH,PRPAY-2025-005134,2025-11-24,5
5135,5135,2025-11-21,Direct Deposit,PRPAY-2025-005135,2025-11-24,5
5136,5136,2025-11-21,ACH,PRPAY-2025-005136,2025-11-24,5
5137,5137,2025-11-21,ACH,PRPAY-2025-005137,2025-11-24,5
5138,5138,2025-11-21,Direct Deposit,PRPAY-2025-005138,2025-11-24,5
5139,5139,2025-11-21,ACH,PRPAY-2025-005139,2025-11-24,5
5140,5140,2025-11-21,Direct Deposit,PRPAY-2025-005140,2025-11-24,5
5141,5141,2025-11-21,ACH,PRPAY-2025-005141,2025-11-24,5
5142,5142,2025-11-21,Direct Deposit,PRPAY-2025-005142,2025-11-24,5
5143,5143,2025-11-21,Direct Deposit,PRPAY-2025-005143,2025-11-24,5
5144,5144,2025-11-21,ACH,PRPAY-2025-005144,2025-11-24,5
5145,5145,2025-11-21,Direct Deposit,PRPAY-2025-005145,2025-11-24,5
5146,5146,2025-11-21,Direct Deposit,PRPAY-2025-005146,2025-11-24,5
5147,5147,2025-11-21,Direct Deposit,PRPAY-2025-005147,2025-11-24,5
5148,5148,2025-11-21,Direct Deposit,PRPAY-2025-005148,2025-11-24,5
5149,5149,2025-11-21,ACH,PRPAY-2025-005149,2025-11-24,5
5150,5150,2025-11-21,Direct Deposit,PRPAY-2025-005150,2025-11-24,5
5151,5151,2025-11-21,ACH,PRPAY-2025-005151,2025-11-24,5
5152,5152,2025-11-21,Direct Deposit,PRPAY-2025-005152,2025-11-24,5
5153,5153,2025-11-21,ACH,PRPAY-2025-005153,2025-11-24,5
5154,5154,2025-11-21,ACH,PRPAY-2025-005154,2025-11-24,5
5155,5155,2025-11-21,ACH,PRPAY-2025-005155,2025-11-24,5
5156,5156,2025-11-21,ACH,PRPAY-2025-005156,2025-11-24,5
5157,5157,2025-11-21,Direct Deposit,PRPAY-2025-005157,2025-11-24,5
5158,5158,2025-11-21,Direct Deposit,PRPAY-2025-005158,2025-11-24,5
5159,5159,2025-11-21,ACH,PRPAY-2025-005159,2025-11-24,5
5160,5160,2025-11-21,ACH,PRPAY-2025-005160,2025-11-24,5
5161,5161,2025-11-21,Direct Deposit,PRPAY-2025-005161,2025-11-24,5
5162,5162,2025-11-21,Direct Deposit,PRPAY-2025-005162,2025-11-24,5
5163,5163,2025-11-21,Direct Deposit,PRPAY-2025-005163,2025-11-24,5
5164,5164,2025-11-21,ACH,PRPAY-2025-005164,2025-11-24,5
5165,5165,2025-11-21,Direct Deposit,PRPAY-2025-005165,2025-11-24,5
5166,5166,2025-11-21,Direct Deposit,PRPAY-2025-005166,2025-11-24,5
5167,5167,2025-11-21,ACH,PRPAY-2025-005167,2025-11-24,5
5168,5168,2025-11-21,ACH,PRPAY-2025-005168,2025-11-24,5
5169,5169,2025-11-21,ACH,PRPAY-2025-005169,2025-11-24,5
5170,5170,2025-11-21,Direct Deposit,PRPAY-2025-005170,2025-11-24,5
5171,5171,2025-11-21,Direct Deposit,PRPAY-2025-005171,2025-11-24,5
5172,5172,2025-11-21,Direct Deposit,PRPAY-2025-005172,2025-11-24,5
5173,5173,2025-11-21,Direct Deposit,PRPAY-2025-005173,2025-11-24,5
5174,5174,2025-11-21,ACH,PRPAY-2025-005174,2025-11-24,5
5175,5175,2025-11-21,Direct Deposit,PRPAY-2025-005175,2025-11-24,5
5176,5176,2025-11-21,Direct Deposit,PRPAY-2025-005176,2025-11-24,5
5177,5177,2025-11-21,Direct Deposit,PRPAY-2025-005177,2025-11-24,5
5178,5178,2025-11-21,Direct Deposit,PRPAY-2025-005178,2025-11-24,5
5179,5179,2025-11-21,Direct Deposit,PRPAY-2025-005179,2025-11-24,5
5180,5180,2025-11-21,Direct Deposit,PRPAY-2025-005180,2025-11-24,5
5181,5181,2025-11-21,ACH,PRPAY-2025-005181,2025-11-24,5
5182,5182,2025-11-21,Direct Deposit,PRPAY-2025-005182,2025-11-24,5
5183,5183,2025-11-21,ACH,PRPAY-2025-005183,2025-11-24,5
5184,5184,2025-11-21,Direct Deposit,PRPAY-2025-005184,2025-11-24,5
5185,5185,2025-11-21,Direct Deposit,PRPAY-2025-005185,2025-11-24,5
5186,5186,2025-11-21,Direct Deposit,PRPAY-2025-005186,2025-11-24,5
5187,5187,2025-11-21,Direct Deposit,PRPAY-2025-005187,2025-11-24,5
5188,5188,2025-11-21,ACH,PRPAY-2025-005188,2025-11-24,5
5189,5189,2025-11-21,ACH,PRPAY-2025-005189,2025-11-24,5
5190,5190,2025-11-21,ACH,PRPAY-2025-005190,2025-11-24,5
5191,5191,2025-11-21,ACH,PRPAY-2025-005191,2025-11-24,5
5192,5192,2025-11-21,ACH,PRPAY-2025-005192,2025-11-24,5
5193,5193,2025-11-21,Direct Deposit,PRPAY-2025-005193,2025-11-24,5
5194,5194,2025-11-21,Direct Deposit,PRPAY-2025-005194,2025-11-24,5
5195,5195,2025-11-21,ACH,PRPAY-2025-005195,2025-11-24,5
5196,5196,2025-11-21,ACH,PRPAY-2025-005196,2025-11-24,5
5197,5197,2025-11-21,Direct Deposit,PRPAY-2025-005197,2025-11-24,5
5198,5198,2025-11-21,ACH,PRPAY-2025-005198,2025-11-24,5
5199,5199,2025-11-21,Direct Deposit,PRPAY-2025-005199,2025-11-24,5
5200,5200,2025-11-21,Direct Deposit,PRPAY-2025-005200,2025-11-24,5
5201,5201,2025-11-21,Direct Deposit,PRPAY-2025-005201,2025-11-24,5
5202,5202,2025-11-21,Direct Deposit,PRPAY-2025-005202,2025-11-24,5
5203,5203,2025-11-21,Direct Deposit,PRPAY-2025-005203,2025-11-24,5
5204,5204,2025-11-21,Direct Deposit,PRPAY-2025-005204,2025-11-24,5
5205,5205,2025-11-21,Direct Deposit,PRPAY-2025-005205,2025-11-24,5
5206,5206,2025-11-21,ACH,PRPAY-2025-005206,2025-11-24,5
5207,5207,2025-12-05,Direct Deposit,PRPAY-2025-005207,2025-12-08,5
5208,5208,2025-12-05,Direct Deposit,PRPAY-2025-005208,2025-12-08,5
5209,5209,2025-12-05,Direct Deposit,PRPAY-2025-005209,2025-12-08,5
5210,5210,2025-12-05,ACH,PRPAY-2025-005210,2025-12-08,5
5211,5211,2025-12-05,Direct Deposit,PRPAY-2025-005211,2025-12-08,5
5212,5212,2025-12-05,ACH,PRPAY-2025-005212,2025-12-08,5
5213,5213,2025-12-05,Direct Deposit,PRPAY-2025-005213,2025-12-08,5
5214,5214,2025-12-05,Direct Deposit,PRPAY-2025-005214,2025-12-08,5
5215,5215,2025-12-05,Direct Deposit,PRPAY-2025-005215,2025-12-08,5
5216,5216,2025-12-05,ACH,PRPAY-2025-005216,2025-12-08,5
5217,5217,2025-12-05,Direct Deposit,PRPAY-2025-005217,2025-12-08,5
5218,5218,2025-12-05,Direct Deposit,PRPAY-2025-005218,2025-12-08,5
5219,5219,2025-12-05,Direct Deposit,PRPAY-2025-005219,2025-12-08,5
5220,5220,2025-12-05,ACH,PRPAY-2025-005220,2025-12-08,5
5221,5221,2025-12-05,ACH,PRPAY-2025-005221,2025-12-08,5
5222,5222,2025-12-05,Direct Deposit,PRPAY-2025-005222,2025-12-08,5
5223,5223,2025-12-05,ACH,PRPAY-2025-005223,2025-12-08,5
5224,5224,2025-12-05,ACH,PRPAY-2025-005224,2025-12-08,5
5225,5225,2025-12-05,ACH,PRPAY-2025-005225,2025-12-08,5
5226,5226,2025-12-05,ACH,PRPAY-2025-005226,2025-12-08,5
5227,5227,2025-12-05,Direct Deposit,PRPAY-2025-005227,2025-12-08,5
5228,5228,2025-12-05,ACH,PRPAY-2025-005228,2025-12-08,5
5229,5229,2025-12-05,ACH,PRPAY-2025-005229,2025-12-08,5
5230,5230,2025-12-05,Direct Deposit,PRPAY-2025-005230,2025-12-08,5
5231,5231,2025-12-05,Direct Deposit,PRPAY-2025-005231,2025-12-08,5
5232,5232,2025-12-05,Direct Deposit,PRPAY-2025-005232,2025-12-08,5
5233,5233,2025-12-05,Direct Deposit,PRPAY-2025-005233,2025-12-08,5
5234,5234,2025-12-05,ACH,PRPAY-2025-005234,2025-12-08,5
5235,5235,2025-12-05,Direct Deposit,PRPAY-2025-005235,2025-12-08,5
5236,5236,2025-12-05,Direct Deposit,PRPAY-2025-005236,2025-12-08,5
5237,5237,2025-12-05,ACH,PRPAY-2025-005237,2025-12-08,5
5238,5238,2025-12-05,Direct Deposit,PRPAY-2025-005238,2025-12-08,5
5239,5239,2025-12-05,ACH,PRPAY-2025-005239,2025-12-08,5
5240,5240,2025-12-05,ACH,PRPAY-2025-005240,2025-12-08,5
5241,5241,2025-12-05,Direct Deposit,PRPAY-2025-005241,2025-12-08,5
5242,5242,2025-12-05,ACH,PRPAY-2025-005242,2025-12-08,5
5243,5243,2025-12-05,ACH,PRPAY-2025-005243,2025-12-08,5
5244,5244,2025-12-05,ACH,PRPAY-2025-005244,2025-12-08,5
5245,5245,2025-12-05,Direct Deposit,PRPAY-2025-005245,2025-12-08,5
5246,5246,2025-12-05,ACH,PRPAY-2025-005246,2025-12-08,5
5247,5247,2025-12-05,Direct Deposit,PRPAY-2025-005247,2025-12-08,5
5248,5248,2025-12-05,Direct Deposit,PRPAY-2025-005248,2025-12-08,5
5249,5249,2025-12-05,Direct Deposit,PRPAY-2025-005249,2025-12-08,5
5250,5250,2025-12-05,ACH,PRPAY-2025-005250,2025-12-08,5
5251,5251,2025-12-05,Direct Deposit,PRPAY-2025-005251,2025-12-08,5
5252,5252,2025-12-05,Direct Deposit,PRPAY-2025-005252,2025-12-08,5
5253,5253,2025-12-05,Direct Deposit,PRPAY-2025-005253,2025-12-08,5
5254,5254,2025-12-05,ACH,PRPAY-2025-005254,2025-12-08,5
5255,5255,2025-12-05,Direct Deposit,PRPAY-2025-005255,2025-12-08,5
5256,5256,2025-12-05,ACH,PRPAY-2025-005256,2025-12-08,5
5257,5257,2025-12-05,ACH,PRPAY-2025-005257,2025-12-08,5
5258,5258,2025-12-05,ACH,PRPAY-2025-005258,2025-12-08,5
5259,5259,2025-12-05,ACH,PRPAY-2025-005259,2025-12-08,5
5260,5260,2025-12-05,ACH,PRPAY-2025-005260,2025-12-08,5
5261,5261,2025-12-05,ACH,PRPAY-2025-005261,2025-12-08,5
5262,5262,2025-12-05,ACH,PRPAY-2025-005262,2025-12-08,5
5263,5263,2025-12-05,Direct Deposit,PRPAY-2025-005263,2025-12-08,5
5264,5264,2025-12-05,ACH,PRPAY-2025-005264,2025-12-08,5
5265,5265,2025-12-05,ACH,PRPAY-2025-005265,2025-12-08,5
5266,5266,2025-12-05,Direct Deposit,PRPAY-2025-005266,2025-12-08,5
5267,5267,2025-12-05,ACH,PRPAY-2025-005267,2025-12-08,5
5268,5268,2025-12-05,Direct Deposit,PRPAY-2025-005268,2025-12-08,5
5269,5269,2025-12-05,Direct Deposit,PRPAY-2025-005269,2025-12-08,5
5270,5270,2025-12-05,Direct Deposit,PRPAY-2025-005270,2025-12-08,5
5271,5271,2025-12-05,Direct Deposit,PRPAY-2025-005271,2025-12-08,5
5272,5272,2025-12-05,ACH,PRPAY-2025-005272,2025-12-08,5
5273,5273,2025-12-05,Direct Deposit,PRPAY-2025-005273,2025-12-08,5
5274,5274,2025-12-05,ACH,PRPAY-2025-005274,2025-12-08,5
5275,5275,2025-12-05,ACH,PRPAY-2025-005275,2025-12-08,5
5276,5276,2025-12-05,Direct Deposit,PRPAY-2025-005276,2025-12-08,5
5277,5277,2025-12-05,Direct Deposit,PRPAY-2025-005277,2025-12-08,5
5278,5278,2025-12-05,Direct Deposit,PRPAY-2025-005278,2025-12-08,5
5279,5279,2025-12-05,Direct Deposit,PRPAY-2025-005279,2025-12-08,5
5280,5280,2025-12-05,ACH,PRPAY-2025-005280,2025-12-08,5
5281,5281,2025-12-05,Direct Deposit,PRPAY-2025-005281,2025-12-08,5
5282,5282,2025-12-05,Direct Deposit,PRPAY-2025-005282,2025-12-08,5
5283,5283,2025-12-05,Direct Deposit,PRPAY-2025-005283,2025-12-08,5
5284,5284,2025-12-05,ACH,PRPAY-2025-005284,2025-12-08,5
5285,5285,2025-12-05,Direct Deposit,PRPAY-2025-005285,2025-12-08,5
5286,5286,2025-12-05,Direct Deposit,PRPAY-2025-005286,2025-12-08,5
5287,5287,2025-12-05,Direct Deposit,PRPAY-2025-005287,2025-12-08,5
5288,5288,2025-12-05,Direct Deposit,PRPAY-2025-005288,2025-12-08,5
5289,5289,2025-12-05,ACH,PRPAY-2025-005289,2025-12-08,5
5290,5290,2025-12-05,ACH,PRPAY-2025-005290,2025-12-08,5
5291,5291,2025-12-05,Direct Deposit,PRPAY-2025-005291,2025-12-08,5
5292,5292,2025-12-05,Direct Deposit,PRPAY-2025-005292,2025-12-08,5
5293,5293,2025-12-05,Direct Deposit,PRPAY-2025-005293,2025-12-08,5
5294,5294,2025-12-05,Direct Deposit,PRPAY-2025-005294,2025-12-08,5
5295,5295,2025-12-05,ACH,PRPAY-2025-005295,2025-12-08,5
5296,5296,2025-12-05,ACH,PRPAY-2025-005296,2025-12-08,5
5297,5297,2025-12-05,Direct Deposit,PRPAY-2025-005297,2025-12-08,5
5298,5298,2025-12-05,Direct Deposit,PRPAY-2025-005298,2025-12-08,5
5299,5299,2025-12-05,Direct Deposit,PRPAY-2025-005299,2025-12-08,5
5300,5300,2025-12-05,ACH,PRPAY-2025-005300,2025-12-08,5
5301,5301,2025-12-05,Direct Deposit,PRPAY-2025-005301,2025-12-08,5
5302,5302,2025-12-05,Direct Deposit,PRPAY-2025-005302,2025-12-08,5
5303,5303,2025-12-05,Direct Deposit,PRPAY-2025-005303,2025-12-08,5
5304,5304,2025-12-05,Direct Deposit,PRPAY-2025-005304,2025-12-08,5
5305,5305,2025-12-05,ACH,PRPAY-2025-005305,2025-12-08,5
5306,5306,2025-12-05,Direct Deposit,PRPAY-2025-005306,2025-12-08,5
5307,5307,2025-12-05,Direct Deposit,PRPAY-2025-005307,2025-12-08,5
5308,5308,2025-12-05,Direct Deposit,PRPAY-2025-005308,2025-12-08,5
5309,5309,2025-12-05,Direct Deposit,PRPAY-2025-005309,2025-12-08,5
5310,5310,2025-12-05,Direct Deposit,PRPAY-2025-005310,2025-12-08,5
5311,5311,2025-12-05,Direct Deposit,PRPAY-2025-005311,2025-12-08,5
5312,5312,2025-12-05,Direct Deposit,PRPAY-2025-005312,2025-12-08,5
5313,5313,2025-12-19,ACH,PRPAY-2025-005313,2025-12-22,5
5314,5314,2025-12-19,ACH,PRPAY-2025-005314,2025-12-22,5
5315,5315,2025-12-19,Direct Deposit,PRPAY-2025-005315,2025-12-22,5
5316,5316,2025-12-19,Direct Deposit,PRPAY-2025-005316,2025-12-22,5
5317,5317,2025-12-19,Direct Deposit,PRPAY-2025-005317,2025-12-22,5
5318,5318,2025-12-19,ACH,PRPAY-2025-005318,2025-12-22,5
5319,5319,2025-12-19,ACH,PRPAY-2025-005319,2025-12-22,5
5320,5320,2025-12-19,ACH,PRPAY-2025-005320,2025-12-22,5
5321,5321,2025-12-19,Direct Deposit,PRPAY-2025-005321,2025-12-22,5
5322,5322,2025-12-19,Direct Deposit,PRPAY-2025-005322,2025-12-22,5
5323,5323,2025-12-19,Direct Deposit,PRPAY-2025-005323,2025-12-22,5
5324,5324,2025-12-19,Direct Deposit,PRPAY-2025-005324,2025-12-22,5
5325,5325,2025-12-19,Direct Deposit,PRPAY-2025-005325,2025-12-22,5
5326,5326,2025-12-19,ACH,PRPAY-2025-005326,2025-12-22,5
5327,5327,2025-12-19,ACH,PRPAY-2025-005327,2025-12-22,5
5328,5328,2025-12-19,Direct Deposit,PRPAY-2025-005328,2025-12-22,5
5329,5329,2025-12-19,ACH,PRPAY-2025-005329,2025-12-22,5
5330,5330,2025-12-19,Direct Deposit,PRPAY-2025-005330,2025-12-22,5
5331,5331,2025-12-19,Direct Deposit,PRPAY-2025-005331,2025-12-22,5
5332,5332,2025-12-19,Direct Deposit,PRPAY-2025-005332,2025-12-22,5
5333,5333,2025-12-19,ACH,PRPAY-2025-005333,2025-12-22,5
5334,5334,2025-12-19,ACH,PRPAY-2025-005334,2025-12-22,5
5335,5335,2025-12-19,ACH,PRPAY-2025-005335,2025-12-22,5
5336,5336,2025-12-19,ACH,PRPAY-2025-005336,2025-12-22,5
5337,5337,2025-12-19,Direct Deposit,PRPAY-2025-005337,2025-12-22,5
5338,5338,2025-12-19,ACH,PRPAY-2025-005338,2025-12-22,5
5339,5339,2025-12-19,ACH,PRPAY-2025-005339,2025-12-22,5
5340,5340,2025-12-19,ACH,PRPAY-2025-005340,2025-12-22,5
5341,5341,2025-12-19,ACH,PRPAY-2025-005341,2025-12-22,5
5342,5342,2025-12-19,Direct Deposit,PRPAY-2025-005342,2025-12-22,5
5343,5343,2025-12-19,Direct Deposit,PRPAY-2025-005343,2025-12-22,5
5344,5344,2025-12-19,ACH,PRPAY-2025-005344,2025-12-22,5
5345,5345,2025-12-19,ACH,PRPAY-2025-005345,2025-12-22,5
5346,5346,2025-12-19,ACH,PRPAY-2025-005346,2025-12-22,5
5347,5347,2025-12-19,Direct Deposit,PRPAY-2025-005347,2025-12-22,5
5348,5348,2025-12-19,ACH,PRPAY-2025-005348,2025-12-22,5
5349,5349,2025-12-19,Direct Deposit,PRPAY-2025-005349,2025-12-22,5
5350,5350,2025-12-19,ACH,PRPAY-2025-005350,2025-12-22,5
5351,5351,2025-12-19,Direct Deposit,PRPAY-2025-005351,2025-12-22,5
5352,5352,2025-12-19,Direct Deposit,PRPAY-2025-005352,2025-12-22,5
5353,5353,2025-12-19,ACH,PRPAY-2025-005353,2025-12-22,5
5354,5354,2025-12-19,Direct Deposit,PRPAY-2025-005354,2025-12-22,5
5355,5355,2025-12-19,ACH,PRPAY-2025-005355,2025-12-22,5
5356,5356,2025-12-19,Direct Deposit,PRPAY-2025-005356,2025-12-22,5
5357,5357,2025-12-19,ACH,PRPAY-2025-005357,2025-12-22,5
5358,5358,2025-12-19,Direct Deposit,PRPAY-2025-005358,2025-12-22,5
5359,5359,2025-12-19,Direct Deposit,PRPAY-2025-005359,2025-12-22,5
5360,5360,2025-12-19,Direct Deposit,PRPAY-2025-005360,2025-12-22,5
5361,5361,2025-12-19,ACH,PRPAY-2025-005361,2025-12-22,5
5362,5362,2025-12-19,ACH,PRPAY-2025-005362,2025-12-22,5
5363,5363,2025-12-19,Direct Deposit,PRPAY-2025-005363,2025-12-22,5
5364,5364,2025-12-19,ACH,PRPAY-2025-005364,2025-12-22,5
5365,5365,2025-12-19,ACH,PRPAY-2025-005365,2025-12-22,5
5366,5366,2025-12-19,ACH,PRPAY-2025-005366,2025-12-22,5
5367,5367,2025-12-19,ACH,PRPAY-2025-005367,2025-12-22,5
5368,5368,2025-12-19,ACH,PRPAY-2025-005368,2025-12-22,5
5369,5369,2025-12-19,Direct Deposit,PRPAY-2025-005369,2025-12-22,5
5370,5370,2025-12-19,ACH,PRPAY-2025-005370,2025-12-22,5
5371,5371,2025-12-19,Direct Deposit,PRPAY-2025-005371,2025-12-22,5
5372,5372,2025-12-19,ACH,PRPAY-2025-005372,2025-12-22,5
5373,5373,2025-12-19,ACH,PRPAY-2025-005373,2025-12-22,5
5374,5374,2025-12-19,ACH,PRPAY-2025-005374,2025-12-22,5
5375,5375,2025-12-19,ACH,PRPAY-2025-005375,2025-12-22,5
5376,5376,2025-12-19,ACH,PRPAY-2025-005376,2025-12-22,5
5377,5377,2025-12-19,Direct Deposit,PRPAY-2025-005377,2025-12-22,5
5378,5378,2025-12-19,ACH,PRPAY-2025-005378,2025-12-22,5
5379,5379,2025-12-19,ACH,PRPAY-2025-005379,2025-12-22,5
5380,5380,2025-12-19,Direct Deposit,PRPAY-2025-005380,2025-12-22,5
5381,5381,2025-12-19,ACH,PRPAY-2025-005381,2025-12-22,5
5382,5382,2025-12-19,Direct Deposit,PRPAY-2025-005382,2025-12-22,5
5383,5383,2025-12-19,ACH,PRPAY-2025-005383,2025-12-22,5
5384,5384,2025-12-19,Direct Deposit,PRPAY-2025-005384,2025-12-22,5
5385,5385,2025-12-19,ACH,PRPAY-2025-005385,2025-12-22,5
5386,5386,2025-12-19,Direct Deposit,PRPAY-2025-005386,2025-12-22,5
5387,5387,2025-12-19,Direct Deposit,PRPAY-2025-005387,2025-12-22,5
5388,5388,2025-12-19,ACH,PRPAY-2025-005388,2025-12-22,5
5389,5389,2025-12-19,Direct Deposit,PRPAY-2025-005389,2025-12-22,5
5390,5390,2025-12-19,ACH,PRPAY-2025-005390,2025-12-22,5
5391,5391,2025-12-19,Direct Deposit,PRPAY-2025-005391,2025-12-22,5
5392,5392,2025-12-19,ACH,PRPAY-2025-005392,2025-12-22,5
5393,5393,2025-12-19,Direct Deposit,PRPAY-2025-005393,2025-12-22,5
5394,5394,2025-12-19,ACH,PRPAY-2025-005394,2025-12-22,5
5395,5395,2025-12-19,ACH,PRPAY-2025-005395,2025-12-22,5
5396,5396,2025-12-19,Direct Deposit,PRPAY-2025-005396,2025-12-22,5
5397,5397,2025-12-19,Direct Deposit,PRPAY-2025-005397,2025-12-22,5
5398,5398,2025-12-19,Direct Deposit,PRPAY-2025-005398,2025-12-22,5
5399,5399,2025-12-19,Direct Deposit,PRPAY-2025-005399,2025-12-22,5
5400,5400,2025-12-19,ACH,PRPAY-2025-005400,2025-12-22,5
5401,5401,2025-12-19,Direct Deposit,PRPAY-2025-005401,2025-12-22,5
5402,5402,2025-12-19,Direct Deposit,PRPAY-2025-005402,2025-12-22,5
5403,5403,2025-12-19,ACH,PRPAY-2025-005403,2025-12-22,5
5404,5404,2025-12-19,Direct Deposit,PRPAY-2025-005404,2025-12-22,5
5405,5405,2025-12-19,ACH,PRPAY-2025-005405,2025-12-22,5
5406,5406,2025-12-19,ACH,PRPAY-2025-005406,2025-12-22,5
5407,5407,2025-12-19,ACH,PRPAY-2025-005407,2025-12-22,5
5408,5408,2025-12-19,Direct Deposit,PRPAY-2025-005408,2025-12-22,5
5409,5409,2025-12-19,ACH,PRPAY-2025-005409,2025-12-22,5
5410,5410,2025-12-19,Direct Deposit,PRPAY-2025-005410,2025-12-22,5
5411,5411,2025-12-19,Direct Deposit,PRPAY-2025-005411,2025-12-22,5
5412,5412,2025-12-19,Direct Deposit,PRPAY-2025-005412,2025-12-22,5
5413,5413,2025-12-19,Direct Deposit,PRPAY-2025-005413,2025-12-22,5
5414,5414,2025-12-19,ACH,PRPAY-2025-005414,2025-12-22,5
5415,5415,2025-12-19,Direct Deposit,PRPAY-2025-005415,2025-12-22,5
5416,5416,2025-12-19,Direct Deposit,PRPAY-2025-005416,2025-12-22,5
5417,5417,2025-12-19,Direct Deposit,PRPAY-2025-005417,2025-12-22,5
5418,5418,2025-12-19,ACH,PRPAY-2025-005418,2025-12-22,5
5419,5419,2025-12-19,Direct Deposit,PRPAY-2025-005419,2025-12-22,5
5421,5421,2026-01-01,Direct Deposit,PRPAY-2026-005421,2026-01-05,5
5422,5422,2026-01-02,Direct Deposit,PRPAY-2026-005422,2026-01-05,5
5423,5423,2026-01-02,Direct Deposit,PRPAY-2026-005423,2026-01-05,5
5424,5424,2026-01-02,Direct Deposit,PRPAY-2026-005424,2026-01-05,5
5425,5425,2026-01-02,Direct Deposit,PRPAY-2026-005425,2026-01-05,5
5426,5426,2026-01-02,ACH,PRPAY-2026-005426,2026-01-05,5
5427,5427,2026-01-02,Direct Deposit,PRPAY-2026-005427,2026-01-05,5
5428,5428,2026-01-02,Direct Deposit,PRPAY-2026-005428,2026-01-05,5
5429,5429,2026-01-02,Direct Deposit,PRPAY-2026-005429,2026-01-05,5
5430,5430,2026-01-02,ACH,PRPAY-2026-005430,2026-01-05,5
5431,5431,2026-01-02,ACH,PRPAY-2026-005431,2026-01-05,5
5432,5432,2026-01-02,ACH,PRPAY-2026-005432,2026-01-05,5
5433,5433,2026-01-02,ACH,PRPAY-2026-005433,2026-01-05,5
5434,5434,2026-01-02,Direct Deposit,PRPAY-2026-005434,2026-01-05,5
5435,5435,2026-01-02,Direct Deposit,PRPAY-2026-005435,2026-01-05,5
5436,5436,2026-01-02,Direct Deposit,PRPAY-2026-005436,2026-01-05,5
5437,5437,2026-01-02,ACH,PRPAY-2026-005437,2026-01-05,5
5438,5438,2026-01-02,Direct Deposit,PRPAY-2026-005438,2026-01-05,5
5439,5439,2026-01-02,ACH,PRPAY-2026-005439,2026-01-05,5
5440,5440,2026-01-02,ACH,PRPAY-2026-005440,2026-01-05,5
5441,5441,2026-01-02,Direct Deposit,PRPAY-2026-005441,2026-01-05,5
5442,5442,2026-01-02,Direct Deposit,PRPAY-2026-005442,2026-01-05,5
5443,5443,2026-01-02,Direct Deposit,PRPAY-2026-005443,2026-01-05,5
5444,5444,2026-01-02,Direct Deposit,PRPAY-2026-005444,2026-01-05,5
5445,5445,2026-01-02,Direct Deposit,PRPAY-2026-005445,2026-01-05,5
5446,5446,2026-01-02,ACH,PRPAY-2026-005446,2026-01-05,5
5447,5447,2026-01-02,Direct Deposit,PRPAY-2026-005447,2026-01-05,5
5448,5448,2026-01-02,Direct Deposit,PRPAY-2026-005448,2026-01-05,5
5449,5449,2026-01-02,ACH,PRPAY-2026-005449,2026-01-05,5
5450,5450,2026-01-02,ACH,PRPAY-2026-005450,2026-01-05,5
5451,5451,2026-01-02,Direct Deposit,PRPAY-2026-005451,2026-01-05,5
5452,5452,2026-01-02,Direct Deposit,PRPAY-2026-005452,2026-01-05,5
5453,5453,2026-01-02,Direct Deposit,PRPAY-2026-005453,2026-01-05,5
5454,5454,2026-01-02,Direct Deposit,PRPAY-2026-005454,2026-01-05,5
5455,5455,2026-01-02,Direct Deposit,PRPAY-2026-005455,2026-01-05,5
5456,5456,2026-01-02,Direct Deposit,PRPAY-2026-005456,2026-01-05,5
5457,5457,2026-01-02,ACH,PRPAY-2026-005457,2026-01-05,5
5458,5458,2026-01-02,Direct Deposit,PRPAY-2026-005458,2026-01-05,5
5459,5459,2026-01-02,Direct Deposit,PRPAY-2026-005459,2026-01-05,5
5460,5460,2026-01-02,ACH,PRPAY-2026-005460,2026-01-05,5
5461,5461,2026-01-02,ACH,PRPAY-2026-005461,2026-01-05,5
5462,5462,2026-01-02,Direct Deposit,PRPAY-2026-005462,2026-01-05,5
5463,5463,2026-01-02,ACH,PRPAY-2026-005463,2026-01-05,5
5464,5464,2026-01-02,Direct Deposit,PRPAY-2026-005464,2026-01-05,5
5465,5465,2026-01-02,ACH,PRPAY-2026-005465,2026-01-05,5
5466,5466,2026-01-02,ACH,PRPAY-2026-005466,2026-01-05,5
5467,5467,2026-01-02,Direct Deposit,PRPAY-2026-005467,2026-01-05,5
5468,5468,2026-01-02,Direct Deposit,PRPAY-2026-005468,2026-01-05,5
5469,5469,2026-01-02,ACH,PRPAY-2026-005469,2026-01-05,5
5470,5470,2026-01-02,ACH,PRPAY-2026-005470,2026-01-05,5
5471,5471,2026-01-02,ACH,PRPAY-2026-005471,2026-01-05,5
5472,5472,2026-01-02,ACH,PRPAY-2026-005472,2026-01-05,5
5473,5473,2026-01-02,Direct Deposit,PRPAY-2026-005473,2026-01-05,5
5474,5474,2026-01-02,Direct Deposit,PRPAY-2026-005474,2026-01-05,5
5475,5475,2026-01-02,ACH,PRPAY-2026-005475,2026-01-05,5
5476,5476,2026-01-02,ACH,PRPAY-2026-005476,2026-01-05,5
5477,5477,2026-01-02,ACH,PRPAY-2026-005477,2026-01-05,5
5478,5478,2026-01-02,ACH,PRPAY-2026-005478,2026-01-05,5
5479,5479,2026-01-02,Direct Deposit,PRPAY-2026-005479,2026-01-05,5
5480,5480,2026-01-02,Direct Deposit,PRPAY-2026-005480,2026-01-05,5
5481,5481,2026-01-02,ACH,PRPAY-2026-005481,2026-01-05,5
5482,5482,2026-01-02,Direct Deposit,PRPAY-2026-005482,2026-01-05,5
5483,5483,2026-01-02,ACH,PRPAY-2026-005483,2026-01-05,5
5484,5484,2026-01-02,Direct Deposit,PRPAY-2026-005484,2026-01-05,5
5485,5485,2026-01-02,ACH,PRPAY-2026-005485,2026-01-05,5
5486,5486,2026-01-02,Direct Deposit,PRPAY-2026-005486,2026-01-05,5
5487,5487,2026-01-02,ACH,PRPAY-2026-005487,2026-01-05,5
5488,5488,2026-01-02,Direct Deposit,PRPAY-2026-005488,2026-01-05,5
5489,5489,2026-01-02,ACH,PRPAY-2026-005489,2026-01-05,5
5490,5490,2026-01-02,ACH,PRPAY-2026-005490,2026-01-05,5
5491,5491,2026-01-02,ACH,PRPAY-2026-005491,2026-01-05,5
5492,5492,2026-01-02,ACH,PRPAY-2026-005492,2026-01-05,5
5493,5493,2026-01-02,Direct Deposit,PRPAY-2026-005493,2026-01-05,5
5494,5494,2026-01-02,Direct Deposit,PRPAY-2026-005494,2026-01-05,5
5495,5495,2026-01-02,Direct Deposit,PRPAY-2026-005495,2026-01-05,5
5496,5496,2026-01-02,ACH,PRPAY-2026-005496,2026-01-05,5
5497,5497,2026-01-02,ACH,PRPAY-2026-005497,2026-01-05,5
5498,5498,2026-01-02,ACH,PRPAY-2026-005498,2026-01-05,5
5499,5499,2026-01-02,ACH,PRPAY-2026-005499,2026-01-05,5
5500,5500,2026-01-02,ACH,PRPAY-2026-005500,2026-01-05,5
5501,5501,2026-01-02,ACH,PRPAY-2026-005501,2026-01-05,5
5502,5502,2026-01-02,Direct Deposit,PRPAY-2026-005502,2026-01-05,5
5503,5503,2026-01-02,Direct Deposit,PRPAY-2026-005503,2026-01-05,5
5504,5504,2026-01-02,ACH,PRPAY-2026-005504,2026-01-05,5
5505,5505,2026-01-02,Direct Deposit,PRPAY-2026-005505,2026-01-05,5
5506,5506,2026-01-02,Direct Deposit,PRPAY-2026-005506,2026-01-05,5
5507,5507,2026-01-02,Direct Deposit,PRPAY-2026-005507,2026-01-05,5
5508,5508,2026-01-02,Direct Deposit,PRPAY-2026-005508,2026-01-05,5
5509,5509,2026-01-02,Direct Deposit,PRPAY-2026-005509,2026-01-05,5
5510,5510,2026-01-02,Direct Deposit,PRPAY-2026-005510,2026-01-05,5
5511,5511,2026-01-02,Direct Deposit,PRPAY-2026-005511,2026-01-05,5
5512,5512,2026-01-02,Direct Deposit,PRPAY-2026-005512,2026-01-05,5
5513,5513,2026-01-02,ACH,PRPAY-2026-005513,2026-01-05,5
5514,5514,2026-01-02,Direct Deposit,PRPAY-2026-005514,2026-01-05,5
5515,5515,2026-01-02,Direct Deposit,PRPAY-2026-005515,2026-01-05,5
5516,5516,2026-01-02,Direct Deposit,PRPAY-2026-005516,2026-01-05,5
5517,5517,2026-01-02,ACH,PRPAY-2026-005517,2026-01-05,5
5518,5518,2026-01-02,ACH,PRPAY-2026-005518,2026-01-05,5
5519,5519,2026-01-02,Direct Deposit,PRPAY-2026-005519,2026-01-05,5
5520,5520,2026-01-02,ACH,PRPAY-2026-005520,2026-01-05,5
5521,5521,2026-01-02,ACH,PRPAY-2026-005521,2026-01-05,5
5522,5522,2026-01-02,Direct Deposit,PRPAY-2026-005522,2026-01-05,5
5523,5523,2026-01-02,Direct Deposit,PRPAY-2026-005523,2026-01-05,5
5524,5524,2026-01-02,Direct Deposit,PRPAY-2026-005524,2026-01-05,5
5525,5525,2026-01-02,Direct Deposit,PRPAY-2026-005525,2026-01-05,5
5526,5526,2026-01-02,ACH,PRPAY-2026-005526,2026-01-05,5
5527,5527,2026-01-16,ACH,PRPAY-2026-005527,2026-01-19,5
5528,5528,2026-01-16,ACH,PRPAY-2026-005528,2026-01-19,5
5529,5529,2026-01-16,ACH,PRPAY-2026-005529,2026-01-19,5
5530,5530,2026-01-16,ACH,PRPAY-2026-005530,2026-01-19,5
5531,5531,2026-01-16,Direct Deposit,PRPAY-2026-005531,2026-01-19,5
5532,5532,2026-01-16,ACH,PRPAY-2026-005532,2026-01-19,5
5533,5533,2026-01-16,Direct Deposit,PRPAY-2026-005533,2026-01-19,5
5534,5534,2026-01-16,Direct Deposit,PRPAY-2026-005534,2026-01-19,5
5535,5535,2026-01-16,ACH,PRPAY-2026-005535,2026-01-19,5
5536,5536,2026-01-16,ACH,PRPAY-2026-005536,2026-01-19,5
5537,5537,2026-01-16,Direct Deposit,PRPAY-2026-005537,2026-01-19,5
5538,5538,2026-01-16,ACH,PRPAY-2026-005538,2026-01-19,5
5539,5539,2026-01-16,Direct Deposit,PRPAY-2026-005539,2026-01-19,5
5540,5540,2026-01-16,Direct Deposit,PRPAY-2026-005540,2026-01-19,5
5541,5541,2026-01-16,ACH,PRPAY-2026-005541,2026-01-19,5
5542,5542,2026-01-16,Direct Deposit,PRPAY-2026-005542,2026-01-19,5
5543,5543,2026-01-16,Direct Deposit,PRPAY-2026-005543,2026-01-19,5
5544,5544,2026-01-16,Direct Deposit,PRPAY-2026-005544,2026-01-19,5
5545,5545,2026-01-16,ACH,PRPAY-2026-005545,2026-01-19,5
5546,5546,2026-01-16,Direct Deposit,PRPAY-2026-005546,2026-01-19,5
5547,5547,2026-01-16,Direct Deposit,PRPAY-2026-005547,2026-01-19,5
5548,5548,2026-01-16,ACH,PRPAY-2026-005548,2026-01-19,5
5549,5549,2026-01-16,ACH,PRPAY-2026-005549,2026-01-19,5
5550,5550,2026-01-16,ACH,PRPAY-2026-005550,2026-01-19,5
5551,5551,2026-01-16,ACH,PRPAY-2026-005551,2026-01-19,5
5552,5552,2026-01-16,ACH,PRPAY-2026-005552,2026-01-19,5
5553,5553,2026-01-16,ACH,PRPAY-2026-005553,2026-01-19,5
5554,5554,2026-01-16,ACH,PRPAY-2026-005554,2026-01-19,5
5555,5555,2026-01-16,Direct Deposit,PRPAY-2026-005555,2026-01-19,5
5556,5556,2026-01-16,ACH,PRPAY-2026-005556,2026-01-19,5
5557,5557,2026-01-16,ACH,PRPAY-2026-005557,2026-01-19,5
5558,5558,2026-01-16,Direct Deposit,PRPAY-2026-005558,2026-01-19,5
5559,5559,2026-01-16,ACH,PRPAY-2026-005559,2026-01-19,5
5560,5560,2026-01-16,ACH,PRPAY-2026-005560,2026-01-19,5
5561,5561,2026-01-16,ACH,PRPAY-2026-005561,2026-01-19,5
5562,5562,2026-01-16,Direct Deposit,PRPAY-2026-005562,2026-01-19,5
5563,5563,2026-01-16,Direct Deposit,PRPAY-2026-005563,2026-01-19,5
5564,5564,2026-01-16,Direct Deposit,PRPAY-2026-005564,2026-01-19,5
5565,5565,2026-01-16,Direct Deposit,PRPAY-2026-005565,2026-01-19,5
5566,5566,2026-01-16,Direct Deposit,PRPAY-2026-005566,2026-01-19,5
5567,5567,2026-01-16,ACH,PRPAY-2026-005567,2026-01-19,5
5568,5568,2026-01-16,ACH,PRPAY-2026-005568,2026-01-19,5
5569,5569,2026-01-16,ACH,PRPAY-2026-005569,2026-01-19,5
5570,5570,2026-01-16,ACH,PRPAY-2026-005570,2026-01-19,5
5571,5571,2026-01-16,ACH,PRPAY-2026-005571,2026-01-19,5
5572,5572,2026-01-16,Direct Deposit,PRPAY-2026-005572,2026-01-19,5
5573,5573,2026-01-16,ACH,PRPAY-2026-005573,2026-01-19,5
5574,5574,2026-01-16,Direct Deposit,PRPAY-2026-005574,2026-01-19,5
5575,5575,2026-01-16,Direct Deposit,PRPAY-2026-005575,2026-01-19,5
5576,5576,2026-01-16,Direct Deposit,PRPAY-2026-005576,2026-01-19,5
5577,5577,2026-01-16,Direct Deposit,PRPAY-2026-005577,2026-01-19,5
5578,5578,2026-01-16,ACH,PRPAY-2026-005578,2026-01-19,5
5579,5579,2026-01-16,ACH,PRPAY-2026-005579,2026-01-19,5
5580,5580,2026-01-16,Direct Deposit,PRPAY-2026-005580,2026-01-19,5
5581,5581,2026-01-16,Direct Deposit,PRPAY-2026-005581,2026-01-19,5
5582,5582,2026-01-16,Direct Deposit,PRPAY-2026-005582,2026-01-19,5
5583,5583,2026-01-16,Direct Deposit,PRPAY-2026-005583,2026-01-19,5
5584,5584,2026-01-16,Direct Deposit,PRPAY-2026-005584,2026-01-19,5
5585,5585,2026-01-16,ACH,PRPAY-2026-005585,2026-01-19,5
5586,5586,2026-01-16,Direct Deposit,PRPAY-2026-005586,2026-01-19,5
5587,5587,2026-01-16,Direct Deposit,PRPAY-2026-005587,2026-01-19,5
5588,5588,2026-01-16,ACH,PRPAY-2026-005588,2026-01-19,5
5589,5589,2026-01-16,ACH,PRPAY-2026-005589,2026-01-19,5
5590,5590,2026-01-16,ACH,PRPAY-2026-005590,2026-01-19,5
5591,5591,2026-01-16,Direct Deposit,PRPAY-2026-005591,2026-01-19,5
5592,5592,2026-01-16,ACH,PRPAY-2026-005592,2026-01-19,5
5593,5593,2026-01-16,ACH,PRPAY-2026-005593,2026-01-19,5
5594,5594,2026-01-16,Direct Deposit,PRPAY-2026-005594,2026-01-19,5
5595,5595,2026-01-16,Direct Deposit,PRPAY-2026-005595,2026-01-19,5
5596,5596,2026-01-16,Direct Deposit,PRPAY-2026-005596,2026-01-19,5
5597,5597,2026-01-16,ACH,PRPAY-2026-005597,2026-01-19,5
5598,5598,2026-01-16,Direct Deposit,PRPAY-2026-005598,2026-01-19,5
5599,5599,2026-01-16,Direct Deposit,PRPAY-2026-005599,2026-01-19,5
5600,5600,2026-01-16,Direct Deposit,PRPAY-2026-005600,2026-01-19,5
5601,5601,2026-01-16,ACH,PRPAY-2026-005601,2026-01-19,5
5602,5602,2026-01-16,Direct Deposit,PRPAY-2026-005602,2026-01-19,5
5603,5603,2026-01-16,ACH,PRPAY-2026-005603,2026-01-19,5
5604,5604,2026-01-16,ACH,PRPAY-2026-005604,2026-01-19,5
5605,5605,2026-01-16,Direct Deposit,PRPAY-2026-005605,2026-01-19,5
5606,5606,2026-01-16,Direct Deposit,PRPAY-2026-005606,2026-01-19,5
5607,5607,2026-01-16,Direct Deposit,PRPAY-2026-005607,2026-01-19,5
5608,5608,2026-01-16,Direct Deposit,PRPAY-2026-005608,2026-01-19,5
5609,5609,2026-01-16,Direct Deposit,PRPAY-2026-005609,2026-01-19,5
5610,5610,2026-01-16,Direct Deposit,PRPAY-2026-005610,2026-01-19,5
5611,5611,2026-01-16,Direct Deposit,PRPAY-2026-005611,2026-01-19,5
5612,5612,2026-01-16,ACH,PRPAY-2026-005612,2026-01-19,5
5613,5613,2026-01-16,Direct Deposit,PRPAY-2026-005613,2026-01-19,5
5614,5614,2026-01-16,Direct Deposit,PRPAY-2026-005614,2026-01-19,5
5615,5615,2026-01-16,ACH,PRPAY-2026-005615,2026-01-19,5
5616,5616,2026-01-16,Direct Deposit,PRPAY-2026-005616,2026-01-19,5
5617,5617,2026-01-16,Direct Deposit,PRPAY-2026-005617,2026-01-19,5
5618,5618,2026-01-16,ACH,PRPAY-2026-005618,2026-01-19,5
5619,5619,2026-01-16,Direct Deposit,PRPAY-2026-005619,2026-01-19,5
5620,5620,2026-01-16,ACH,PRPAY-2026-005620,2026-01-19,5
5621,5621,2026-01-16,ACH,PRPAY-2026-005621,2026-01-19,5
5622,5622,2026-01-16,Direct Deposit,PRPAY-2026-005622,2026-01-19,5
5623,5623,2026-01-16,ACH,PRPAY-2026-005623,2026-01-19,5
5624,5624,2026-01-16,ACH,PRPAY-2026-005624,2026-01-19,5
5625,5625,2026-01-16,Direct Deposit,PRPAY-2026-005625,2026-01-19,5
5626,5626,2026-01-16,ACH,PRPAY-2026-005626,2026-01-19,5
5627,5627,2026-01-16,Direct Deposit,PRPAY-2026-005627,2026-01-19,5
5628,5628,2026-01-16,ACH,PRPAY-2026-005628,2026-01-19,5
5629,5629,2026-01-16,Direct Deposit,PRPAY-2026-005629,2026-01-19,5
5630,5630,2026-01-16,ACH,PRPAY-2026-005630,2026-01-19,5
5631,5631,2026-01-16,ACH,PRPAY-2026-005631,2026-01-19,5
5632,5632,2026-01-16,ACH,PRPAY-2026-005632,2026-01-19,5
5633,5633,2026-01-16,Direct Deposit,PRPAY-2026-005633,2026-01-19,5
5634,5634,2026-01-30,ACH,PRPAY-2026-005634,2026-02-02,5
5635,5635,2026-01-30,Direct Deposit,PRPAY-2026-005635,2026-02-02,5
5636,5636,2026-01-30,Direct Deposit,PRPAY-2026-005636,2026-02-02,5
5637,5637,2026-01-30,ACH,PRPAY-2026-005637,2026-02-02,5
5638,5638,2026-01-30,ACH,PRPAY-2026-005638,2026-02-02,5
5639,5639,2026-01-30,ACH,PRPAY-2026-005639,2026-02-02,5
5640,5640,2026-01-30,Direct Deposit,PRPAY-2026-005640,2026-02-02,5
5641,5641,2026-01-30,Direct Deposit,PRPAY-2026-005641,2026-02-02,5
5642,5642,2026-01-30,ACH,PRPAY-2026-005642,2026-02-02,5
5643,5643,2026-01-30,ACH,PRPAY-2026-005643,2026-02-02,5
5644,5644,2026-01-30,Direct Deposit,PRPAY-2026-005644,2026-02-02,5
5645,5645,2026-01-30,Direct Deposit,PRPAY-2026-005645,2026-02-02,5
5646,5646,2026-01-30,Direct Deposit,PRPAY-2026-005646,2026-02-02,5
5647,5647,2026-01-30,ACH,PRPAY-2026-005647,2026-02-02,5
5648,5648,2026-01-30,Direct Deposit,PRPAY-2026-005648,2026-02-02,5
5649,5649,2026-01-30,ACH,PRPAY-2026-005649,2026-02-02,5
5650,5650,2026-01-30,Direct Deposit,PRPAY-2026-005650,2026-02-02,5
5651,5651,2026-01-30,Direct Deposit,PRPAY-2026-005651,2026-02-02,5
5652,5652,2026-01-30,Direct Deposit,PRPAY-2026-005652,2026-02-02,5
5653,5653,2026-01-30,Direct Deposit,PRPAY-2026-005653,2026-02-02,5
5654,5654,2026-01-30,Direct Deposit,PRPAY-2026-005654,2026-02-02,5
5655,5655,2026-01-30,Direct Deposit,PRPAY-2026-005655,2026-02-02,5
5656,5656,2026-01-30,ACH,PRPAY-2026-005656,2026-02-02,5
5657,5657,2026-01-30,Direct Deposit,PRPAY-2026-005657,2026-02-02,5
5658,5658,2026-01-30,Direct Deposit,PRPAY-2026-005658,2026-02-02,5
5659,5659,2026-01-30,ACH,PRPAY-2026-005659,2026-02-02,5
5660,5660,2026-01-30,Direct Deposit,PRPAY-2026-005660,2026-02-02,5
5661,5661,2026-01-30,ACH,PRPAY-2026-005661,2026-02-02,5
5662,5662,2026-01-30,Direct Deposit,PRPAY-2026-005662,2026-02-02,5
5663,5663,2026-01-30,ACH,PRPAY-2026-005663,2026-02-02,5
5664,5664,2026-01-30,Direct Deposit,PRPAY-2026-005664,2026-02-02,5
5665,5665,2026-01-30,ACH,PRPAY-2026-005665,2026-02-02,5
5666,5666,2026-01-30,Direct Deposit,PRPAY-2026-005666,2026-02-02,5
5667,5667,2026-01-30,ACH,PRPAY-2026-005667,2026-02-02,5
5668,5668,2026-01-30,Direct Deposit,PRPAY-2026-005668,2026-02-02,5
5669,5669,2026-01-30,ACH,PRPAY-2026-005669,2026-02-02,5
5670,5670,2026-01-30,ACH,PRPAY-2026-005670,2026-02-02,5
5671,5671,2026-01-30,Direct Deposit,PRPAY-2026-005671,2026-02-02,5
5672,5672,2026-01-30,ACH,PRPAY-2026-005672,2026-02-02,5
5673,5673,2026-01-30,Direct Deposit,PRPAY-2026-005673,2026-02-02,5
5674,5674,2026-01-30,ACH,PRPAY-2026-005674,2026-02-02,5
5675,5675,2026-01-30,Direct Deposit,PRPAY-2026-005675,2026-02-02,5
5676,5676,2026-01-30,Direct Deposit,PRPAY-2026-005676,2026-02-02,5
5677,5677,2026-01-30,ACH,PRPAY-2026-005677,2026-02-02,5
5678,5678,2026-01-30,Direct Deposit,PRPAY-2026-005678,2026-02-02,5
5679,5679,2026-01-30,Direct Deposit,PRPAY-2026-005679,2026-02-02,5
5680,5680,2026-01-30,Direct Deposit,PRPAY-2026-005680,2026-02-02,5
5681,5681,2026-01-30,Direct Deposit,PRPAY-2026-005681,2026-02-02,5
5682,5682,2026-01-30,ACH,PRPAY-2026-005682,2026-02-02,5
5683,5683,2026-01-30,Direct Deposit,PRPAY-2026-005683,2026-02-02,5
5684,5684,2026-01-30,ACH,PRPAY-2026-005684,2026-02-02,5
5685,5685,2026-01-30,Direct Deposit,PRPAY-2026-005685,2026-02-02,5
5686,5686,2026-01-30,ACH,PRPAY-2026-005686,2026-02-02,5
5687,5687,2026-01-30,ACH,PRPAY-2026-005687,2026-02-02,5
5688,5688,2026-01-30,ACH,PRPAY-2026-005688,2026-02-02,5
5689,5689,2026-01-30,ACH,PRPAY-2026-005689,2026-02-02,5
5690,5690,2026-01-30,Direct Deposit,PRPAY-2026-005690,2026-02-02,5
5691,5691,2026-01-30,Direct Deposit,PRPAY-2026-005691,2026-02-02,5
5692,5692,2026-01-30,ACH,PRPAY-2026-005692,2026-02-02,5
5693,5693,2026-01-30,ACH,PRPAY-2026-005693,2026-02-02,5
5694,5694,2026-01-30,Direct Deposit,PRPAY-2026-005694,2026-02-02,5
5695,5695,2026-01-30,Direct Deposit,PRPAY-2026-005695,2026-02-02,5
5696,5696,2026-01-30,Direct Deposit,PRPAY-2026-005696,2026-02-02,5
5697,5697,2026-01-30,ACH,PRPAY-2026-005697,2026-02-02,5
5698,5698,2026-01-30,Direct Deposit,PRPAY-2026-005698,2026-02-02,5
5699,5699,2026-01-30,Direct Deposit,PRPAY-2026-005699,2026-02-02,5
5700,5700,2026-01-30,ACH,PRPAY-2026-005700,2026-02-02,5
5701,5701,2026-01-30,ACH,PRPAY-2026-005701,2026-02-02,5
5702,5702,2026-01-30,ACH,PRPAY-2026-005702,2026-02-02,5
5703,5703,2026-01-30,Direct Deposit,PRPAY-2026-005703,2026-02-02,5
5704,5704,2026-01-30,Direct Deposit,PRPAY-2026-005704,2026-02-02,5
5705,5705,2026-01-30,Direct Deposit,PRPAY-2026-005705,2026-02-02,5
5706,5706,2026-01-30,Direct Deposit,PRPAY-2026-005706,2026-02-02,5
5707,5707,2026-01-30,ACH,PRPAY-2026-005707,2026-02-02,5
5708,5708,2026-01-30,Direct Deposit,PRPAY-2026-005708,2026-02-02,5
5709,5709,2026-01-30,Direct Deposit,PRPAY-2026-005709,2026-02-02,5
5710,5710,2026-01-30,Direct Deposit,PRPAY-2026-005710,2026-02-02,5
5711,5711,2026-01-30,Direct Deposit,PRPAY-2026-005711,2026-02-02,5
5712,5712,2026-01-30,Direct Deposit,PRPAY-2026-005712,2026-02-02,5
5713,5713,2026-01-30,Direct Deposit,PRPAY-2026-005713,2026-02-02,5
5714,5714,2026-01-30,ACH,PRPAY-2026-005714,2026-02-02,5
5715,5715,2026-01-30,Direct Deposit,PRPAY-2026-005715,2026-02-02,5
5716,5716,2026-01-30,ACH,PRPAY-2026-005716,2026-02-02,5
5717,5717,2026-01-30,Direct Deposit,PRPAY-2026-005717,2026-02-02,5
5718,5718,2026-01-30,Direct Deposit,PRPAY-2026-005718,2026-02-02,5
5719,5719,2026-01-30,Direct Deposit,PRPAY-2026-005719,2026-02-02,5
5720,5720,2026-01-30,Direct Deposit,PRPAY-2026-005720,2026-02-02,5
5721,5721,2026-01-30,ACH,PRPAY-2026-005721,2026-02-02,5
5722,5722,2026-01-30,ACH,PRPAY-2026-005722,2026-02-02,5
5723,5723,2026-01-30,ACH,PRPAY-2026-005723,2026-02-02,5
5724,5724,2026-01-30,ACH,PRPAY-2026-005724,2026-02-02,5
5725,5725,2026-01-30,ACH,PRPAY-2026-005725,2026-02-02,5
5726,5726,2026-01-30,Direct Deposit,PRPAY-2026-005726,2026-02-02,5
5727,5727,2026-01-30,Direct Deposit,PRPAY-2026-005727,2026-02-02,5
5728,5728,2026-01-30,ACH,PRPAY-2026-005728,2026-02-02,5
5729,5729,2026-01-30,ACH,PRPAY-2026-005729,2026-02-02,5
5730,5730,2026-01-30,Direct Deposit,PRPAY-2026-005730,2026-02-02,5
5731,5731,2026-01-30,ACH,PRPAY-2026-005731,2026-02-02,5
5732,5732,2026-01-30,Direct Deposit,PRPAY-2026-005732,2026-02-02,5
5733,5733,2026-01-30,Direct Deposit,PRPAY-2026-005733,2026-02-02,5
5734,5734,2026-01-30,Direct Deposit,PRPAY-2026-005734,2026-02-02,5
5735,5735,2026-01-30,Direct Deposit,PRPAY-2026-005735,2026-02-02,5
5736,5736,2026-01-30,Direct Deposit,PRPAY-2026-005736,2026-02-02,5
5737,5737,2026-01-30,Direct Deposit,PRPAY-2026-005737,2026-02-02,5
5738,5738,2026-01-30,Direct Deposit,PRPAY-2026-005738,2026-02-02,5
5739,5739,2026-01-30,ACH,PRPAY-2026-005739,2026-02-02,5
5740,5740,2026-01-30,ACH,PRPAY-2026-005740,2026-02-02,5
5741,5741,2026-02-13,Direct Deposit,PRPAY-2026-005741,2026-02-16,5
5742,5742,2026-02-13,Direct Deposit,PRPAY-2026-005742,2026-02-16,5
5743,5743,2026-02-13,Direct Deposit,PRPAY-2026-005743,2026-02-16,5
5744,5744,2026-02-13,ACH,PRPAY-2026-005744,2026-02-16,5
5745,5745,2026-02-13,Direct Deposit,PRPAY-2026-005745,2026-02-16,5
5746,5746,2026-02-13,ACH,PRPAY-2026-005746,2026-02-16,5
5747,5747,2026-02-13,ACH,PRPAY-2026-005747,2026-02-16,5
5748,5748,2026-02-13,Direct Deposit,PRPAY-2026-005748,2026-02-16,5
5749,5749,2026-02-13,Direct Deposit,PRPAY-2026-005749,2026-02-16,5
5750,5750,2026-02-13,ACH,PRPAY-2026-005750,2026-02-16,5
5751,5751,2026-02-13,Direct Deposit,PRPAY-2026-005751,2026-02-16,5
5752,5752,2026-02-13,ACH,PRPAY-2026-005752,2026-02-16,5
5753,5753,2026-02-13,ACH,PRPAY-2026-005753,2026-02-16,5
5754,5754,2026-02-13,Direct Deposit,PRPAY-2026-005754,2026-02-16,5
5755,5755,2026-02-13,Direct Deposit,PRPAY-2026-005755,2026-02-16,5
5756,5756,2026-02-13,ACH,PRPAY-2026-005756,2026-02-16,5
5757,5757,2026-02-13,ACH,PRPAY-2026-005757,2026-02-16,5
5758,5758,2026-02-13,ACH,PRPAY-2026-005758,2026-02-16,5
5759,5759,2026-02-13,Direct Deposit,PRPAY-2026-005759,2026-02-16,5
5760,5760,2026-02-13,ACH,PRPAY-2026-005760,2026-02-16,5
5761,5761,2026-02-13,ACH,PRPAY-2026-005761,2026-02-16,5
5762,5762,2026-02-13,Direct Deposit,PRPAY-2026-005762,2026-02-16,5
5763,5763,2026-02-13,ACH,PRPAY-2026-005763,2026-02-16,5
5764,5764,2026-02-13,ACH,PRPAY-2026-005764,2026-02-16,5
5765,5765,2026-02-13,Direct Deposit,PRPAY-2026-005765,2026-02-16,5
5766,5766,2026-02-13,Direct Deposit,PRPAY-2026-005766,2026-02-16,5
5767,5767,2026-02-13,ACH,PRPAY-2026-005767,2026-02-16,5
5768,5768,2026-02-13,Direct Deposit,PRPAY-2026-005768,2026-02-16,5
5769,5769,2026-02-13,Direct Deposit,PRPAY-2026-005769,2026-02-16,5
5770,5770,2026-02-13,ACH,PRPAY-2026-005770,2026-02-16,5
5771,5771,2026-02-13,ACH,PRPAY-2026-005771,2026-02-16,5
5772,5772,2026-02-13,ACH,PRPAY-2026-005772,2026-02-16,5
5773,5773,2026-02-13,Direct Deposit,PRPAY-2026-005773,2026-02-16,5
5774,5774,2026-02-13,Direct Deposit,PRPAY-2026-005774,2026-02-16,5
5775,5775,2026-02-13,Direct Deposit,PRPAY-2026-005775,2026-02-16,5
5776,5776,2026-02-13,ACH,PRPAY-2026-005776,2026-02-16,5
5777,5777,2026-02-13,Direct Deposit,PRPAY-2026-005777,2026-02-16,5
5778,5778,2026-02-13,Direct Deposit,PRPAY-2026-005778,2026-02-16,5
5779,5779,2026-02-13,ACH,PRPAY-2026-005779,2026-02-16,5
5780,5780,2026-02-13,Direct Deposit,PRPAY-2026-005780,2026-02-16,5
5781,5781,2026-02-13,Direct Deposit,PRPAY-2026-005781,2026-02-16,5
5782,5782,2026-02-13,ACH,PRPAY-2026-005782,2026-02-16,5
5783,5783,2026-02-13,Direct Deposit,PRPAY-2026-005783,2026-02-16,5
5784,5784,2026-02-13,Direct Deposit,PRPAY-2026-005784,2026-02-16,5
5785,5785,2026-02-13,ACH,PRPAY-2026-005785,2026-02-16,5
5786,5786,2026-02-13,Direct Deposit,PRPAY-2026-005786,2026-02-16,5
5787,5787,2026-02-13,ACH,PRPAY-2026-005787,2026-02-16,5
5788,5788,2026-02-13,ACH,PRPAY-2026-005788,2026-02-16,5
5789,5789,2026-02-13,Direct Deposit,PRPAY-2026-005789,2026-02-16,5
5790,5790,2026-02-13,ACH,PRPAY-2026-005790,2026-02-16,5
5791,5791,2026-02-13,ACH,PRPAY-2026-005791,2026-02-16,5
5792,5792,2026-02-13,Direct Deposit,PRPAY-2026-005792,2026-02-16,5
5793,5793,2026-02-13,Direct Deposit,PRPAY-2026-005793,2026-02-16,5
5794,5794,2026-02-13,ACH,PRPAY-2026-005794,2026-02-16,5
5795,5795,2026-02-13,Direct Deposit,PRPAY-2026-005795,2026-02-16,5
5796,5796,2026-02-13,ACH,PRPAY-2026-005796,2026-02-16,5
5797,5797,2026-02-13,ACH,PRPAY-2026-005797,2026-02-16,5
5798,5798,2026-02-13,Direct Deposit,PRPAY-2026-005798,2026-02-16,5
5799,5799,2026-02-13,ACH,PRPAY-2026-005799,2026-02-16,5
5800,5800,2026-02-13,ACH,PRPAY-2026-005800,2026-02-16,5
5801,5801,2026-02-13,ACH,PRPAY-2026-005801,2026-02-16,5
5802,5802,2026-02-13,ACH,PRPAY-2026-005802,2026-02-16,5
5803,5803,2026-02-13,Direct Deposit,PRPAY-2026-005803,2026-02-16,5
5804,5804,2026-02-13,Direct Deposit,PRPAY-2026-005804,2026-02-16,5
5805,5805,2026-02-13,ACH,PRPAY-2026-005805,2026-02-16,5
5806,5806,2026-02-13,Direct Deposit,PRPAY-2026-005806,2026-02-16,5
5807,5807,2026-02-13,ACH,PRPAY-2026-005807,2026-02-16,5
5808,5808,2026-02-13,Direct Deposit,PRPAY-2026-005808,2026-02-16,5
5809,5809,2026-02-13,ACH,PRPAY-2026-005809,2026-02-16,5
5810,5810,2026-02-13,Direct Deposit,PRPAY-2026-005810,2026-02-16,5
5811,5811,2026-02-13,Direct Deposit,PRPAY-2026-005811,2026-02-16,5
5812,5812,2026-02-13,Direct Deposit,PRPAY-2026-005812,2026-02-16,5
5813,5813,2026-02-13,Direct Deposit,PRPAY-2026-005813,2026-02-16,5
5814,5814,2026-02-13,ACH,PRPAY-2026-005814,2026-02-16,5
5815,5815,2026-02-13,ACH,PRPAY-2026-005815,2026-02-16,5
5816,5816,2026-02-13,ACH,PRPAY-2026-005816,2026-02-16,5
5817,5817,2026-02-13,Direct Deposit,PRPAY-2026-005817,2026-02-16,5
5818,5818,2026-02-13,Direct Deposit,PRPAY-2026-005818,2026-02-16,5
5819,5819,2026-02-13,Direct Deposit,PRPAY-2026-005819,2026-02-16,5
5820,5820,2026-02-13,ACH,PRPAY-2026-005820,2026-02-16,5
5821,5821,2026-02-13,Direct Deposit,PRPAY-2026-005821,2026-02-16,5
5822,5822,2026-02-13,Direct Deposit,PRPAY-2026-005822,2026-02-16,5
5823,5823,2026-02-13,ACH,PRPAY-2026-005823,2026-02-16,5
5824,5824,2026-02-13,ACH,PRPAY-2026-005824,2026-02-16,5
5825,5825,2026-02-13,ACH,PRPAY-2026-005825,2026-02-16,5
5826,5826,2026-02-13,Direct Deposit,PRPAY-2026-005826,2026-02-16,5
5827,5827,2026-02-13,Direct Deposit,PRPAY-2026-005827,2026-02-16,5
5828,5828,2026-02-13,Direct Deposit,PRPAY-2026-005828,2026-02-16,5
5829,5829,2026-02-13,ACH,PRPAY-2026-005829,2026-02-16,5
5830,5830,2026-02-13,ACH,PRPAY-2026-005830,2026-02-16,5
5831,5831,2026-02-13,Direct Deposit,PRPAY-2026-005831,2026-02-16,5
5832,5832,2026-02-13,ACH,PRPAY-2026-005832,2026-02-16,5
5833,5833,2026-02-13,ACH,PRPAY-2026-005833,2026-02-16,5
5834,5834,2026-02-13,Direct Deposit,PRPAY-2026-005834,2026-02-16,5
5835,5835,2026-02-13,ACH,PRPAY-2026-005835,2026-02-16,5
5836,5836,2026-02-13,Direct Deposit,PRPAY-2026-005836,2026-02-16,5
5837,5837,2026-02-13,Direct Deposit,PRPAY-2026-005837,2026-02-16,5
5838,5838,2026-02-13,Direct Deposit,PRPAY-2026-005838,2026-02-16,5
5839,5839,2026-02-13,ACH,PRPAY-2026-005839,2026-02-16,5
5840,5840,2026-02-13,Direct Deposit,PRPAY-2026-005840,2026-02-16,5
5841,5841,2026-02-13,ACH,PRPAY-2026-005841,2026-02-16,5
5842,5842,2026-02-13,ACH,PRPAY-2026-005842,2026-02-16,5
5843,5843,2026-02-13,ACH,PRPAY-2026-005843,2026-02-16,5
5844,5844,2026-02-13,ACH,PRPAY-2026-005844,2026-02-16,5
5845,5845,2026-02-13,ACH,PRPAY-2026-005845,2026-02-16,5
5846,5846,2026-02-13,ACH,PRPAY-2026-005846,2026-02-16,5
5847,5847,2026-02-27,ACH,PRPAY-2026-005847,2026-03-02,5
5848,5848,2026-02-27,ACH,PRPAY-2026-005848,2026-03-02,5
5849,5849,2026-02-27,ACH,PRPAY-2026-005849,2026-03-02,5
5850,5850,2026-02-27,Direct Deposit,PRPAY-2026-005850,2026-03-02,5
5851,5851,2026-02-27,ACH,PRPAY-2026-005851,2026-03-02,5
5852,5852,2026-02-27,Direct Deposit,PRPAY-2026-005852,2026-03-02,5
5853,5853,2026-02-27,Direct Deposit,PRPAY-2026-005853,2026-03-02,5
5854,5854,2026-02-27,Direct Deposit,PRPAY-2026-005854,2026-03-02,5
5855,5855,2026-02-27,ACH,PRPAY-2026-005855,2026-03-02,5
5856,5856,2026-02-27,ACH,PRPAY-2026-005856,2026-03-02,5
5857,5857,2026-02-27,Direct Deposit,PRPAY-2026-005857,2026-03-02,5
5858,5858,2026-02-27,Direct Deposit,PRPAY-2026-005858,2026-03-02,5
5859,5859,2026-02-27,ACH,PRPAY-2026-005859,2026-03-02,5
5860,5860,2026-02-27,ACH,PRPAY-2026-005860,2026-03-02,5
5861,5861,2026-02-27,Direct Deposit,PRPAY-2026-005861,2026-03-02,5
5862,5862,2026-02-27,ACH,PRPAY-2026-005862,2026-03-02,5
5863,5863,2026-02-27,ACH,PRPAY-2026-005863,2026-03-02,5
5864,5864,2026-02-27,Direct Deposit,PRPAY-2026-005864,2026-03-02,5
5865,5865,2026-02-27,Direct Deposit,PRPAY-2026-005865,2026-03-02,5
5866,5866,2026-02-27,Direct Deposit,PRPAY-2026-005866,2026-03-02,5
5867,5867,2026-02-27,Direct Deposit,PRPAY-2026-005867,2026-03-02,5
5868,5868,2026-02-27,ACH,PRPAY-2026-005868,2026-03-02,5
5869,5869,2026-02-27,ACH,PRPAY-2026-005869,2026-03-02,5
5870,5870,2026-02-27,Direct Deposit,PRPAY-2026-005870,2026-03-02,5
5871,5871,2026-02-27,ACH,PRPAY-2026-005871,2026-03-02,5
5872,5872,2026-02-27,Direct Deposit,PRPAY-2026-005872,2026-03-02,5
5873,5873,2026-02-27,Direct Deposit,PRPAY-2026-005873,2026-03-02,5
5874,5874,2026-02-27,Direct Deposit,PRPAY-2026-005874,2026-03-02,5
5875,5875,2026-02-27,ACH,PRPAY-2026-005875,2026-03-02,5
5876,5876,2026-02-27,Direct Deposit,PRPAY-2026-005876,2026-03-02,5
5877,5877,2026-02-27,Direct Deposit,PRPAY-2026-005877,2026-03-02,5
5878,5878,2026-02-27,ACH,PRPAY-2026-005878,2026-03-02,5
5879,5879,2026-02-27,Direct Deposit,PRPAY-2026-005879,2026-03-02,5
5880,5880,2026-02-27,ACH,PRPAY-2026-005880,2026-03-02,5
5881,5881,2026-02-27,ACH,PRPAY-2026-005881,2026-03-02,5
5882,5882,2026-02-27,Direct Deposit,PRPAY-2026-005882,2026-03-02,5
5883,5883,2026-02-27,Direct Deposit,PRPAY-2026-005883,2026-03-02,5
5884,5884,2026-02-27,ACH,PRPAY-2026-005884,2026-03-02,5
5885,5885,2026-02-27,Direct Deposit,PRPAY-2026-005885,2026-03-02,5
5886,5886,2026-02-27,ACH,PRPAY-2026-005886,2026-03-02,5
5887,5887,2026-02-27,Direct Deposit,PRPAY-2026-005887,2026-03-02,5
5888,5888,2026-02-27,ACH,PRPAY-2026-005888,2026-03-02,5
5889,5889,2026-02-27,ACH,PRPAY-2026-005889,2026-03-02,5
5890,5890,2026-02-27,Direct Deposit,PRPAY-2026-005890,2026-03-02,5
5891,5891,2026-02-27,Direct Deposit,PRPAY-2026-005891,2026-03-02,5
5892,5892,2026-02-27,ACH,PRPAY-2026-005892,2026-03-02,5
5893,5893,2026-02-27,Direct Deposit,PRPAY-2026-005893,2026-03-02,5
5894,5894,2026-02-27,Direct Deposit,PRPAY-2026-005894,2026-03-02,5
5895,5895,2026-02-27,ACH,PRPAY-2026-005895,2026-03-02,5
5896,5896,2026-02-27,ACH,PRPAY-2026-005896,2026-03-02,5
5897,5897,2026-02-27,ACH,PRPAY-2026-005897,2026-03-02,5
5898,5898,2026-02-27,ACH,PRPAY-2026-005898,2026-03-02,5
5899,5899,2026-02-27,ACH,PRPAY-2026-005899,2026-03-02,5
5900,5900,2026-02-27,ACH,PRPAY-2026-005900,2026-03-02,5
5901,5901,2026-02-27,ACH,PRPAY-2026-005901,2026-03-02,5
5902,5902,2026-02-27,ACH,PRPAY-2026-005902,2026-03-02,5
5903,5903,2026-02-27,ACH,PRPAY-2026-005903,2026-03-02,5
5904,5904,2026-02-27,Direct Deposit,PRPAY-2026-005904,2026-03-02,5
5905,5905,2026-02-27,ACH,PRPAY-2026-005905,2026-03-02,5
5906,5906,2026-02-27,Direct Deposit,PRPAY-2026-005906,2026-03-02,5
5907,5907,2026-02-27,Direct Deposit,PRPAY-2026-005907,2026-03-02,5
5908,5908,2026-02-27,Direct Deposit,PRPAY-2026-005908,2026-03-02,5
5909,5909,2026-02-27,ACH,PRPAY-2026-005909,2026-03-02,5
5910,5910,2026-02-27,Direct Deposit,PRPAY-2026-005910,2026-03-02,5
5911,5911,2026-02-27,Direct Deposit,PRPAY-2026-005911,2026-03-02,5
5912,5912,2026-02-27,ACH,PRPAY-2026-005912,2026-03-02,5
5913,5913,2026-02-27,Direct Deposit,PRPAY-2026-005913,2026-03-02,5
5914,5914,2026-02-27,ACH,PRPAY-2026-005914,2026-03-02,5
5915,5915,2026-02-27,Direct Deposit,PRPAY-2026-005915,2026-03-02,5
5916,5916,2026-02-27,Direct Deposit,PRPAY-2026-005916,2026-03-02,5
5917,5917,2026-02-27,Direct Deposit,PRPAY-2026-005917,2026-03-02,5
5918,5918,2026-02-27,ACH,PRPAY-2026-005918,2026-03-02,5
5919,5919,2026-02-27,Direct Deposit,PRPAY-2026-005919,2026-03-02,5
5920,5920,2026-02-27,Direct Deposit,PRPAY-2026-005920,2026-03-02,5
5921,5921,2026-02-27,ACH,PRPAY-2026-005921,2026-03-02,5
5922,5922,2026-02-27,ACH,PRPAY-2026-005922,2026-03-02,5
5923,5923,2026-02-27,ACH,PRPAY-2026-005923,2026-03-02,5
5924,5924,2026-02-27,Direct Deposit,PRPAY-2026-005924,2026-03-02,5
5925,5925,2026-02-27,Direct Deposit,PRPAY-2026-005925,2026-03-02,5
5926,5926,2026-02-27,ACH,PRPAY-2026-005926,2026-03-02,5
5927,5927,2026-02-27,ACH,PRPAY-2026-005927,2026-03-02,5
5928,5928,2026-02-27,ACH,PRPAY-2026-005928,2026-03-02,5
5929,5929,2026-02-27,ACH,PRPAY-2026-005929,2026-03-02,5
5930,5930,2026-02-27,ACH,PRPAY-2026-005930,2026-03-02,5
5931,5931,2026-02-27,ACH,PRPAY-2026-005931,2026-03-02,5
5932,5932,2026-02-27,Direct Deposit,PRPAY-2026-005932,2026-03-02,5
5933,5933,2026-02-27,Direct Deposit,PRPAY-2026-005933,2026-03-02,5
5934,5934,2026-02-27,Direct Deposit,PRPAY-2026-005934,2026-03-02,5
5935,5935,2026-02-27,Direct Deposit,PRPAY-2026-005935,2026-03-02,5
5936,5936,2026-02-27,Direct Deposit,PRPAY-2026-005936,2026-03-02,5
5937,5937,2026-02-27,Direct Deposit,PRPAY-2026-005937,2026-03-02,5
5938,5938,2026-02-27,ACH,PRPAY-2026-005938,2026-03-02,5
5939,5939,2026-02-27,ACH,PRPAY-2026-005939,2026-03-02,5
5940,5940,2026-02-27,Direct Deposit,PRPAY-2026-005940,2026-03-02,5
5941,5941,2026-02-27,Direct Deposit,PRPAY-2026-005941,2026-03-02,5
5942,5942,2026-02-27,ACH,PRPAY-2026-005942,2026-03-02,5
5943,5943,2026-02-27,Direct Deposit,PRPAY-2026-005943,2026-03-02,5
5944,5944,2026-02-27,ACH,PRPAY-2026-005944,2026-03-02,5
5945,5945,2026-02-27,Direct Deposit,PRPAY-2026-005945,2026-03-02,5
5946,5946,2026-02-27,ACH,PRPAY-2026-005946,2026-03-02,5
5947,5947,2026-02-27,Direct Deposit,PRPAY-2026-005947,2026-03-02,5
5948,5948,2026-02-27,Direct Deposit,PRPAY-2026-005948,2026-03-02,5
5949,5949,2026-02-27,ACH,PRPAY-2026-005949,2026-03-02,5
5950,5950,2026-02-27,Direct Deposit,PRPAY-2026-005950,2026-03-02,5
5951,5951,2026-02-27,Direct Deposit,PRPAY-2026-005951,2026-03-02,5
5952,5952,2026-02-27,ACH,PRPAY-2026-005952,2026-03-02,5
5953,5953,2026-03-13,Direct Deposit,PRPAY-2026-005953,2026-03-16,5
5954,5954,2026-03-13,Direct Deposit,PRPAY-2026-005954,2026-03-16,5
5955,5955,2026-03-13,Direct Deposit,PRPAY-2026-005955,2026-03-16,5
5956,5956,2026-03-13,ACH,PRPAY-2026-005956,2026-03-16,5
5957,5957,2026-03-13,Direct Deposit,PRPAY-2026-005957,2026-03-16,5
5958,5958,2026-03-13,ACH,PRPAY-2026-005958,2026-03-16,5
5959,5959,2026-03-13,Direct Deposit,PRPAY-2026-005959,2026-03-16,5
5960,5960,2026-03-13,Direct Deposit,PRPAY-2026-005960,2026-03-16,5
5961,5961,2026-03-13,Direct Deposit,PRPAY-2026-005961,2026-03-16,5
5962,5962,2026-03-13,ACH,PRPAY-2026-005962,2026-03-16,5
5963,5963,2026-03-13,Direct Deposit,PRPAY-2026-005963,2026-03-16,5
5964,5964,2026-03-13,Direct Deposit,PRPAY-2026-005964,2026-03-16,5
5965,5965,2026-03-13,Direct Deposit,PRPAY-2026-005965,2026-03-16,5
5966,5966,2026-03-13,ACH,PRPAY-2026-005966,2026-03-16,5
5967,5967,2026-03-13,ACH,PRPAY-2026-005967,2026-03-16,5
5968,5968,2026-03-13,Direct Deposit,PRPAY-2026-005968,2026-03-16,5
5969,5969,2026-03-13,ACH,PRPAY-2026-005969,2026-03-16,5
5970,5970,2026-03-13,ACH,PRPAY-2026-005970,2026-03-16,5
5971,5971,2026-03-13,ACH,PRPAY-2026-005971,2026-03-16,5
5972,5972,2026-03-13,ACH,PRPAY-2026-005972,2026-03-16,5
5973,5973,2026-03-13,Direct Deposit,PRPAY-2026-005973,2026-03-16,5
5974,5974,2026-03-13,ACH,PRPAY-2026-005974,2026-03-16,5
5975,5975,2026-03-13,ACH,PRPAY-2026-005975,2026-03-16,5
5976,5976,2026-03-13,Direct Deposit,PRPAY-2026-005976,2026-03-16,5
5977,5977,2026-03-13,Direct Deposit,PRPAY-2026-005977,2026-03-16,5
5978,5978,2026-03-13,Direct Deposit,PRPAY-2026-005978,2026-03-16,5
5979,5979,2026-03-13,Direct Deposit,PRPAY-2026-005979,2026-03-16,5
5980,5980,2026-03-13,ACH,PRPAY-2026-005980,2026-03-16,5
5981,5981,2026-03-13,Direct Deposit,PRPAY-2026-005981,2026-03-16,5
5982,5982,2026-03-13,Direct Deposit,PRPAY-2026-005982,2026-03-16,5
5983,5983,2026-03-13,ACH,PRPAY-2026-005983,2026-03-16,5
5984,5984,2026-03-13,Direct Deposit,PRPAY-2026-005984,2026-03-16,5
5985,5985,2026-03-13,ACH,PRPAY-2026-005985,2026-03-16,5
5986,5986,2026-03-13,ACH,PRPAY-2026-005986,2026-03-16,5
5987,5987,2026-03-13,Direct Deposit,PRPAY-2026-005987,2026-03-16,5
5988,5988,2026-03-13,ACH,PRPAY-2026-005988,2026-03-16,5
5989,5989,2026-03-13,ACH,PRPAY-2026-005989,2026-03-16,5
5990,5990,2026-03-13,ACH,PRPAY-2026-005990,2026-03-16,5
5991,5991,2026-03-13,Direct Deposit,PRPAY-2026-005991,2026-03-16,5
5992,5992,2026-03-13,ACH,PRPAY-2026-005992,2026-03-16,5
5993,5993,2026-03-13,Direct Deposit,PRPAY-2026-005993,2026-03-16,5
5994,5994,2026-03-13,Direct Deposit,PRPAY-2026-005994,2026-03-16,5
5995,5995,2026-03-13,Direct Deposit,PRPAY-2026-005995,2026-03-16,5
5996,5996,2026-03-13,ACH,PRPAY-2026-005996,2026-03-16,5
5997,5997,2026-03-13,Direct Deposit,PRPAY-2026-005997,2026-03-16,5
5998,5998,2026-03-13,Direct Deposit,PRPAY-2026-005998,2026-03-16,5
5999,5999,2026-03-13,Direct Deposit,PRPAY-2026-005999,2026-03-16,5
6000,6000,2026-03-13,ACH,PRPAY-2026-006000,2026-03-16,5
6001,6001,2026-03-13,Direct Deposit,PRPAY-2026-006001,2026-03-16,5
6002,6002,2026-03-13,ACH,PRPAY-2026-006002,2026-03-16,5
6003,6003,2026-03-13,ACH,PRPAY-2026-006003,2026-03-16,5
6004,6004,2026-03-13,ACH,PRPAY-2026-006004,2026-03-16,5
6005,6005,2026-03-13,ACH,PRPAY-2026-006005,2026-03-16,5
6006,6006,2026-03-13,ACH,PRPAY-2026-006006,2026-03-16,5
6007,6007,2026-03-13,ACH,PRPAY-2026-006007,2026-03-16,5
6008,6008,2026-03-13,ACH,PRPAY-2026-006008,2026-03-16,5
6009,6009,2026-03-13,Direct Deposit,PRPAY-2026-006009,2026-03-16,5
6010,6010,2026-03-13,ACH,PRPAY-2026-006010,2026-03-16,5
6011,6011,2026-03-13,ACH,PRPAY-2026-006011,2026-03-16,5
6012,6012,2026-03-13,Direct Deposit,PRPAY-2026-006012,2026-03-16,5
6013,6013,2026-03-13,ACH,PRPAY-2026-006013,2026-03-16,5
6014,6014,2026-03-13,Direct Deposit,PRPAY-2026-006014,2026-03-16,5
6015,6015,2026-03-13,Direct Deposit,PRPAY-2026-006015,2026-03-16,5
6016,6016,2026-03-13,Direct Deposit,PRPAY-2026-006016,2026-03-16,5
6017,6017,2026-03-13,Direct Deposit,PRPAY-2026-006017,2026-03-16,5
6018,6018,2026-03-13,ACH,PRPAY-2026-006018,2026-03-16,5
6019,6019,2026-03-13,Direct Deposit,PRPAY-2026-006019,2026-03-16,5
6020,6020,2026-03-13,ACH,PRPAY-2026-006020,2026-03-16,5
6021,6021,2026-03-13,ACH,PRPAY-2026-006021,2026-03-16,5
6022,6022,2026-03-13,Direct Deposit,PRPAY-2026-006022,2026-03-16,5
6023,6023,2026-03-13,Direct Deposit,PRPAY-2026-006023,2026-03-16,5
6024,6024,2026-03-13,Direct Deposit,PRPAY-2026-006024,2026-03-16,5
6025,6025,2026-03-13,Direct Deposit,PRPAY-2026-006025,2026-03-16,5
6026,6026,2026-03-13,ACH,PRPAY-2026-006026,2026-03-16,5
6027,6027,2026-03-13,Direct Deposit,PRPAY-2026-006027,2026-03-16,5
6028,6028,2026-03-13,Direct Deposit,PRPAY-2026-006028,2026-03-16,5
6029,6029,2026-03-13,Direct Deposit,PRPAY-2026-006029,2026-03-16,5
6030,6030,2026-03-13,ACH,PRPAY-2026-006030,2026-03-16,5
6031,6031,2026-03-13,Direct Deposit,PRPAY-2026-006031,2026-03-16,5
6032,6032,2026-03-13,Direct Deposit,PRPAY-2026-006032,2026-03-16,5
6033,6033,2026-03-13,Direct Deposit,PRPAY-2026-006033,2026-03-16,5
6034,6034,2026-03-13,Direct Deposit,PRPAY-2026-006034,2026-03-16,5
6035,6035,2026-03-13,ACH,PRPAY-2026-006035,2026-03-16,5
6036,6036,2026-03-13,ACH,PRPAY-2026-006036,2026-03-16,5
6037,6037,2026-03-13,Direct Deposit,PRPAY-2026-006037,2026-03-16,5
6038,6038,2026-03-13,Direct Deposit,PRPAY-2026-006038,2026-03-16,5
6039,6039,2026-03-13,Direct Deposit,PRPAY-2026-006039,2026-03-16,5
6040,6040,2026-03-13,Direct Deposit,PRPAY-2026-006040,2026-03-16,5
6041,6041,2026-03-13,ACH,PRPAY-2026-006041,2026-03-16,5
6042,6042,2026-03-13,ACH,PRPAY-2026-006042,2026-03-16,5
6043,6043,2026-03-13,Direct Deposit,PRPAY-2026-006043,2026-03-16,5
6044,6044,2026-03-13,Direct Deposit,PRPAY-2026-006044,2026-03-16,5
6045,6045,2026-03-13,Direct Deposit,PRPAY-2026-006045,2026-03-16,5
6046,6046,2026-03-13,ACH,PRPAY-2026-006046,2026-03-16,5
6047,6047,2026-03-13,Direct Deposit,PRPAY-2026-006047,2026-03-16,5
6048,6048,2026-03-13,Direct Deposit,PRPAY-2026-006048,2026-03-16,5
6049,6049,2026-03-13,Direct Deposit,PRPAY-2026-006049,2026-03-16,5
6050,6050,2026-03-13,Direct Deposit,PRPAY-2026-006050,2026-03-16,5
6051,6051,2026-03-13,ACH,PRPAY-2026-006051,2026-03-16,5
6052,6052,2026-03-13,Direct Deposit,PRPAY-2026-006052,2026-03-16,5
6053,6053,2026-03-13,Direct Deposit,PRPAY-2026-006053,2026-03-16,5
6054,6054,2026-03-13,Direct Deposit,PRPAY-2026-006054,2026-03-16,5
6055,6055,2026-03-13,Direct Deposit,PRPAY-2026-006055,2026-03-16,5
6056,6056,2026-03-13,Direct Deposit,PRPAY-2026-006056,2026-03-16,5
6057,6057,2026-03-13,Direct Deposit,PRPAY-2026-006057,2026-03-16,5
6058,6058,2026-03-13,Direct Deposit,PRPAY-2026-006058,2026-03-16,5
6059,6059,2026-03-13,ACH,PRPAY-2026-006059,2026-03-16,5
6060,6060,2026-03-27,ACH,PRPAY-2026-006060,2026-03-30,5
6061,6061,2026-03-27,ACH,PRPAY-2026-006061,2026-03-30,5
6062,6062,2026-03-27,Direct Deposit,PRPAY-2026-006062,2026-03-30,5
6063,6063,2026-03-27,Direct Deposit,PRPAY-2026-006063,2026-03-30,5
6064,6064,2026-03-27,Direct Deposit,PRPAY-2026-006064,2026-03-30,5
6065,6065,2026-03-27,ACH,PRPAY-2026-006065,2026-03-30,5
6066,6066,2026-03-27,ACH,PRPAY-2026-006066,2026-03-30,5
6067,6067,2026-03-27,ACH,PRPAY-2026-006067,2026-03-30,5
6068,6068,2026-03-27,Direct Deposit,PRPAY-2026-006068,2026-03-30,5
6069,6069,2026-03-27,Direct Deposit,PRPAY-2026-006069,2026-03-30,5
6070,6070,2026-03-27,Direct Deposit,PRPAY-2026-006070,2026-03-30,5
6071,6071,2026-03-27,Direct Deposit,PRPAY-2026-006071,2026-03-30,5
6072,6072,2026-03-27,Direct Deposit,PRPAY-2026-006072,2026-03-30,5
6073,6073,2026-03-27,ACH,PRPAY-2026-006073,2026-03-30,5
6074,6074,2026-03-27,ACH,PRPAY-2026-006074,2026-03-30,5
6075,6075,2026-03-27,Direct Deposit,PRPAY-2026-006075,2026-03-30,5
6076,6076,2026-03-27,ACH,PRPAY-2026-006076,2026-03-30,5
6077,6077,2026-03-27,Direct Deposit,PRPAY-2026-006077,2026-03-30,5
6078,6078,2026-03-27,Direct Deposit,PRPAY-2026-006078,2026-03-30,5
6079,6079,2026-03-27,Direct Deposit,PRPAY-2026-006079,2026-03-30,5
6080,6080,2026-03-27,ACH,PRPAY-2026-006080,2026-03-30,5
6081,6081,2026-03-27,ACH,PRPAY-2026-006081,2026-03-30,5
6082,6082,2026-03-27,ACH,PRPAY-2026-006082,2026-03-30,5
6083,6083,2026-03-27,ACH,PRPAY-2026-006083,2026-03-30,5
6084,6084,2026-03-27,Direct Deposit,PRPAY-2026-006084,2026-03-30,5
6085,6085,2026-03-27,ACH,PRPAY-2026-006085,2026-03-30,5
6086,6086,2026-03-27,ACH,PRPAY-2026-006086,2026-03-30,5
6087,6087,2026-03-27,ACH,PRPAY-2026-006087,2026-03-30,5
6088,6088,2026-03-27,ACH,PRPAY-2026-006088,2026-03-30,5
6089,6089,2026-03-27,Direct Deposit,PRPAY-2026-006089,2026-03-30,5
6090,6090,2026-03-27,Direct Deposit,PRPAY-2026-006090,2026-03-30,5
6091,6091,2026-03-27,ACH,PRPAY-2026-006091,2026-03-30,5
6092,6092,2026-03-27,ACH,PRPAY-2026-006092,2026-03-30,5
6093,6093,2026-03-27,ACH,PRPAY-2026-006093,2026-03-30,5
6094,6094,2026-03-27,Direct Deposit,PRPAY-2026-006094,2026-03-30,5
6095,6095,2026-03-27,ACH,PRPAY-2026-006095,2026-03-30,5
6096,6096,2026-03-27,Direct Deposit,PRPAY-2026-006096,2026-03-30,5
6097,6097,2026-03-27,ACH,PRPAY-2026-006097,2026-03-30,5
6098,6098,2026-03-27,Direct Deposit,PRPAY-2026-006098,2026-03-30,5
6099,6099,2026-03-27,Direct Deposit,PRPAY-2026-006099,2026-03-30,5
6100,6100,2026-03-27,ACH,PRPAY-2026-006100,2026-03-30,5
6101,6101,2026-03-27,Direct Deposit,PRPAY-2026-006101,2026-03-30,5
6102,6102,2026-03-27,ACH,PRPAY-2026-006102,2026-03-30,5
6103,6103,2026-03-27,Direct Deposit,PRPAY-2026-006103,2026-03-30,5
6104,6104,2026-03-27,ACH,PRPAY-2026-006104,2026-03-30,5
6105,6105,2026-03-27,Direct Deposit,PRPAY-2026-006105,2026-03-30,5
6106,6106,2026-03-27,Direct Deposit,PRPAY-2026-006106,2026-03-30,5
6107,6107,2026-03-27,Direct Deposit,PRPAY-2026-006107,2026-03-30,5
6108,6108,2026-03-27,ACH,PRPAY-2026-006108,2026-03-30,5
6109,6109,2026-03-27,ACH,PRPAY-2026-006109,2026-03-30,5
6110,6110,2026-03-27,Direct Deposit,PRPAY-2026-006110,2026-03-30,5
6111,6111,2026-03-27,ACH,PRPAY-2026-006111,2026-03-30,5
6112,6112,2026-03-27,ACH,PRPAY-2026-006112,2026-03-30,5
6113,6113,2026-03-27,ACH,PRPAY-2026-006113,2026-03-30,5
6114,6114,2026-03-27,ACH,PRPAY-2026-006114,2026-03-30,5
6115,6115,2026-03-27,ACH,PRPAY-2026-006115,2026-03-30,5
6116,6116,2026-03-27,Direct Deposit,PRPAY-2026-006116,2026-03-30,5
6117,6117,2026-03-27,ACH,PRPAY-2026-006117,2026-03-30,5
6118,6118,2026-03-27,Direct Deposit,PRPAY-2026-006118,2026-03-30,5
6119,6119,2026-03-27,ACH,PRPAY-2026-006119,2026-03-30,5
6120,6120,2026-03-27,ACH,PRPAY-2026-006120,2026-03-30,5
6121,6121,2026-03-27,ACH,PRPAY-2026-006121,2026-03-30,5
6122,6122,2026-03-27,ACH,PRPAY-2026-006122,2026-03-30,5
6123,6123,2026-03-27,ACH,PRPAY-2026-006123,2026-03-30,5
6124,6124,2026-03-27,Direct Deposit,PRPAY-2026-006124,2026-03-30,5
6125,6125,2026-03-27,ACH,PRPAY-2026-006125,2026-03-30,5
6126,6126,2026-03-27,ACH,PRPAY-2026-006126,2026-03-30,5
6127,6127,2026-03-27,Direct Deposit,PRPAY-2026-006127,2026-03-30,5
6128,6128,2026-03-27,ACH,PRPAY-2026-006128,2026-03-30,5
6129,6129,2026-03-27,Direct Deposit,PRPAY-2026-006129,2026-03-30,5
6130,6130,2026-03-27,ACH,PRPAY-2026-006130,2026-03-30,5
6131,6131,2026-03-27,Direct Deposit,PRPAY-2026-006131,2026-03-30,5
6132,6132,2026-03-27,ACH,PRPAY-2026-006132,2026-03-30,5
6133,6133,2026-03-27,Direct Deposit,PRPAY-2026-006133,2026-03-30,5
6134,6134,2026-03-27,Direct Deposit,PRPAY-2026-006134,2026-03-30,5
6135,6135,2026-03-27,ACH,PRPAY-2026-006135,2026-03-30,5
6136,6136,2026-03-27,Direct Deposit,PRPAY-2026-006136,2026-03-30,5
6137,6137,2026-03-27,ACH,PRPAY-2026-006137,2026-03-30,5
6138,6138,2026-03-27,Direct Deposit,PRPAY-2026-006138,2026-03-30,5
6139,6139,2026-03-27,ACH,PRPAY-2026-006139,2026-03-30,5
6140,6140,2026-03-27,Direct Deposit,PRPAY-2026-006140,2026-03-30,5
6141,6141,2026-03-27,ACH,PRPAY-2026-006141,2026-03-30,5
6142,6142,2026-03-27,ACH,PRPAY-2026-006142,2026-03-30,5
6143,6143,2026-03-27,Direct Deposit,PRPAY-2026-006143,2026-03-30,5
6144,6144,2026-03-27,Direct Deposit,PRPAY-2026-006144,2026-03-30,5
6145,6145,2026-03-27,Direct Deposit,PRPAY-2026-006145,2026-03-30,5
6146,6146,2026-03-27,Direct Deposit,PRPAY-2026-006146,2026-03-30,5
6147,6147,2026-03-27,ACH,PRPAY-2026-006147,2026-03-30,5
6148,6148,2026-03-27,Direct Deposit,PRPAY-2026-006148,2026-03-30,5
6149,6149,2026-03-27,Direct Deposit,PRPAY-2026-006149,2026-03-30,5
6150,6150,2026-03-27,ACH,PRPAY-2026-006150,2026-03-30,5
6151,6151,2026-03-27,Direct Deposit,PRPAY-2026-006151,2026-03-30,5
6152,6152,2026-03-27,ACH,PRPAY-2026-006152,2026-03-30,5
6153,6153,2026-03-27,ACH,PRPAY-2026-006153,2026-03-30,5
6154,6154,2026-03-27,ACH,PRPAY-2026-006154,2026-03-30,5
6155,6155,2026-03-27,Direct Deposit,PRPAY-2026-006155,2026-03-30,5
6156,6156,2026-03-27,ACH,PRPAY-2026-006156,2026-03-30,5
6157,6157,2026-03-27,Direct Deposit,PRPAY-2026-006157,2026-03-30,5
6158,6158,2026-03-27,Direct Deposit,PRPAY-2026-006158,2026-03-30,5
6159,6159,2026-03-27,Direct Deposit,PRPAY-2026-006159,2026-03-30,5
6160,6160,2026-03-27,Direct Deposit,PRPAY-2026-006160,2026-03-30,5
6161,6161,2026-03-27,ACH,PRPAY-2026-006161,2026-03-30,5
6162,6162,2026-03-27,Direct Deposit,PRPAY-2026-006162,2026-03-30,5
6163,6163,2026-03-27,Direct Deposit,PRPAY-2026-006163,2026-03-30,5
6164,6164,2026-03-27,Direct Deposit,PRPAY-2026-006164,2026-03-30,5
6165,6165,2026-03-27,ACH,PRPAY-2026-006165,2026-03-30,5
6166,6166,2026-03-27,Direct Deposit,PRPAY-2026-006166,2026-03-30,5
6167,6167,2026-04-10,Direct Deposit,PRPAY-2026-006167,2026-04-13,5
6168,6168,2026-04-10,Direct Deposit,PRPAY-2026-006168,2026-04-13,5
6169,6169,2026-04-10,Direct Deposit,PRPAY-2026-006169,2026-04-13,5
6170,6170,2026-04-10,Direct Deposit,PRPAY-2026-006170,2026-04-13,5
6171,6171,2026-04-10,ACH,PRPAY-2026-006171,2026-04-13,5
6172,6172,2026-04-10,ACH,PRPAY-2026-006172,2026-04-13,5
6173,6173,2026-04-10,Direct Deposit,PRPAY-2026-006173,2026-04-13,5
6174,6174,2026-04-10,Direct Deposit,PRPAY-2026-006174,2026-04-13,5
6175,6175,2026-04-10,Direct Deposit,PRPAY-2026-006175,2026-04-13,5
6176,6176,2026-04-10,Direct Deposit,PRPAY-2026-006176,2026-04-13,5
6177,6177,2026-04-10,ACH,PRPAY-2026-006177,2026-04-13,5
6178,6178,2026-04-10,Direct Deposit,PRPAY-2026-006178,2026-04-13,5
6179,6179,2026-04-10,ACH,PRPAY-2026-006179,2026-04-13,5
6180,6180,2026-04-10,ACH,PRPAY-2026-006180,2026-04-13,5
6181,6181,2026-04-10,ACH,PRPAY-2026-006181,2026-04-13,5
6182,6182,2026-04-10,Direct Deposit,PRPAY-2026-006182,2026-04-13,5
6183,6183,2026-04-10,Direct Deposit,PRPAY-2026-006183,2026-04-13,5
6184,6184,2026-04-10,ACH,PRPAY-2026-006184,2026-04-13,5
6185,6185,2026-04-10,ACH,PRPAY-2026-006185,2026-04-13,5
6186,6186,2026-04-10,ACH,PRPAY-2026-006186,2026-04-13,5
6187,6187,2026-04-10,ACH,PRPAY-2026-006187,2026-04-13,5
6188,6188,2026-04-10,ACH,PRPAY-2026-006188,2026-04-13,5
6189,6189,2026-04-10,Direct Deposit,PRPAY-2026-006189,2026-04-13,5
6190,6190,2026-04-10,Direct Deposit,PRPAY-2026-006190,2026-04-13,5
6191,6191,2026-04-10,ACH,PRPAY-2026-006191,2026-04-13,5
6192,6192,2026-04-10,Direct Deposit,PRPAY-2026-006192,2026-04-13,5
6193,6193,2026-04-10,Direct Deposit,PRPAY-2026-006193,2026-04-13,5
6194,6194,2026-04-10,ACH,PRPAY-2026-006194,2026-04-13,5
6195,6195,2026-04-10,Direct Deposit,PRPAY-2026-006195,2026-04-13,5
6196,6196,2026-04-10,Direct Deposit,PRPAY-2026-006196,2026-04-13,5
6197,6197,2026-04-10,ACH,PRPAY-2026-006197,2026-04-13,5
6198,6198,2026-04-10,Direct Deposit,PRPAY-2026-006198,2026-04-13,5
6199,6199,2026-04-10,Direct Deposit,PRPAY-2026-006199,2026-04-13,5
6200,6200,2026-04-10,Direct Deposit,PRPAY-2026-006200,2026-04-13,5
6201,6201,2026-04-10,Direct Deposit,PRPAY-2026-006201,2026-04-13,5
6202,6202,2026-04-10,Direct Deposit,PRPAY-2026-006202,2026-04-13,5
6203,6203,2026-04-10,ACH,PRPAY-2026-006203,2026-04-13,5
6204,6204,2026-04-10,ACH,PRPAY-2026-006204,2026-04-13,5
6205,6205,2026-04-10,ACH,PRPAY-2026-006205,2026-04-13,5
6206,6206,2026-04-10,Direct Deposit,PRPAY-2026-006206,2026-04-13,5
6207,6207,2026-04-10,Direct Deposit,PRPAY-2026-006207,2026-04-13,5
6208,6208,2026-04-10,ACH,PRPAY-2026-006208,2026-04-13,5
6209,6209,2026-04-10,ACH,PRPAY-2026-006209,2026-04-13,5
6210,6210,2026-04-10,ACH,PRPAY-2026-006210,2026-04-13,5
6211,6211,2026-04-10,ACH,PRPAY-2026-006211,2026-04-13,5
6212,6212,2026-04-10,ACH,PRPAY-2026-006212,2026-04-13,5
6213,6213,2026-04-10,ACH,PRPAY-2026-006213,2026-04-13,5
6214,6214,2026-04-10,Direct Deposit,PRPAY-2026-006214,2026-04-13,5
6215,6215,2026-04-10,Direct Deposit,PRPAY-2026-006215,2026-04-13,5
6216,6216,2026-04-10,ACH,PRPAY-2026-006216,2026-04-13,5
6217,6217,2026-04-10,ACH,PRPAY-2026-006217,2026-04-13,5
6218,6218,2026-04-10,ACH,PRPAY-2026-006218,2026-04-13,5
6219,6219,2026-04-10,Direct Deposit,PRPAY-2026-006219,2026-04-13,5
6220,6220,2026-04-10,Direct Deposit,PRPAY-2026-006220,2026-04-13,5
6221,6221,2026-04-10,ACH,PRPAY-2026-006221,2026-04-13,5
6222,6222,2026-04-10,ACH,PRPAY-2026-006222,2026-04-13,5
6223,6223,2026-04-10,ACH,PRPAY-2026-006223,2026-04-13,5
6224,6224,2026-04-10,Direct Deposit,PRPAY-2026-006224,2026-04-13,5
6225,6225,2026-04-10,ACH,PRPAY-2026-006225,2026-04-13,5
6226,6226,2026-04-10,Direct Deposit,PRPAY-2026-006226,2026-04-13,5
6227,6227,2026-04-10,Direct Deposit,PRPAY-2026-006227,2026-04-13,5
6228,6228,2026-04-10,ACH,PRPAY-2026-006228,2026-04-13,5
6229,6229,2026-04-10,ACH,PRPAY-2026-006229,2026-04-13,5
6230,6230,2026-04-10,ACH,PRPAY-2026-006230,2026-04-13,5
6231,6231,2026-04-10,ACH,PRPAY-2026-006231,2026-04-13,5
6232,6232,2026-04-10,Direct Deposit,PRPAY-2026-006232,2026-04-13,5
6233,6233,2026-04-10,ACH,PRPAY-2026-006233,2026-04-13,5
6234,6234,2026-04-10,Direct Deposit,PRPAY-2026-006234,2026-04-13,5
6235,6235,2026-04-10,Direct Deposit,PRPAY-2026-006235,2026-04-13,5
6236,6236,2026-04-10,Direct Deposit,PRPAY-2026-006236,2026-04-13,5
6237,6237,2026-04-10,Direct Deposit,PRPAY-2026-006237,2026-04-13,5
6238,6238,2026-04-10,ACH,PRPAY-2026-006238,2026-04-13,5
6239,6239,2026-04-10,ACH,PRPAY-2026-006239,2026-04-13,5
6240,6240,2026-04-10,Direct Deposit,PRPAY-2026-006240,2026-04-13,5
6241,6241,2026-04-10,Direct Deposit,PRPAY-2026-006241,2026-04-13,5
6242,6242,2026-04-10,Direct Deposit,PRPAY-2026-006242,2026-04-13,5
6243,6243,2026-04-10,Direct Deposit,PRPAY-2026-006243,2026-04-13,5
6244,6244,2026-04-10,Direct Deposit,PRPAY-2026-006244,2026-04-13,5
6245,6245,2026-04-10,Direct Deposit,PRPAY-2026-006245,2026-04-13,5
6246,6246,2026-04-10,Direct Deposit,PRPAY-2026-006246,2026-04-13,5
6247,6247,2026-04-10,Direct Deposit,PRPAY-2026-006247,2026-04-13,5
6248,6248,2026-04-10,Direct Deposit,PRPAY-2026-006248,2026-04-13,5
6249,6249,2026-04-10,ACH,PRPAY-2026-006249,2026-04-13,5
6250,6250,2026-04-10,Direct Deposit,PRPAY-2026-006250,2026-04-13,5
6251,6251,2026-04-10,Direct Deposit,PRPAY-2026-006251,2026-04-13,5
6252,6252,2026-04-10,Direct Deposit,PRPAY-2026-006252,2026-04-13,5
6253,6253,2026-04-10,Direct Deposit,PRPAY-2026-006253,2026-04-13,5
6254,6254,2026-04-10,ACH,PRPAY-2026-006254,2026-04-13,5
6255,6255,2026-04-10,Direct Deposit,PRPAY-2026-006255,2026-04-13,5
6256,6256,2026-04-10,ACH,PRPAY-2026-006256,2026-04-13,5
6257,6257,2026-04-10,ACH,PRPAY-2026-006257,2026-04-13,5
6258,6258,2026-04-10,ACH,PRPAY-2026-006258,2026-04-13,5
6259,6259,2026-04-10,ACH,PRPAY-2026-006259,2026-04-13,5
6260,6260,2026-04-10,Direct Deposit,PRPAY-2026-006260,2026-04-13,5
6261,6261,2026-04-10,ACH,PRPAY-2026-006261,2026-04-13,5
6262,6262,2026-04-10,ACH,PRPAY-2026-006262,2026-04-13,5
6263,6263,2026-04-10,ACH,PRPAY-2026-006263,2026-04-13,5
6264,6264,2026-04-10,ACH,PRPAY-2026-006264,2026-04-13,5
6265,6265,2026-04-10,ACH,PRPAY-2026-006265,2026-04-13,5
6266,6266,2026-04-10,Direct Deposit,PRPAY-2026-006266,2026-04-13,5
6267,6267,2026-04-10,ACH,PRPAY-2026-006267,2026-04-13,5
6268,6268,2026-04-10,Direct Deposit,PRPAY-2026-006268,2026-04-13,5
6269,6269,2026-04-10,Direct Deposit,PRPAY-2026-006269,2026-04-13,5
6270,6270,2026-04-10,ACH,PRPAY-2026-006270,2026-04-13,5
6271,6271,2026-04-10,ACH,PRPAY-2026-006271,2026-04-13,5
6272,6272,2026-04-10,ACH,PRPAY-2026-006272,2026-04-13,5
6273,6273,2026-04-10,ACH,PRPAY-2026-006273,2026-04-13,5
6274,6274,2026-04-24,ACH,PRPAY-2026-006274,2026-04-27,5
6275,6275,2026-04-24,ACH,PRPAY-2026-006275,2026-04-27,5
6276,6276,2026-04-24,ACH,PRPAY-2026-006276,2026-04-27,5
6277,6277,2026-04-24,ACH,PRPAY-2026-006277,2026-04-27,5
6278,6278,2026-04-24,Direct Deposit,PRPAY-2026-006278,2026-04-27,5
6279,6279,2026-04-24,ACH,PRPAY-2026-006279,2026-04-27,5
6280,6280,2026-04-24,Direct Deposit,PRPAY-2026-006280,2026-04-27,5
6281,6281,2026-04-24,ACH,PRPAY-2026-006281,2026-04-27,5
6282,6282,2026-04-24,ACH,PRPAY-2026-006282,2026-04-27,5
6283,6283,2026-04-24,ACH,PRPAY-2026-006283,2026-04-27,5
6284,6284,2026-04-24,Direct Deposit,PRPAY-2026-006284,2026-04-27,5
6285,6285,2026-04-24,ACH,PRPAY-2026-006285,2026-04-27,5
6286,6286,2026-04-24,Direct Deposit,PRPAY-2026-006286,2026-04-27,5
6287,6287,2026-04-24,ACH,PRPAY-2026-006287,2026-04-27,5
6288,6288,2026-04-24,ACH,PRPAY-2026-006288,2026-04-27,5
6289,6289,2026-04-24,ACH,PRPAY-2026-006289,2026-04-27,5
6290,6290,2026-04-24,ACH,PRPAY-2026-006290,2026-04-27,5
6291,6291,2026-04-24,ACH,PRPAY-2026-006291,2026-04-27,5
6292,6292,2026-04-24,Direct Deposit,PRPAY-2026-006292,2026-04-27,5
6293,6293,2026-04-24,ACH,PRPAY-2026-006293,2026-04-27,5
6294,6294,2026-04-24,Direct Deposit,PRPAY-2026-006294,2026-04-27,5
6295,6295,2026-04-24,Direct Deposit,PRPAY-2026-006295,2026-04-27,5
6296,6296,2026-04-24,ACH,PRPAY-2026-006296,2026-04-27,5
6297,6297,2026-04-24,Direct Deposit,PRPAY-2026-006297,2026-04-27,5
6298,6298,2026-04-24,ACH,PRPAY-2026-006298,2026-04-27,5
6299,6299,2026-04-24,Direct Deposit,PRPAY-2026-006299,2026-04-27,5
6300,6300,2026-04-24,ACH,PRPAY-2026-006300,2026-04-27,5
6301,6301,2026-04-24,Direct Deposit,PRPAY-2026-006301,2026-04-27,5
6302,6302,2026-04-24,Direct Deposit,PRPAY-2026-006302,2026-04-27,5
6303,6303,2026-04-24,ACH,PRPAY-2026-006303,2026-04-27,5
6304,6304,2026-04-24,Direct Deposit,PRPAY-2026-006304,2026-04-27,5
6305,6305,2026-04-24,Direct Deposit,PRPAY-2026-006305,2026-04-27,5
6306,6306,2026-04-24,Direct Deposit,PRPAY-2026-006306,2026-04-27,5
6307,6307,2026-04-24,Direct Deposit,PRPAY-2026-006307,2026-04-27,5
6308,6308,2026-04-24,Direct Deposit,PRPAY-2026-006308,2026-04-27,5
6309,6309,2026-04-24,Direct Deposit,PRPAY-2026-006309,2026-04-27,5
6310,6310,2026-04-24,Direct Deposit,PRPAY-2026-006310,2026-04-27,5
6311,6311,2026-04-24,Direct Deposit,PRPAY-2026-006311,2026-04-27,5
6312,6312,2026-04-24,Direct Deposit,PRPAY-2026-006312,2026-04-27,5
6313,6313,2026-04-24,ACH,PRPAY-2026-006313,2026-04-27,5
6314,6314,2026-04-24,Direct Deposit,PRPAY-2026-006314,2026-04-27,5
6315,6315,2026-04-24,ACH,PRPAY-2026-006315,2026-04-27,5
6316,6316,2026-04-24,ACH,PRPAY-2026-006316,2026-04-27,5
6317,6317,2026-04-24,ACH,PRPAY-2026-006317,2026-04-27,5
6318,6318,2026-04-24,Direct Deposit,PRPAY-2026-006318,2026-04-27,5
6319,6319,2026-04-24,Direct Deposit,PRPAY-2026-006319,2026-04-27,5
6320,6320,2026-04-24,Direct Deposit,PRPAY-2026-006320,2026-04-27,5
6321,6321,2026-04-24,ACH,PRPAY-2026-006321,2026-04-27,5
6322,6322,2026-04-24,Direct Deposit,PRPAY-2026-006322,2026-04-27,5
6323,6323,2026-04-24,Direct Deposit,PRPAY-2026-006323,2026-04-27,5
6324,6324,2026-04-24,Direct Deposit,PRPAY-2026-006324,2026-04-27,5
6325,6325,2026-04-24,ACH,PRPAY-2026-006325,2026-04-27,5
6326,6326,2026-04-24,Direct Deposit,PRPAY-2026-006326,2026-04-27,5
6327,6327,2026-04-24,ACH,PRPAY-2026-006327,2026-04-27,5
6328,6328,2026-04-24,ACH,PRPAY-2026-006328,2026-04-27,5
6329,6329,2026-04-24,Direct Deposit,PRPAY-2026-006329,2026-04-27,5
6330,6330,2026-04-24,Direct Deposit,PRPAY-2026-006330,2026-04-27,5
6331,6331,2026-04-24,Direct Deposit,PRPAY-2026-006331,2026-04-27,5
6332,6332,2026-04-24,ACH,PRPAY-2026-006332,2026-04-27,5
6333,6333,2026-04-24,ACH,PRPAY-2026-006333,2026-04-27,5
6334,6334,2026-04-24,Direct Deposit,PRPAY-2026-006334,2026-04-27,5
6335,6335,2026-04-24,ACH,PRPAY-2026-006335,2026-04-27,5
6336,6336,2026-04-24,ACH,PRPAY-2026-006336,2026-04-27,5
6337,6337,2026-04-24,ACH,PRPAY-2026-006337,2026-04-27,5
6338,6338,2026-04-24,ACH,PRPAY-2026-006338,2026-04-27,5
6339,6339,2026-04-24,ACH,PRPAY-2026-006339,2026-04-27,5
6340,6340,2026-04-24,Direct Deposit,PRPAY-2026-006340,2026-04-27,5
6341,6341,2026-04-24,Direct Deposit,PRPAY-2026-006341,2026-04-27,5
6342,6342,2026-04-24,ACH,PRPAY-2026-006342,2026-04-27,5
6343,6343,2026-04-24,Direct Deposit,PRPAY-2026-006343,2026-04-27,5
6344,6344,2026-04-24,ACH,PRPAY-2026-006344,2026-04-27,5
6345,6345,2026-04-24,Direct Deposit,PRPAY-2026-006345,2026-04-27,5
6346,6346,2026-04-24,ACH,PRPAY-2026-006346,2026-04-27,5
6347,6347,2026-04-24,ACH,PRPAY-2026-006347,2026-04-27,5
6348,6348,2026-04-24,Direct Deposit,PRPAY-2026-006348,2026-04-27,5
6349,6349,2026-04-24,Direct Deposit,PRPAY-2026-006349,2026-04-27,5
6350,6350,2026-04-24,Direct Deposit,PRPAY-2026-006350,2026-04-27,5
6351,6351,2026-04-24,ACH,PRPAY-2026-006351,2026-04-27,5
6352,6352,2026-04-24,ACH,PRPAY-2026-006352,2026-04-27,5
6353,6353,2026-04-24,Direct Deposit,PRPAY-2026-006353,2026-04-27,5
6354,6354,2026-04-24,Direct Deposit,PRPAY-2026-006354,2026-04-27,5
6355,6355,2026-04-24,Direct Deposit,PRPAY-2026-006355,2026-04-27,5
6356,6356,2026-04-24,Direct Deposit,PRPAY-2026-006356,2026-04-27,5
6357,6357,2026-04-24,Direct Deposit,PRPAY-2026-006357,2026-04-27,5
6358,6358,2026-04-24,ACH,PRPAY-2026-006358,2026-04-27,5
6359,6359,2026-04-24,Direct Deposit,PRPAY-2026-006359,2026-04-27,5
6360,6360,2026-04-24,Direct Deposit,PRPAY-2026-006360,2026-04-27,5
6361,6361,2026-04-24,ACH,PRPAY-2026-006361,2026-04-27,5
6362,6362,2026-04-24,Direct Deposit,PRPAY-2026-006362,2026-04-27,5
6363,6363,2026-04-24,Direct Deposit,PRPAY-2026-006363,2026-04-27,5
6364,6364,2026-04-24,Direct Deposit,PRPAY-2026-006364,2026-04-27,5
6365,6365,2026-04-24,Direct Deposit,PRPAY-2026-006365,2026-04-27,5
6366,6366,2026-04-24,Direct Deposit,PRPAY-2026-006366,2026-04-27,5
6367,6367,2026-04-24,ACH,PRPAY-2026-006367,2026-04-27,5
6368,6368,2026-04-24,Direct Deposit,PRPAY-2026-006368,2026-04-27,5
6369,6369,2026-04-24,ACH,PRPAY-2026-006369,2026-04-27,5
6370,6370,2026-04-24,Direct Deposit,PRPAY-2026-006370,2026-04-27,5
6371,6371,2026-04-24,ACH,PRPAY-2026-006371,2026-04-27,5
6372,6372,2026-04-24,Direct Deposit,PRPAY-2026-006372,2026-04-27,5
6373,6373,2026-04-24,ACH,PRPAY-2026-006373,2026-04-27,5
6374,6374,2026-04-24,ACH,PRPAY-2026-006374,2026-04-27,5
6375,6375,2026-04-24,ACH,PRPAY-2026-006375,2026-04-27,5
6376,6376,2026-04-24,ACH,PRPAY-2026-006376,2026-04-27,5
6377,6377,2026-04-24,ACH,PRPAY-2026-006377,2026-04-27,5
6378,6378,2026-04-24,ACH,PRPAY-2026-006378,2026-04-27,5
6379,6379,2026-04-24,Direct Deposit,PRPAY-2026-006379,2026-04-27,5
6380,6380,2026-04-24,Direct Deposit,PRPAY-2026-006380,2026-04-27,5
6381,6381,2026-05-08,ACH,PRPAY-2026-006381,2026-05-11,5
6382,6382,2026-05-08,Direct Deposit,PRPAY-2026-006382,2026-05-11,5
6383,6383,2026-05-08,ACH,PRPAY-2026-006383,2026-05-11,5
6384,6384,2026-05-08,ACH,PRPAY-2026-006384,2026-05-11,5
6385,6385,2026-05-08,Direct Deposit,PRPAY-2026-006385,2026-05-11,5
6386,6386,2026-05-08,ACH,PRPAY-2026-006386,2026-05-11,5
6387,6387,2026-05-08,Direct Deposit,PRPAY-2026-006387,2026-05-11,5
6388,6388,2026-05-08,ACH,PRPAY-2026-006388,2026-05-11,5
6389,6389,2026-05-08,Direct Deposit,PRPAY-2026-006389,2026-05-11,5
6390,6390,2026-05-08,ACH,PRPAY-2026-006390,2026-05-11,5
6391,6391,2026-05-08,Direct Deposit,PRPAY-2026-006391,2026-05-11,5
6392,6392,2026-05-08,Direct Deposit,PRPAY-2026-006392,2026-05-11,5
6393,6393,2026-05-08,Direct Deposit,PRPAY-2026-006393,2026-05-11,5
6394,6394,2026-05-08,ACH,PRPAY-2026-006394,2026-05-11,5
6395,6395,2026-05-08,Direct Deposit,PRPAY-2026-006395,2026-05-11,5
6396,6396,2026-05-08,ACH,PRPAY-2026-006396,2026-05-11,5
6397,6397,2026-05-08,ACH,PRPAY-2026-006397,2026-05-11,5
6398,6398,2026-05-08,ACH,PRPAY-2026-006398,2026-05-11,5
6399,6399,2026-05-08,ACH,PRPAY-2026-006399,2026-05-11,5
6400,6400,2026-05-08,ACH,PRPAY-2026-006400,2026-05-11,5
6401,6401,2026-05-08,ACH,PRPAY-2026-006401,2026-05-11,5
6402,6402,2026-05-08,Direct Deposit,PRPAY-2026-006402,2026-05-11,5
6403,6403,2026-05-08,ACH,PRPAY-2026-006403,2026-05-11,5
6404,6404,2026-05-08,Direct Deposit,PRPAY-2026-006404,2026-05-11,5
6405,6405,2026-05-08,Direct Deposit,PRPAY-2026-006405,2026-05-11,5
6406,6406,2026-05-08,Direct Deposit,PRPAY-2026-006406,2026-05-11,5
6407,6407,2026-05-08,Direct Deposit,PRPAY-2026-006407,2026-05-11,5
6408,6408,2026-05-08,ACH,PRPAY-2026-006408,2026-05-11,5
6409,6409,2026-05-08,ACH,PRPAY-2026-006409,2026-05-11,5
6410,6410,2026-05-08,ACH,PRPAY-2026-006410,2026-05-11,5
6411,6411,2026-05-08,Direct Deposit,PRPAY-2026-006411,2026-05-11,5
6412,6412,2026-05-08,ACH,PRPAY-2026-006412,2026-05-11,5
6413,6413,2026-05-08,Direct Deposit,PRPAY-2026-006413,2026-05-11,5
6414,6414,2026-05-08,ACH,PRPAY-2026-006414,2026-05-11,5
6415,6415,2026-05-08,ACH,PRPAY-2026-006415,2026-05-11,5
6416,6416,2026-05-08,ACH,PRPAY-2026-006416,2026-05-11,5
6417,6417,2026-05-08,Direct Deposit,PRPAY-2026-006417,2026-05-11,5
6418,6418,2026-05-08,ACH,PRPAY-2026-006418,2026-05-11,5
6419,6419,2026-05-08,Direct Deposit,PRPAY-2026-006419,2026-05-11,5
6420,6420,2026-05-08,ACH,PRPAY-2026-006420,2026-05-11,5
6421,6421,2026-05-08,ACH,PRPAY-2026-006421,2026-05-11,5
6422,6422,2026-05-08,Direct Deposit,PRPAY-2026-006422,2026-05-11,5
6423,6423,2026-05-08,ACH,PRPAY-2026-006423,2026-05-11,5
6424,6424,2026-05-08,ACH,PRPAY-2026-006424,2026-05-11,5
6425,6425,2026-05-08,ACH,PRPAY-2026-006425,2026-05-11,5
6426,6426,2026-05-08,ACH,PRPAY-2026-006426,2026-05-11,5
6427,6427,2026-05-08,ACH,PRPAY-2026-006427,2026-05-11,5
6428,6428,2026-05-08,ACH,PRPAY-2026-006428,2026-05-11,5
6429,6429,2026-05-08,ACH,PRPAY-2026-006429,2026-05-11,5
6430,6430,2026-05-08,Direct Deposit,PRPAY-2026-006430,2026-05-11,5
6431,6431,2026-05-08,Direct Deposit,PRPAY-2026-006431,2026-05-11,5
6432,6432,2026-05-08,Direct Deposit,PRPAY-2026-006432,2026-05-11,5
6433,6433,2026-05-08,Direct Deposit,PRPAY-2026-006433,2026-05-11,5
6434,6434,2026-05-08,Direct Deposit,PRPAY-2026-006434,2026-05-11,5
6435,6435,2026-05-08,Direct Deposit,PRPAY-2026-006435,2026-05-11,5
6436,6436,2026-05-08,ACH,PRPAY-2026-006436,2026-05-11,5
6437,6437,2026-05-08,ACH,PRPAY-2026-006437,2026-05-11,5
6438,6438,2026-05-08,ACH,PRPAY-2026-006438,2026-05-11,5
6439,6439,2026-05-08,Direct Deposit,PRPAY-2026-006439,2026-05-11,5
6440,6440,2026-05-08,ACH,PRPAY-2026-006440,2026-05-11,5
6441,6441,2026-05-08,Direct Deposit,PRPAY-2026-006441,2026-05-11,5
6442,6442,2026-05-08,ACH,PRPAY-2026-006442,2026-05-11,5
6443,6443,2026-05-08,ACH,PRPAY-2026-006443,2026-05-11,5
6444,6444,2026-05-08,ACH,PRPAY-2026-006444,2026-05-11,5
6445,6445,2026-05-08,ACH,PRPAY-2026-006445,2026-05-11,5
6446,6446,2026-05-08,ACH,PRPAY-2026-006446,2026-05-11,5
6447,6447,2026-05-08,Direct Deposit,PRPAY-2026-006447,2026-05-11,5
6448,6448,2026-05-08,Direct Deposit,PRPAY-2026-006448,2026-05-11,5
6449,6449,2026-05-08,ACH,PRPAY-2026-006449,2026-05-11,5
6450,6450,2026-05-08,Direct Deposit,PRPAY-2026-006450,2026-05-11,5
6451,6451,2026-05-08,Direct Deposit,PRPAY-2026-006451,2026-05-11,5
6452,6452,2026-05-08,Direct Deposit,PRPAY-2026-006452,2026-05-11,5
6453,6453,2026-05-08,ACH,PRPAY-2026-006453,2026-05-11,5
6454,6454,2026-05-08,Direct Deposit,PRPAY-2026-006454,2026-05-11,5
6455,6455,2026-05-08,Direct Deposit,PRPAY-2026-006455,2026-05-11,5
6456,6456,2026-05-08,Direct Deposit,PRPAY-2026-006456,2026-05-11,5
6457,6457,2026-05-08,ACH,PRPAY-2026-006457,2026-05-11,5
6458,6458,2026-05-08,Direct Deposit,PRPAY-2026-006458,2026-05-11,5
6459,6459,2026-05-08,Direct Deposit,PRPAY-2026-006459,2026-05-11,5
6460,6460,2026-05-08,ACH,PRPAY-2026-006460,2026-05-11,5
6461,6461,2026-05-08,Direct Deposit,PRPAY-2026-006461,2026-05-11,5
6462,6462,2026-05-08,Direct Deposit,PRPAY-2026-006462,2026-05-11,5
6463,6463,2026-05-08,Direct Deposit,PRPAY-2026-006463,2026-05-11,5
6464,6464,2026-05-08,ACH,PRPAY-2026-006464,2026-05-11,5
6465,6465,2026-05-08,Direct Deposit,PRPAY-2026-006465,2026-05-11,5
6466,6466,2026-05-08,ACH,PRPAY-2026-006466,2026-05-11,5
6467,6467,2026-05-08,ACH,PRPAY-2026-006467,2026-05-11,5
6468,6468,2026-05-08,Direct Deposit,PRPAY-2026-006468,2026-05-11,5
6469,6469,2026-05-08,Direct Deposit,PRPAY-2026-006469,2026-05-11,5
6470,6470,2026-05-08,ACH,PRPAY-2026-006470,2026-05-11,5
6471,6471,2026-05-08,Direct Deposit,PRPAY-2026-006471,2026-05-11,5
6472,6472,2026-05-08,ACH,PRPAY-2026-006472,2026-05-11,5
6473,6473,2026-05-08,Direct Deposit,PRPAY-2026-006473,2026-05-11,5
6474,6474,2026-05-08,ACH,PRPAY-2026-006474,2026-05-11,5
6475,6475,2026-05-08,Direct Deposit,PRPAY-2026-006475,2026-05-11,5
6476,6476,2026-05-08,Direct Deposit,PRPAY-2026-006476,2026-05-11,5
6477,6477,2026-05-08,Direct Deposit,PRPAY-2026-006477,2026-05-11,5
6478,6478,2026-05-08,ACH,PRPAY-2026-006478,2026-05-11,5
6479,6479,2026-05-08,ACH,PRPAY-2026-006479,2026-05-11,5
6480,6480,2026-05-08,Direct Deposit,PRPAY-2026-006480,2026-05-11,5
6481,6481,2026-05-08,ACH,PRPAY-2026-006481,2026-05-11,5
6482,6482,2026-05-08,ACH,PRPAY-2026-006482,2026-05-11,5
6483,6483,2026-05-08,Direct Deposit,PRPAY-2026-006483,2026-05-11,5
6484,6484,2026-05-08,ACH,PRPAY-2026-006484,2026-05-11,5
6485,6485,2026-05-08,Direct Deposit,PRPAY-2026-006485,2026-05-11,5
6486,6486,2026-05-08,ACH,PRPAY-2026-006486,2026-05-11,5
6487,6487,2026-05-22,Direct Deposit,PRPAY-2026-006487,2026-05-25,5
6488,6488,2026-05-22,Direct Deposit,PRPAY-2026-006488,2026-05-25,5
6489,6489,2026-05-22,Direct Deposit,PRPAY-2026-006489,2026-05-25,5
6490,6490,2026-05-22,ACH,PRPAY-2026-006490,2026-05-25,5
6491,6491,2026-05-22,Direct Deposit,PRPAY-2026-006491,2026-05-25,5
6492,6492,2026-05-22,Direct Deposit,PRPAY-2026-006492,2026-05-25,5
6493,6493,2026-05-22,Direct Deposit,PRPAY-2026-006493,2026-05-25,5
6494,6494,2026-05-22,ACH,PRPAY-2026-006494,2026-05-25,5
6495,6495,2026-05-22,Direct Deposit,PRPAY-2026-006495,2026-05-25,5
6496,6496,2026-05-22,Direct Deposit,PRPAY-2026-006496,2026-05-25,5
6497,6497,2026-05-22,ACH,PRPAY-2026-006497,2026-05-25,5
6498,6498,2026-05-22,Direct Deposit,PRPAY-2026-006498,2026-05-25,5
6499,6499,2026-05-22,ACH,PRPAY-2026-006499,2026-05-25,5
6500,6500,2026-05-22,Direct Deposit,PRPAY-2026-006500,2026-05-25,5
6501,6501,2026-05-22,Direct Deposit,PRPAY-2026-006501,2026-05-25,5
6502,6502,2026-05-22,Direct Deposit,PRPAY-2026-006502,2026-05-25,5
6503,6503,2026-05-22,ACH,PRPAY-2026-006503,2026-05-25,5
6504,6504,2026-05-22,Direct Deposit,PRPAY-2026-006504,2026-05-25,5
6505,6505,2026-05-22,ACH,PRPAY-2026-006505,2026-05-25,5
6506,6506,2026-05-22,Direct Deposit,PRPAY-2026-006506,2026-05-25,5
6507,6507,2026-05-22,Direct Deposit,PRPAY-2026-006507,2026-05-25,5
6508,6508,2026-05-22,ACH,PRPAY-2026-006508,2026-05-25,5
6509,6509,2026-05-22,Direct Deposit,PRPAY-2026-006509,2026-05-25,5
6510,6510,2026-05-22,Direct Deposit,PRPAY-2026-006510,2026-05-25,5
6511,6511,2026-05-22,ACH,PRPAY-2026-006511,2026-05-25,5
6512,6512,2026-05-22,ACH,PRPAY-2026-006512,2026-05-25,5
6513,6513,2026-05-22,Direct Deposit,PRPAY-2026-006513,2026-05-25,5
6514,6514,2026-05-22,Direct Deposit,PRPAY-2026-006514,2026-05-25,5
6515,6515,2026-05-22,ACH,PRPAY-2026-006515,2026-05-25,5
6516,6516,2026-05-22,Direct Deposit,PRPAY-2026-006516,2026-05-25,5
6517,6517,2026-05-22,Direct Deposit,PRPAY-2026-006517,2026-05-25,5
6518,6518,2026-05-22,Direct Deposit,PRPAY-2026-006518,2026-05-25,5
6519,6519,2026-05-22,Direct Deposit,PRPAY-2026-006519,2026-05-25,5
6520,6520,2026-05-22,Direct Deposit,PRPAY-2026-006520,2026-05-25,5
6521,6521,2026-05-22,ACH,PRPAY-2026-006521,2026-05-25,5
6522,6522,2026-05-22,ACH,PRPAY-2026-006522,2026-05-25,5
6523,6523,2026-05-22,Direct Deposit,PRPAY-2026-006523,2026-05-25,5
6524,6524,2026-05-22,Direct Deposit,PRPAY-2026-006524,2026-05-25,5
6525,6525,2026-05-22,Direct Deposit,PRPAY-2026-006525,2026-05-25,5
6526,6526,2026-05-22,ACH,PRPAY-2026-006526,2026-05-25,5
6527,6527,2026-05-22,ACH,PRPAY-2026-006527,2026-05-25,5
6528,6528,2026-05-22,ACH,PRPAY-2026-006528,2026-05-25,5
6529,6529,2026-05-22,ACH,PRPAY-2026-006529,2026-05-25,5
6530,6530,2026-05-22,Direct Deposit,PRPAY-2026-006530,2026-05-25,5
6531,6531,2026-05-22,Direct Deposit,PRPAY-2026-006531,2026-05-25,5
6532,6532,2026-05-22,Direct Deposit,PRPAY-2026-006532,2026-05-25,5
6533,6533,2026-05-22,Direct Deposit,PRPAY-2026-006533,2026-05-25,5
6534,6534,2026-05-22,Direct Deposit,PRPAY-2026-006534,2026-05-25,5
6535,6535,2026-05-22,ACH,PRPAY-2026-006535,2026-05-25,5
6536,6536,2026-05-22,ACH,PRPAY-2026-006536,2026-05-25,5
6537,6537,2026-05-22,ACH,PRPAY-2026-006537,2026-05-25,5
6538,6538,2026-05-22,ACH,PRPAY-2026-006538,2026-05-25,5
6539,6539,2026-05-22,ACH,PRPAY-2026-006539,2026-05-25,5
6540,6540,2026-05-22,Direct Deposit,PRPAY-2026-006540,2026-05-25,5
6541,6541,2026-05-22,Direct Deposit,PRPAY-2026-006541,2026-05-25,5
6542,6542,2026-05-22,ACH,PRPAY-2026-006542,2026-05-25,5
6543,6543,2026-05-22,Direct Deposit,PRPAY-2026-006543,2026-05-25,5
6544,6544,2026-05-22,Direct Deposit,PRPAY-2026-006544,2026-05-25,5
6545,6545,2026-05-22,Direct Deposit,PRPAY-2026-006545,2026-05-25,5
6546,6546,2026-05-22,Direct Deposit,PRPAY-2026-006546,2026-05-25,5
6547,6547,2026-05-22,ACH,PRPAY-2026-006547,2026-05-25,5
6548,6548,2026-05-22,ACH,PRPAY-2026-006548,2026-05-25,5
6549,6549,2026-05-22,ACH,PRPAY-2026-006549,2026-05-25,5
6550,6550,2026-05-22,Direct Deposit,PRPAY-2026-006550,2026-05-25,5
6551,6551,2026-05-22,Direct Deposit,PRPAY-2026-006551,2026-05-25,5
6552,6552,2026-05-22,ACH,PRPAY-2026-006552,2026-05-25,5
6553,6553,2026-05-22,Direct Deposit,PRPAY-2026-006553,2026-05-25,5
6554,6554,2026-05-22,ACH,PRPAY-2026-006554,2026-05-25,5
6555,6555,2026-05-22,Direct Deposit,PRPAY-2026-006555,2026-05-25,5
6556,6556,2026-05-22,ACH,PRPAY-2026-006556,2026-05-25,5
6557,6557,2026-05-22,ACH,PRPAY-2026-006557,2026-05-25,5
6558,6558,2026-05-22,Direct Deposit,PRPAY-2026-006558,2026-05-25,5
6559,6559,2026-05-22,ACH,PRPAY-2026-006559,2026-05-25,5
6560,6560,2026-05-22,ACH,PRPAY-2026-006560,2026-05-25,5
6561,6561,2026-05-22,Direct Deposit,PRPAY-2026-006561,2026-05-25,5
6562,6562,2026-05-22,ACH,PRPAY-2026-006562,2026-05-25,5
6563,6563,2026-05-22,ACH,PRPAY-2026-006563,2026-05-25,5
6564,6564,2026-05-22,Direct Deposit,PRPAY-2026-006564,2026-05-25,5
6565,6565,2026-05-22,ACH,PRPAY-2026-006565,2026-05-25,5
6566,6566,2026-05-22,Direct Deposit,PRPAY-2026-006566,2026-05-25,5
6567,6567,2026-05-22,Direct Deposit,PRPAY-2026-006567,2026-05-25,5
6568,6568,2026-05-22,ACH,PRPAY-2026-006568,2026-05-25,5
6569,6569,2026-05-22,Direct Deposit,PRPAY-2026-006569,2026-05-25,5
6570,6570,2026-05-22,Direct Deposit,PRPAY-2026-006570,2026-05-25,5
6571,6571,2026-05-22,ACH,PRPAY-2026-006571,2026-05-25,5
6572,6572,2026-05-22,Direct Deposit,PRPAY-2026-006572,2026-05-25,5
6573,6573,2026-05-22,ACH,PRPAY-2026-006573,2026-05-25,5
6574,6574,2026-05-22,ACH,PRPAY-2026-006574,2026-05-25,5
6575,6575,2026-05-22,Direct Deposit,PRPAY-2026-006575,2026-05-25,5
6576,6576,2026-05-22,Direct Deposit,PRPAY-2026-006576,2026-05-25,5
6577,6577,2026-05-22,Direct Deposit,PRPAY-2026-006577,2026-05-25,5
6578,6578,2026-05-22,ACH,PRPAY-2026-006578,2026-05-25,5
6579,6579,2026-05-22,Direct Deposit,PRPAY-2026-006579,2026-05-25,5
6580,6580,2026-05-22,ACH,PRPAY-2026-006580,2026-05-25,5
6581,6581,2026-05-22,Direct Deposit,PRPAY-2026-006581,2026-05-25,5
6582,6582,2026-05-22,Direct Deposit,PRPAY-2026-006582,2026-05-25,5
6583,6583,2026-05-22,ACH,PRPAY-2026-006583,2026-05-25,5
6584,6584,2026-05-22,ACH,PRPAY-2026-006584,2026-05-25,5
6585,6585,2026-05-22,Direct Deposit,PRPAY-2026-006585,2026-05-25,5
6586,6586,2026-05-22,Direct Deposit,PRPAY-2026-006586,2026-05-25,5
6587,6587,2026-05-22,ACH,PRPAY-2026-006587,2026-05-25,5
6588,6588,2026-05-22,ACH,PRPAY-2026-006588,2026-05-25,5
6589,6589,2026-05-22,ACH,PRPAY-2026-006589,2026-05-25,5
6590,6590,2026-05-22,Direct Deposit,PRPAY-2026-006590,2026-05-25,5
6591,6591,2026-05-22,ACH,PRPAY-2026-006591,2026-05-25,5
6592,6592,2026-05-22,ACH,PRPAY-2026-006592,2026-05-25,5
6593,6593,2026-05-22,Direct Deposit,PRPAY-2026-006593,2026-05-25,5
6594,6594,2026-06-05,ACH,PRPAY-2026-006594,2026-06-08,5
6595,6595,2026-06-05,ACH,PRPAY-2026-006595,2026-06-08,5
6596,6596,2026-06-05,ACH,PRPAY-2026-006596,2026-06-08,5
6597,6597,2026-06-05,Direct Deposit,PRPAY-2026-006597,2026-06-08,5
6598,6598,2026-06-05,ACH,PRPAY-2026-006598,2026-06-08,5
6599,6599,2026-06-05,Direct Deposit,PRPAY-2026-006599,2026-06-08,5
6600,6600,2026-06-05,Direct Deposit,PRPAY-2026-006600,2026-06-08,5
6601,6601,2026-06-05,Direct Deposit,PRPAY-2026-006601,2026-06-08,5
6602,6602,2026-06-05,ACH,PRPAY-2026-006602,2026-06-08,5
6603,6603,2026-06-05,ACH,PRPAY-2026-006603,2026-06-08,5
6604,6604,2026-06-05,Direct Deposit,PRPAY-2026-006604,2026-06-08,5
6605,6605,2026-06-05,Direct Deposit,PRPAY-2026-006605,2026-06-08,5
6606,6606,2026-06-05,ACH,PRPAY-2026-006606,2026-06-08,5
6607,6607,2026-06-05,ACH,PRPAY-2026-006607,2026-06-08,5
6608,6608,2026-06-05,Direct Deposit,PRPAY-2026-006608,2026-06-08,5
6609,6609,2026-06-05,ACH,PRPAY-2026-006609,2026-06-08,5
6610,6610,2026-06-05,ACH,PRPAY-2026-006610,2026-06-08,5
6611,6611,2026-06-05,Direct Deposit,PRPAY-2026-006611,2026-06-08,5
6612,6612,2026-06-05,Direct Deposit,PRPAY-2026-006612,2026-06-08,5
6613,6613,2026-06-05,Direct Deposit,PRPAY-2026-006613,2026-06-08,5
6614,6614,2026-06-05,Direct Deposit,PRPAY-2026-006614,2026-06-08,5
6615,6615,2026-06-05,ACH,PRPAY-2026-006615,2026-06-08,5
6616,6616,2026-06-05,ACH,PRPAY-2026-006616,2026-06-08,5
6617,6617,2026-06-05,Direct Deposit,PRPAY-2026-006617,2026-06-08,5
6618,6618,2026-06-05,ACH,PRPAY-2026-006618,2026-06-08,5
6619,6619,2026-06-05,Direct Deposit,PRPAY-2026-006619,2026-06-08,5
6620,6620,2026-06-05,Direct Deposit,PRPAY-2026-006620,2026-06-08,5
6621,6621,2026-06-05,Direct Deposit,PRPAY-2026-006621,2026-06-08,5
6622,6622,2026-06-05,ACH,PRPAY-2026-006622,2026-06-08,5
6623,6623,2026-06-05,Direct Deposit,PRPAY-2026-006623,2026-06-08,5
6624,6624,2026-06-05,Direct Deposit,PRPAY-2026-006624,2026-06-08,5
6625,6625,2026-06-05,ACH,PRPAY-2026-006625,2026-06-08,5
6626,6626,2026-06-05,Direct Deposit,PRPAY-2026-006626,2026-06-08,5
6627,6627,2026-06-05,ACH,PRPAY-2026-006627,2026-06-08,5
6628,6628,2026-06-05,ACH,PRPAY-2026-006628,2026-06-08,5
6629,6629,2026-06-05,Direct Deposit,PRPAY-2026-006629,2026-06-08,5
6630,6630,2026-06-05,Direct Deposit,PRPAY-2026-006630,2026-06-08,5
6631,6631,2026-06-05,ACH,PRPAY-2026-006631,2026-06-08,5
6632,6632,2026-06-05,Direct Deposit,PRPAY-2026-006632,2026-06-08,5
6633,6633,2026-06-05,ACH,PRPAY-2026-006633,2026-06-08,5
6634,6634,2026-06-05,Direct Deposit,PRPAY-2026-006634,2026-06-08,5
6635,6635,2026-06-05,ACH,PRPAY-2026-006635,2026-06-08,5
6636,6636,2026-06-05,ACH,PRPAY-2026-006636,2026-06-08,5
6637,6637,2026-06-05,Direct Deposit,PRPAY-2026-006637,2026-06-08,5
6638,6638,2026-06-05,Direct Deposit,PRPAY-2026-006638,2026-06-08,5
6639,6639,2026-06-05,ACH,PRPAY-2026-006639,2026-06-08,5
6640,6640,2026-06-05,Direct Deposit,PRPAY-2026-006640,2026-06-08,5
6641,6641,2026-06-05,Direct Deposit,PRPAY-2026-006641,2026-06-08,5
6642,6642,2026-06-05,ACH,PRPAY-2026-006642,2026-06-08,5
6643,6643,2026-06-05,ACH,PRPAY-2026-006643,2026-06-08,5
6644,6644,2026-06-05,ACH,PRPAY-2026-006644,2026-06-08,5
6645,6645,2026-06-05,ACH,PRPAY-2026-006645,2026-06-08,5
6646,6646,2026-06-05,ACH,PRPAY-2026-006646,2026-06-08,5
6647,6647,2026-06-05,ACH,PRPAY-2026-006647,2026-06-08,5
6648,6648,2026-06-05,ACH,PRPAY-2026-006648,2026-06-08,5
6649,6649,2026-06-05,ACH,PRPAY-2026-006649,2026-06-08,5
6650,6650,2026-06-05,ACH,PRPAY-2026-006650,2026-06-08,5
6651,6651,2026-06-05,Direct Deposit,PRPAY-2026-006651,2026-06-08,5
6652,6652,2026-06-05,ACH,PRPAY-2026-006652,2026-06-08,5
6653,6653,2026-06-05,Direct Deposit,PRPAY-2026-006653,2026-06-08,5
6654,6654,2026-06-05,Direct Deposit,PRPAY-2026-006654,2026-06-08,5
6655,6655,2026-06-05,Direct Deposit,PRPAY-2026-006655,2026-06-08,5
6656,6656,2026-06-05,ACH,PRPAY-2026-006656,2026-06-08,5
6657,6657,2026-06-05,Direct Deposit,PRPAY-2026-006657,2026-06-08,5
6658,6658,2026-06-05,Direct Deposit,PRPAY-2026-006658,2026-06-08,5
6659,6659,2026-06-05,ACH,PRPAY-2026-006659,2026-06-08,5
6660,6660,2026-06-05,Direct Deposit,PRPAY-2026-006660,2026-06-08,5
6661,6661,2026-06-05,ACH,PRPAY-2026-006661,2026-06-08,5
6662,6662,2026-06-05,Direct Deposit,PRPAY-2026-006662,2026-06-08,5
6663,6663,2026-06-05,Direct Deposit,PRPAY-2026-006663,2026-06-08,5
6664,6664,2026-06-05,Direct Deposit,PRPAY-2026-006664,2026-06-08,5
6665,6665,2026-06-05,ACH,PRPAY-2026-006665,2026-06-08,5
6666,6666,2026-06-05,Direct Deposit,PRPAY-2026-006666,2026-06-08,5
6667,6667,2026-06-05,Direct Deposit,PRPAY-2026-006667,2026-06-08,5
6668,6668,2026-06-05,ACH,PRPAY-2026-006668,2026-06-08,5
6669,6669,2026-06-05,ACH,PRPAY-2026-006669,2026-06-08,5
6670,6670,2026-06-05,ACH,PRPAY-2026-006670,2026-06-08,5
6671,6671,2026-06-05,Direct Deposit,PRPAY-2026-006671,2026-06-08,5
6672,6672,2026-06-05,Direct Deposit,PRPAY-2026-006672,2026-06-08,5
6673,6673,2026-06-05,ACH,PRPAY-2026-006673,2026-06-08,5
6674,6674,2026-06-05,ACH,PRPAY-2026-006674,2026-06-08,5
6675,6675,2026-06-05,ACH,PRPAY-2026-006675,2026-06-08,5
6676,6676,2026-06-05,ACH,PRPAY-2026-006676,2026-06-08,5
6677,6677,2026-06-05,ACH,PRPAY-2026-006677,2026-06-08,5
6678,6678,2026-06-05,ACH,PRPAY-2026-006678,2026-06-08,5
6679,6679,2026-06-05,Direct Deposit,PRPAY-2026-006679,2026-06-08,5
6680,6680,2026-06-05,Direct Deposit,PRPAY-2026-006680,2026-06-08,5
6681,6681,2026-06-05,Direct Deposit,PRPAY-2026-006681,2026-06-08,5
6682,6682,2026-06-05,Direct Deposit,PRPAY-2026-006682,2026-06-08,5
6683,6683,2026-06-05,Direct Deposit,PRPAY-2026-006683,2026-06-08,5
6684,6684,2026-06-05,Direct Deposit,PRPAY-2026-006684,2026-06-08,5
6685,6685,2026-06-05,ACH,PRPAY-2026-006685,2026-06-08,5
6686,6686,2026-06-05,ACH,PRPAY-2026-006686,2026-06-08,5
6687,6687,2026-06-05,Direct Deposit,PRPAY-2026-006687,2026-06-08,5
6688,6688,2026-06-05,Direct Deposit,PRPAY-2026-006688,2026-06-08,5
6689,6689,2026-06-05,ACH,PRPAY-2026-006689,2026-06-08,5
6690,6690,2026-06-05,Direct Deposit,PRPAY-2026-006690,2026-06-08,5
6691,6691,2026-06-05,ACH,PRPAY-2026-006691,2026-06-08,5
6692,6692,2026-06-05,Direct Deposit,PRPAY-2026-006692,2026-06-08,5
6693,6693,2026-06-05,ACH,PRPAY-2026-006693,2026-06-08,5
6694,6694,2026-06-05,Direct Deposit,PRPAY-2026-006694,2026-06-08,5
6695,6695,2026-06-05,Direct Deposit,PRPAY-2026-006695,2026-06-08,5
6696,6696,2026-06-05,ACH,PRPAY-2026-006696,2026-06-08,5
6697,6697,2026-06-05,Direct Deposit,PRPAY-2026-006697,2026-06-08,5
6698,6698,2026-06-05,Direct Deposit,PRPAY-2026-006698,2026-06-08,5
6699,6699,2026-06-05,ACH,PRPAY-2026-006699,2026-06-08,5
6700,6700,2026-06-05,ACH,PRPAY-2026-006700,2026-06-08,5
6701,6701,2026-06-19,Direct Deposit,PRPAY-2026-006701,2026-06-22,5
6702,6702,2026-06-19,ACH,PRPAY-2026-006702,2026-06-22,5
6703,6703,2026-06-19,ACH,PRPAY-2026-006703,2026-06-22,5
6704,6704,2026-06-19,ACH,PRPAY-2026-006704,2026-06-22,5
6705,6705,2026-06-19,Direct Deposit,PRPAY-2026-006705,2026-06-22,5
6706,6706,2026-06-19,ACH,PRPAY-2026-006706,2026-06-22,5
6707,6707,2026-06-19,ACH,PRPAY-2026-006707,2026-06-22,5
6708,6708,2026-06-19,Direct Deposit,PRPAY-2026-006708,2026-06-22,5
6709,6709,2026-06-19,ACH,PRPAY-2026-006709,2026-06-22,5
6710,6710,2026-06-19,ACH,PRPAY-2026-006710,2026-06-22,5
6711,6711,2026-06-19,Direct Deposit,PRPAY-2026-006711,2026-06-22,5
6712,6712,2026-06-19,Direct Deposit,PRPAY-2026-006712,2026-06-22,5
6713,6713,2026-06-19,Direct Deposit,PRPAY-2026-006713,2026-06-22,5
6714,6714,2026-06-19,ACH,PRPAY-2026-006714,2026-06-22,5
6715,6715,2026-06-19,Direct Deposit,PRPAY-2026-006715,2026-06-22,5
6716,6716,2026-06-19,Direct Deposit,PRPAY-2026-006716,2026-06-22,5
6717,6717,2026-06-19,ACH,PRPAY-2026-006717,2026-06-22,5
6718,6718,2026-06-19,Direct Deposit,PRPAY-2026-006718,2026-06-22,5
6719,6719,2026-06-19,ACH,PRPAY-2026-006719,2026-06-22,5
6720,6720,2026-06-19,Direct Deposit,PRPAY-2026-006720,2026-06-22,5
6721,6721,2026-06-19,Direct Deposit,PRPAY-2026-006721,2026-06-22,5
6722,6722,2026-06-19,Direct Deposit,PRPAY-2026-006722,2026-06-22,5
6723,6723,2026-06-19,Direct Deposit,PRPAY-2026-006723,2026-06-22,5
6724,6724,2026-06-19,ACH,PRPAY-2026-006724,2026-06-22,5
6725,6725,2026-06-19,Direct Deposit,PRPAY-2026-006725,2026-06-22,5
6726,6726,2026-06-19,Direct Deposit,PRPAY-2026-006726,2026-06-22,5
6727,6727,2026-06-19,Direct Deposit,PRPAY-2026-006727,2026-06-22,5
6728,6728,2026-06-19,ACH,PRPAY-2026-006728,2026-06-22,5
6729,6729,2026-06-19,Direct Deposit,PRPAY-2026-006729,2026-06-22,5
6730,6730,2026-06-19,ACH,PRPAY-2026-006730,2026-06-22,5
6731,6731,2026-06-19,ACH,PRPAY-2026-006731,2026-06-22,5
6732,6732,2026-06-19,Direct Deposit,PRPAY-2026-006732,2026-06-22,5
6733,6733,2026-06-19,Direct Deposit,PRPAY-2026-006733,2026-06-22,5
6734,6734,2026-06-19,ACH,PRPAY-2026-006734,2026-06-22,5
6735,6735,2026-06-19,ACH,PRPAY-2026-006735,2026-06-22,5
6736,6736,2026-06-19,ACH,PRPAY-2026-006736,2026-06-22,5
6737,6737,2026-06-19,Direct Deposit,PRPAY-2026-006737,2026-06-22,5
6738,6738,2026-06-19,Direct Deposit,PRPAY-2026-006738,2026-06-22,5
6739,6739,2026-06-19,ACH,PRPAY-2026-006739,2026-06-22,5
6740,6740,2026-06-19,ACH,PRPAY-2026-006740,2026-06-22,5
6741,6741,2026-06-19,ACH,PRPAY-2026-006741,2026-06-22,5
6742,6742,2026-06-19,Direct Deposit,PRPAY-2026-006742,2026-06-22,5
6743,6743,2026-06-19,ACH,PRPAY-2026-006743,2026-06-22,5
6744,6744,2026-06-19,Direct Deposit,PRPAY-2026-006744,2026-06-22,5
6745,6745,2026-06-19,Direct Deposit,PRPAY-2026-006745,2026-06-22,5
6746,6746,2026-06-19,ACH,PRPAY-2026-006746,2026-06-22,5
6747,6747,2026-06-19,Direct Deposit,PRPAY-2026-006747,2026-06-22,5
6748,6748,2026-06-19,ACH,PRPAY-2026-006748,2026-06-22,5
6749,6749,2026-06-19,Direct Deposit,PRPAY-2026-006749,2026-06-22,5
6750,6750,2026-06-19,Direct Deposit,PRPAY-2026-006750,2026-06-22,5
6751,6751,2026-06-19,ACH,PRPAY-2026-006751,2026-06-22,5
6752,6752,2026-06-19,Direct Deposit,PRPAY-2026-006752,2026-06-22,5
6753,6753,2026-06-19,Direct Deposit,PRPAY-2026-006753,2026-06-22,5
6754,6754,2026-06-19,Direct Deposit,PRPAY-2026-006754,2026-06-22,5
6755,6755,2026-06-19,Direct Deposit,PRPAY-2026-006755,2026-06-22,5
6756,6756,2026-06-19,ACH,PRPAY-2026-006756,2026-06-22,5
6757,6757,2026-06-19,ACH,PRPAY-2026-006757,2026-06-22,5
6758,6758,2026-06-19,ACH,PRPAY-2026-006758,2026-06-22,5
6759,6759,2026-06-19,Direct Deposit,PRPAY-2026-006759,2026-06-22,5
6760,6760,2026-06-19,Direct Deposit,PRPAY-2026-006760,2026-06-22,5
6761,6761,2026-06-19,Direct Deposit,PRPAY-2026-006761,2026-06-22,5
6762,6762,2026-06-19,Direct Deposit,PRPAY-2026-006762,2026-06-22,5
6763,6763,2026-06-19,ACH,PRPAY-2026-006763,2026-06-22,5
6764,6764,2026-06-19,ACH,PRPAY-2026-006764,2026-06-22,5
6765,6765,2026-06-19,ACH,PRPAY-2026-006765,2026-06-22,5
6766,6766,2026-06-19,ACH,PRPAY-2026-006766,2026-06-22,5
6767,6767,2026-06-19,Direct Deposit,PRPAY-2026-006767,2026-06-22,5
6768,6768,2026-06-19,ACH,PRPAY-2026-006768,2026-06-22,5
6769,6769,2026-06-19,Direct Deposit,PRPAY-2026-006769,2026-06-22,5
6770,6770,2026-06-19,ACH,PRPAY-2026-006770,2026-06-22,5
6771,6771,2026-06-19,ACH,PRPAY-2026-006771,2026-06-22,5
6772,6772,2026-06-19,ACH,PRPAY-2026-006772,2026-06-22,5
6773,6773,2026-06-19,ACH,PRPAY-2026-006773,2026-06-22,5
6774,6774,2026-06-19,ACH,PRPAY-2026-006774,2026-06-22,5
6775,6775,2026-06-19,Direct Deposit,PRPAY-2026-006775,2026-06-22,5
6776,6776,2026-06-19,Direct Deposit,PRPAY-2026-006776,2026-06-22,5
6777,6777,2026-06-19,Direct Deposit,PRPAY-2026-006777,2026-06-22,5
6778,6778,2026-06-19,Direct Deposit,PRPAY-2026-006778,2026-06-22,5
6779,6779,2026-06-19,Direct Deposit,PRPAY-2026-006779,2026-06-22,5
6780,6780,2026-06-19,Direct Deposit,PRPAY-2026-006780,2026-06-22,5
6781,6781,2026-06-19,Direct Deposit,PRPAY-2026-006781,2026-06-22,5
6782,6782,2026-06-19,Direct Deposit,PRPAY-2026-006782,2026-06-22,5
6783,6783,2026-06-19,Direct Deposit,PRPAY-2026-006783,2026-06-22,5
6784,6784,2026-06-19,ACH,PRPAY-2026-006784,2026-06-22,5
6785,6785,2026-06-19,ACH,PRPAY-2026-006785,2026-06-22,5
6786,6786,2026-06-19,ACH,PRPAY-2026-006786,2026-06-22,5
6787,6787,2026-06-19,ACH,PRPAY-2026-006787,2026-06-22,5
6788,6788,2026-06-19,ACH,PRPAY-2026-006788,2026-06-22,5
6789,6789,2026-06-19,ACH,PRPAY-2026-006789,2026-06-22,5
6790,6790,2026-06-19,Direct Deposit,PRPAY-2026-006790,2026-06-22,5
6791,6791,2026-06-19,ACH,PRPAY-2026-006791,2026-06-22,5
6792,6792,2026-06-19,ACH,PRPAY-2026-006792,2026-06-22,5
6793,6793,2026-06-19,ACH,PRPAY-2026-006793,2026-06-22,5
6794,6794,2026-06-19,ACH,PRPAY-2026-006794,2026-06-22,5
6795,6795,2026-06-19,Direct Deposit,PRPAY-2026-006795,2026-06-22,5
6796,6796,2026-06-19,ACH,PRPAY-2026-006796,2026-06-22,5
6797,6797,2026-06-19,Direct Deposit,PRPAY-2026-006797,2026-06-22,5
6798,6798,2026-06-19,Direct Deposit,PRPAY-2026-006798,2026-06-22,5
6799,6799,2026-06-19,Direct Deposit,PRPAY-2026-006799,2026-06-22,5
6800,6800,2026-06-19,ACH,PRPAY-2026-006800,2026-06-22,5
6801,6801,2026-06-19,ACH,PRPAY-2026-006801,2026-06-22,5
6802,6802,2026-06-19,ACH,PRPAY-2026-006802,2026-06-22,5
6803,6803,2026-06-19,Direct Deposit,PRPAY-2026-006803,2026-06-22,5
6804,6804,2026-06-19,Direct Deposit,PRPAY-2026-006804,2026-06-22,5
6805,6805,2026-06-19,ACH,PRPAY-2026-006805,2026-06-22,5
6806,6806,2026-06-19,ACH,PRPAY-2026-006806,2026-06-22,5
6807,6807,2026-06-19,Direct Deposit,PRPAY-2026-006807,2026-06-22,5
6808,6808,2026-07-03,ACH,PRPAY-2026-006808,2026-07-06,5
6809,6809,2026-07-03,ACH,PRPAY-2026-006809,2026-07-06,5
6810,6810,2026-07-03,ACH,PRPAY-2026-006810,2026-07-06,5
6811,6811,2026-07-03,ACH,PRPAY-2026-006811,2026-07-06,5
6812,6812,2026-07-03,Direct Deposit,PRPAY-2026-006812,2026-07-06,5
6813,6813,2026-07-03,ACH,PRPAY-2026-006813,2026-07-06,5
6814,6814,2026-07-03,Direct Deposit,PRPAY-2026-006814,2026-07-06,5
6815,6815,2026-07-03,ACH,PRPAY-2026-006815,2026-07-06,5
6816,6816,2026-07-03,ACH,PRPAY-2026-006816,2026-07-06,5
6817,6817,2026-07-03,ACH,PRPAY-2026-006817,2026-07-06,5
6818,6818,2026-07-03,Direct Deposit,PRPAY-2026-006818,2026-07-06,5
6819,6819,2026-07-03,ACH,PRPAY-2026-006819,2026-07-06,5
6820,6820,2026-07-03,Direct Deposit,PRPAY-2026-006820,2026-07-06,5
6821,6821,2026-07-03,ACH,PRPAY-2026-006821,2026-07-06,5
6822,6822,2026-07-03,ACH,PRPAY-2026-006822,2026-07-06,5
6823,6823,2026-07-03,ACH,PRPAY-2026-006823,2026-07-06,5
6824,6824,2026-07-03,ACH,PRPAY-2026-006824,2026-07-06,5
6825,6825,2026-07-03,ACH,PRPAY-2026-006825,2026-07-06,5
6826,6826,2026-07-03,Direct Deposit,PRPAY-2026-006826,2026-07-06,5
6827,6827,2026-07-03,ACH,PRPAY-2026-006827,2026-07-06,5
6828,6828,2026-07-03,Direct Deposit,PRPAY-2026-006828,2026-07-06,5
6829,6829,2026-07-03,Direct Deposit,PRPAY-2026-006829,2026-07-06,5
6830,6830,2026-07-03,ACH,PRPAY-2026-006830,2026-07-06,5
6831,6831,2026-07-03,Direct Deposit,PRPAY-2026-006831,2026-07-06,5
6832,6832,2026-07-03,ACH,PRPAY-2026-006832,2026-07-06,5
6833,6833,2026-07-03,Direct Deposit,PRPAY-2026-006833,2026-07-06,5
6834,6834,2026-07-03,ACH,PRPAY-2026-006834,2026-07-06,5
6835,6835,2026-07-03,Direct Deposit,PRPAY-2026-006835,2026-07-06,5
6836,6836,2026-07-03,Direct Deposit,PRPAY-2026-006836,2026-07-06,5
6837,6837,2026-07-03,ACH,PRPAY-2026-006837,2026-07-06,5
6838,6838,2026-07-03,Direct Deposit,PRPAY-2026-006838,2026-07-06,5
6839,6839,2026-07-03,Direct Deposit,PRPAY-2026-006839,2026-07-06,5
6840,6840,2026-07-03,Direct Deposit,PRPAY-2026-006840,2026-07-06,5
6841,6841,2026-07-03,Direct Deposit,PRPAY-2026-006841,2026-07-06,5
6842,6842,2026-07-03,Direct Deposit,PRPAY-2026-006842,2026-07-06,5
6843,6843,2026-07-03,Direct Deposit,PRPAY-2026-006843,2026-07-06,5
6844,6844,2026-07-03,Direct Deposit,PRPAY-2026-006844,2026-07-06,5
6845,6845,2026-07-03,Direct Deposit,PRPAY-2026-006845,2026-07-06,5
6846,6846,2026-07-03,Direct Deposit,PRPAY-2026-006846,2026-07-06,5
6847,6847,2026-07-03,ACH,PRPAY-2026-006847,2026-07-06,5
6848,6848,2026-07-03,Direct Deposit,PRPAY-2026-006848,2026-07-06,5
6849,6849,2026-07-03,ACH,PRPAY-2026-006849,2026-07-06,5
6850,6850,2026-07-03,ACH,PRPAY-2026-006850,2026-07-06,5
6851,6851,2026-07-03,ACH,PRPAY-2026-006851,2026-07-06,5
6852,6852,2026-07-03,Direct Deposit,PRPAY-2026-006852,2026-07-06,5
6853,6853,2026-07-03,Direct Deposit,PRPAY-2026-006853,2026-07-06,5
6854,6854,2026-07-03,Direct Deposit,PRPAY-2026-006854,2026-07-06,5
6855,6855,2026-07-03,ACH,PRPAY-2026-006855,2026-07-06,5
6856,6856,2026-07-03,Direct Deposit,PRPAY-2026-006856,2026-07-06,5
6857,6857,2026-07-03,Direct Deposit,PRPAY-2026-006857,2026-07-06,5
6858,6858,2026-07-03,Direct Deposit,PRPAY-2026-006858,2026-07-06,5
6859,6859,2026-07-03,ACH,PRPAY-2026-006859,2026-07-06,5
6860,6860,2026-07-03,Direct Deposit,PRPAY-2026-006860,2026-07-06,5
6861,6861,2026-07-03,ACH,PRPAY-2026-006861,2026-07-06,5
6862,6862,2026-07-03,ACH,PRPAY-2026-006862,2026-07-06,5
6863,6863,2026-07-03,Direct Deposit,PRPAY-2026-006863,2026-07-06,5
6864,6864,2026-07-03,Direct Deposit,PRPAY-2026-006864,2026-07-06,5
6865,6865,2026-07-03,Direct Deposit,PRPAY-2026-006865,2026-07-06,5
6866,6866,2026-07-03,ACH,PRPAY-2026-006866,2026-07-06,5
6867,6867,2026-07-03,ACH,PRPAY-2026-006867,2026-07-06,5
6868,6868,2026-07-03,Direct Deposit,PRPAY-2026-006868,2026-07-06,5
6869,6869,2026-07-03,ACH,PRPAY-2026-006869,2026-07-06,5
6870,6870,2026-07-03,ACH,PRPAY-2026-006870,2026-07-06,5
6871,6871,2026-07-03,ACH,PRPAY-2026-006871,2026-07-06,5
6872,6872,2026-07-03,ACH,PRPAY-2026-006872,2026-07-06,5
6873,6873,2026-07-03,ACH,PRPAY-2026-006873,2026-07-06,5
6874,6874,2026-07-03,Direct Deposit,PRPAY-2026-006874,2026-07-06,5
6875,6875,2026-07-03,Direct Deposit,PRPAY-2026-006875,2026-07-06,5
6876,6876,2026-07-03,ACH,PRPAY-2026-006876,2026-07-06,5
6877,6877,2026-07-03,Direct Deposit,PRPAY-2026-006877,2026-07-06,5
6878,6878,2026-07-03,ACH,PRPAY-2026-006878,2026-07-06,5
6879,6879,2026-07-03,Direct Deposit,PRPAY-2026-006879,2026-07-06,5
6880,6880,2026-07-03,ACH,PRPAY-2026-006880,2026-07-06,5
6881,6881,2026-07-03,ACH,PRPAY-2026-006881,2026-07-06,5
6882,6882,2026-07-03,Direct Deposit,PRPAY-2026-006882,2026-07-06,5
6883,6883,2026-07-03,Direct Deposit,PRPAY-2026-006883,2026-07-06,5
6884,6884,2026-07-03,Direct Deposit,PRPAY-2026-006884,2026-07-06,5
6885,6885,2026-07-03,ACH,PRPAY-2026-006885,2026-07-06,5
6886,6886,2026-07-03,ACH,PRPAY-2026-006886,2026-07-06,5
6887,6887,2026-07-03,Direct Deposit,PRPAY-2026-006887,2026-07-06,5
6888,6888,2026-07-03,Direct Deposit,PRPAY-2026-006888,2026-07-06,5
6889,6889,2026-07-03,Direct Deposit,PRPAY-2026-006889,2026-07-06,5
6890,6890,2026-07-03,Direct Deposit,PRPAY-2026-006890,2026-07-06,5
6891,6891,2026-07-03,Direct Deposit,PRPAY-2026-006891,2026-07-06,5
6892,6892,2026-07-03,ACH,PRPAY-2026-006892,2026-07-06,5
6893,6893,2026-07-03,Direct Deposit,PRPAY-2026-006893,2026-07-06,5
6894,6894,2026-07-03,Direct Deposit,PRPAY-2026-006894,2026-07-06,5
6895,6895,2026-07-03,ACH,PRPAY-2026-006895,2026-07-06,5
6896,6896,2026-07-03,Direct Deposit,PRPAY-2026-006896,2026-07-06,5
6897,6897,2026-07-03,Direct Deposit,PRPAY-2026-006897,2026-07-06,5
6898,6898,2026-07-03,Direct Deposit,PRPAY-2026-006898,2026-07-06,5
6899,6899,2026-07-03,Direct Deposit,PRPAY-2026-006899,2026-07-06,5
6900,6900,2026-07-03,Direct Deposit,PRPAY-2026-006900,2026-07-06,5
6901,6901,2026-07-03,ACH,PRPAY-2026-006901,2026-07-06,5
6902,6902,2026-07-03,Direct Deposit,PRPAY-2026-006902,2026-07-06,5
6903,6903,2026-07-03,ACH,PRPAY-2026-006903,2026-07-06,5
6904,6904,2026-07-03,Direct Deposit,PRPAY-2026-006904,2026-07-06,5
6905,6905,2026-07-03,ACH,PRPAY-2026-006905,2026-07-06,5
6906,6906,2026-07-03,Direct Deposit,PRPAY-2026-006906,2026-07-06,5
6907,6907,2026-07-03,ACH,PRPAY-2026-006907,2026-07-06,5
6908,6908,2026-07-03,ACH,PRPAY-2026-006908,2026-07-06,5
6909,6909,2026-07-03,ACH,PRPAY-2026-006909,2026-07-06,5
6910,6910,2026-07-03,ACH,PRPAY-2026-006910,2026-07-06,5
6911,6911,2026-07-03,ACH,PRPAY-2026-006911,2026-07-06,5
6912,6912,2026-07-03,ACH,PRPAY-2026-006912,2026-07-06,5
6913,6913,2026-07-03,Direct Deposit,PRPAY-2026-006913,2026-07-06,5
6914,6914,2026-07-03,Direct Deposit,PRPAY-2026-006914,2026-07-06,5
6915,6915,2026-07-17,ACH,PRPAY-2026-006915,2026-07-20,5
6916,6916,2026-07-17,ACH,PRPAY-2026-006916,2026-07-20,5
6917,6917,2026-07-17,Direct Deposit,PRPAY-2026-006917,2026-07-20,5
6918,6918,2026-07-17,Direct Deposit,PRPAY-2026-006918,2026-07-20,5
6919,6919,2026-07-17,Direct Deposit,PRPAY-2026-006919,2026-07-20,5
6920,6920,2026-07-17,ACH,PRPAY-2026-006920,2026-07-20,5
6921,6921,2026-07-17,ACH,PRPAY-2026-006921,2026-07-20,5
6922,6922,2026-07-17,Direct Deposit,PRPAY-2026-006922,2026-07-20,5
6923,6923,2026-07-17,ACH,PRPAY-2026-006923,2026-07-20,5
6924,6924,2026-07-17,ACH,PRPAY-2026-006924,2026-07-20,5
6925,6925,2026-07-17,ACH,PRPAY-2026-006925,2026-07-20,5
6926,6926,2026-07-17,Direct Deposit,PRPAY-2026-006926,2026-07-20,5
6927,6927,2026-07-17,Direct Deposit,PRPAY-2026-006927,2026-07-20,5
6928,6928,2026-07-17,ACH,PRPAY-2026-006928,2026-07-20,5
6929,6929,2026-07-17,ACH,PRPAY-2026-006929,2026-07-20,5
6930,6930,2026-07-17,ACH,PRPAY-2026-006930,2026-07-20,5
6931,6931,2026-07-17,Direct Deposit,PRPAY-2026-006931,2026-07-20,5
6932,6932,2026-07-17,ACH,PRPAY-2026-006932,2026-07-20,5
6933,6933,2026-07-17,ACH,PRPAY-2026-006933,2026-07-20,5
6934,6934,2026-07-17,Direct Deposit,PRPAY-2026-006934,2026-07-20,5
6935,6935,2026-07-17,Direct Deposit,PRPAY-2026-006935,2026-07-20,5
6936,6936,2026-07-17,Direct Deposit,PRPAY-2026-006936,2026-07-20,5
6937,6937,2026-07-17,Direct Deposit,PRPAY-2026-006937,2026-07-20,5
6938,6938,2026-07-17,ACH,PRPAY-2026-006938,2026-07-20,5
6939,6939,2026-07-17,Direct Deposit,PRPAY-2026-006939,2026-07-20,5
6940,6940,2026-07-17,ACH,PRPAY-2026-006940,2026-07-20,5
6941,6941,2026-07-17,ACH,PRPAY-2026-006941,2026-07-20,5
6942,6942,2026-07-17,ACH,PRPAY-2026-006942,2026-07-20,5
6943,6943,2026-07-17,ACH,PRPAY-2026-006943,2026-07-20,5
6944,6944,2026-07-17,Direct Deposit,PRPAY-2026-006944,2026-07-20,5
6945,6945,2026-07-17,ACH,PRPAY-2026-006945,2026-07-20,5
6946,6946,2026-07-17,Direct Deposit,PRPAY-2026-006946,2026-07-20,5
6947,6947,2026-07-17,Direct Deposit,PRPAY-2026-006947,2026-07-20,5
6948,6948,2026-07-17,ACH,PRPAY-2026-006948,2026-07-20,5
6949,6949,2026-07-17,ACH,PRPAY-2026-006949,2026-07-20,5
6950,6950,2026-07-17,Direct Deposit,PRPAY-2026-006950,2026-07-20,5
6951,6951,2026-07-17,ACH,PRPAY-2026-006951,2026-07-20,5
6952,6952,2026-07-17,ACH,PRPAY-2026-006952,2026-07-20,5
6953,6953,2026-07-17,Direct Deposit,PRPAY-2026-006953,2026-07-20,5
6954,6954,2026-07-17,Direct Deposit,PRPAY-2026-006954,2026-07-20,5
6955,6955,2026-07-17,ACH,PRPAY-2026-006955,2026-07-20,5
6956,6956,2026-07-17,ACH,PRPAY-2026-006956,2026-07-20,5
6957,6957,2026-07-17,Direct Deposit,PRPAY-2026-006957,2026-07-20,5
6958,6958,2026-07-17,Direct Deposit,PRPAY-2026-006958,2026-07-20,5
6959,6959,2026-07-17,ACH,PRPAY-2026-006959,2026-07-20,5
6960,6960,2026-07-17,Direct Deposit,PRPAY-2026-006960,2026-07-20,5
6961,6961,2026-07-17,Direct Deposit,PRPAY-2026-006961,2026-07-20,5
6962,6962,2026-07-17,ACH,PRPAY-2026-006962,2026-07-20,5
6963,6963,2026-07-17,Direct Deposit,PRPAY-2026-006963,2026-07-20,5
6964,6964,2026-07-17,ACH,PRPAY-2026-006964,2026-07-20,5
6965,6965,2026-07-17,ACH,PRPAY-2026-006965,2026-07-20,5
6966,6966,2026-07-17,ACH,PRPAY-2026-006966,2026-07-20,5
6967,6967,2026-07-17,Direct Deposit,PRPAY-2026-006967,2026-07-20,5
6968,6968,2026-07-17,Direct Deposit,PRPAY-2026-006968,2026-07-20,5
6969,6969,2026-07-17,Direct Deposit,PRPAY-2026-006969,2026-07-20,5
6970,6970,2026-07-17,Direct Deposit,PRPAY-2026-006970,2026-07-20,5
6971,6971,2026-07-17,Direct Deposit,PRPAY-2026-006971,2026-07-20,5
6972,6972,2026-07-17,ACH,PRPAY-2026-006972,2026-07-20,5
6973,6973,2026-07-17,Direct Deposit,PRPAY-2026-006973,2026-07-20,5
6974,6974,2026-07-17,ACH,PRPAY-2026-006974,2026-07-20,5
6975,6975,2026-07-17,ACH,PRPAY-2026-006975,2026-07-20,5
6976,6976,2026-07-17,ACH,PRPAY-2026-006976,2026-07-20,5
6977,6977,2026-07-17,ACH,PRPAY-2026-006977,2026-07-20,5
6978,6978,2026-07-17,Direct Deposit,PRPAY-2026-006978,2026-07-20,5
6979,6979,2026-07-17,ACH,PRPAY-2026-006979,2026-07-20,5
6980,6980,2026-07-17,Direct Deposit,PRPAY-2026-006980,2026-07-20,5
6981,6981,2026-07-17,Direct Deposit,PRPAY-2026-006981,2026-07-20,5
6982,6982,2026-07-17,ACH,PRPAY-2026-006982,2026-07-20,5
6983,6983,2026-07-17,Direct Deposit,PRPAY-2026-006983,2026-07-20,5
6984,6984,2026-07-17,ACH,PRPAY-2026-006984,2026-07-20,5
6985,6985,2026-07-17,Direct Deposit,PRPAY-2026-006985,2026-07-20,5
6986,6986,2026-07-17,Direct Deposit,PRPAY-2026-006986,2026-07-20,5
6987,6987,2026-07-17,ACH,PRPAY-2026-006987,2026-07-20,5
6988,6988,2026-07-17,ACH,PRPAY-2026-006988,2026-07-20,5
6989,6989,2026-07-17,ACH,PRPAY-2026-006989,2026-07-20,5
6990,6990,2026-07-17,Direct Deposit,PRPAY-2026-006990,2026-07-20,5
6991,6991,2026-07-17,Direct Deposit,PRPAY-2026-006991,2026-07-20,5
6992,6992,2026-07-17,Direct Deposit,PRPAY-2026-006992,2026-07-20,5
6993,6993,2026-07-17,ACH,PRPAY-2026-006993,2026-07-20,5
6994,6994,2026-07-17,Direct Deposit,PRPAY-2026-006994,2026-07-20,5
6995,6995,2026-07-17,Direct Deposit,PRPAY-2026-006995,2026-07-20,5
6996,6996,2026-07-17,ACH,PRPAY-2026-006996,2026-07-20,5
6997,6997,2026-07-17,Direct Deposit,PRPAY-2026-006997,2026-07-20,5
6998,6998,2026-07-17,Direct Deposit,PRPAY-2026-006998,2026-07-20,5
6999,6999,2026-07-17,Direct Deposit,PRPAY-2026-006999,2026-07-20,5
7000,7000,2026-07-17,ACH,PRPAY-2026-007000,2026-07-20,5
7001,7001,2026-07-17,Direct Deposit,PRPAY-2026-007001,2026-07-20,5
7002,7002,2026-07-17,Direct Deposit,PRPAY-2026-007002,2026-07-20,5
7003,7003,2026-07-17,Direct Deposit,PRPAY-2026-007003,2026-07-20,5
7004,7004,2026-07-17,Direct Deposit,PRPAY-2026-007004,2026-07-20,5
7005,7005,2026-07-17,Direct Deposit,PRPAY-2026-007005,2026-07-20,5
7006,7006,2026-07-17,Direct Deposit,PRPAY-2026-007006,2026-07-20,5
7007,7007,2026-07-17,Direct Deposit,PRPAY-2026-007007,2026-07-20,5
7008,7008,2026-07-17,Direct Deposit,PRPAY-2026-007008,2026-07-20,5
7009,7009,2026-07-17,Direct Deposit,PRPAY-2026-007009,2026-07-20,5
7010,7010,2026-07-17,ACH,PRPAY-2026-007010,2026-07-20,5
7011,7011,2026-07-17,ACH,PRPAY-2026-007011,2026-07-20,5
7012,7012,2026-07-17,ACH,PRPAY-2026-007012,2026-07-20,5
7013,7013,2026-07-17,Direct Deposit,PRPAY-2026-007013,2026-07-20,5
7014,7014,2026-07-17,ACH,PRPAY-2026-007014,2026-07-20,5
7015,7015,2026-07-17,ACH,PRPAY-2026-007015,2026-07-20,5
7016,7016,2026-07-17,Direct Deposit,PRPAY-2026-007016,2026-07-20,5
7017,7017,2026-07-17,ACH,PRPAY-2026-007017,2026-07-20,5
7018,7018,2026-07-17,Direct Deposit,PRPAY-2026-007018,2026-07-20,5
7019,7019,2026-07-17,ACH,PRPAY-2026-007019,2026-07-20,5
7020,7020,2026-07-17,ACH,PRPAY-2026-007020,2026-07-20,5
7021,7021,2026-07-31,ACH,PRPAY-2026-007021,2026-08-03,5
7022,7022,2026-07-31,ACH,PRPAY-2026-007022,2026-08-03,5
7023,7023,2026-07-31,ACH,PRPAY-2026-007023,2026-08-03,5
7024,7024,2026-07-31,Direct Deposit,PRPAY-2026-007024,2026-08-03,5
7025,7025,2026-07-31,ACH,PRPAY-2026-007025,2026-08-03,5
7026,7026,2026-07-31,Direct Deposit,PRPAY-2026-007026,2026-08-03,5
7027,7027,2026-07-31,Direct Deposit,PRPAY-2026-007027,2026-08-03,5
7028,7028,2026-07-31,Direct Deposit,PRPAY-2026-007028,2026-08-03,5
7029,7029,2026-07-31,ACH,PRPAY-2026-007029,2026-08-03,5
7030,7030,2026-07-31,ACH,PRPAY-2026-007030,2026-08-03,5
7031,7031,2026-07-31,Direct Deposit,PRPAY-2026-007031,2026-08-03,5
7032,7032,2026-07-31,Direct Deposit,PRPAY-2026-007032,2026-08-03,5
7033,7033,2026-07-31,ACH,PRPAY-2026-007033,2026-08-03,5
7034,7034,2026-07-31,ACH,PRPAY-2026-007034,2026-08-03,5
7035,7035,2026-07-31,Direct Deposit,PRPAY-2026-007035,2026-08-03,5
7036,7036,2026-07-31,ACH,PRPAY-2026-007036,2026-08-03,5
7037,7037,2026-07-31,ACH,PRPAY-2026-007037,2026-08-03,5
7038,7038,2026-07-31,Direct Deposit,PRPAY-2026-007038,2026-08-03,5
7039,7039,2026-07-31,Direct Deposit,PRPAY-2026-007039,2026-08-03,5
7040,7040,2026-07-31,Direct Deposit,PRPAY-2026-007040,2026-08-03,5
7041,7041,2026-07-31,Direct Deposit,PRPAY-2026-007041,2026-08-03,5
7042,7042,2026-07-31,ACH,PRPAY-2026-007042,2026-08-03,5
7043,7043,2026-07-31,ACH,PRPAY-2026-007043,2026-08-03,5
7044,7044,2026-07-31,Direct Deposit,PRPAY-2026-007044,2026-08-03,5
7045,7045,2026-07-31,ACH,PRPAY-2026-007045,2026-08-03,5
7046,7046,2026-07-31,Direct Deposit,PRPAY-2026-007046,2026-08-03,5
7047,7047,2026-07-31,Direct Deposit,PRPAY-2026-007047,2026-08-03,5
7048,7048,2026-07-31,Direct Deposit,PRPAY-2026-007048,2026-08-03,5
7049,7049,2026-07-31,ACH,PRPAY-2026-007049,2026-08-03,5
7050,7050,2026-07-31,Direct Deposit,PRPAY-2026-007050,2026-08-03,5
7051,7051,2026-07-31,Direct Deposit,PRPAY-2026-007051,2026-08-03,5
7052,7052,2026-07-31,ACH,PRPAY-2026-007052,2026-08-03,5
7053,7053,2026-07-31,Direct Deposit,PRPAY-2026-007053,2026-08-03,5
7054,7054,2026-07-31,ACH,PRPAY-2026-007054,2026-08-03,5
7055,7055,2026-07-31,ACH,PRPAY-2026-007055,2026-08-03,5
7056,7056,2026-07-31,Direct Deposit,PRPAY-2026-007056,2026-08-03,5
7057,7057,2026-07-31,Direct Deposit,PRPAY-2026-007057,2026-08-03,5
7058,7058,2026-07-31,ACH,PRPAY-2026-007058,2026-08-03,5
7059,7059,2026-07-31,Direct Deposit,PRPAY-2026-007059,2026-08-03,5
7060,7060,2026-07-31,ACH,PRPAY-2026-007060,2026-08-03,5
7061,7061,2026-07-31,Direct Deposit,PRPAY-2026-007061,2026-08-03,5
7062,7062,2026-07-31,ACH,PRPAY-2026-007062,2026-08-03,5
7063,7063,2026-07-31,ACH,PRPAY-2026-007063,2026-08-03,5
7064,7064,2026-07-31,Direct Deposit,PRPAY-2026-007064,2026-08-03,5
7065,7065,2026-07-31,Direct Deposit,PRPAY-2026-007065,2026-08-03,5
7066,7066,2026-07-31,ACH,PRPAY-2026-007066,2026-08-03,5
7067,7067,2026-07-31,Direct Deposit,PRPAY-2026-007067,2026-08-03,5
7068,7068,2026-07-31,Direct Deposit,PRPAY-2026-007068,2026-08-03,5
7069,7069,2026-07-31,ACH,PRPAY-2026-007069,2026-08-03,5
7070,7070,2026-07-31,ACH,PRPAY-2026-007070,2026-08-03,5
7071,7071,2026-07-31,ACH,PRPAY-2026-007071,2026-08-03,5
7072,7072,2026-07-31,ACH,PRPAY-2026-007072,2026-08-03,5
7073,7073,2026-07-31,ACH,PRPAY-2026-007073,2026-08-03,5
7074,7074,2026-07-31,ACH,PRPAY-2026-007074,2026-08-03,5
7075,7075,2026-07-31,ACH,PRPAY-2026-007075,2026-08-03,5
7076,7076,2026-07-31,ACH,PRPAY-2026-007076,2026-08-03,5
7077,7077,2026-07-31,ACH,PRPAY-2026-007077,2026-08-03,5
7078,7078,2026-07-31,Direct Deposit,PRPAY-2026-007078,2026-08-03,5
7079,7079,2026-07-31,ACH,PRPAY-2026-007079,2026-08-03,5
7080,7080,2026-07-31,Direct Deposit,PRPAY-2026-007080,2026-08-03,5
7081,7081,2026-07-31,Direct Deposit,PRPAY-2026-007081,2026-08-03,5
7082,7082,2026-07-31,Direct Deposit,PRPAY-2026-007082,2026-08-03,5
7083,7083,2026-07-31,ACH,PRPAY-2026-007083,2026-08-03,5
7084,7084,2026-07-31,Direct Deposit,PRPAY-2026-007084,2026-08-03,5
7085,7085,2026-07-31,Direct Deposit,PRPAY-2026-007085,2026-08-03,5
7086,7086,2026-07-31,ACH,PRPAY-2026-007086,2026-08-03,5
7087,7087,2026-07-31,Direct Deposit,PRPAY-2026-007087,2026-08-03,5
7088,7088,2026-07-31,ACH,PRPAY-2026-007088,2026-08-03,5
7089,7089,2026-07-31,Direct Deposit,PRPAY-2026-007089,2026-08-03,5
7090,7090,2026-07-31,Direct Deposit,PRPAY-2026-007090,2026-08-03,5
7091,7091,2026-07-31,Direct Deposit,PRPAY-2026-007091,2026-08-03,5
7092,7092,2026-07-31,ACH,PRPAY-2026-007092,2026-08-03,5
7093,7093,2026-07-31,Direct Deposit,PRPAY-2026-007093,2026-08-03,5
7094,7094,2026-07-31,Direct Deposit,PRPAY-2026-007094,2026-08-03,5
7095,7095,2026-07-31,ACH,PRPAY-2026-007095,2026-08-03,5
7096,7096,2026-07-31,ACH,PRPAY-2026-007096,2026-08-03,5
7097,7097,2026-07-31,ACH,PRPAY-2026-007097,2026-08-03,5
7098,7098,2026-07-31,Direct Deposit,PRPAY-2026-007098,2026-08-03,5
7099,7099,2026-07-31,Direct Deposit,PRPAY-2026-007099,2026-08-03,5
7100,7100,2026-07-31,ACH,PRPAY-2026-007100,2026-08-03,5
7101,7101,2026-07-31,ACH,PRPAY-2026-007101,2026-08-03,5
7102,7102,2026-07-31,ACH,PRPAY-2026-007102,2026-08-03,5
7103,7103,2026-07-31,ACH,PRPAY-2026-007103,2026-08-03,5
7104,7104,2026-07-31,ACH,PRPAY-2026-007104,2026-08-03,5
7105,7105,2026-07-31,ACH,PRPAY-2026-007105,2026-08-03,5
7106,7106,2026-07-31,Direct Deposit,PRPAY-2026-007106,2026-08-03,5
7107,7107,2026-07-31,Direct Deposit,PRPAY-2026-007107,2026-08-03,5
7108,7108,2026-07-31,Direct Deposit,PRPAY-2026-007108,2026-08-03,5
7109,7109,2026-07-31,Direct Deposit,PRPAY-2026-007109,2026-08-03,5
7110,7110,2026-07-31,Direct Deposit,PRPAY-2026-007110,2026-08-03,5
7111,7111,2026-07-31,Direct Deposit,PRPAY-2026-007111,2026-08-03,5
7112,7112,2026-07-31,ACH,PRPAY-2026-007112,2026-08-03,5
7113,7113,2026-07-31,ACH,PRPAY-2026-007113,2026-08-03,5
7114,7114,2026-07-31,Direct Deposit,PRPAY-2026-007114,2026-08-03,5
7115,7115,2026-07-31,Direct Deposit,PRPAY-2026-007115,2026-08-03,5
7116,7116,2026-07-31,ACH,PRPAY-2026-007116,2026-08-03,5
7117,7117,2026-07-31,Direct Deposit,PRPAY-2026-007117,2026-08-03,5
7118,7118,2026-07-31,ACH,PRPAY-2026-007118,2026-08-03,5
7119,7119,2026-07-31,Direct Deposit,PRPAY-2026-007119,2026-08-03,5
7120,7120,2026-07-31,ACH,PRPAY-2026-007120,2026-08-03,5
7121,7121,2026-07-31,Direct Deposit,PRPAY-2026-007121,2026-08-03,5
7122,7122,2026-07-31,Direct Deposit,PRPAY-2026-007122,2026-08-03,5
7123,7123,2026-07-31,ACH,PRPAY-2026-007123,2026-08-03,5
7124,7124,2026-07-31,Direct Deposit,PRPAY-2026-007124,2026-08-03,5
7125,7125,2026-07-31,Direct Deposit,PRPAY-2026-007125,2026-08-03,5
7126,7126,2026-07-31,ACH,PRPAY-2026-007126,2026-08-03,5
7127,7127,2026-07-31,ACH,PRPAY-2026-007127,2026-08-03,5
7128,7128,2026-08-14,ACH,PRPAY-2026-007128,2026-08-17,5
7129,7129,2026-08-14,Direct Deposit,PRPAY-2026-007129,2026-08-17,5
7130,7130,2026-08-14,ACH,PRPAY-2026-007130,2026-08-17,5
7131,7131,2026-08-14,ACH,PRPAY-2026-007131,2026-08-17,5
7132,7132,2026-08-14,Direct Deposit,PRPAY-2026-007132,2026-08-17,5
7133,7133,2026-08-14,ACH,PRPAY-2026-007133,2026-08-17,5
7134,7134,2026-08-14,Direct Deposit,PRPAY-2026-007134,2026-08-17,5
7135,7135,2026-08-14,ACH,PRPAY-2026-007135,2026-08-17,5
7136,7136,2026-08-14,Direct Deposit,PRPAY-2026-007136,2026-08-17,5
7137,7137,2026-08-14,ACH,PRPAY-2026-007137,2026-08-17,5
7138,7138,2026-08-14,Direct Deposit,PRPAY-2026-007138,2026-08-17,5
7139,7139,2026-08-14,Direct Deposit,PRPAY-2026-007139,2026-08-17,5
7140,7140,2026-08-14,Direct Deposit,PRPAY-2026-007140,2026-08-17,5
7141,7141,2026-08-14,ACH,PRPAY-2026-007141,2026-08-17,5
7142,7142,2026-08-14,Direct Deposit,PRPAY-2026-007142,2026-08-17,5
7143,7143,2026-08-14,ACH,PRPAY-2026-007143,2026-08-17,5
7144,7144,2026-08-14,ACH,PRPAY-2026-007144,2026-08-17,5
7145,7145,2026-08-14,ACH,PRPAY-2026-007145,2026-08-17,5
7146,7146,2026-08-14,ACH,PRPAY-2026-007146,2026-08-17,5
7147,7147,2026-08-14,ACH,PRPAY-2026-007147,2026-08-17,5
7148,7148,2026-08-14,ACH,PRPAY-2026-007148,2026-08-17,5
7149,7149,2026-08-14,Direct Deposit,PRPAY-2026-007149,2026-08-17,5
7150,7150,2026-08-14,ACH,PRPAY-2026-007150,2026-08-17,5
7151,7151,2026-08-14,Direct Deposit,PRPAY-2026-007151,2026-08-17,5
7152,7152,2026-08-14,Direct Deposit,PRPAY-2026-007152,2026-08-17,5
7153,7153,2026-08-14,Direct Deposit,PRPAY-2026-007153,2026-08-17,5
7154,7154,2026-08-14,Direct Deposit,PRPAY-2026-007154,2026-08-17,5
7155,7155,2026-08-14,ACH,PRPAY-2026-007155,2026-08-17,5
7156,7156,2026-08-14,ACH,PRPAY-2026-007156,2026-08-17,5
7157,7157,2026-08-14,ACH,PRPAY-2026-007157,2026-08-17,5
7158,7158,2026-08-14,Direct Deposit,PRPAY-2026-007158,2026-08-17,5
7159,7159,2026-08-14,ACH,PRPAY-2026-007159,2026-08-17,5
7160,7160,2026-08-14,Direct Deposit,PRPAY-2026-007160,2026-08-17,5
7161,7161,2026-08-14,ACH,PRPAY-2026-007161,2026-08-17,5
7162,7162,2026-08-14,ACH,PRPAY-2026-007162,2026-08-17,5
7163,7163,2026-08-14,ACH,PRPAY-2026-007163,2026-08-17,5
7164,7164,2026-08-14,Direct Deposit,PRPAY-2026-007164,2026-08-17,5
7165,7165,2026-08-14,ACH,PRPAY-2026-007165,2026-08-17,5
7166,7166,2026-08-14,Direct Deposit,PRPAY-2026-007166,2026-08-17,5
7167,7167,2026-08-14,ACH,PRPAY-2026-007167,2026-08-17,5
7168,7168,2026-08-14,ACH,PRPAY-2026-007168,2026-08-17,5
7169,7169,2026-08-14,Direct Deposit,PRPAY-2026-007169,2026-08-17,5
7170,7170,2026-08-14,ACH,PRPAY-2026-007170,2026-08-17,5
7171,7171,2026-08-14,ACH,PRPAY-2026-007171,2026-08-17,5
7172,7172,2026-08-14,ACH,PRPAY-2026-007172,2026-08-17,5
7173,7173,2026-08-14,ACH,PRPAY-2026-007173,2026-08-17,5
7174,7174,2026-08-14,ACH,PRPAY-2026-007174,2026-08-17,5
7175,7175,2026-08-14,ACH,PRPAY-2026-007175,2026-08-17,5
7176,7176,2026-08-14,ACH,PRPAY-2026-007176,2026-08-17,5
7177,7177,2026-08-14,Direct Deposit,PRPAY-2026-007177,2026-08-17,5
7178,7178,2026-08-14,Direct Deposit,PRPAY-2026-007178,2026-08-17,5
7179,7179,2026-08-14,Direct Deposit,PRPAY-2026-007179,2026-08-17,5
7180,7180,2026-08-14,Direct Deposit,PRPAY-2026-007180,2026-08-17,5
7181,7181,2026-08-14,Direct Deposit,PRPAY-2026-007181,2026-08-17,5
7182,7182,2026-08-14,Direct Deposit,PRPAY-2026-007182,2026-08-17,5
7183,7183,2026-08-14,ACH,PRPAY-2026-007183,2026-08-17,5
7184,7184,2026-08-14,ACH,PRPAY-2026-007184,2026-08-17,5
7185,7185,2026-08-14,ACH,PRPAY-2026-007185,2026-08-17,5
7186,7186,2026-08-14,Direct Deposit,PRPAY-2026-007186,2026-08-17,5
7187,7187,2026-08-14,ACH,PRPAY-2026-007187,2026-08-17,5
7188,7188,2026-08-14,Direct Deposit,PRPAY-2026-007188,2026-08-17,5
7189,7189,2026-08-14,ACH,PRPAY-2026-007189,2026-08-17,5
7190,7190,2026-08-14,ACH,PRPAY-2026-007190,2026-08-17,5
7191,7191,2026-08-14,ACH,PRPAY-2026-007191,2026-08-17,5
7192,7192,2026-08-14,ACH,PRPAY-2026-007192,2026-08-17,5
7193,7193,2026-08-14,ACH,PRPAY-2026-007193,2026-08-17,5
7194,7194,2026-08-14,Direct Deposit,PRPAY-2026-007194,2026-08-17,5
7195,7195,2026-08-14,Direct Deposit,PRPAY-2026-007195,2026-08-17,5
7196,7196,2026-08-14,ACH,PRPAY-2026-007196,2026-08-17,5
7197,7197,2026-08-14,Direct Deposit,PRPAY-2026-007197,2026-08-17,5
7198,7198,2026-08-14,Direct Deposit,PRPAY-2026-007198,2026-08-17,5
7199,7199,2026-08-14,Direct Deposit,PRPAY-2026-007199,2026-08-17,5
7200,7200,2026-08-14,ACH,PRPAY-2026-007200,2026-08-17,5
7201,7201,2026-08-14,Direct Deposit,PRPAY-2026-007201,2026-08-17,5
7202,7202,2026-08-14,Direct Deposit,PRPAY-2026-007202,2026-08-17,5
7203,7203,2026-08-14,Direct Deposit,PRPAY-2026-007203,2026-08-17,5
7204,7204,2026-08-14,ACH,PRPAY-2026-007204,2026-08-17,5
7205,7205,2026-08-14,Direct Deposit,PRPAY-2026-007205,2026-08-17,5
7206,7206,2026-08-14,Direct Deposit,PRPAY-2026-007206,2026-08-17,5
7207,7207,2026-08-14,ACH,PRPAY-2026-007207,2026-08-17,5
7208,7208,2026-08-14,Direct Deposit,PRPAY-2026-007208,2026-08-17,5
7209,7209,2026-08-14,Direct Deposit,PRPAY-2026-007209,2026-08-17,5
7210,7210,2026-08-14,Direct Deposit,PRPAY-2026-007210,2026-08-17,5
7211,7211,2026-08-14,ACH,PRPAY-2026-007211,2026-08-17,5
7212,7212,2026-08-14,Direct Deposit,PRPAY-2026-007212,2026-08-17,5
7213,7213,2026-08-14,ACH,PRPAY-2026-007213,2026-08-17,5
7214,7214,2026-08-14,ACH,PRPAY-2026-007214,2026-08-17,5
7215,7215,2026-08-14,Direct Deposit,PRPAY-2026-007215,2026-08-17,5
7216,7216,2026-08-14,Direct Deposit,PRPAY-2026-007216,2026-08-17,5
7217,7217,2026-08-14,ACH,PRPAY-2026-007217,2026-08-17,5
7218,7218,2026-08-14,Direct Deposit,PRPAY-2026-007218,2026-08-17,5
7219,7219,2026-08-14,ACH,PRPAY-2026-007219,2026-08-17,5
7220,7220,2026-08-14,Direct Deposit,PRPAY-2026-007220,2026-08-17,5
7221,7221,2026-08-14,ACH,PRPAY-2026-007221,2026-08-17,5
7222,7222,2026-08-14,Direct Deposit,PRPAY-2026-007222,2026-08-17,5
7223,7223,2026-08-14,Direct Deposit,PRPAY-2026-007223,2026-08-17,5
7224,7224,2026-08-14,Direct Deposit,PRPAY-2026-007224,2026-08-17,5
7225,7225,2026-08-14,ACH,PRPAY-2026-007225,2026-08-17,5
7226,7226,2026-08-14,ACH,PRPAY-2026-007226,2026-08-17,5
7227,7227,2026-08-14,Direct Deposit,PRPAY-2026-007227,2026-08-17,5
7228,7228,2026-08-14,ACH,PRPAY-2026-007228,2026-08-17,5
7229,7229,2026-08-14,ACH,PRPAY-2026-007229,2026-08-17,5
7230,7230,2026-08-14,Direct Deposit,PRPAY-2026-007230,2026-08-17,5
7231,7231,2026-08-14,ACH,PRPAY-2026-007231,2026-08-17,5
7232,7232,2026-08-14,Direct Deposit,PRPAY-2026-007232,2026-08-17,5
7233,7233,2026-08-14,ACH,PRPAY-2026-007233,2026-08-17,5
7234,7234,2026-08-14,Direct Deposit,PRPAY-2026-007234,2026-08-17,5
7235,7235,2026-08-28,ACH,PRPAY-2026-007235,2026-08-31,5
7236,7236,2026-08-28,Direct Deposit,PRPAY-2026-007236,2026-08-31,5
7237,7237,2026-08-28,ACH,PRPAY-2026-007237,2026-08-31,5
7238,7238,2026-08-28,ACH,PRPAY-2026-007238,2026-08-31,5
7239,7239,2026-08-28,Direct Deposit,PRPAY-2026-007239,2026-08-31,5
7240,7240,2026-08-28,Direct Deposit,PRPAY-2026-007240,2026-08-31,5
7241,7241,2026-08-28,Direct Deposit,PRPAY-2026-007241,2026-08-31,5
7242,7242,2026-08-28,ACH,PRPAY-2026-007242,2026-08-31,5
7243,7243,2026-08-28,ACH,PRPAY-2026-007243,2026-08-31,5
7244,7244,2026-08-28,Direct Deposit,PRPAY-2026-007244,2026-08-31,5
7245,7245,2026-08-28,Direct Deposit,PRPAY-2026-007245,2026-08-31,5
7246,7246,2026-08-28,ACH,PRPAY-2026-007246,2026-08-31,5
7247,7247,2026-08-28,Direct Deposit,PRPAY-2026-007247,2026-08-31,5
7248,7248,2026-08-28,ACH,PRPAY-2026-007248,2026-08-31,5
7249,7249,2026-08-28,Direct Deposit,PRPAY-2026-007249,2026-08-31,5
7250,7250,2026-08-28,Direct Deposit,PRPAY-2026-007250,2026-08-31,5
7251,7251,2026-08-28,ACH,PRPAY-2026-007251,2026-08-31,5
7252,7252,2026-08-28,Direct Deposit,PRPAY-2026-007252,2026-08-31,5
7253,7253,2026-08-28,Direct Deposit,PRPAY-2026-007253,2026-08-31,5
7254,7254,2026-08-28,Direct Deposit,PRPAY-2026-007254,2026-08-31,5
7255,7255,2026-08-28,ACH,PRPAY-2026-007255,2026-08-31,5
7256,7256,2026-08-28,ACH,PRPAY-2026-007256,2026-08-31,5
7257,7257,2026-08-28,Direct Deposit,PRPAY-2026-007257,2026-08-31,5
7258,7258,2026-08-28,Direct Deposit,PRPAY-2026-007258,2026-08-31,5
7259,7259,2026-08-28,Direct Deposit,PRPAY-2026-007259,2026-08-31,5
7260,7260,2026-08-28,Direct Deposit,PRPAY-2026-007260,2026-08-31,5
7261,7261,2026-08-28,ACH,PRPAY-2026-007261,2026-08-31,5
7262,7262,2026-08-28,Direct Deposit,PRPAY-2026-007262,2026-08-31,5
7263,7263,2026-08-28,ACH,PRPAY-2026-007263,2026-08-31,5
7264,7264,2026-08-28,ACH,PRPAY-2026-007264,2026-08-31,5
7265,7265,2026-08-28,Direct Deposit,PRPAY-2026-007265,2026-08-31,5
7266,7266,2026-08-28,ACH,PRPAY-2026-007266,2026-08-31,5
7267,7267,2026-08-28,ACH,PRPAY-2026-007267,2026-08-31,5
7268,7268,2026-08-28,ACH,PRPAY-2026-007268,2026-08-31,5
7269,7269,2026-08-28,ACH,PRPAY-2026-007269,2026-08-31,5
7270,7270,2026-08-28,ACH,PRPAY-2026-007270,2026-08-31,5
7271,7271,2026-08-28,Direct Deposit,PRPAY-2026-007271,2026-08-31,5
7272,7272,2026-08-28,Direct Deposit,PRPAY-2026-007272,2026-08-31,5
7273,7273,2026-08-28,ACH,PRPAY-2026-007273,2026-08-31,5
7274,7274,2026-08-28,Direct Deposit,PRPAY-2026-007274,2026-08-31,5
7275,7275,2026-08-28,Direct Deposit,PRPAY-2026-007275,2026-08-31,5
7276,7276,2026-08-28,ACH,PRPAY-2026-007276,2026-08-31,5
7277,7277,2026-08-28,ACH,PRPAY-2026-007277,2026-08-31,5
7278,7278,2026-08-28,ACH,PRPAY-2026-007278,2026-08-31,5
7279,7279,2026-08-28,Direct Deposit,PRPAY-2026-007279,2026-08-31,5
7280,7280,2026-08-28,ACH,PRPAY-2026-007280,2026-08-31,5
7281,7281,2026-08-28,ACH,PRPAY-2026-007281,2026-08-31,5
7282,7282,2026-08-28,Direct Deposit,PRPAY-2026-007282,2026-08-31,5
7283,7283,2026-08-28,Direct Deposit,PRPAY-2026-007283,2026-08-31,5
7284,7284,2026-08-28,Direct Deposit,PRPAY-2026-007284,2026-08-31,5
7285,7285,2026-08-28,ACH,PRPAY-2026-007285,2026-08-31,5
7286,7286,2026-08-28,ACH,PRPAY-2026-007286,2026-08-31,5
7287,7287,2026-08-28,ACH,PRPAY-2026-007287,2026-08-31,5
7288,7288,2026-08-28,Direct Deposit,PRPAY-2026-007288,2026-08-31,5
7289,7289,2026-08-28,ACH,PRPAY-2026-007289,2026-08-31,5
7290,7290,2026-08-28,ACH,PRPAY-2026-007290,2026-08-31,5
7291,7291,2026-08-28,ACH,PRPAY-2026-007291,2026-08-31,5
7292,7292,2026-08-28,ACH,PRPAY-2026-007292,2026-08-31,5
7293,7293,2026-08-28,Direct Deposit,PRPAY-2026-007293,2026-08-31,5
7294,7294,2026-08-28,ACH,PRPAY-2026-007294,2026-08-31,5
7295,7295,2026-08-28,Direct Deposit,PRPAY-2026-007295,2026-08-31,5
7296,7296,2026-08-28,Direct Deposit,PRPAY-2026-007296,2026-08-31,5
7297,7297,2026-08-28,Direct Deposit,PRPAY-2026-007297,2026-08-31,5
7298,7298,2026-08-28,ACH,PRPAY-2026-007298,2026-08-31,5
7299,7299,2026-08-28,ACH,PRPAY-2026-007299,2026-08-31,5
7300,7300,2026-08-28,ACH,PRPAY-2026-007300,2026-08-31,5
7301,7301,2026-08-28,Direct Deposit,PRPAY-2026-007301,2026-08-31,5
7302,7302,2026-08-28,ACH,PRPAY-2026-007302,2026-08-31,5
7303,7303,2026-08-28,ACH,PRPAY-2026-007303,2026-08-31,5
7304,7304,2026-08-28,Direct Deposit,PRPAY-2026-007304,2026-08-31,5
7305,7305,2026-08-28,ACH,PRPAY-2026-007305,2026-08-31,5
7306,7306,2026-08-28,Direct Deposit,PRPAY-2026-007306,2026-08-31,5
7307,7307,2026-08-28,Direct Deposit,PRPAY-2026-007307,2026-08-31,5
7308,7308,2026-08-28,Direct Deposit,PRPAY-2026-007308,2026-08-31,5
7309,7309,2026-08-28,Direct Deposit,PRPAY-2026-007309,2026-08-31,5
7310,7310,2026-08-28,ACH,PRPAY-2026-007310,2026-08-31,5
7311,7311,2026-08-28,ACH,PRPAY-2026-007311,2026-08-31,5
7312,7312,2026-08-28,ACH,PRPAY-2026-007312,2026-08-31,5
7313,7313,2026-08-28,Direct Deposit,PRPAY-2026-007313,2026-08-31,5
7314,7314,2026-08-28,Direct Deposit,PRPAY-2026-007314,2026-08-31,5
7315,7315,2026-08-28,ACH,PRPAY-2026-007315,2026-08-31,5
7316,7316,2026-08-28,ACH,PRPAY-2026-007316,2026-08-31,5
7317,7317,2026-08-28,Direct Deposit,PRPAY-2026-007317,2026-08-31,5
7318,7318,2026-08-28,ACH,PRPAY-2026-007318,2026-08-31,5
7319,7319,2026-08-28,Direct Deposit,PRPAY-2026-007319,2026-08-31,5
7320,7320,2026-08-28,Direct Deposit,PRPAY-2026-007320,2026-08-31,5
7321,7321,2026-08-28,ACH,PRPAY-2026-007321,2026-08-31,5
7322,7322,2026-08-28,ACH,PRPAY-2026-007322,2026-08-31,5
7323,7323,2026-08-28,ACH,PRPAY-2026-007323,2026-08-31,5
7324,7324,2026-08-28,ACH,PRPAY-2026-007324,2026-08-31,5
7325,7325,2026-08-28,Direct Deposit,PRPAY-2026-007325,2026-08-31,5
7326,7326,2026-08-28,ACH,PRPAY-2026-007326,2026-08-31,5
7327,7327,2026-08-28,ACH,PRPAY-2026-007327,2026-08-31,5
7328,7328,2026-08-28,ACH,PRPAY-2026-007328,2026-08-31,5
7329,7329,2026-08-28,Direct Deposit,PRPAY-2026-007329,2026-08-31,5
7330,7330,2026-08-28,ACH,PRPAY-2026-007330,2026-08-31,5
7331,7331,2026-08-28,Direct Deposit,PRPAY-2026-007331,2026-08-31,5
7332,7332,2026-08-28,Direct Deposit,PRPAY-2026-007332,2026-08-31,5
7333,7333,2026-08-28,Direct Deposit,PRPAY-2026-007333,2026-08-31,5
7334,7334,2026-08-28,Direct Deposit,PRPAY-2026-007334,2026-08-31,5
7335,7335,2026-08-28,ACH,PRPAY-2026-007335,2026-08-31,5
7336,7336,2026-08-28,ACH,PRPAY-2026-007336,2026-08-31,5
7337,7337,2026-08-28,Direct Deposit,PRPAY-2026-007337,2026-08-31,5
7338,7338,2026-08-28,Direct Deposit,PRPAY-2026-007338,2026-08-31,5
7339,7339,2026-08-28,ACH,PRPAY-2026-007339,2026-08-31,5
7340,7340,2026-08-28,ACH,PRPAY-2026-007340,2026-08-31,5
7341,7341,2026-08-28,ACH,PRPAY-2026-007341,2026-08-31,5
7342,7342,2026-09-11,ACH,PRPAY-2026-007342,2026-09-14,5
7343,7343,2026-09-11,ACH,PRPAY-2026-007343,2026-09-14,5
7344,7344,2026-09-11,ACH,PRPAY-2026-007344,2026-09-14,5
7345,7345,2026-09-11,Direct Deposit,PRPAY-2026-007345,2026-09-14,5
7346,7346,2026-09-11,ACH,PRPAY-2026-007346,2026-09-14,5
7347,7347,2026-09-11,Direct Deposit,PRPAY-2026-007347,2026-09-14,5
7348,7348,2026-09-11,Direct Deposit,PRPAY-2026-007348,2026-09-14,5
7349,7349,2026-09-11,Direct Deposit,PRPAY-2026-007349,2026-09-14,5
7350,7350,2026-09-11,ACH,PRPAY-2026-007350,2026-09-14,5
7351,7351,2026-09-11,ACH,PRPAY-2026-007351,2026-09-14,5
7352,7352,2026-09-11,Direct Deposit,PRPAY-2026-007352,2026-09-14,5
7353,7353,2026-09-11,Direct Deposit,PRPAY-2026-007353,2026-09-14,5
7354,7354,2026-09-11,ACH,PRPAY-2026-007354,2026-09-14,5
7355,7355,2026-09-11,ACH,PRPAY-2026-007355,2026-09-14,5
7356,7356,2026-09-11,Direct Deposit,PRPAY-2026-007356,2026-09-14,5
7357,7357,2026-09-11,ACH,PRPAY-2026-007357,2026-09-14,5
7358,7358,2026-09-11,ACH,PRPAY-2026-007358,2026-09-14,5
7359,7359,2026-09-11,Direct Deposit,PRPAY-2026-007359,2026-09-14,5
7360,7360,2026-09-11,Direct Deposit,PRPAY-2026-007360,2026-09-14,5
7361,7361,2026-09-11,Direct Deposit,PRPAY-2026-007361,2026-09-14,5
7362,7362,2026-09-11,Direct Deposit,PRPAY-2026-007362,2026-09-14,5
7363,7363,2026-09-11,ACH,PRPAY-2026-007363,2026-09-14,5
7364,7364,2026-09-11,ACH,PRPAY-2026-007364,2026-09-14,5
7365,7365,2026-09-11,Direct Deposit,PRPAY-2026-007365,2026-09-14,5
7366,7366,2026-09-11,ACH,PRPAY-2026-007366,2026-09-14,5
7367,7367,2026-09-11,Direct Deposit,PRPAY-2026-007367,2026-09-14,5
7368,7368,2026-09-11,Direct Deposit,PRPAY-2026-007368,2026-09-14,5
7369,7369,2026-09-11,Direct Deposit,PRPAY-2026-007369,2026-09-14,5
7370,7370,2026-09-11,ACH,PRPAY-2026-007370,2026-09-14,5
7371,7371,2026-09-11,Direct Deposit,PRPAY-2026-007371,2026-09-14,5
7372,7372,2026-09-11,Direct Deposit,PRPAY-2026-007372,2026-09-14,5
7373,7373,2026-09-11,ACH,PRPAY-2026-007373,2026-09-14,5
7374,7374,2026-09-11,Direct Deposit,PRPAY-2026-007374,2026-09-14,5
7375,7375,2026-09-11,ACH,PRPAY-2026-007375,2026-09-14,5
7376,7376,2026-09-11,ACH,PRPAY-2026-007376,2026-09-14,5
7377,7377,2026-09-11,Direct Deposit,PRPAY-2026-007377,2026-09-14,5
7378,7378,2026-09-11,Direct Deposit,PRPAY-2026-007378,2026-09-14,5
7379,7379,2026-09-11,ACH,PRPAY-2026-007379,2026-09-14,5
7380,7380,2026-09-11,Direct Deposit,PRPAY-2026-007380,2026-09-14,5
7381,7381,2026-09-11,ACH,PRPAY-2026-007381,2026-09-14,5
7382,7382,2026-09-11,Direct Deposit,PRPAY-2026-007382,2026-09-14,5
7383,7383,2026-09-11,ACH,PRPAY-2026-007383,2026-09-14,5
7384,7384,2026-09-11,ACH,PRPAY-2026-007384,2026-09-14,5
7385,7385,2026-09-11,Direct Deposit,PRPAY-2026-007385,2026-09-14,5
7386,7386,2026-09-11,Direct Deposit,PRPAY-2026-007386,2026-09-14,5
7387,7387,2026-09-11,ACH,PRPAY-2026-007387,2026-09-14,5
7388,7388,2026-09-11,Direct Deposit,PRPAY-2026-007388,2026-09-14,5
7389,7389,2026-09-11,Direct Deposit,PRPAY-2026-007389,2026-09-14,5
7390,7390,2026-09-11,ACH,PRPAY-2026-007390,2026-09-14,5
7391,7391,2026-09-11,ACH,PRPAY-2026-007391,2026-09-14,5
7392,7392,2026-09-11,ACH,PRPAY-2026-007392,2026-09-14,5
7393,7393,2026-09-11,ACH,PRPAY-2026-007393,2026-09-14,5
7394,7394,2026-09-11,ACH,PRPAY-2026-007394,2026-09-14,5
7395,7395,2026-09-11,ACH,PRPAY-2026-007395,2026-09-14,5
7396,7396,2026-09-11,ACH,PRPAY-2026-007396,2026-09-14,5
7397,7397,2026-09-11,ACH,PRPAY-2026-007397,2026-09-14,5
7398,7398,2026-09-11,ACH,PRPAY-2026-007398,2026-09-14,5
7399,7399,2026-09-11,Direct Deposit,PRPAY-2026-007399,2026-09-14,5
7400,7400,2026-09-11,ACH,PRPAY-2026-007400,2026-09-14,5
7401,7401,2026-09-11,Direct Deposit,PRPAY-2026-007401,2026-09-14,5
7402,7402,2026-09-11,Direct Deposit,PRPAY-2026-007402,2026-09-14,5
7403,7403,2026-09-11,Direct Deposit,PRPAY-2026-007403,2026-09-14,5
7404,7404,2026-09-11,ACH,PRPAY-2026-007404,2026-09-14,5
7405,7405,2026-09-11,Direct Deposit,PRPAY-2026-007405,2026-09-14,5
7406,7406,2026-09-11,Direct Deposit,PRPAY-2026-007406,2026-09-14,5
7407,7407,2026-09-11,ACH,PRPAY-2026-007407,2026-09-14,5
7408,7408,2026-09-11,Direct Deposit,PRPAY-2026-007408,2026-09-14,5
7409,7409,2026-09-11,ACH,PRPAY-2026-007409,2026-09-14,5
7410,7410,2026-09-11,Direct Deposit,PRPAY-2026-007410,2026-09-14,5
7411,7411,2026-09-11,Direct Deposit,PRPAY-2026-007411,2026-09-14,5
7412,7412,2026-09-11,Direct Deposit,PRPAY-2026-007412,2026-09-14,5
7413,7413,2026-09-11,ACH,PRPAY-2026-007413,2026-09-14,5
7414,7414,2026-09-11,Direct Deposit,PRPAY-2026-007414,2026-09-14,5
7415,7415,2026-09-11,Direct Deposit,PRPAY-2026-007415,2026-09-14,5
7416,7416,2026-09-11,ACH,PRPAY-2026-007416,2026-09-14,5
7417,7417,2026-09-11,ACH,PRPAY-2026-007417,2026-09-14,5
7418,7418,2026-09-11,ACH,PRPAY-2026-007418,2026-09-14,5
7419,7419,2026-09-11,Direct Deposit,PRPAY-2026-007419,2026-09-14,5
7420,7420,2026-09-11,Direct Deposit,PRPAY-2026-007420,2026-09-14,5
7421,7421,2026-09-11,ACH,PRPAY-2026-007421,2026-09-14,5
7422,7422,2026-09-11,ACH,PRPAY-2026-007422,2026-09-14,5
7423,7423,2026-09-11,ACH,PRPAY-2026-007423,2026-09-14,5
7424,7424,2026-09-11,ACH,PRPAY-2026-007424,2026-09-14,5
7425,7425,2026-09-11,ACH,PRPAY-2026-007425,2026-09-14,5
7426,7426,2026-09-11,ACH,PRPAY-2026-007426,2026-09-14,5
7427,7427,2026-09-11,Direct Deposit,PRPAY-2026-007427,2026-09-14,5
7428,7428,2026-09-11,Direct Deposit,PRPAY-2026-007428,2026-09-14,5
7429,7429,2026-09-11,Direct Deposit,PRPAY-2026-007429,2026-09-14,5
7430,7430,2026-09-11,Direct Deposit,PRPAY-2026-007430,2026-09-14,5
7431,7431,2026-09-11,Direct Deposit,PRPAY-2026-007431,2026-09-14,5
7432,7432,2026-09-11,Direct Deposit,PRPAY-2026-007432,2026-09-14,5
7433,7433,2026-09-11,ACH,PRPAY-2026-007433,2026-09-14,5
7434,7434,2026-09-11,ACH,PRPAY-2026-007434,2026-09-14,5
7435,7435,2026-09-11,Direct Deposit,PRPAY-2026-007435,2026-09-14,5
7436,7436,2026-09-11,Direct Deposit,PRPAY-2026-007436,2026-09-14,5
7437,7437,2026-09-11,ACH,PRPAY-2026-007437,2026-09-14,5
7438,7438,2026-09-11,Direct Deposit,PRPAY-2026-007438,2026-09-14,5
7439,7439,2026-09-11,ACH,PRPAY-2026-007439,2026-09-14,5
7440,7440,2026-09-11,Direct Deposit,PRPAY-2026-007440,2026-09-14,5
7441,7441,2026-09-11,ACH,PRPAY-2026-007441,2026-09-14,5
7442,7442,2026-09-11,Direct Deposit,PRPAY-2026-007442,2026-09-14,5
7443,7443,2026-09-11,Direct Deposit,PRPAY-2026-007443,2026-09-14,5
7444,7444,2026-09-11,ACH,PRPAY-2026-007444,2026-09-14,5
7445,7445,2026-09-11,Direct Deposit,PRPAY-2026-007445,2026-09-14,5
7446,7446,2026-09-11,Direct Deposit,PRPAY-2026-007446,2026-09-14,5
7447,7447,2026-09-11,ACH,PRPAY-2026-007447,2026-09-14,5
7448,7448,2026-09-11,ACH,PRPAY-2026-007448,2026-09-14,5
7449,7449,2026-09-25,Direct Deposit,PRPAY-2026-007449,2026-09-28,5
7450,7450,2026-09-25,ACH,PRPAY-2026-007450,2026-09-28,5
7451,7451,2026-09-25,ACH,PRPAY-2026-007451,2026-09-28,5
7452,7452,2026-09-25,ACH,PRPAY-2026-007452,2026-09-28,5
7453,7453,2026-09-25,Direct Deposit,PRPAY-2026-007453,2026-09-28,5
7454,7454,2026-09-25,ACH,PRPAY-2026-007454,2026-09-28,5
7455,7455,2026-09-25,ACH,PRPAY-2026-007455,2026-09-28,5
7456,7456,2026-09-25,Direct Deposit,PRPAY-2026-007456,2026-09-28,5
7457,7457,2026-09-25,ACH,PRPAY-2026-007457,2026-09-28,5
7458,7458,2026-09-25,ACH,PRPAY-2026-007458,2026-09-28,5
7459,7459,2026-09-25,Direct Deposit,PRPAY-2026-007459,2026-09-28,5
7460,7460,2026-09-25,Direct Deposit,PRPAY-2026-007460,2026-09-28,5
7461,7461,2026-09-25,Direct Deposit,PRPAY-2026-007461,2026-09-28,5
7462,7462,2026-09-25,ACH,PRPAY-2026-007462,2026-09-28,5
7463,7463,2026-09-25,Direct Deposit,PRPAY-2026-007463,2026-09-28,5
7464,7464,2026-09-25,Direct Deposit,PRPAY-2026-007464,2026-09-28,5
7465,7465,2026-09-25,ACH,PRPAY-2026-007465,2026-09-28,5
7466,7466,2026-09-25,Direct Deposit,PRPAY-2026-007466,2026-09-28,5
7467,7467,2026-09-25,ACH,PRPAY-2026-007467,2026-09-28,5
7468,7468,2026-09-25,Direct Deposit,PRPAY-2026-007468,2026-09-28,5
7469,7469,2026-09-25,Direct Deposit,PRPAY-2026-007469,2026-09-28,5
7470,7470,2026-09-25,Direct Deposit,PRPAY-2026-007470,2026-09-28,5
7471,7471,2026-09-25,Direct Deposit,PRPAY-2026-007471,2026-09-28,5
7472,7472,2026-09-25,ACH,PRPAY-2026-007472,2026-09-28,5
7473,7473,2026-09-25,Direct Deposit,PRPAY-2026-007473,2026-09-28,5
7474,7474,2026-09-25,Direct Deposit,PRPAY-2026-007474,2026-09-28,5
7475,7475,2026-09-25,Direct Deposit,PRPAY-2026-007475,2026-09-28,5
7476,7476,2026-09-25,ACH,PRPAY-2026-007476,2026-09-28,5
7477,7477,2026-09-25,Direct Deposit,PRPAY-2026-007477,2026-09-28,5
7478,7478,2026-09-25,ACH,PRPAY-2026-007478,2026-09-28,5
7479,7479,2026-09-25,ACH,PRPAY-2026-007479,2026-09-28,5
7480,7480,2026-09-25,Direct Deposit,PRPAY-2026-007480,2026-09-28,5
7481,7481,2026-09-25,Direct Deposit,PRPAY-2026-007481,2026-09-28,5
7482,7482,2026-09-25,ACH,PRPAY-2026-007482,2026-09-28,5
7483,7483,2026-09-25,ACH,PRPAY-2026-007483,2026-09-28,5
7484,7484,2026-09-25,ACH,PRPAY-2026-007484,2026-09-28,5
7485,7485,2026-09-25,Direct Deposit,PRPAY-2026-007485,2026-09-28,5
7486,7486,2026-09-25,Direct Deposit,PRPAY-2026-007486,2026-09-28,5
7487,7487,2026-09-25,ACH,PRPAY-2026-007487,2026-09-28,5
7488,7488,2026-09-25,ACH,PRPAY-2026-007488,2026-09-28,5
7489,7489,2026-09-25,ACH,PRPAY-2026-007489,2026-09-28,5
7490,7490,2026-09-25,Direct Deposit,PRPAY-2026-007490,2026-09-28,5
7491,7491,2026-09-25,ACH,PRPAY-2026-007491,2026-09-28,5
7492,7492,2026-09-25,Direct Deposit,PRPAY-2026-007492,2026-09-28,5
7493,7493,2026-09-25,Direct Deposit,PRPAY-2026-007493,2026-09-28,5
7494,7494,2026-09-25,ACH,PRPAY-2026-007494,2026-09-28,5
7495,7495,2026-09-25,Direct Deposit,PRPAY-2026-007495,2026-09-28,5
7496,7496,2026-09-25,ACH,PRPAY-2026-007496,2026-09-28,5
7497,7497,2026-09-25,Direct Deposit,PRPAY-2026-007497,2026-09-28,5
7498,7498,2026-09-25,Direct Deposit,PRPAY-2026-007498,2026-09-28,5
7499,7499,2026-09-25,ACH,PRPAY-2026-007499,2026-09-28,5
7500,7500,2026-09-25,Direct Deposit,PRPAY-2026-007500,2026-09-28,5
7501,7501,2026-09-25,Direct Deposit,PRPAY-2026-007501,2026-09-28,5
7502,7502,2026-09-25,Direct Deposit,PRPAY-2026-007502,2026-09-28,5
7503,7503,2026-09-25,Direct Deposit,PRPAY-2026-007503,2026-09-28,5
7504,7504,2026-09-25,ACH,PRPAY-2026-007504,2026-09-28,5
7505,7505,2026-09-25,ACH,PRPAY-2026-007505,2026-09-28,5
7506,7506,2026-09-25,ACH,PRPAY-2026-007506,2026-09-28,5
7507,7507,2026-09-25,Direct Deposit,PRPAY-2026-007507,2026-09-28,5
7508,7508,2026-09-25,Direct Deposit,PRPAY-2026-007508,2026-09-28,5
7509,7509,2026-09-25,Direct Deposit,PRPAY-2026-007509,2026-09-28,5
7510,7510,2026-09-25,Direct Deposit,PRPAY-2026-007510,2026-09-28,5
7511,7511,2026-09-25,ACH,PRPAY-2026-007511,2026-09-28,5
7512,7512,2026-09-25,ACH,PRPAY-2026-007512,2026-09-28,5
7513,7513,2026-09-25,ACH,PRPAY-2026-007513,2026-09-28,5
7514,7514,2026-09-25,ACH,PRPAY-2026-007514,2026-09-28,5
7515,7515,2026-09-25,Direct Deposit,PRPAY-2026-007515,2026-09-28,5
7516,7516,2026-09-25,ACH,PRPAY-2026-007516,2026-09-28,5
7517,7517,2026-09-25,Direct Deposit,PRPAY-2026-007517,2026-09-28,5
7518,7518,2026-09-25,ACH,PRPAY-2026-007518,2026-09-28,5
7519,7519,2026-09-25,ACH,PRPAY-2026-007519,2026-09-28,5
7520,7520,2026-09-25,ACH,PRPAY-2026-007520,2026-09-28,5
7521,7521,2026-09-25,ACH,PRPAY-2026-007521,2026-09-28,5
7522,7522,2026-09-25,ACH,PRPAY-2026-007522,2026-09-28,5
7523,7523,2026-09-25,Direct Deposit,PRPAY-2026-007523,2026-09-28,5
7524,7524,2026-09-25,Direct Deposit,PRPAY-2026-007524,2026-09-28,5
7525,7525,2026-09-25,Direct Deposit,PRPAY-2026-007525,2026-09-28,5
7526,7526,2026-09-25,Direct Deposit,PRPAY-2026-007526,2026-09-28,5
7527,7527,2026-09-25,Direct Deposit,PRPAY-2026-007527,2026-09-28,5
7528,7528,2026-09-25,Direct Deposit,PRPAY-2026-007528,2026-09-28,5
7529,7529,2026-09-25,Direct Deposit,PRPAY-2026-007529,2026-09-28,5
7530,7530,2026-09-25,Direct Deposit,PRPAY-2026-007530,2026-09-28,5
7531,7531,2026-09-25,Direct Deposit,PRPAY-2026-007531,2026-09-28,5
7532,7532,2026-09-25,ACH,PRPAY-2026-007532,2026-09-28,5
7533,7533,2026-09-25,ACH,PRPAY-2026-007533,2026-09-28,5
7534,7534,2026-09-25,ACH,PRPAY-2026-007534,2026-09-28,5
7535,7535,2026-09-25,ACH,PRPAY-2026-007535,2026-09-28,5
7536,7536,2026-09-25,ACH,PRPAY-2026-007536,2026-09-28,5
7537,7537,2026-09-25,ACH,PRPAY-2026-007537,2026-09-28,5
7538,7538,2026-09-25,Direct Deposit,PRPAY-2026-007538,2026-09-28,5
7539,7539,2026-09-25,ACH,PRPAY-2026-007539,2026-09-28,5
7540,7540,2026-09-25,ACH,PRPAY-2026-007540,2026-09-28,5
7541,7541,2026-09-25,ACH,PRPAY-2026-007541,2026-09-28,5
7542,7542,2026-09-25,ACH,PRPAY-2026-007542,2026-09-28,5
7543,7543,2026-09-25,Direct Deposit,PRPAY-2026-007543,2026-09-28,5
7544,7544,2026-09-25,ACH,PRPAY-2026-007544,2026-09-28,5
7545,7545,2026-09-25,Direct Deposit,PRPAY-2026-007545,2026-09-28,5
7546,7546,2026-09-25,Direct Deposit,PRPAY-2026-007546,2026-09-28,5
7547,7547,2026-09-25,Direct Deposit,PRPAY-2026-007547,2026-09-28,5
7548,7548,2026-09-25,ACH,PRPAY-2026-007548,2026-09-28,5
7549,7549,2026-09-25,ACH,PRPAY-2026-007549,2026-09-28,5
7550,7550,2026-09-25,ACH,PRPAY-2026-007550,2026-09-28,5
7551,7551,2026-09-25,Direct Deposit,PRPAY-2026-007551,2026-09-28,5
7552,7552,2026-09-25,Direct Deposit,PRPAY-2026-007552,2026-09-28,5
7553,7553,2026-09-25,ACH,PRPAY-2026-007553,2026-09-28,5
7554,7554,2026-09-25,ACH,PRPAY-2026-007554,2026-09-28,5
7555,7555,2026-09-25,Direct Deposit,PRPAY-2026-007555,2026-09-28,5
7556,7556,2026-10-09,ACH,PRPAY-2026-007556,2026-10-12,5
7557,7557,2026-10-09,ACH,PRPAY-2026-007557,2026-10-12,5
7558,7558,2026-10-09,ACH,PRPAY-2026-007558,2026-10-12,5
7559,7559,2026-10-09,ACH,PRPAY-2026-007559,2026-10-12,5
7560,7560,2026-10-09,Direct Deposit,PRPAY-2026-007560,2026-10-12,5
7561,7561,2026-10-09,ACH,PRPAY-2026-007561,2026-10-12,5
7562,7562,2026-10-09,Direct Deposit,PRPAY-2026-007562,2026-10-12,5
7563,7563,2026-10-09,ACH,PRPAY-2026-007563,2026-10-12,5
7564,7564,2026-10-09,ACH,PRPAY-2026-007564,2026-10-12,5
7565,7565,2026-10-09,ACH,PRPAY-2026-007565,2026-10-12,5
7566,7566,2026-10-09,Direct Deposit,PRPAY-2026-007566,2026-10-12,5
7567,7567,2026-10-09,ACH,PRPAY-2026-007567,2026-10-12,5
7568,7568,2026-10-09,Direct Deposit,PRPAY-2026-007568,2026-10-12,5
7569,7569,2026-10-09,ACH,PRPAY-2026-007569,2026-10-12,5
7570,7570,2026-10-09,ACH,PRPAY-2026-007570,2026-10-12,5
7571,7571,2026-10-09,ACH,PRPAY-2026-007571,2026-10-12,5
7572,7572,2026-10-09,ACH,PRPAY-2026-007572,2026-10-12,5
7573,7573,2026-10-09,ACH,PRPAY-2026-007573,2026-10-12,5
7574,7574,2026-10-09,Direct Deposit,PRPAY-2026-007574,2026-10-12,5
7575,7575,2026-10-09,ACH,PRPAY-2026-007575,2026-10-12,5
7576,7576,2026-10-09,Direct Deposit,PRPAY-2026-007576,2026-10-12,5
7577,7577,2026-10-09,Direct Deposit,PRPAY-2026-007577,2026-10-12,5
7578,7578,2026-10-09,ACH,PRPAY-2026-007578,2026-10-12,5
7579,7579,2026-10-09,Direct Deposit,PRPAY-2026-007579,2026-10-12,5
7580,7580,2026-10-09,ACH,PRPAY-2026-007580,2026-10-12,5
7581,7581,2026-10-09,Direct Deposit,PRPAY-2026-007581,2026-10-12,5
7582,7582,2026-10-09,ACH,PRPAY-2026-007582,2026-10-12,5
7583,7583,2026-10-09,Direct Deposit,PRPAY-2026-007583,2026-10-12,5
7584,7584,2026-10-09,Direct Deposit,PRPAY-2026-007584,2026-10-12,5
7585,7585,2026-10-09,ACH,PRPAY-2026-007585,2026-10-12,5
7586,7586,2026-10-09,Direct Deposit,PRPAY-2026-007586,2026-10-12,5
7587,7587,2026-10-09,Direct Deposit,PRPAY-2026-007587,2026-10-12,5
7588,7588,2026-10-09,Direct Deposit,PRPAY-2026-007588,2026-10-12,5
7589,7589,2026-10-09,Direct Deposit,PRPAY-2026-007589,2026-10-12,5
7590,7590,2026-10-09,Direct Deposit,PRPAY-2026-007590,2026-10-12,5
7591,7591,2026-10-09,Direct Deposit,PRPAY-2026-007591,2026-10-12,5
7592,7592,2026-10-09,Direct Deposit,PRPAY-2026-007592,2026-10-12,5
7593,7593,2026-10-09,Direct Deposit,PRPAY-2026-007593,2026-10-12,5
7594,7594,2026-10-09,Direct Deposit,PRPAY-2026-007594,2026-10-12,5
7595,7595,2026-10-09,ACH,PRPAY-2026-007595,2026-10-12,5
7596,7596,2026-10-09,Direct Deposit,PRPAY-2026-007596,2026-10-12,5
7597,7597,2026-10-09,ACH,PRPAY-2026-007597,2026-10-12,5
7598,7598,2026-10-09,ACH,PRPAY-2026-007598,2026-10-12,5
7599,7599,2026-10-09,ACH,PRPAY-2026-007599,2026-10-12,5
7600,7600,2026-10-09,Direct Deposit,PRPAY-2026-007600,2026-10-12,5
7601,7601,2026-10-09,Direct Deposit,PRPAY-2026-007601,2026-10-12,5
7602,7602,2026-10-09,Direct Deposit,PRPAY-2026-007602,2026-10-12,5
7603,7603,2026-10-09,ACH,PRPAY-2026-007603,2026-10-12,5
7604,7604,2026-10-09,Direct Deposit,PRPAY-2026-007604,2026-10-12,5
7605,7605,2026-10-09,Direct Deposit,PRPAY-2026-007605,2026-10-12,5
7606,7606,2026-10-09,Direct Deposit,PRPAY-2026-007606,2026-10-12,5
7607,7607,2026-10-09,ACH,PRPAY-2026-007607,2026-10-12,5
7608,7608,2026-10-09,Direct Deposit,PRPAY-2026-007608,2026-10-12,5
7609,7609,2026-10-09,ACH,PRPAY-2026-007609,2026-10-12,5
7610,7610,2026-10-09,ACH,PRPAY-2026-007610,2026-10-12,5
7611,7611,2026-10-09,Direct Deposit,PRPAY-2026-007611,2026-10-12,5
7612,7612,2026-10-09,Direct Deposit,PRPAY-2026-007612,2026-10-12,5
7613,7613,2026-10-09,Direct Deposit,PRPAY-2026-007613,2026-10-12,5
7614,7614,2026-10-09,ACH,PRPAY-2026-007614,2026-10-12,5
7615,7615,2026-10-09,ACH,PRPAY-2026-007615,2026-10-12,5
7616,7616,2026-10-09,Direct Deposit,PRPAY-2026-007616,2026-10-12,5
7617,7617,2026-10-09,ACH,PRPAY-2026-007617,2026-10-12,5
7618,7618,2026-10-09,ACH,PRPAY-2026-007618,2026-10-12,5
7619,7619,2026-10-09,ACH,PRPAY-2026-007619,2026-10-12,5
7620,7620,2026-10-09,ACH,PRPAY-2026-007620,2026-10-12,5
7621,7621,2026-10-09,ACH,PRPAY-2026-007621,2026-10-12,5
7622,7622,2026-10-09,Direct Deposit,PRPAY-2026-007622,2026-10-12,5
7623,7623,2026-10-09,Direct Deposit,PRPAY-2026-007623,2026-10-12,5
7624,7624,2026-10-09,ACH,PRPAY-2026-007624,2026-10-12,5
7625,7625,2026-10-09,Direct Deposit,PRPAY-2026-007625,2026-10-12,5
7626,7626,2026-10-09,ACH,PRPAY-2026-007626,2026-10-12,5
7627,7627,2026-10-09,Direct Deposit,PRPAY-2026-007627,2026-10-12,5
7628,7628,2026-10-09,ACH,PRPAY-2026-007628,2026-10-12,5
7629,7629,2026-10-09,ACH,PRPAY-2026-007629,2026-10-12,5
7630,7630,2026-10-09,Direct Deposit,PRPAY-2026-007630,2026-10-12,5
7631,7631,2026-10-09,Direct Deposit,PRPAY-2026-007631,2026-10-12,5
7632,7632,2026-10-09,Direct Deposit,PRPAY-2026-007632,2026-10-12,5
7633,7633,2026-10-09,ACH,PRPAY-2026-007633,2026-10-12,5
7634,7634,2026-10-09,ACH,PRPAY-2026-007634,2026-10-12,5
7635,7635,2026-10-09,Direct Deposit,PRPAY-2026-007635,2026-10-12,5
7636,7636,2026-10-09,Direct Deposit,PRPAY-2026-007636,2026-10-12,5
7637,7637,2026-10-09,Direct Deposit,PRPAY-2026-007637,2026-10-12,5
7638,7638,2026-10-09,Direct Deposit,PRPAY-2026-007638,2026-10-12,5
7639,7639,2026-10-09,Direct Deposit,PRPAY-2026-007639,2026-10-12,5
7640,7640,2026-10-09,ACH,PRPAY-2026-007640,2026-10-12,5
7641,7641,2026-10-09,Direct Deposit,PRPAY-2026-007641,2026-10-12,5
7642,7642,2026-10-09,Direct Deposit,PRPAY-2026-007642,2026-10-12,5
7643,7643,2026-10-09,ACH,PRPAY-2026-007643,2026-10-12,5
7644,7644,2026-10-09,Direct Deposit,PRPAY-2026-007644,2026-10-12,5
7645,7645,2026-10-09,Direct Deposit,PRPAY-2026-007645,2026-10-12,5
7646,7646,2026-10-09,Direct Deposit,PRPAY-2026-007646,2026-10-12,5
7647,7647,2026-10-09,Direct Deposit,PRPAY-2026-007647,2026-10-12,5
7648,7648,2026-10-09,Direct Deposit,PRPAY-2026-007648,2026-10-12,5
7649,7649,2026-10-09,ACH,PRPAY-2026-007649,2026-10-12,5
7650,7650,2026-10-09,Direct Deposit,PRPAY-2026-007650,2026-10-12,5
7651,7651,2026-10-09,ACH,PRPAY-2026-007651,2026-10-12,5
7652,7652,2026-10-09,Direct Deposit,PRPAY-2026-007652,2026-10-12,5
7653,7653,2026-10-09,ACH,PRPAY-2026-007653,2026-10-12,5
7654,7654,2026-10-09,Direct Deposit,PRPAY-2026-007654,2026-10-12,5
7655,7655,2026-10-09,ACH,PRPAY-2026-007655,2026-10-12,5
7656,7656,2026-10-09,ACH,PRPAY-2026-007656,2026-10-12,5
7657,7657,2026-10-09,ACH,PRPAY-2026-007657,2026-10-12,5
7658,7658,2026-10-09,ACH,PRPAY-2026-007658,2026-10-12,5
7659,7659,2026-10-09,ACH,PRPAY-2026-007659,2026-10-12,5
7660,7660,2026-10-09,ACH,PRPAY-2026-007660,2026-10-12,5
7661,7661,2026-10-09,Direct Deposit,PRPAY-2026-007661,2026-10-12,5
7662,7662,2026-10-09,Direct Deposit,PRPAY-2026-007662,2026-10-12,5
7663,7663,2026-10-23,Direct Deposit,PRPAY-2026-007663,2026-10-26,5
7664,7664,2026-10-23,Direct Deposit,PRPAY-2026-007664,2026-10-26,5
7665,7665,2026-10-23,Direct Deposit,PRPAY-2026-007665,2026-10-26,5
7666,7666,2026-10-23,ACH,PRPAY-2026-007666,2026-10-26,5
7667,7667,2026-10-23,Direct Deposit,PRPAY-2026-007667,2026-10-26,5
7668,7668,2026-10-23,ACH,PRPAY-2026-007668,2026-10-26,5
7669,7669,2026-10-23,ACH,PRPAY-2026-007669,2026-10-26,5
7670,7670,2026-10-23,Direct Deposit,PRPAY-2026-007670,2026-10-26,5
7671,7671,2026-10-23,Direct Deposit,PRPAY-2026-007671,2026-10-26,5
7672,7672,2026-10-23,ACH,PRPAY-2026-007672,2026-10-26,5
7673,7673,2026-10-23,Direct Deposit,PRPAY-2026-007673,2026-10-26,5
7674,7674,2026-10-23,ACH,PRPAY-2026-007674,2026-10-26,5
7675,7675,2026-10-23,ACH,PRPAY-2026-007675,2026-10-26,5
7676,7676,2026-10-23,Direct Deposit,PRPAY-2026-007676,2026-10-26,5
7677,7677,2026-10-23,Direct Deposit,PRPAY-2026-007677,2026-10-26,5
7678,7678,2026-10-23,ACH,PRPAY-2026-007678,2026-10-26,5
7679,7679,2026-10-23,ACH,PRPAY-2026-007679,2026-10-26,5
7680,7680,2026-10-23,ACH,PRPAY-2026-007680,2026-10-26,5
7681,7681,2026-10-23,Direct Deposit,PRPAY-2026-007681,2026-10-26,5
7682,7682,2026-10-23,ACH,PRPAY-2026-007682,2026-10-26,5
7683,7683,2026-10-23,ACH,PRPAY-2026-007683,2026-10-26,5
7684,7684,2026-10-23,Direct Deposit,PRPAY-2026-007684,2026-10-26,5
7685,7685,2026-10-23,ACH,PRPAY-2026-007685,2026-10-26,5
7686,7686,2026-10-23,ACH,PRPAY-2026-007686,2026-10-26,5
7687,7687,2026-10-23,Direct Deposit,PRPAY-2026-007687,2026-10-26,5
7688,7688,2026-10-23,Direct Deposit,PRPAY-2026-007688,2026-10-26,5
7689,7689,2026-10-23,ACH,PRPAY-2026-007689,2026-10-26,5
7690,7690,2026-10-23,Direct Deposit,PRPAY-2026-007690,2026-10-26,5
7691,7691,2026-10-23,Direct Deposit,PRPAY-2026-007691,2026-10-26,5
7692,7692,2026-10-23,ACH,PRPAY-2026-007692,2026-10-26,5
7693,7693,2026-10-23,ACH,PRPAY-2026-007693,2026-10-26,5
7694,7694,2026-10-23,ACH,PRPAY-2026-007694,2026-10-26,5
7695,7695,2026-10-23,Direct Deposit,PRPAY-2026-007695,2026-10-26,5
7696,7696,2026-10-23,Direct Deposit,PRPAY-2026-007696,2026-10-26,5
7697,7697,2026-10-23,Direct Deposit,PRPAY-2026-007697,2026-10-26,5
7698,7698,2026-10-23,ACH,PRPAY-2026-007698,2026-10-26,5
7699,7699,2026-10-23,Direct Deposit,PRPAY-2026-007699,2026-10-26,5
7700,7700,2026-10-23,Direct Deposit,PRPAY-2026-007700,2026-10-26,5
7701,7701,2026-10-23,ACH,PRPAY-2026-007701,2026-10-26,5
7702,7702,2026-10-23,Direct Deposit,PRPAY-2026-007702,2026-10-26,5
7703,7703,2026-10-23,Direct Deposit,PRPAY-2026-007703,2026-10-26,5
7704,7704,2026-10-23,ACH,PRPAY-2026-007704,2026-10-26,5
7705,7705,2026-10-23,Direct Deposit,PRPAY-2026-007705,2026-10-26,5
7706,7706,2026-10-23,Direct Deposit,PRPAY-2026-007706,2026-10-26,5
7707,7707,2026-10-23,ACH,PRPAY-2026-007707,2026-10-26,5
7708,7708,2026-10-23,Direct Deposit,PRPAY-2026-007708,2026-10-26,5
7709,7709,2026-10-23,ACH,PRPAY-2026-007709,2026-10-26,5
7710,7710,2026-10-23,ACH,PRPAY-2026-007710,2026-10-26,5
7711,7711,2026-10-23,Direct Deposit,PRPAY-2026-007711,2026-10-26,5
7712,7712,2026-10-23,ACH,PRPAY-2026-007712,2026-10-26,5
7713,7713,2026-10-23,ACH,PRPAY-2026-007713,2026-10-26,5
7714,7714,2026-10-23,Direct Deposit,PRPAY-2026-007714,2026-10-26,5
7715,7715,2026-10-23,Direct Deposit,PRPAY-2026-007715,2026-10-26,5
7716,7716,2026-10-23,ACH,PRPAY-2026-007716,2026-10-26,5
7717,7717,2026-10-23,Direct Deposit,PRPAY-2026-007717,2026-10-26,5
7718,7718,2026-10-23,ACH,PRPAY-2026-007718,2026-10-26,5
7719,7719,2026-10-23,ACH,PRPAY-2026-007719,2026-10-26,5
7720,7720,2026-10-23,Direct Deposit,PRPAY-2026-007720,2026-10-26,5
7721,7721,2026-10-23,ACH,PRPAY-2026-007721,2026-10-26,5
7722,7722,2026-10-23,ACH,PRPAY-2026-007722,2026-10-26,5
7723,7723,2026-10-23,ACH,PRPAY-2026-007723,2026-10-26,5
7724,7724,2026-10-23,ACH,PRPAY-2026-007724,2026-10-26,5
7725,7725,2026-10-23,Direct Deposit,PRPAY-2026-007725,2026-10-26,5
7726,7726,2026-10-23,Direct Deposit,PRPAY-2026-007726,2026-10-26,5
7727,7727,2026-10-23,ACH,PRPAY-2026-007727,2026-10-26,5
7728,7728,2026-10-23,Direct Deposit,PRPAY-2026-007728,2026-10-26,5
7729,7729,2026-10-23,ACH,PRPAY-2026-007729,2026-10-26,5
7730,7730,2026-10-23,Direct Deposit,PRPAY-2026-007730,2026-10-26,5
7731,7731,2026-10-23,ACH,PRPAY-2026-007731,2026-10-26,5
7732,7732,2026-10-23,Direct Deposit,PRPAY-2026-007732,2026-10-26,5
7733,7733,2026-10-23,Direct Deposit,PRPAY-2026-007733,2026-10-26,5
7734,7734,2026-10-23,Direct Deposit,PRPAY-2026-007734,2026-10-26,5
7735,7735,2026-10-23,Direct Deposit,PRPAY-2026-007735,2026-10-26,5
7736,7736,2026-10-23,ACH,PRPAY-2026-007736,2026-10-26,5
7737,7737,2026-10-23,ACH,PRPAY-2026-007737,2026-10-26,5
7738,7738,2026-10-23,ACH,PRPAY-2026-007738,2026-10-26,5
7739,7739,2026-10-23,Direct Deposit,PRPAY-2026-007739,2026-10-26,5
7740,7740,2026-10-23,Direct Deposit,PRPAY-2026-007740,2026-10-26,5
7741,7741,2026-10-23,Direct Deposit,PRPAY-2026-007741,2026-10-26,5
7742,7742,2026-10-23,ACH,PRPAY-2026-007742,2026-10-26,5
7743,7743,2026-10-23,Direct Deposit,PRPAY-2026-007743,2026-10-26,5
7744,7744,2026-10-23,Direct Deposit,PRPAY-2026-007744,2026-10-26,5
7745,7745,2026-10-23,ACH,PRPAY-2026-007745,2026-10-26,5
7746,7746,2026-10-23,ACH,PRPAY-2026-007746,2026-10-26,5
7747,7747,2026-10-23,ACH,PRPAY-2026-007747,2026-10-26,5
7748,7748,2026-10-23,Direct Deposit,PRPAY-2026-007748,2026-10-26,5
7749,7749,2026-10-23,Direct Deposit,PRPAY-2026-007749,2026-10-26,5
7750,7750,2026-10-23,Direct Deposit,PRPAY-2026-007750,2026-10-26,5
7751,7751,2026-10-23,ACH,PRPAY-2026-007751,2026-10-26,5
7752,7752,2026-10-23,ACH,PRPAY-2026-007752,2026-10-26,5
7753,7753,2026-10-23,Direct Deposit,PRPAY-2026-007753,2026-10-26,5
7754,7754,2026-10-23,ACH,PRPAY-2026-007754,2026-10-26,5
7755,7755,2026-10-23,ACH,PRPAY-2026-007755,2026-10-26,5
7756,7756,2026-10-23,Direct Deposit,PRPAY-2026-007756,2026-10-26,5
7757,7757,2026-10-23,ACH,PRPAY-2026-007757,2026-10-26,5
7758,7758,2026-10-23,Direct Deposit,PRPAY-2026-007758,2026-10-26,5
7759,7759,2026-10-23,Direct Deposit,PRPAY-2026-007759,2026-10-26,5
7760,7760,2026-10-23,Direct Deposit,PRPAY-2026-007760,2026-10-26,5
7761,7761,2026-10-23,ACH,PRPAY-2026-007761,2026-10-26,5
7762,7762,2026-10-23,Direct Deposit,PRPAY-2026-007762,2026-10-26,5
7763,7763,2026-10-23,ACH,PRPAY-2026-007763,2026-10-26,5
7764,7764,2026-10-23,ACH,PRPAY-2026-007764,2026-10-26,5
7765,7765,2026-10-23,ACH,PRPAY-2026-007765,2026-10-26,5
7766,7766,2026-10-23,ACH,PRPAY-2026-007766,2026-10-26,5
7767,7767,2026-10-23,ACH,PRPAY-2026-007767,2026-10-26,5
7768,7768,2026-10-23,ACH,PRPAY-2026-007768,2026-10-26,5
7769,7769,2026-10-23,Direct Deposit,PRPAY-2026-007769,2026-10-26,5
7770,7770,2026-11-06,ACH,PRPAY-2026-007770,2026-11-09,5
7771,7771,2026-11-06,ACH,PRPAY-2026-007771,2026-11-09,5
7772,7772,2026-11-06,ACH,PRPAY-2026-007772,2026-11-09,5
7773,7773,2026-11-06,ACH,PRPAY-2026-007773,2026-11-09,5
7774,7774,2026-11-06,Direct Deposit,PRPAY-2026-007774,2026-11-09,5
7775,7775,2026-11-06,ACH,PRPAY-2026-007775,2026-11-09,5
7776,7776,2026-11-06,Direct Deposit,PRPAY-2026-007776,2026-11-09,5
7777,7777,2026-11-06,Direct Deposit,PRPAY-2026-007777,2026-11-09,5
7778,7778,2026-11-06,ACH,PRPAY-2026-007778,2026-11-09,5
7779,7779,2026-11-06,ACH,PRPAY-2026-007779,2026-11-09,5
7780,7780,2026-11-06,Direct Deposit,PRPAY-2026-007780,2026-11-09,5
7781,7781,2026-11-06,ACH,PRPAY-2026-007781,2026-11-09,5
7782,7782,2026-11-06,Direct Deposit,PRPAY-2026-007782,2026-11-09,5
7783,7783,2026-11-06,Direct Deposit,PRPAY-2026-007783,2026-11-09,5
7784,7784,2026-11-06,ACH,PRPAY-2026-007784,2026-11-09,5
7785,7785,2026-11-06,Direct Deposit,PRPAY-2026-007785,2026-11-09,5
7786,7786,2026-11-06,Direct Deposit,PRPAY-2026-007786,2026-11-09,5
7787,7787,2026-11-06,Direct Deposit,PRPAY-2026-007787,2026-11-09,5
7788,7788,2026-11-06,ACH,PRPAY-2026-007788,2026-11-09,5
7789,7789,2026-11-06,Direct Deposit,PRPAY-2026-007789,2026-11-09,5
7790,7790,2026-11-06,Direct Deposit,PRPAY-2026-007790,2026-11-09,5
7791,7791,2026-11-06,ACH,PRPAY-2026-007791,2026-11-09,5
7792,7792,2026-11-06,ACH,PRPAY-2026-007792,2026-11-09,5
7793,7793,2026-11-06,ACH,PRPAY-2026-007793,2026-11-09,5
7794,7794,2026-11-06,ACH,PRPAY-2026-007794,2026-11-09,5
7795,7795,2026-11-06,ACH,PRPAY-2026-007795,2026-11-09,5
7796,7796,2026-11-06,ACH,PRPAY-2026-007796,2026-11-09,5
7797,7797,2026-11-06,ACH,PRPAY-2026-007797,2026-11-09,5
7798,7798,2026-11-06,Direct Deposit,PRPAY-2026-007798,2026-11-09,5
7799,7799,2026-11-06,ACH,PRPAY-2026-007799,2026-11-09,5
7800,7800,2026-11-06,ACH,PRPAY-2026-007800,2026-11-09,5
7801,7801,2026-11-06,Direct Deposit,PRPAY-2026-007801,2026-11-09,5
7802,7802,2026-11-06,ACH,PRPAY-2026-007802,2026-11-09,5
7803,7803,2026-11-06,ACH,PRPAY-2026-007803,2026-11-09,5
7804,7804,2026-11-06,ACH,PRPAY-2026-007804,2026-11-09,5
7805,7805,2026-11-06,Direct Deposit,PRPAY-2026-007805,2026-11-09,5
7806,7806,2026-11-06,Direct Deposit,PRPAY-2026-007806,2026-11-09,5
7807,7807,2026-11-06,Direct Deposit,PRPAY-2026-007807,2026-11-09,5
7808,7808,2026-11-06,Direct Deposit,PRPAY-2026-007808,2026-11-09,5
7809,7809,2026-11-06,Direct Deposit,PRPAY-2026-007809,2026-11-09,5
7810,7810,2026-11-06,ACH,PRPAY-2026-007810,2026-11-09,5
7811,7811,2026-11-06,ACH,PRPAY-2026-007811,2026-11-09,5
7812,7812,2026-11-06,ACH,PRPAY-2026-007812,2026-11-09,5
7813,7813,2026-11-06,ACH,PRPAY-2026-007813,2026-11-09,5
7814,7814,2026-11-06,ACH,PRPAY-2026-007814,2026-11-09,5
7815,7815,2026-11-06,Direct Deposit,PRPAY-2026-007815,2026-11-09,5
7816,7816,2026-11-06,ACH,PRPAY-2026-007816,2026-11-09,5
7817,7817,2026-11-06,Direct Deposit,PRPAY-2026-007817,2026-11-09,5
7818,7818,2026-11-06,Direct Deposit,PRPAY-2026-007818,2026-11-09,5
7819,7819,2026-11-06,Direct Deposit,PRPAY-2026-007819,2026-11-09,5
7820,7820,2026-11-06,Direct Deposit,PRPAY-2026-007820,2026-11-09,5
7821,7821,2026-11-06,ACH,PRPAY-2026-007821,2026-11-09,5
7822,7822,2026-11-06,ACH,PRPAY-2026-007822,2026-11-09,5
7823,7823,2026-11-06,Direct Deposit,PRPAY-2026-007823,2026-11-09,5
7824,7824,2026-11-06,Direct Deposit,PRPAY-2026-007824,2026-11-09,5
7825,7825,2026-11-06,Direct Deposit,PRPAY-2026-007825,2026-11-09,5
7826,7826,2026-11-06,Direct Deposit,PRPAY-2026-007826,2026-11-09,5
7827,7827,2026-11-06,Direct Deposit,PRPAY-2026-007827,2026-11-09,5
7828,7828,2026-11-06,ACH,PRPAY-2026-007828,2026-11-09,5
7829,7829,2026-11-06,Direct Deposit,PRPAY-2026-007829,2026-11-09,5
7830,7830,2026-11-06,Direct Deposit,PRPAY-2026-007830,2026-11-09,5
7831,7831,2026-11-06,ACH,PRPAY-2026-007831,2026-11-09,5
7832,7832,2026-11-06,ACH,PRPAY-2026-007832,2026-11-09,5
7833,7833,2026-11-06,ACH,PRPAY-2026-007833,2026-11-09,5
7834,7834,2026-11-06,Direct Deposit,PRPAY-2026-007834,2026-11-09,5
7835,7835,2026-11-06,ACH,PRPAY-2026-007835,2026-11-09,5
7836,7836,2026-11-06,ACH,PRPAY-2026-007836,2026-11-09,5
7837,7837,2026-11-06,Direct Deposit,PRPAY-2026-007837,2026-11-09,5
7838,7838,2026-11-06,Direct Deposit,PRPAY-2026-007838,2026-11-09,5
7839,7839,2026-11-06,Direct Deposit,PRPAY-2026-007839,2026-11-09,5
7840,7840,2026-11-06,ACH,PRPAY-2026-007840,2026-11-09,5
7841,7841,2026-11-06,Direct Deposit,PRPAY-2026-007841,2026-11-09,5
7842,7842,2026-11-06,Direct Deposit,PRPAY-2026-007842,2026-11-09,5
7843,7843,2026-11-06,Direct Deposit,PRPAY-2026-007843,2026-11-09,5
7844,7844,2026-11-06,ACH,PRPAY-2026-007844,2026-11-09,5
7845,7845,2026-11-06,Direct Deposit,PRPAY-2026-007845,2026-11-09,5
7846,7846,2026-11-06,ACH,PRPAY-2026-007846,2026-11-09,5
7847,7847,2026-11-06,ACH,PRPAY-2026-007847,2026-11-09,5
7848,7848,2026-11-06,Direct Deposit,PRPAY-2026-007848,2026-11-09,5
7849,7849,2026-11-06,Direct Deposit,PRPAY-2026-007849,2026-11-09,5
7850,7850,2026-11-06,Direct Deposit,PRPAY-2026-007850,2026-11-09,5
7851,7851,2026-11-06,Direct Deposit,PRPAY-2026-007851,2026-11-09,5
7852,7852,2026-11-06,Direct Deposit,PRPAY-2026-007852,2026-11-09,5
7853,7853,2026-11-06,Direct Deposit,PRPAY-2026-007853,2026-11-09,5
7854,7854,2026-11-06,Direct Deposit,PRPAY-2026-007854,2026-11-09,5
7855,7855,2026-11-06,ACH,PRPAY-2026-007855,2026-11-09,5
7856,7856,2026-11-06,Direct Deposit,PRPAY-2026-007856,2026-11-09,5
7857,7857,2026-11-06,Direct Deposit,PRPAY-2026-007857,2026-11-09,5
7858,7858,2026-11-06,ACH,PRPAY-2026-007858,2026-11-09,5
7859,7859,2026-11-06,Direct Deposit,PRPAY-2026-007859,2026-11-09,5
7860,7860,2026-11-06,Direct Deposit,PRPAY-2026-007860,2026-11-09,5
7861,7861,2026-11-06,ACH,PRPAY-2026-007861,2026-11-09,5
7862,7862,2026-11-06,Direct Deposit,PRPAY-2026-007862,2026-11-09,5
7863,7863,2026-11-06,ACH,PRPAY-2026-007863,2026-11-09,5
7864,7864,2026-11-06,ACH,PRPAY-2026-007864,2026-11-09,5
7865,7865,2026-11-06,Direct Deposit,PRPAY-2026-007865,2026-11-09,5
7866,7866,2026-11-06,ACH,PRPAY-2026-007866,2026-11-09,5
7867,7867,2026-11-06,ACH,PRPAY-2026-007867,2026-11-09,5
7868,7868,2026-11-06,Direct Deposit,PRPAY-2026-007868,2026-11-09,5
7869,7869,2026-11-06,ACH,PRPAY-2026-007869,2026-11-09,5
7870,7870,2026-11-06,Direct Deposit,PRPAY-2026-007870,2026-11-09,5
7871,7871,2026-11-06,ACH,PRPAY-2026-007871,2026-11-09,5
7872,7872,2026-11-06,Direct Deposit,PRPAY-2026-007872,2026-11-09,5
7873,7873,2026-11-06,ACH,PRPAY-2026-007873,2026-11-09,5
7874,7874,2026-11-06,ACH,PRPAY-2026-007874,2026-11-09,5
7875,7875,2026-11-06,ACH,PRPAY-2026-007875,2026-11-09,5
7876,7876,2026-11-06,Direct Deposit,PRPAY-2026-007876,2026-11-09,5
7877,7877,2026-11-20,ACH,PRPAY-2026-007877,2026-11-23,5
7878,7878,2026-11-20,Direct Deposit,PRPAY-2026-007878,2026-11-23,5
7879,7879,2026-11-20,Direct Deposit,PRPAY-2026-007879,2026-11-23,5
7880,7880,2026-11-20,ACH,PRPAY-2026-007880,2026-11-23,5
7881,7881,2026-11-20,ACH,PRPAY-2026-007881,2026-11-23,5
7882,7882,2026-11-20,ACH,PRPAY-2026-007882,2026-11-23,5
7883,7883,2026-11-20,Direct Deposit,PRPAY-2026-007883,2026-11-23,5
7884,7884,2026-11-20,Direct Deposit,PRPAY-2026-007884,2026-11-23,5
7885,7885,2026-11-20,ACH,PRPAY-2026-007885,2026-11-23,5
7886,7886,2026-11-20,ACH,PRPAY-2026-007886,2026-11-23,5
7887,7887,2026-11-20,Direct Deposit,PRPAY-2026-007887,2026-11-23,5
7888,7888,2026-11-20,Direct Deposit,PRPAY-2026-007888,2026-11-23,5
7889,7889,2026-11-20,Direct Deposit,PRPAY-2026-007889,2026-11-23,5
7890,7890,2026-11-20,ACH,PRPAY-2026-007890,2026-11-23,5
7891,7891,2026-11-20,Direct Deposit,PRPAY-2026-007891,2026-11-23,5
7892,7892,2026-11-20,ACH,PRPAY-2026-007892,2026-11-23,5
7893,7893,2026-11-20,Direct Deposit,PRPAY-2026-007893,2026-11-23,5
7894,7894,2026-11-20,Direct Deposit,PRPAY-2026-007894,2026-11-23,5
7895,7895,2026-11-20,Direct Deposit,PRPAY-2026-007895,2026-11-23,5
7896,7896,2026-11-20,Direct Deposit,PRPAY-2026-007896,2026-11-23,5
7897,7897,2026-11-20,Direct Deposit,PRPAY-2026-007897,2026-11-23,5
7898,7898,2026-11-20,Direct Deposit,PRPAY-2026-007898,2026-11-23,5
7899,7899,2026-11-20,ACH,PRPAY-2026-007899,2026-11-23,5
7900,7900,2026-11-20,Direct Deposit,PRPAY-2026-007900,2026-11-23,5
7901,7901,2026-11-20,Direct Deposit,PRPAY-2026-007901,2026-11-23,5
7902,7902,2026-11-20,ACH,PRPAY-2026-007902,2026-11-23,5
7903,7903,2026-11-20,Direct Deposit,PRPAY-2026-007903,2026-11-23,5
7904,7904,2026-11-20,ACH,PRPAY-2026-007904,2026-11-23,5
7905,7905,2026-11-20,Direct Deposit,PRPAY-2026-007905,2026-11-23,5
7906,7906,2026-11-20,ACH,PRPAY-2026-007906,2026-11-23,5
7907,7907,2026-11-20,Direct Deposit,PRPAY-2026-007907,2026-11-23,5
7908,7908,2026-11-20,ACH,PRPAY-2026-007908,2026-11-23,5
7909,7909,2026-11-20,Direct Deposit,PRPAY-2026-007909,2026-11-23,5
7910,7910,2026-11-20,ACH,PRPAY-2026-007910,2026-11-23,5
7911,7911,2026-11-20,Direct Deposit,PRPAY-2026-007911,2026-11-23,5
7912,7912,2026-11-20,ACH,PRPAY-2026-007912,2026-11-23,5
7913,7913,2026-11-20,ACH,PRPAY-2026-007913,2026-11-23,5
7914,7914,2026-11-20,Direct Deposit,PRPAY-2026-007914,2026-11-23,5
7915,7915,2026-11-20,ACH,PRPAY-2026-007915,2026-11-23,5
7916,7916,2026-11-20,Direct Deposit,PRPAY-2026-007916,2026-11-23,5
7917,7917,2026-11-20,ACH,PRPAY-2026-007917,2026-11-23,5
7918,7918,2026-11-20,Direct Deposit,PRPAY-2026-007918,2026-11-23,5
7919,7919,2026-11-20,Direct Deposit,PRPAY-2026-007919,2026-11-23,5
7920,7920,2026-11-20,ACH,PRPAY-2026-007920,2026-11-23,5
7921,7921,2026-11-20,Direct Deposit,PRPAY-2026-007921,2026-11-23,5
7922,7922,2026-11-20,Direct Deposit,PRPAY-2026-007922,2026-11-23,5
7923,7923,2026-11-20,Direct Deposit,PRPAY-2026-007923,2026-11-23,5
7924,7924,2026-11-20,Direct Deposit,PRPAY-2026-007924,2026-11-23,5
7925,7925,2026-11-20,ACH,PRPAY-2026-007925,2026-11-23,5
7926,7926,2026-11-20,Direct Deposit,PRPAY-2026-007926,2026-11-23,5
7927,7927,2026-11-20,ACH,PRPAY-2026-007927,2026-11-23,5
7928,7928,2026-11-20,Direct Deposit,PRPAY-2026-007928,2026-11-23,5
7929,7929,2026-11-20,ACH,PRPAY-2026-007929,2026-11-23,5
7930,7930,2026-11-20,ACH,PRPAY-2026-007930,2026-11-23,5
7931,7931,2026-11-20,ACH,PRPAY-2026-007931,2026-11-23,5
7932,7932,2026-11-20,ACH,PRPAY-2026-007932,2026-11-23,5
7933,7933,2026-11-20,Direct Deposit,PRPAY-2026-007933,2026-11-23,5
7934,7934,2026-11-20,Direct Deposit,PRPAY-2026-007934,2026-11-23,5
7935,7935,2026-11-20,ACH,PRPAY-2026-007935,2026-11-23,5
7936,7936,2026-11-20,ACH,PRPAY-2026-007936,2026-11-23,5
7937,7937,2026-11-20,Direct Deposit,PRPAY-2026-007937,2026-11-23,5
7938,7938,2026-11-20,Direct Deposit,PRPAY-2026-007938,2026-11-23,5
7939,7939,2026-11-20,Direct Deposit,PRPAY-2026-007939,2026-11-23,5
7940,7940,2026-11-20,ACH,PRPAY-2026-007940,2026-11-23,5
7941,7941,2026-11-20,Direct Deposit,PRPAY-2026-007941,2026-11-23,5
7942,7942,2026-11-20,Direct Deposit,PRPAY-2026-007942,2026-11-23,5
7943,7943,2026-11-20,ACH,PRPAY-2026-007943,2026-11-23,5
7944,7944,2026-11-20,ACH,PRPAY-2026-007944,2026-11-23,5
7945,7945,2026-11-20,ACH,PRPAY-2026-007945,2026-11-23,5
7946,7946,2026-11-20,Direct Deposit,PRPAY-2026-007946,2026-11-23,5
7947,7947,2026-11-20,Direct Deposit,PRPAY-2026-007947,2026-11-23,5
7948,7948,2026-11-20,Direct Deposit,PRPAY-2026-007948,2026-11-23,5
7949,7949,2026-11-20,Direct Deposit,PRPAY-2026-007949,2026-11-23,5
7950,7950,2026-11-20,ACH,PRPAY-2026-007950,2026-11-23,5
7951,7951,2026-11-20,Direct Deposit,PRPAY-2026-007951,2026-11-23,5
7952,7952,2026-11-20,Direct Deposit,PRPAY-2026-007952,2026-11-23,5
7953,7953,2026-11-20,Direct Deposit,PRPAY-2026-007953,2026-11-23,5
7954,7954,2026-11-20,Direct Deposit,PRPAY-2026-007954,2026-11-23,5
7955,7955,2026-11-20,Direct Deposit,PRPAY-2026-007955,2026-11-23,5
7956,7956,2026-11-20,Direct Deposit,PRPAY-2026-007956,2026-11-23,5
7957,7957,2026-11-20,ACH,PRPAY-2026-007957,2026-11-23,5
7958,7958,2026-11-20,Direct Deposit,PRPAY-2026-007958,2026-11-23,5
7959,7959,2026-11-20,ACH,PRPAY-2026-007959,2026-11-23,5
7960,7960,2026-11-20,Direct Deposit,PRPAY-2026-007960,2026-11-23,5
7961,7961,2026-11-20,Direct Deposit,PRPAY-2026-007961,2026-11-23,5
7962,7962,2026-11-20,Direct Deposit,PRPAY-2026-007962,2026-11-23,5
7963,7963,2026-11-20,Direct Deposit,PRPAY-2026-007963,2026-11-23,5
7964,7964,2026-11-20,ACH,PRPAY-2026-007964,2026-11-23,5
7965,7965,2026-11-20,ACH,PRPAY-2026-007965,2026-11-23,5
7966,7966,2026-11-20,ACH,PRPAY-2026-007966,2026-11-23,5
7967,7967,2026-11-20,ACH,PRPAY-2026-007967,2026-11-23,5
7968,7968,2026-11-20,ACH,PRPAY-2026-007968,2026-11-23,5
7969,7969,2026-11-20,Direct Deposit,PRPAY-2026-007969,2026-11-23,5
7970,7970,2026-11-20,Direct Deposit,PRPAY-2026-007970,2026-11-23,5
7971,7971,2026-11-20,ACH,PRPAY-2026-007971,2026-11-23,5
7972,7972,2026-11-20,ACH,PRPAY-2026-007972,2026-11-23,5
7973,7973,2026-11-20,Direct Deposit,PRPAY-2026-007973,2026-11-23,5
7974,7974,2026-11-20,ACH,PRPAY-2026-007974,2026-11-23,5
7975,7975,2026-11-20,Direct Deposit,PRPAY-2026-007975,2026-11-23,5
7976,7976,2026-11-20,Direct Deposit,PRPAY-2026-007976,2026-11-23,5
7977,7977,2026-11-20,Direct Deposit,PRPAY-2026-007977,2026-11-23,5
7978,7978,2026-11-20,Direct Deposit,PRPAY-2026-007978,2026-11-23,5
7979,7979,2026-11-20,Direct Deposit,PRPAY-2026-007979,2026-11-23,5
7980,7980,2026-11-20,Direct Deposit,PRPAY-2026-007980,2026-11-23,5
7981,7981,2026-11-20,Direct Deposit,PRPAY-2026-007981,2026-11-23,5
7982,7982,2026-11-20,ACH,PRPAY-2026-007982,2026-11-23,5
7983,7983,2026-11-20,ACH,PRPAY-2026-007983,2026-11-23,5
7984,7984,2026-12-04,Direct Deposit,PRPAY-2026-007984,2026-12-07,5
7985,7985,2026-12-04,Direct Deposit,PRPAY-2026-007985,2026-12-07,5
7986,7986,2026-12-04,Direct Deposit,PRPAY-2026-007986,2026-12-07,5
7987,7987,2026-12-04,ACH,PRPAY-2026-007987,2026-12-07,5
7988,7988,2026-12-04,Direct Deposit,PRPAY-2026-007988,2026-12-07,5
7989,7989,2026-12-04,ACH,PRPAY-2026-007989,2026-12-07,5
7990,7990,2026-12-04,Direct Deposit,PRPAY-2026-007990,2026-12-07,5
7991,7991,2026-12-04,Direct Deposit,PRPAY-2026-007991,2026-12-07,5
7992,7992,2026-12-04,Direct Deposit,PRPAY-2026-007992,2026-12-07,5
7993,7993,2026-12-04,ACH,PRPAY-2026-007993,2026-12-07,5
7994,7994,2026-12-04,Direct Deposit,PRPAY-2026-007994,2026-12-07,5
7995,7995,2026-12-04,Direct Deposit,PRPAY-2026-007995,2026-12-07,5
7996,7996,2026-12-04,Direct Deposit,PRPAY-2026-007996,2026-12-07,5
7997,7997,2026-12-04,ACH,PRPAY-2026-007997,2026-12-07,5
7998,7998,2026-12-04,ACH,PRPAY-2026-007998,2026-12-07,5
7999,7999,2026-12-04,Direct Deposit,PRPAY-2026-007999,2026-12-07,5
8000,8000,2026-12-04,ACH,PRPAY-2026-008000,2026-12-07,5
8001,8001,2026-12-04,ACH,PRPAY-2026-008001,2026-12-07,5
8002,8002,2026-12-04,ACH,PRPAY-2026-008002,2026-12-07,5
8003,8003,2026-12-04,ACH,PRPAY-2026-008003,2026-12-07,5
8004,8004,2026-12-04,Direct Deposit,PRPAY-2026-008004,2026-12-07,5
8005,8005,2026-12-04,ACH,PRPAY-2026-008005,2026-12-07,5
8006,8006,2026-12-04,ACH,PRPAY-2026-008006,2026-12-07,5
8007,8007,2026-12-04,Direct Deposit,PRPAY-2026-008007,2026-12-07,5
8008,8008,2026-12-04,Direct Deposit,PRPAY-2026-008008,2026-12-07,5
8009,8009,2026-12-04,Direct Deposit,PRPAY-2026-008009,2026-12-07,5
8010,8010,2026-12-04,Direct Deposit,PRPAY-2026-008010,2026-12-07,5
8011,8011,2026-12-04,ACH,PRPAY-2026-008011,2026-12-07,5
8012,8012,2026-12-04,Direct Deposit,PRPAY-2026-008012,2026-12-07,5
8013,8013,2026-12-04,Direct Deposit,PRPAY-2026-008013,2026-12-07,5
8014,8014,2026-12-04,ACH,PRPAY-2026-008014,2026-12-07,5
8015,8015,2026-12-04,Direct Deposit,PRPAY-2026-008015,2026-12-07,5
8016,8016,2026-12-04,ACH,PRPAY-2026-008016,2026-12-07,5
8017,8017,2026-12-04,ACH,PRPAY-2026-008017,2026-12-07,5
8018,8018,2026-12-04,Direct Deposit,PRPAY-2026-008018,2026-12-07,5
8019,8019,2026-12-04,ACH,PRPAY-2026-008019,2026-12-07,5
8020,8020,2026-12-04,ACH,PRPAY-2026-008020,2026-12-07,5
8021,8021,2026-12-04,ACH,PRPAY-2026-008021,2026-12-07,5
8022,8022,2026-12-04,Direct Deposit,PRPAY-2026-008022,2026-12-07,5
8023,8023,2026-12-04,ACH,PRPAY-2026-008023,2026-12-07,5
8024,8024,2026-12-04,Direct Deposit,PRPAY-2026-008024,2026-12-07,5
8025,8025,2026-12-04,Direct Deposit,PRPAY-2026-008025,2026-12-07,5
8026,8026,2026-12-04,Direct Deposit,PRPAY-2026-008026,2026-12-07,5
8027,8027,2026-12-04,ACH,PRPAY-2026-008027,2026-12-07,5
8028,8028,2026-12-04,Direct Deposit,PRPAY-2026-008028,2026-12-07,5
8029,8029,2026-12-04,Direct Deposit,PRPAY-2026-008029,2026-12-07,5
8030,8030,2026-12-04,Direct Deposit,PRPAY-2026-008030,2026-12-07,5
8031,8031,2026-12-04,ACH,PRPAY-2026-008031,2026-12-07,5
8032,8032,2026-12-04,Direct Deposit,PRPAY-2026-008032,2026-12-07,5
8033,8033,2026-12-04,ACH,PRPAY-2026-008033,2026-12-07,5
8034,8034,2026-12-04,ACH,PRPAY-2026-008034,2026-12-07,5
8035,8035,2026-12-04,ACH,PRPAY-2026-008035,2026-12-07,5
8036,8036,2026-12-04,ACH,PRPAY-2026-008036,2026-12-07,5
8037,8037,2026-12-04,ACH,PRPAY-2026-008037,2026-12-07,5
8038,8038,2026-12-04,ACH,PRPAY-2026-008038,2026-12-07,5
8039,8039,2026-12-04,ACH,PRPAY-2026-008039,2026-12-07,5
8040,8040,2026-12-04,Direct Deposit,PRPAY-2026-008040,2026-12-07,5
8041,8041,2026-12-04,ACH,PRPAY-2026-008041,2026-12-07,5
8042,8042,2026-12-04,ACH,PRPAY-2026-008042,2026-12-07,5
8043,8043,2026-12-04,Direct Deposit,PRPAY-2026-008043,2026-12-07,5
8044,8044,2026-12-04,ACH,PRPAY-2026-008044,2026-12-07,5
8045,8045,2026-12-04,Direct Deposit,PRPAY-2026-008045,2026-12-07,5
8046,8046,2026-12-04,Direct Deposit,PRPAY-2026-008046,2026-12-07,5
8047,8047,2026-12-04,Direct Deposit,PRPAY-2026-008047,2026-12-07,5
8048,8048,2026-12-04,Direct Deposit,PRPAY-2026-008048,2026-12-07,5
8049,8049,2026-12-04,ACH,PRPAY-2026-008049,2026-12-07,5
8050,8050,2026-12-04,Direct Deposit,PRPAY-2026-008050,2026-12-07,5
8051,8051,2026-12-04,ACH,PRPAY-2026-008051,2026-12-07,5
8052,8052,2026-12-04,ACH,PRPAY-2026-008052,2026-12-07,5
8053,8053,2026-12-04,Direct Deposit,PRPAY-2026-008053,2026-12-07,5
8054,8054,2026-12-04,Direct Deposit,PRPAY-2026-008054,2026-12-07,5
8055,8055,2026-12-04,Direct Deposit,PRPAY-2026-008055,2026-12-07,5
8056,8056,2026-12-04,Direct Deposit,PRPAY-2026-008056,2026-12-07,5
8057,8057,2026-12-04,ACH,PRPAY-2026-008057,2026-12-07,5
8058,8058,2026-12-04,Direct Deposit,PRPAY-2026-008058,2026-12-07,5
8059,8059,2026-12-04,Direct Deposit,PRPAY-2026-008059,2026-12-07,5
8060,8060,2026-12-04,Direct Deposit,PRPAY-2026-008060,2026-12-07,5
8061,8061,2026-12-04,ACH,PRPAY-2026-008061,2026-12-07,5
8062,8062,2026-12-04,Direct Deposit,PRPAY-2026-008062,2026-12-07,5
8063,8063,2026-12-04,Direct Deposit,PRPAY-2026-008063,2026-12-07,5
8064,8064,2026-12-04,Direct Deposit,PRPAY-2026-008064,2026-12-07,5
8065,8065,2026-12-04,Direct Deposit,PRPAY-2026-008065,2026-12-07,5
8066,8066,2026-12-04,ACH,PRPAY-2026-008066,2026-12-07,5
8067,8067,2026-12-04,ACH,PRPAY-2026-008067,2026-12-07,5
8068,8068,2026-12-04,Direct Deposit,PRPAY-2026-008068,2026-12-07,5
8069,8069,2026-12-04,Direct Deposit,PRPAY-2026-008069,2026-12-07,5
8070,8070,2026-12-04,Direct Deposit,PRPAY-2026-008070,2026-12-07,5
8071,8071,2026-12-04,Direct Deposit,PRPAY-2026-008071,2026-12-07,5
8072,8072,2026-12-04,ACH,PRPAY-2026-008072,2026-12-07,5
8073,8073,2026-12-04,ACH,PRPAY-2026-008073,2026-12-07,5
8074,8074,2026-12-04,Direct Deposit,PRPAY-2026-008074,2026-12-07,5
8075,8075,2026-12-04,Direct Deposit,PRPAY-2026-008075,2026-12-07,5
8076,8076,2026-12-04,Direct Deposit,PRPAY-2026-008076,2026-12-07,5
8077,8077,2026-12-04,ACH,PRPAY-2026-008077,2026-12-07,5
8078,8078,2026-12-04,Direct Deposit,PRPAY-2026-008078,2026-12-07,5
8079,8079,2026-12-04,Direct Deposit,PRPAY-2026-008079,2026-12-07,5
8080,8080,2026-12-04,Direct Deposit,PRPAY-2026-008080,2026-12-07,5
8081,8081,2026-12-04,Direct Deposit,PRPAY-2026-008081,2026-12-07,5
8082,8082,2026-12-04,ACH,PRPAY-2026-008082,2026-12-07,5
8083,8083,2026-12-04,Direct Deposit,PRPAY-2026-008083,2026-12-07,5
8084,8084,2026-12-04,Direct Deposit,PRPAY-2026-008084,2026-12-07,5
8085,8085,2026-12-04,Direct Deposit,PRPAY-2026-008085,2026-12-07,5
8086,8086,2026-12-04,Direct Deposit,PRPAY-2026-008086,2026-12-07,5
8087,8087,2026-12-04,Direct Deposit,PRPAY-2026-008087,2026-12-07,5
8088,8088,2026-12-04,Direct Deposit,PRPAY-2026-008088,2026-12-07,5
8089,8089,2026-12-04,Direct Deposit,PRPAY-2026-008089,2026-12-07,5
8090,8090,2026-12-04,ACH,PRPAY-2026-008090,2026-12-07,5
8091,8091,2026-12-18,ACH,PRPAY-2026-008091,2026-12-21,5
8092,8092,2026-12-18,ACH,PRPAY-2026-008092,2026-12-21,5
8093,8093,2026-12-18,Direct Deposit,PRPAY-2026-008093,2026-12-21,5
8094,8094,2026-12-18,Direct Deposit,PRPAY-2026-008094,2026-12-21,5
8095,8095,2026-12-18,Direct Deposit,PRPAY-2026-008095,2026-12-21,5
8096,8096,2026-12-18,ACH,PRPAY-2026-008096,2026-12-21,5
8097,8097,2026-12-18,ACH,PRPAY-2026-008097,2026-12-21,5
8098,8098,2026-12-18,ACH,PRPAY-2026-008098,2026-12-21,5
8099,8099,2026-12-18,Direct Deposit,PRPAY-2026-008099,2026-12-21,5
8100,8100,2026-12-18,Direct Deposit,PRPAY-2026-008100,2026-12-21,5
8101,8101,2026-12-18,Direct Deposit,PRPAY-2026-008101,2026-12-21,5
8102,8102,2026-12-18,Direct Deposit,PRPAY-2026-008102,2026-12-21,5
8103,8103,2026-12-18,Direct Deposit,PRPAY-2026-008103,2026-12-21,5
8104,8104,2026-12-18,ACH,PRPAY-2026-008104,2026-12-21,5
8105,8105,2026-12-18,ACH,PRPAY-2026-008105,2026-12-21,5
8106,8106,2026-12-18,Direct Deposit,PRPAY-2026-008106,2026-12-21,5
8107,8107,2026-12-18,ACH,PRPAY-2026-008107,2026-12-21,5
8108,8108,2026-12-18,Direct Deposit,PRPAY-2026-008108,2026-12-21,5
8109,8109,2026-12-18,Direct Deposit,PRPAY-2026-008109,2026-12-21,5
8110,8110,2026-12-18,Direct Deposit,PRPAY-2026-008110,2026-12-21,5
8111,8111,2026-12-18,ACH,PRPAY-2026-008111,2026-12-21,5
8112,8112,2026-12-18,ACH,PRPAY-2026-008112,2026-12-21,5
8113,8113,2026-12-18,ACH,PRPAY-2026-008113,2026-12-21,5
8114,8114,2026-12-18,ACH,PRPAY-2026-008114,2026-12-21,5
8115,8115,2026-12-18,Direct Deposit,PRPAY-2026-008115,2026-12-21,5
8116,8116,2026-12-18,ACH,PRPAY-2026-008116,2026-12-21,5
8117,8117,2026-12-18,ACH,PRPAY-2026-008117,2026-12-21,5
8118,8118,2026-12-18,ACH,PRPAY-2026-008118,2026-12-21,5
8119,8119,2026-12-18,ACH,PRPAY-2026-008119,2026-12-21,5
8120,8120,2026-12-18,Direct Deposit,PRPAY-2026-008120,2026-12-21,5
8121,8121,2026-12-18,Direct Deposit,PRPAY-2026-008121,2026-12-21,5
8122,8122,2026-12-18,ACH,PRPAY-2026-008122,2026-12-21,5
8123,8123,2026-12-18,ACH,PRPAY-2026-008123,2026-12-21,5
8124,8124,2026-12-18,ACH,PRPAY-2026-008124,2026-12-21,5
8125,8125,2026-12-18,Direct Deposit,PRPAY-2026-008125,2026-12-21,5
8126,8126,2026-12-18,ACH,PRPAY-2026-008126,2026-12-21,5
8127,8127,2026-12-18,Direct Deposit,PRPAY-2026-008127,2026-12-21,5
8128,8128,2026-12-18,ACH,PRPAY-2026-008128,2026-12-21,5
8129,8129,2026-12-18,Direct Deposit,PRPAY-2026-008129,2026-12-21,5
8130,8130,2026-12-18,Direct Deposit,PRPAY-2026-008130,2026-12-21,5
8131,8131,2026-12-18,ACH,PRPAY-2026-008131,2026-12-21,5
8132,8132,2026-12-18,Direct Deposit,PRPAY-2026-008132,2026-12-21,5
8133,8133,2026-12-18,ACH,PRPAY-2026-008133,2026-12-21,5
8134,8134,2026-12-18,Direct Deposit,PRPAY-2026-008134,2026-12-21,5
8135,8135,2026-12-18,ACH,PRPAY-2026-008135,2026-12-21,5
8136,8136,2026-12-18,Direct Deposit,PRPAY-2026-008136,2026-12-21,5
8137,8137,2026-12-18,Direct Deposit,PRPAY-2026-008137,2026-12-21,5
8138,8138,2026-12-18,Direct Deposit,PRPAY-2026-008138,2026-12-21,5
8139,8139,2026-12-18,ACH,PRPAY-2026-008139,2026-12-21,5
8140,8140,2026-12-18,ACH,PRPAY-2026-008140,2026-12-21,5
8141,8141,2026-12-18,Direct Deposit,PRPAY-2026-008141,2026-12-21,5
8142,8142,2026-12-18,ACH,PRPAY-2026-008142,2026-12-21,5
8143,8143,2026-12-18,ACH,PRPAY-2026-008143,2026-12-21,5
8144,8144,2026-12-18,ACH,PRPAY-2026-008144,2026-12-21,5
8145,8145,2026-12-18,ACH,PRPAY-2026-008145,2026-12-21,5
8146,8146,2026-12-18,ACH,PRPAY-2026-008146,2026-12-21,5
8147,8147,2026-12-18,Direct Deposit,PRPAY-2026-008147,2026-12-21,5
8148,8148,2026-12-18,ACH,PRPAY-2026-008148,2026-12-21,5
8149,8149,2026-12-18,Direct Deposit,PRPAY-2026-008149,2026-12-21,5
8150,8150,2026-12-18,ACH,PRPAY-2026-008150,2026-12-21,5
8151,8151,2026-12-18,ACH,PRPAY-2026-008151,2026-12-21,5
8152,8152,2026-12-18,ACH,PRPAY-2026-008152,2026-12-21,5
8153,8153,2026-12-18,ACH,PRPAY-2026-008153,2026-12-21,5
8154,8154,2026-12-18,ACH,PRPAY-2026-008154,2026-12-21,5
8155,8155,2026-12-18,Direct Deposit,PRPAY-2026-008155,2026-12-21,5
8156,8156,2026-12-18,ACH,PRPAY-2026-008156,2026-12-21,5
8157,8157,2026-12-18,ACH,PRPAY-2026-008157,2026-12-21,5
8158,8158,2026-12-18,Direct Deposit,PRPAY-2026-008158,2026-12-21,5
8159,8159,2026-12-18,ACH,PRPAY-2026-008159,2026-12-21,5
8160,8160,2026-12-18,Direct Deposit,PRPAY-2026-008160,2026-12-21,5
8161,8161,2026-12-18,ACH,PRPAY-2026-008161,2026-12-21,5
8162,8162,2026-12-18,Direct Deposit,PRPAY-2026-008162,2026-12-21,5
8163,8163,2026-12-18,ACH,PRPAY-2026-008163,2026-12-21,5
8164,8164,2026-12-18,Direct Deposit,PRPAY-2026-008164,2026-12-21,5
8165,8165,2026-12-18,Direct Deposit,PRPAY-2026-008165,2026-12-21,5
8166,8166,2026-12-18,ACH,PRPAY-2026-008166,2026-12-21,5
8167,8167,2026-12-18,Direct Deposit,PRPAY-2026-008167,2026-12-21,5
8168,8168,2026-12-18,ACH,PRPAY-2026-008168,2026-12-21,5
8169,8169,2026-12-18,Direct Deposit,PRPAY-2026-008169,2026-12-21,5
8170,8170,2026-12-18,ACH,PRPAY-2026-008170,2026-12-21,5
8171,8171,2026-12-18,Direct Deposit,PRPAY-2026-008171,2026-12-21,5
8172,8172,2026-12-18,ACH,PRPAY-2026-008172,2026-12-21,5
8173,8173,2026-12-18,ACH,PRPAY-2026-008173,2026-12-21,5
8174,8174,2026-12-18,Direct Deposit,PRPAY-2026-008174,2026-12-21,5
8175,8175,2026-12-18,Direct Deposit,PRPAY-2026-008175,2026-12-21,5
8176,8176,2026-12-18,Direct Deposit,PRPAY-2026-008176,2026-12-21,5
8177,8177,2026-12-18,Direct Deposit,PRPAY-2026-008177,2026-12-21,5
8178,8178,2026-12-18,ACH,PRPAY-2026-008178,2026-12-21,5
8179,8179,2026-12-18,Direct Deposit,PRPAY-2026-008179,2026-12-21,5
8180,8180,2026-12-18,Direct Deposit,PRPAY-2026-008180,2026-12-21,5
8181,8181,2026-12-18,ACH,PRPAY-2026-008181,2026-12-21,5
8182,8182,2026-12-18,Direct Deposit,PRPAY-2026-008182,2026-12-21,5
8183,8183,2026-12-18,ACH,PRPAY-2026-008183,2026-12-21,5
8184,8184,2026-12-18,ACH,PRPAY-2026-008184,2026-12-21,5
8185,8185,2026-12-18,ACH,PRPAY-2026-008185,2026-12-21,5
8186,8186,2026-12-18,Direct Deposit,PRPAY-2026-008186,2026-12-21,5
8187,8187,2026-12-18,ACH,PRPAY-2026-008187,2026-12-21,5
8188,8188,2026-12-18,Direct Deposit,PRPAY-2026-008188,2026-12-21,5
8189,8189,2026-12-18,Direct Deposit,PRPAY-2026-008189,2026-12-21,5
8190,8190,2026-12-18,Direct Deposit,PRPAY-2026-008190,2026-12-21,5
8191,8191,2026-12-18,Direct Deposit,PRPAY-2026-008191,2026-12-21,5
8192,8192,2026-12-18,ACH,PRPAY-2026-008192,2026-12-21,5
8193,8193,2026-12-18,Direct Deposit,PRPAY-2026-008193,2026-12-21,5
8194,8194,2026-12-18,Direct Deposit,PRPAY-2026-008194,2026-12-21,5
8195,8195,2026-12-18,Direct Deposit,PRPAY-2026-008195,2026-12-21,5
8196,8196,2026-12-18,ACH,PRPAY-2026-008196,2026-12-21,5
8197,8197,2026-12-18,Direct Deposit,PRPAY-2026-008197,2026-12-21,5
